"last_name, first_name","player_id","year","p_game","p_formatted_ip","hit","home_run","strikeout","walk","k_percent","bb_percent","batting_avg","slg_percent","on_base_percent","on_base_plus_slg","isolated_power","p_earned_run","p_save","p_blown_save","p_win","p_loss","p_era","p_hold","p_starting_p","xba","xslg","woba","xwoba","xobp","xiso","xwobacon","xbacon","exit_velocity_avg","launch_angle_avg","barrel_batted_rate","z_swing_percent","z_swing_miss_percent","oz_swing_percent","oz_swing_miss_percent","oz_contact_percent","out_zone_swing_miss","out_zone_swing","out_zone_percent","out_zone","meatball_swing_percent","meatball_percent","pitch_count_offspeed","pitch_count_fastball","pitch_count_breaking","pitch_count","iz_contact_percent","in_zone_swing_miss","in_zone_swing","in_zone_percent","in_zone","edge_percent","edge","whiff_percent","swing_percent","groundballs_percent","flyballs_percent","linedrives_percent","popups_percent"
"Márquez, Germán",608566,2022,"31","181.2",185,30,150,63,19.3,8.1,".263",".467",".324","0.791","0.204","100","0","0","9","13","4.95","0","31",".254",".438",".341",".330",".319",".184",".375",".323","90.5","9.1",7.1,69.2,13.4,28.7,48.7,51.3,191,392,48.1,1366,78.9,8.7,86,1534,1219,2839,86.6,137,1019,51.9,1473,41.1,1168,23.2,49.7,48.6,24.7,23,3.7
"Hader, Josh",623352,2022,"56","50.0",43,8,81,21,37,9.6,".225",".403",".311","0.714","0.178","29","36","4","2","5","5.22","0","0",".195",".371",".313",".293",".289",".176",".415",".338","87.7","16.4",11.5,68.3,31.6,28.3,47.2,52.8,67,142,53.2,502,82.1,5.9,21,655,267,943,68.4,95,301,46.8,441,42,396,36.6,47,31,31.9,30.1,7.1
"Ashcraft, Graham",668933,2022,"19","105.0",119,11,71,30,15.3,6.5,".281",".404",".338","0.742","0.123","57","0","0","5","6","4.89","0","19",".263",".386",".326",".313",".322",".123",".336",".314","86.9","3.8",4.8,70.1,11.7,28.2,35.9,64.1,88,245,49.5,869,82.9,7,12,1268,476,1756,88.3,73,622,50.5,887,42.7,749,18.6,49.4,54.6,18.9,22.5,3.9
"Alvarado, José",621237,2022,"59","51.0",38,2,81,24,37.9,11.2,".203",".289",".296","0.585","0.086","18","2","2","4","2","3.18","22","0",".186",".282",".259",".250",".281",".097",".354",".325","87.2","3",6.5,62.9,23,33.9,61.1,38.9,102,167,56,493,65.9,5,0,870,11,881,77,56,244,44,388,40.5,357,38.4,46.7,57.4,16.7,22.2,3.7
"Norris, Daniel",596057,2022,"41","58.2",45,11,66,28,26.5,11.2,".210",".430",".321","0.751","0.220","34","0","0","2","4","5.22","2","3",".225",".403",".331",".327",".334",".178",".386",".326","89.1","12",10.8,61.9,18.9,27.6,53.2,46.8,82,154,55.2,558,60.6,7,282,426,24,1012,81.1,53,280,44.8,452,40.6,410,31.4,43.1,46.6,23.6,23,6.8
"McHugh, Collin",543521,2022,"58","69.1",51,5,75,14,27.6,5.1,".203",".299",".257","0.556","0.096","20","0","5","3","2","2.60","17","0",".222",".352",".247",".276",".275",".130",".349",".314","86.6","15.3",5.1,68.4,18.8,34.5,41.9,58.1,85,203,54.2,589,73.4,7.3,0,525,26,1086,81.2,64,340,45.8,497,42.4,460,27.4,50,40.4,24.2,25.3,10.1
"Hughes, Brandon",676714,2022,"57","57.2",42,11,68,22,28.3,9.2,".200",".395",".292","0.687","0.195","20","8","4","2","3","3.12","8","0",".214",".404",".298",".306",".305",".190",".385",".314","88.8","19",11.1,69,21.7,32.3,53.9,46.1,90,167,54.3,517,87.3,6.6,11,506,435,973,78.3,65,300,45.7,435,39.7,378,33.1,48.7,34,32.6,24.3,9
"Freeland, Kyle",607536,2022,"31","174.2",193,19,131,53,17.1,6.9,".281",".456",".342","0.798","0.175","88","0","0","9","11","4.53","0","31",".270",".476",".346",".352",".336",".207",".392",".332","89.8","12.7",9.7,69,13.1,27.6,38.8,61.2,158,407,51.9,1473,75.4,6.4,393,1930,516,2839,86.9,123,942,48.1,1366,44.7,1269,20.8,47.5,43.1,26.9,24.9,5.1
"Kershaw, Clayton",477132,2022,"22","126.1",96,10,137,23,27.8,4.7,".206",".310",".246","0.556","0.104","32","0","0","12","3","2.28","0","22",".210",".317",".245",".250",".249",".107",".320",".296","87.1","11.6",4.2,68.5,17.3,33.1,53.3,46.7,163,306,50.2,924,78.1,7.9,11,744,1087,1842,82.7,109,629,49.8,918,43.8,807,29.1,50.8,47.7,21.8,22.4,8.2
"Nola, Aaron",605400,2022,"32","205.0",168,19,235,29,29.1,3.6,".219",".347",".256","0.603","0.128","74","0","0","11","13","3.25","0","32",".209",".354",".264",".262",".246",".146",".348",".302","87.7","12.5",7.1,63.8,18.7,34,46.8,53.2,232,496,48,1460,76.1,7.6,448,1785,806,3039,81.3,188,1008,52,1579,45,1369,27.9,49.5,44.2,24.3,24.2,7.3
"Medina, Adonis",658431,2022,"14","23.2",30,2,17,6,15.5,5.5,".306",".439",".370","0.809","0.133","16","1","0","1","0","6.08","0","0",".283",".464",".357",".356",".349",".181",".388",".342","91.2","7.4",7.4,67.6,14.8,27,30.9,67.3,17,55,49.3,204,81.1,8.9,69,198,147,414,85.2,21,142,50.7,210,39.4,163,19.3,47.6,51.9,13.6,28.4,6.2
"Sousa, Bennett",656986,2022,"25","20.1",25,3,12,10,12.5,10.4,".301",".458",".375","0.833","0.157","19","1","1","3","0","8.41","5","0",".259",".438",".359",".335",".340",".179",".342",".296","88.7","6.2",6.8,75.3,23.1,25.7,33.3,66.7,16,48,51.2,187,80,6.8,0,155,210,365,76.9,31,134,48.8,178,41.4,151,25.8,49.9,47.9,24.7,23.3,4.1
"Crick, Kyle",605195,2022,"14","15.2",10,0,19,11,28.8,16.7,".189",".226",".348","0.574","0.037","7","0","0","2","0","4.02","3","0",".226",".320",".282",".325",".378",".095",".367",".352","86.2","14",2.9,57.6,18.1,26.6,41.5,58.5,17,41,55.2,154,72.2,6.5,0,119,160,279,81.9,13,72,44.8,125,40.9,114,26.5,40.5,32.4,23.5,41.2,2.9
"Foster, Matt",641582,2022,"48","45.0",43,6,42,17,21.8,8.8,".247",".391",".313","0.704","0.144","22","1","0","1","2","4.40","5","0",".249",".409",".308",".317",".318",".159",".373",".331","88.2","20.4",6,74.7,15.1,27.3,36.1,63.9,39,108,51.6,396,87.9,8.6,75,404,289,768,84.9,42,278,48.4,372,42.3,325,21,50.3,32.1,26.1,29.1,12.7
"Manoah, Alek",666201,2022,"31","196.2",144,16,180,51,22.9,6.5,".202",".314",".268","0.582","0.112","49","0","0","16","7","2.24","0","31",".224",".352",".261",".286",".289",".128",".332",".299","87.5","16.9",5.4,68.4,17.6,30.9,41,59,188,459,50.3,1484,80,8.3,329,1822,798,2949,82.4,176,1002,49.7,1465,41.5,1225,24.9,49.5,38.4,27.1,25,9.5
"Tate, Dillon",622253,2022,"67","73.2",57,6,60,16,20.5,5.5,".213",".341",".274","0.615","0.128","25","5","1","4","4","3.05","16","0",".227",".349",".270",".280",".287",".122",".318",".290","87.1","0",5.3,63.8,15.2,32,41.1,58.9,67,163,47.4,510,75,8.5,256,552,2,1077,84.8,55,362,52.6,567,44.1,475,23.2,48.7,58.9,19.1,21.5,0.5
"Newcomb, Sean",656794,2022,"20","27.2",33,8,28,19,20.9,14.2,".287",".539",".388","0.927","0.252","27","0","0","2","1","8.78","2","1",".271",".510",".400",".382",".374",".240",".438",".358","90.7","18.7",13.8,64.2,16.2,16.8,39.1,60.9,18,46,49.5,273,79.1,7.8,5,484,63,552,83.8,29,179,50.5,279,40.8,225,20.9,40.8,34.5,28.7,27.6,9.2
"Espinoza, Anderson",659262,2022,"7","18.1",14,4,19,16,22.4,18.8,".215",".431",".400","0.831","0.216","11","0","0","0","2","5.40","0","0",".213",".389",".374",".359",".398",".176",".361",".301","89","8.1",10.9,69.3,19.8,16.2,41.7,58.3,15,36,59.2,222,87.5,6.4,6,288,81,375,80.2,21,106,40.8,153,40.5,152,25.4,37.9,43.5,26.1,26.1,4.3
"Houck, Tanner",656557,2022,"32","60.0",49,3,56,22,22.7,8.9,".226",".295",".313","0.608","0.069","21","8","1","5","4","3.15","1","4",".240",".363",".274",".307",".327",".124",".353",".324","89.7","4.5",4.9,68.1,18.5,29.1,50.3,49.7,73,145,54.2,498,73.8,6.6,55,488,375,918,81.5,53,286,45.8,420,44.6,409,29.2,46.9,52.1,19.6,25.2,3.1
"Manaea, Sean",640455,2022,"30","158.0",155,29,156,50,23.2,7.5,".254",".455",".311","0.766","0.201","87","0","0","8","9","4.96","0","28",".240",".422",".330",".316",".301",".182",".381",".323","90.3","16.3",9.1,72.4,20.5,27.2,41.1,58.9,129,314,46.5,1154,82.4,8.3,610,1512,327,2482,79.5,197,961,53.5,1328,44.2,1097,25.6,51.4,38.7,30.7,22.1,8.4
"De Los Santos, Enyel",660853,2022,"50","53.1",40,3,61,17,28.4,7.9,".208",".328",".274","0.602","0.120","18","1","1","5","0","3.04","3","0",".234",".417",".265",".310",".300",".183",".399",".338","90.6","12",9.6,71.4,24.1,30.7,45.1,54.9,55,122,47,397,81.1,8.8,94,511,240,845,75.9,77,320,53,448,42.5,359,29.9,52.3,41.5,22.2,29.6,6.7
"Mayers, Mike",594577,2022,"24","50.2",52,15,45,18,20.2,8.1,".259",".517",".323","0.840","0.258","32","0","1","1","1","5.68","1","3",".259",".492",".360",".352",".325",".233",".409",".332","91.2","16.9",12.7,69.8,14.3,28.7,51.1,48.9,69,135,52.8,470,82.5,7.1,67,490,333,890,85.7,42,293,47.2,420,41.2,367,25.9,48.1,38.6,32.3,21.5,7.6
"Sánchez, Cristopher",650911,2022,"15","40.0",38,5,35,17,19.8,9.6,".244",".397",".333","0.730","0.153","25","1","0","2","2","5.63","2","3",".241",".396",".323",".321",".332",".155",".353",".311","87.9","4.9",6.6,62.8,10.4,28.7,36.7,63.3,36,98,51.7,342,67.4,6.9,133,404,125,662,89.6,21,201,48.3,320,43.2,286,19.1,45.2,54.5,20.7,21.5,3.3
"Henry, Tommy",674072,2022,"9","47.0",47,10,36,21,17.6,10.2,".263",".475",".348","0.823","0.212","28","0","0","3","4","5.36","0","9",".249",".449",".357",".340",".336",".201",".369",".310","90","13.7",9,72.4,18.9,24.9,37.2,62.8,35,94,48.9,378,86.1,9.3,75,431,267,773,81.1,54,286,51.1,395,43.7,338,23.4,49.2,40,29.7,24.1,6.2
"Quintana, Jose",500779,2022,"32","165.2",154,8,137,47,20.2,6.9,".246",".343",".301","0.644","0.097","54","0","0","6","7","2.93","0","32",".256",".388",".286",".307",".311",".132",".354",".328","86.5","9.9",5.5,68.3,15.5,32.8,37,63,190,513,57.5,1565,75.5,5.1,531,1427,598,2724,84.5,123,792,42.5,1159,43.2,1176,24,47.9,47,20.8,26.7,5.5
"Greene, Hunter",668881,2022,"24","125.2",104,24,164,48,30.9,9,".222",".420",".305","0.725","0.198","62","0","0","5","13","4.44","0","24",".218",".401",".318",".311",".303",".183",".403",".334","89.7","20.7",9.4,70.6,24.6,28.3,49.5,50.5,159,321,51.5,1133,79.5,7.8,117,1182,901,2200,75.4,185,753,48.5,1067,44,968,32,48.8,30.7,36.2,25.2,7.8
"Hendriks, Liam",521230,2022,"58","57.2",44,7,85,16,36.2,6.8,".210",".352",".267","0.619","0.142","18","37","4","4","4","2.81","0","0",".181",".321",".270",".254",".248",".140",".365",".307","90.5","17.8",9.1,68.1,28.4,32.2,61.7,38.3,108,175,57.4,544,81.8,5.8,0,574,374,948,71.6,78,275,42.6,404,38.4,364,41.3,47.5,36.4,28.8,24.2,10.6
"Okert, Steven",595345,2022,"60","51.1",34,7,63,26,28.5,11.8,".186",".339",".309","0.648","0.153","17","0","4","5","5","2.98","19","0",".193",".306",".291",".283",".315",".113",".325",".293","86.8","19.9",5.6,64.4,21.7,28.2,47.1,52.9,66,140,51.2,496,75.8,6.8,0,309,659,968,78.3,66,304,48.8,472,44.1,427,29.7,45.9,38.4,28.8,21.6,11.2
"Festa, Matt",670036,2022,"53","54.0",43,10,64,18,29.2,8.2,".218",".426",".290","0.716","0.208","25","2","1","2","0","4.17","6","0",".219",".385",".312",".298",".291",".166",".382",".325","87.2","17.3",7.4,66.4,22.4,33.1,46.7,53.3,70,150,50.5,453,80,7.8,0,390,0,897,77.6,66,295,49.5,444,42.5,381,30.6,49.6,41.5,32.6,19.3,6.7
"Gilbert, Tyler",656457,2022,"8","34.1",33,8,20,10,13.7,6.8,".250",".470",".306","0.776","0.220","20","0","0","0","3","5.24","0","7",".299",".588",".332",".397",".352",".289",".441",".351","88.9","19.1",11.4,67.7,16.1,26.8,30,70,21,70,46.3,261,76.6,8.3,73,427,64,564,83.9,33,205,53.7,303,43.4,245,19.6,48.8,33.3,37.7,21.9,7
"Shaw, Bryan",543766,2022,"60","58.1",58,9,52,26,19.9,10,".252",".417",".337","0.754","0.165","35","1","0","6","2","5.40","5","2",".255",".425",".332",".335",".340",".171",".374",".328","90.8","8.3",6.7,72.2,14.1,24.1,43.3,56.7,52,120,51.4,498,83.7,8.9,35,783,100,969,85.9,48,340,48.6,471,39.6,384,21.7,47.5,49.2,22.3,21.8,6.7
"Gutierrez, Vladimir",661269,2022,"10","36.2",46,8,29,24,16.2,13.4,".313",".612",".425","1.037","0.299","31","0","0","1","6","7.61","0","8",".255",".471",".437",".369",".377",".217",".379",".313","89.3","18.6",9.2,64.8,14,21.2,29.3,70.7,22,75,51.8,354,90,7.3,105,340,239,684,86,30,214,48.2,330,42.1,288,18,42.3,33.3,31.7,25.8,9.2
"Wesneski, Hayden",669713,2022,"6","33.0",24,3,33,7,25,5.3,".198",".322",".258","0.580","0.124","8","0","0","3","2","2.18","0","4",".179",".271",".258",".232",".241",".092",".266",".244","84.5","14",4.5,70.9,21.8,28.3,36.9,63.1,24,65,46.5,230,80.9,9.5,38,299,0,495,78.2,41,188,53.5,265,45.5,225,25.7,51.1,47.2,29.2,13.5,10.1
"Feltner, Ryan",663372,2022,"20","97.1",102,16,84,35,19.6,8.2,".266",".460",".333","0.793","0.194","63","0","0","4","9","5.83","0","19",".259",".468",".343",".343",".327",".208",".391",".329","89.7","13.3",8.3,68.2,14.3,24,39.5,60,79,200,49.9,835,78.9,7.6,104,929,606,1675,85.7,82,573,50.1,840,42.7,716,20.8,46.1,41.6,27.4,25.7,5.3
"Dugger, Robert",667498,2022,"4","16.0",19,3,19,7,26.4,9.7,".292",".508",".361","0.869","0.216","11","0","0","0","1","6.19","0","1",".250",".487",".376",".347",".323",".237",".438",".353","91.2","24",13,66.1,11.9,31.2,57.1,42.9,28,49,55.3,157,73.3,5.3,53,123,108,284,88.1,10,84,44.7,127,44,125,28.6,46.8,28.3,26.1,32.6,13
"O'Day, Darren",503285,2022,"28","21.2",19,3,26,10,27.7,10.6,".237",".438",".319","0.757","0.201","10","0","1","2","2","4.15","5","0",".196",".316",".317",".267",".291",".120",".321",".286","85.6","18.6",5.3,72.4,23.8,34.6,35.6,64.4,26,73,54.8,211,61.5,6.8,0,201,184,385,76.2,30,126,45.2,174,50.1,193,28.1,51.7,38.6,31.6,17.5,12.3
"Keuchel, Dallas",572971,2022,"14","60.2",94,11,45,31,14.9,10.2,".349",".572",".413","0.985","0.223","62","0","0","2","9","9.20","0","14",".288",".474",".419",".359",".359",".187",".388",".342","88.8","5.5",8.8,67.4,11.7,30.6,37.8,62.2,82,217,60.8,708,67.8,5.1,306,766,93,1165,88.3,36,308,39.2,457,42.7,498,22.5,45.1,50.7,20.3,26.9,2.2
"Rodón, Carlos",607074,2022,"31","178.0",131,12,237,52,33.4,7.3,".202",".308",".263","0.571","0.106","57","0","0","14","8","2.88","0","31",".196",".319",".255",".257",".258",".123",".346",".307","89","19.4",6.5,68.5,23.5,31.2,48.1,51.9,224,466,50,1492,75.7,7.4,59,1826,1100,2985,76.5,240,1022,50,1493,43.1,1288,31.2,49.8,35.3,29.5,25.4,9.8
"Bickford, Phil",641360,2022,"60","61.0",53,12,67,14,27.1,5.7,".233",".449",".279","0.728","0.216","32","0","1","2","1","4.72","7","0",".206",".406",".312",".288",".258",".200",".367",".292","88.8","18.4",11.6,70.3,22.6,26.2,33.6,66.4,39,116,44.6,442,83.5,8.6,1,673,316,990,77.4,87,385,55.4,548,46.5,460,25.1,50.6,38.4,30.5,20.1,11
"Milner, Hoby",571948,2022,"67","64.2",61,5,64,15,23.5,5.5,".250",".377",".309","0.686","0.127","27","0","1","3","3","3.76","11","0",".234",".354",".302",".290",".295",".120",".342",".314","85.1","6.1",3.2,57.6,17.6,29.2,32.2,67.8,58,180,56.6,616,64.8,5,221,511,0,1088,82.4,48,272,43.4,472,42.8,466,23.5,41.5,51.1,23.1,22.6,3.2
"VerHagen, Drew",572403,2022,"19","21.2",27,5,18,14,17,13.2,".300",".511",".396","0.907","0.211","16","0","1","3","1","6.65","3","0",".284",".511",".390",".384",".384",".227",".420",".352","88.3","18.1",9.6,69.6,19.8,27.3,46.2,53.8,30,65,56.8,238,76.5,8.1,66,205,56,419,80.2,25,126,43.2,181,45.1,189,28.8,45.6,35.6,26,26,12.3
"Jackson, Zach",667427,2022,"54","48.0",28,1,67,33,33.2,16.3,".171",".232",".315","0.547","0.061","16","3","3","2","3","3.00","26","0",".182",".331",".257",".295",".326",".149",".368",".307","89.4","21.6",10,64.3,21.9,22.3,58.9,41.1,66,112,56.7,503,66.7,5.7,8,483,396,887,78.1,54,247,43.3,384,38.6,342,33.4,40.5,30,34,24,12
"Waldichuk, Ken",686610,2022,"7","34.2",32,5,33,10,22.6,6.8,".244",".466",".315","0.781","0.222","19","0","0","2","2","4.93","0","7",".242",".449",".337",".332",".314",".208",".391",".322","88.7","16.9",12.1,74.8,17.7,26.7,47.4,52.6,37,78,49.8,292,92.9,7.2,85,331,47,586,82.3,39,220,50.2,294,41.5,243,25.5,50.9,36.4,30.3,24.2,9.1
"Skubal, Tarik",669373,2022,"21","117.2",104,9,117,32,24.5,6.7,".237",".372",".288","0.660","0.135","46","0","0","7","8","3.52","0","21",".232",".369",".289",".288",".285",".137",".352",".316","89.3","11.3",5.5,69,18.9,30.2,45.4,54.6,124,273,47.2,904,80.1,8.2,286,914,714,1914,81.1,132,697,52.8,1010,42.4,811,26.4,50.7,47.1,24.8,23.2,4.9
"Sanmartin, Reiver",665665,2022,"45","57.0",66,8,47,29,18.4,11.3,".293",".476",".373","0.849","0.183","40","0","0","4","4","6.32","7","4",".227",".392",".367",".309",".314",".166",".333",".285","86","4.6",7.2,64.4,13.3,30.1,47.6,52.4,81,170,54.8,565,70.7,5.6,331,425,275,1031,86.7,40,300,45.2,466,42.2,435,25.7,45.6,55,21.7,19.4,3.9
"Warren, Art",605521,2022,"39","36.0",37,6,40,22,24.2,13.3,".264",".443",".370","0.813","0.179","26","3","3","2","3","6.50","4","0",".225",".420",".356",".335",".342",".195",".387",".321","90.3","17.3",11.9,66.3,19.6,23.5,57.7,42.3,45,78,50.7,332,81.7,9.2,0,273,382,655,80.4,42,214,49.3,323,40.5,265,29.8,44.6,36.6,32.7,21.8,8.9
"Swarmer, Matt",664161,2022,"11","34.0",33,12,36,20,23.5,13.1,".250",".583",".346","0.929","0.333","19","0","0","2","3","5.03","0","5",".240",".513",".391",".362",".339",".273",".433",".328","90.7","17.7",13.4,67.7,17.4,29.4,52.6,47.4,61,116,60,394,76.9,5.9,12,257,388,657,82.6,31,178,40,263,41.7,274,31.3,44.7,38.1,36.1,22.7,3.1
"Head, Louis",545343,2022,"28","28.2",32,4,26,15,18.8,10.9,".274",".487",".380","0.867","0.213","20","1","0","0","0","6.28","1","0",".243",".411",".376",".338",".353",".168",".359",".312","91","18.2",5.5,70.4,14.4,26,45.3,54.7,34,75,52.9,289,74.4,7.1,24,219,303,546,85.6,26,181,47.1,257,40.1,219,23.4,46.9,29.7,33,27.5,9.9
"Gibaut, Ian",664139,2022,"34","36.0",39,3,48,19,29.8,11.8,".277",".440",".366","0.806","0.163","18","1","2","1","2","4.50","4","0",".214",".331",".354",".291",".311",".117",".356",".324","86.6","14.9",4.3,63.2,21.4,26,37.8,62.2,34,90,49.9,346,79.5,6.3,77,465,44,694,78.6,47,220,50.1,348,46.4,322,26.1,44.7,38.7,23.7,25.8,11.8
"Díaz, Jhonathan",646242,2022,"4","15.1",13,1,11,10,16.7,15.2,".236",".382",".348","0.730","0.146","5","0","0","1","1","2.93","0","3",".251",".404",".324",".344",".364",".154",".351",".312","91.3","10",4.4,68.8,10.6,25,42.9,57.1,15,35,59.3,140,66.7,8.9,38,118,80,236,89.4,7,66,40.7,96,37.7,89,21.8,42.8,51.1,22.2,20,6.7
"Jefferies, Daulton",641726,2022,"8","39.1",46,4,28,8,16.3,4.7,".286",".441",".326","0.767","0.155","25","0","0","1","7","5.72","0","8",".247",".423",".333",".309",".290",".176",".344",".297","89.2","11",8.2,68.9,16.2,27.7,37.9,62.1,33,87,51.5,314,95.1,6.7,120,407,83,611,83.8,33,204,48.5,296,46.7,285,22.7,47.6,47,26.9,22.4,3.7
"Morán, Jovani",663558,2022,"31","40.2",25,0,54,18,32.9,11,".172",".228",".262","0.490","0.056","10","1","0","0","1","2.21","2","0",".164",".257",".229",".237",".255",".093",".287",".260","85","7.4",5.4,67.5,29.6,29.4,56.5,43.5,61,108,54.6,367,86.4,6.5,306,343,23,672,70.4,61,206,45.4,305,43.5,292,38.9,46.7,50,19.6,20.7,9.8
"Bassitt, Chris",605135,2022,"30","181.2",159,19,167,49,22.4,6.6,".234",".359",".297","0.656","0.125","69","0","0","15","9","3.42","0","30",".227",".372",".291",".293",".291",".145",".340",".300","85.7","10.8",6.6,65.1,19.6,25.4,35.1,64.9,121,345,47,1357,72.9,8.3,175,1843,632,2886,80.4,195,996,53,1529,44,1271,23.6,46.5,49.7,23.9,18.8,7.6
"Bazardo, Eduard",660825,2022,"12","16.1",12,4,11,4,16.9,6.2,".203",".441",".277","0.718","0.238","5","0","0","1","0","2.76","0","0",".245",".387",".312",".312",".314",".142",".335",".301","87.4","15.6",6.3,64.8,12.9,32,51.2,48.8,21,41,54.2,128,63.6,4.7,22,109,105,236,87.1,9,70,45.8,108,37.7,89,27,47,39.6,29.2,22.9,8.3
"Gibson, Kyle",502043,2022,"31","167.2",176,24,144,48,20.1,6.7,".268",".434",".325","0.759","0.166","94","0","0","10","8","5.05","0","31",".258",".430",".331",".326",".316",".172",".376",".329","88.6","10.6",7.5,68.4,14.4,30.6,47,53,207,440,52.6,1440,76.5,5.6,295,1686,659,2739,85.6,128,889,47.4,1299,43.8,1200,25.2,48.5,46.8,23.2,25.3,4.6
"Duran, Jhoan",661395,2022,"57","67.2",50,6,89,16,33.5,6,".207",".306",".265","0.571","0.099","14","8","0","2","4","1.86","18","0",".187",".275",".251",".234",".249",".089",".318",".295","88.2","-1.1",4.5,71.6,23.2,37.8,57.1,42.9,109,191,49.4,505,80.2,9.9,164,507,352,1023,76.8,86,371,50.6,518,41,419,34.7,54.9,61.1,16.6,18.5,3.8
"Cabrera, Génesis",650893,2022,"39","44.2",39,8,32,20,16.5,10.3,".231",".420",".325","0.745","0.189","23","1","1","4","2","4.63","13","0",".261",".444",".322",".345",".352",".183",".371",".321","86.3","12.2",7.2,68.3,18.1,29.6,33.9,66.1,39,115,52.9,389,70,8.2,129,389,218,736,81.9,43,237,47.1,347,39.1,288,23.3,47.8,44.9,20.3,23.9,10.9
"Richards, Garrett",572070,2022,"32","42.2",44,3,36,13,19.5,7,".262",".399",".324","0.723","0.137","25","1","0","1","1","5.27","3","2",".254",".422",".318",".322",".318",".168",".365",".322","89.3","8.7",7.5,70.7,16.4,33.2,43.7,56.3,55,126,53.7,380,85.7,7.9,246,179,283,708,83.6,38,232,46.3,328,41.2,292,26,50.6,51.9,22.6,22.6,3
"Dunning, Dane",641540,2022,"29","153.1",158,20,137,62,20.4,9.2,".268",".443",".345","0.788","0.175","76","0","0","4","8","4.46","0","29",".247",".413",".344",".329",".329",".166",".369",".321","87.9","5.4",8.9,62.4,15.1,30.5,39.4,60.6,172,437,56.3,1435,63.5,6.1,515,1322,678,2548,84.9,105,694,43.7,1113,42.1,1072,24.5,44.4,52.8,21.3,22.8,3
"Thompson, Ryan",657044,2022,"47","42.2",39,4,39,11,21.5,6.1,".234",".359",".289","0.648","0.125","18","3","5","3","3","3.80","10","0",".233",".348",".282",".278",".289",".115",".327",".304","87.8","6.8",4.7,62.5,17.8,31.8,36.4,63.6,40,110,51,346,69.6,8.2,10,402,267,679,82.2,37,208,49,333,44.9,305,24.2,46.8,51.2,20.9,20.9,7
"De Jong, Chase",608328,2022,"42","71.2",52,10,59,30,20.1,10.2,".204",".380",".299","0.679","0.176","21","1","3","6","3","2.64","3","0",".213",".406",".300",".312",".307",".193",".340",".276","88.4","20.3",8.6,66.5,14.7,26.5,47,53,79,168,53.9,633,77.7,8.8,12,550,612,1174,85.3,53,360,46.1,541,38.1,447,25,45,33.3,34.3,19.7,12.6
"Liberatore, Matthew",669461,2022,"9","34.2",42,5,28,18,17.4,11.2,".304",".529",".384","0.913","0.225","23","0","0","2","2","5.97","1","7",".266",".479",".391",".363",".354",".213",".398",".333","91.2","16.4",8.8,66.8,15.6,25,35.2,64.8,31,88,54.2,352,83.3,7.4,73,355,222,650,84.4,31,199,45.8,298,45.7,297,21.6,44.2,39.5,26.3,24.6,9.6
"Nogosek, Stephen",668665,2022,"12","22.0",20,4,21,7,22.1,7.4,".230",".402",".295","0.697","0.172","6","0","0","1","1","2.45","0","0",".238",".412",".306",".313",".302",".174",".366",".314","89.5","19.4",7.6,73.9,16.3,25.8,43.5,56.5,20,46,47.2,178,86.2,7.7,33,274,33,377,83.7,24,147,52.8,199,43,162,22.8,51.2,34.8,33.3,19.7,12.1
"Vest, Will",676684,2022,"59","63.0",62,6,63,22,23.2,8.1,".262",".367",".323","0.690","0.105","28","1","0","3","3","4.00","4","2",".239",".390",".304",".313",".310",".151",".370",".323","87.8","5.8",7.1,67.5,16,28.2,43,57,65,151,49.5,536,76.7,6.7,114,609,360,1083,84,59,369,50.5,547,44.5,482,23.8,48,50.3,21.3,25.1,3.3
"Adam, Jason",592094,2022,"67","63.1",31,5,75,17,31.6,7.2,".147",".242",".229","0.471","0.095","11","8","4","2","3","1.56","22","0",".163",".263",".213",".228",".243",".100",".281",".249","85.2","14.4",5.1,64.6,29,36.3,54.7,45.3,98,179,52.3,493,73.8,8.9,303,302,0,942,71,84,290,47.7,449,38.7,365,38.8,49.8,44.2,24.6,18.1,13
"Anderson, Ian",666120,2022,"22","111.2",115,12,97,54,19.7,11,".264",".408",".345","0.753","0.144","62","0","0","10","6","5.00","0","22",".252",".390",".333",".325",".337",".138",".359",".325","89.2","8.4",6.2,70.8,18.3,28.4,48,52,154,321,56.4,1131,80.5,6.4,669,962,374,2005,81.7,113,619,43.6,874,40.1,804,28.4,46.9,48.4,22.9,24,4.7
"Uceta, Edwin",670955,2022,"10","17.0",14,2,13,7,17.8,9.6,".215",".369",".301","0.670","0.154","11","0","0","0","0","5.82","0","0",".226",".349",".299",".296",".311",".123",".309",".282","86.9","13.8",5.8,71.5,21.5,24.7,32.5,67.5,13,40,55.5,162,87.5,5.5,78,163,51,292,78.5,20,93,44.5,130,43.5,127,24.8,45.5,44.2,34.6,15.4,5.8
"Burke, Brock",656271,2022,"52","82.1",63,9,90,24,27.4,7.3,".211",".356",".275","0.631","0.145","18","0","5","7","5","1.97","9","0",".218",".384",".278",".290",".280",".166",".367",".312","88.6","13.2",7.1,67.5,20.3,27.5,34.8,65.2,65,187,51.1,680,82.4,6.4,176,890,264,1330,79.7,89,439,48.9,650,41.1,546,24.6,47.1,39.6,28.8,24.1,7.5
"Wentz, Joey",666214,2022,"7","32.2",23,2,27,13,20,9.6,".195",".339",".274","0.613","0.144","11","0","0","2","2","3.03","0","7",".210",".357",".270",".298",".296",".147",".325",".276","88.8","12.9",7.4,65.1,15.8,26.5,36,64,27,75,51,283,86.8,6.8,75,428,52,555,84.2,28,177,49,272,46.1,256,21.8,45.4,40.4,29.8,21.3,8.5
"Pop, Zach",647315,2022,"35","39.0",41,2,25,4,15.9,2.5,".272",".351",".299","0.650","0.079","12","0","0","4","0","2.77","3","0",".256",".377",".287",".290",".284",".121",".328",".306","88.2","1.3",5.6,64,11.4,39.3,29.6,70.4,32,108,51.3,275,75,5.2,1,412,123,536,88.6,19,167,48.7,261,45.9,246,18.5,51.3,57.1,15.9,22.2,4.8
"Stanek, Ryne",592773,2022,"59","54.2",36,2,62,31,27.7,13.8,".188",".257",".299","0.556","0.069","7","1","4","2","1","1.15","17","0",".195",".320",".258",".281",".305",".125",".321",".284","88.9","15",3.8,72.6,27.9,28.3,47.9,52.1,70,146,57.5,515,83.9,6.9,206,523,166,895,72.1,77,276,42.5,380,40.6,363,34.8,47.2,38.9,29,21.4,10.7
"McCullers Jr., Lance",621121,2022,"8","47.2",37,4,50,22,25.6,11.3,".215",".337",".303","0.640","0.122","12","0","0","4","2","2.27","0","8",".226",".351",".287",".297",".312",".125",".348",".316","87.7","8",4.9,61.1,14.7,27.5,51.4,48.6,57,111,53.2,404,62.7,6.7,132,248,379,759,85.3,32,217,46.8,355,40.3,306,27.1,43.2,50.4,24.4,19.5,5.7
"Bush, Matt",456713,2022,"65","59.2",43,11,74,18,30.3,7.4,".196",".365",".264","0.629","0.169","23","3","7","2","3","3.47","18","6",".189",".335",".274",".260",".259",".146",".336",".284","90.3","15.2",5.4,62.2,22,27.8,49.6,50.4,60,121,47.9,435,77.5,7.8,0,589,320,909,78,65,295,52.1,474,41.6,378,30,45.8,42.3,34.2,16.8,6.7
"Detmers, Reid",672282,2022,"25","129.0",110,13,122,46,22.6,8.5,".231",".377",".305","0.682","0.146","54","0","0","7","6","3.77","0","25",".242",".403",".300",".317",".318",".160",".369",".323","89.3","16.7",8,68,20,29.2,38.1,61.9,123,323,50.7,1106,76.4,8,246,981,920,2181,80,146,731,49.3,1075,42.2,921,25.5,48.3,36.6,26.4,28.1,8.8
"Bundy, Dylan",605164,2022,"29","140.0",151,24,94,28,15.8,4.7,".271",".459",".306","0.765","0.188","76","0","0","8","8","4.89","0","29",".260",".459",".329",".326",".298",".199",".367",".311","88.9","18.6",8.9,68.5,14.8,33.9,35.8,64.2,125,349,47.2,1029,74.3,7.8,408,1018,754,2180,85.2,117,788,52.8,1151,42.9,936,21.3,52.2,34.5,32.6,24,8.9
"Watkins, Spenser",657093,2022,"23","105.1",119,11,63,30,13.7,6.5,".281",".423",".333","0.756","0.142","55","0","0","5","6","4.70","0","20",".284",".461",".331",".346",".336",".177",".374",".332","90","11.6",7.2,67.2,13.1,26,38.4,61.6,78,203,47.6,781,76.9,7.1,71,1121,161,1642,86.9,76,579,52.4,861,44.2,726,19.7,47.6,42.5,24.9,26.2,6.4
"Brogdon, Connor",641401,2022,"47","44.0",44,6,50,11,26.6,5.9,".253",".414",".299","0.713","0.161","16","2","2","2","2","3.27","6","0",".223",".360",".310",".277",".272",".138",".349",".310","87.4","18.8",6.3,69.1,28.3,36.7,40.9,59.1,56,137,52.5,373,76.9,5.5,307,403,0,710,71.7,66,233,47.5,337,42.3,300,33,52.1,34.9,27,27,11.1
"Kowar, Jackson",663804,2022,"7","15.2",27,4,17,11,20.7,13.4,".380",".676",".463","1.139","0.296","17","0","0","0","0","9.77","2","0",".296",".479",".482",".380",".391",".183",".437",".389","87.5","9.5",7.4,61.6,10,31.5,53.8,46.2,28,52,53.1,165,76.2,6.8,133,145,33,311,90,9,90,46.9,146,39.9,124,26.1,45.7,50,20.4,24.1,5.6
"García, Yimi",554340,2022,"61","61.0",48,6,58,16,23.5,6.5,".215",".345",".275","0.620","0.130","21","1","4","4","5","3.10","23","0",".206",".352",".269",".270",".269",".146",".320",".275","86.5","18.9",6.5,67.7,19.9,26.8,35.6,64.4,48,135,48.5,504,72.8,7.8,76,606,357,1039,80.1,72,362,51.5,535,43.9,456,24.1,47.8,40.2,31.4,16,12.4
"Kuhnel, Joel",669270,2022,"53","58.0",67,8,56,14,22,5.5,".291",".465",".340","0.805","0.174","41","1","2","2","3","6.36","5","0",".237",".409",".347",".306",".295",".171",".364",".313","90.1","7.6",7.2,68.5,18.1,30.9,41,59,59,144,50.3,466,79.7,8,143,505,278,934,81.9,57,315,49.7,460,45.1,418,25.2,49.7,54.4,23.3,18.3,3.9
"Naughton, Packy",676050,2022,"26","32.0",39,3,31,7,22,5,".295",".439",".336","0.775","0.144","17","1","1","0","2","4.78","3","3",".255",".402",".336",".304",".297",".148",".371",".333","87.1","10",6.9,66.8,18.6,32.7,41.9,58.1,44,105,57.1,321,75,5.7,142,302,118,562,81.4,30,161,42.9,241,43.1,242,27.8,47.3,51,21.6,24.5,2.9
"Lamet, Dinelson",659275,2022,"32","32.1",30,4,45,19,30.2,12.8,".242",".419",".356","0.775","0.177","22","0","2","1","2","6.12","4","0",".229",".417",".342",".336",".345",".188",".422",".351","90.5","15.6",9.9,67.8,32.3,21.7,61.5,38.5,40,65,51.5,300,90.2,8.7,9,268,306,583,67.7,62,192,48.5,283,39.3,229,39.7,44.1,35.8,30.9,24.7,8.6
"McKenzie, Triston",663474,2022,"31","191.1",138,25,190,44,25.6,5.9,".201",".358",".253","0.611","0.157","63","0","0","11","11","2.96","0","30",".220",".416",".268",".298",".272",".195",".373",".304","90.2","19.7",9.8,71.9,17.8,32,48.6,51.4,210,432,48.2,1352,78.8,8.6,0,1575,1232,2807,82.2,186,1046,51.8,1455,41.4,1163,26.8,52.7,34.3,32.3,23.5,10
"Jameson, Drey",686753,2022,"4","24.1",20,2,24,7,24.5,7.1,".222",".333",".286","0.619","0.111","4","0","0","3","0","1.48","0","4",".265",".430",".277",".331",".325",".165",".408",".361","88.9","3.2",7.6,66.5,19.4,25.6,51.2,48.8,21,41,43.4,160,85.3,9.2,31,230,108,369,80.6,27,139,56.6,209,45.8,169,26.7,48.8,56.1,18.2,24.2,1.5
"Barnes, Matt",598264,2022,"44","39.2",36,2,34,21,19.3,11.9,".240",".333",".343","0.676","0.093","19","8","2","0","4","4.31","4","0",".228",".397",".305",".324",".334",".169",".346",".294","91.1","11.1",8.5,64,17.4,25.9,51,49,50,98,54.7,379,73.2,8.1,49,320,324,693,82.6,35,201,45.3,314,39.8,276,28.4,43.1,44.9,30.5,19.5,5.1
"Urías, Julio",628711,2022,"31","175.0",127,23,166,41,24.1,6,".199",".347",".251","0.598","0.148","42","0","0","17","7","2.16","0","31",".204",".346",".263",".266",".257",".143",".317",".275","86.7","17.2",6.7,69,17.5,32.2,39.5,60.5,156,395,46.8,1226,74.9,8,458,1291,0,2622,82.5,169,963,53.2,1396,43.6,1144,23.9,51.8,40,28.5,20.5,10.9
"Santana, Dennis",642701,2022,"63","58.2",50,2,54,28,21.2,11,".228",".315",".322","0.637","0.087","34","1","2","3","8","5.22","20","1",".245",".353",".287",".311",".339",".108",".340",".321","86.6","9.7",4.7,61.9,15.1,31.4,45,55,81,180,57.9,574,67.7,6.3,132,458,401,991,84.9,39,258,42.1,417,40.5,401,27.4,44.2,48.5,18.3,27.2,5.9
"Logue, Zach",656657,2022,"14","57.0",68,13,42,20,16.3,7.8,".293",".565",".353","0.918","0.272","43","0","0","3","8","6.79","0","10",".268",".537",".391",".369",".331",".269",".414",".326","89.5","19.4",12.4,71.9,14.6,26.5,38.7,61.3,55,142,52.3,535,80.2,7.9,139,722,161,1022,85.4,51,350,47.7,487,44.1,451,21.5,48.1,31.1,35.8,21.2,11.9
"Machado, Andrés",600921,2022,"51","59.1",55,7,46,27,17.6,10.3,".241",".404",".321","0.725","0.163","22","0","0","2","0","3.34","3","0",".270",".460",".317",".354",".350",".190",".389",".336","89.5","9.9",8.6,68,17.2,32.4,36.9,63.1,62,168,52.1,519,78.6,5.6,156,642,199,997,82.8,56,325,47.9,478,43.8,437,23.9,49.4,43.3,26.2,27.8,2.7
"Castellanos, Humberto",528748,2022,"11","44.1",50,7,32,12,16.5,6.2,".289",".480",".342","0.822","0.191","28","0","0","3","2","5.68","0","9",".276",".474",".353",".350",".335",".197",".389",".336","89.6","16.5",6.9,65.1,12.3,26.9,32,67,31,97,48.3,361,81.7,8,78,511,159,748,87.7,31,252,51.7,387,42.8,320,17.8,46.7,34.5,29.7,28.3,7.6
"Martinez, Adrián",661309,2022,"12","57.2",69,13,53,19,20.5,7.3,".295",".504",".351","0.855","0.209","40","0","0","4","6","6.24","0","12",".276",".494",".367",".356",".336",".217",".420",".354","89.1","14",10.3,67.5,18.1,28.3,37.7,62.3,55,146,50.8,516,73.2,7,280,511,224,1015,81.9,61,337,49.2,499,42.7,433,24,47.6,41.3,26.1,25,7.6
"Berríos, José",621244,2022,"32","172.0",199,29,149,45,19.8,6,".288",".465",".340","0.805","0.177","100","0","0","12","7","5.23","0","32",".274",".483",".350",".350",".329",".208",".411",".350","90","13.9",9.5,65.8,13,31.7,38.4,61.6,167,435,50.4,1371,74.2,6.5,418,1461,0,2721,87,115,888,49.6,1350,43.4,1182,21.3,48.6,40.7,27.1,25.6,6.6
"Williams, Trevor",592866,2022,"30","89.2",87,12,84,23,22.6,6.2,".253",".413",".307","0.720","0.160","32","1","1","3","5","3.21","1","9",".231",".407",".314",".301",".287",".176",".360",".306","87.8","18.3",7.7,72.2,14.9,27.6,45.1,54.9,92,204,52.5,738,87.6,6.3,184,921,302,1407,85.1,72,483,47.5,669,43.3,609,23.9,48.8,36.8,28,26.4,8.4
"Davies, Zach",605200,2022,"27","134.1",122,21,102,52,17.9,9.1,".241",".412",".309","0.721","0.171","61","0","0","2","5","4.09","0","27",".250",".444",".315",".333",".321",".194",".369",".311","87.4","13",8,64,16.3,24.5,32.6,67.4,101,310,55.2,1265,85.1,5,762,1372,157,2292,83.7,107,657,44.8,1027,48.5,1111,21.5,42.2,43.7,29.2,20.5,6.5
"Strzelecki, Peter",657265,2022,"30","35.0",28,2,40,15,27,10.1,".220",".331",".301","0.632","0.111","11","1","2","2","1","2.83","4","0",".214",".360",".277",".286",".298",".146",".351",".305","88.1","16.5",7.6,63.1,25.3,29.6,43.3,56.7,39,90,50.2,304,65.8,6.3,82,322,0,605,74.7,48,190,49.8,301,42.6,258,31.1,46.3,33.7,32.6,29.3,4.3
"Alcantara, Sandy",645261,2022,"32","228.2",174,16,207,50,23.4,5.6,".212",".324",".263","0.587","0.112","58","0","0","14","9","2.28","0","32",".215",".342",".260",".270",".267",".128",".321",".287","87.8","5.5",5.3,70.5,18.3,34.7,41.4,58.6,223,539,47.8,1554,78.3,7.2,894,2346,7,3248,81.7,218,1194,52.2,1694,46.3,1504,25.4,53.4,54.2,19.8,18.9,7.1
"Alexander, Scott",518397,2022,"17","17.1",12,1,10,1,15.9,1.6,".194",".274",".206","0.480","0.080","2","2","0","0","0","1.04","5","4",".208",".331",".210",".239",".221",".123",".277",".248","84.5","-11",5.8,60,19,40.4,34.1,65.9,15,44,50.9,109,80,7,35,152,27,214,81,12,63,49.1,105,43.5,93,25.2,50,78.8,5.8,13.5,1.9
"Brasier, Ryan",518489,2022,"68","62.1",68,9,64,13,24.3,4.9,".280",".481",".312","0.793","0.201","40","1","4","0","3","5.78","13","0",".248",".443",".336",".312",".285",".195",".393",".329","90.7","11.5",8.6,72.6,17.3,34.2,44.6,55.4,70,157,46.6,459,82,9,13,549,423,985,82.7,66,382,53.4,526,45,443,25.2,54.7,41.1,24.9,25.9,8.1
"Irvin, Cole",608344,2022,"30","181.0",174,25,128,36,17.3,4.9,".251",".416",".293","0.709","0.165","80","0","0","9","13","3.98","0","30",".256",".471",".306",".329",".299",".215",".378",".313","89.4","15.5",9.6,71.2,16.3,30.4,31.8,68.2,119,374,47.1,1230,77.7,8.8,477,1592,541,2610,83.7,160,983,52.9,1380,44.3,1157,20.6,52,37.5,30,25.6,6.8
"Ryan, Joe",657746,2022,"27","147.0",115,20,151,47,25,7.8,".211",".379",".285","0.664","0.168","58","0","0","13","8","3.55","0","27",".214",".389",".294",".297",".288",".175",".354",".295","88.2","24.2",8.6,71.6,20,28,41.5,58.5,131,316,47.2,1129,80.9,7.7,290,1436,604,2391,80,181,903,52.8,1262,44.8,1071,25.6,51,29.3,32.8,22.7,15.2
"Stephens, Jackson",623451,2022,"39","53.2",49,3,47,23,20,9.8,".238",".325",".322","0.647","0.087","22","2","1","3","3","3.69","2","1",".250",".378",".286",".310",".333",".129",".349",".322","87","8.8",4.9,69.9,16.6,26.3,37.8,62.2,45,119,48,453,77.4,6.6,91,548,305,944,83.4,57,343,52,491,44.4,419,22.1,48.9,47.5,16,30.2,6.2
"Sears, JP",676664,2022,"17","70.0",67,8,51,23,17.7,8,".256",".397",".319","0.716","0.141","30","0","0","6","3","3.86","0","11",".257",".438",".314",".331",".322",".181",".369",".319","90.5","17.3",9,65.1,13.2,26.6,36.6,63.4,52,142,49.5,534,71.9,8.9,189,611,277,1079,86.8,47,355,50.5,545,41.5,448,19.9,46.1,41.5,28.8,19.8,9.9
"Lemoine, Jake",621082,2022,"9","16.1",18,4,13,7,17.6,9.5,".273",".500",".338","0.838","0.227","14","0","0","0","0","7.71","0","0",".232",".415",".355",".312",".305",".184",".346",".288","91.1","14.7",7.4,62.2,15.5,17.8,41.4,58.6,12,29,54.7,163,69,9.7,22,202,74,298,84.5,13,84,45.3,135,37.6,112,22.1,37.9,40.7,40.7,14.8,3.7
"Morris, Cody",663752,2022,"7","23.2",21,3,23,12,23,12,".241",".379",".330","0.709","0.138","6","0","0","1","2","2.28","1","5",".255",".448",".315",".348",".347",".193",".409",".349","88","16.4",12.3,74.7,25.7,29.6,36.1,63.9,22,61,51,206,83.8,9.2,69,307,28,404,74.3,38,148,49,198,39.4,159,28.7,51.7,36.9,29.2,27.7,6.2
"Ginkel, Kevin",656464,2022,"30","29.1",27,1,30,11,24.2,8.9,".243",".333",".315","0.648","0.090","11","1","2","1","1","3.38","5","0",".208",".321",".290",".271",".283",".113",".308",".282","89","8.6",4.9,60.8,14.6,31,50.7,49.3,38,75,50.5,242,66.7,7.5,1,297,181,479,85.4,21,144,49.5,237,41.8,200,26.9,45.7,50,22,20.7,7.3
"Snead, Kirby",669912,2022,"46","44.2",56,5,35,22,16.7,10.5,".308",".478",".383","0.861","0.170","29","1","2","1","1","5.84","5","0",".260",".415",".369",".327",".342",".155",".352",".316","87.8","11.4",6.6,61.6,15.2,26.6,31.4,68.6,33,105,50.6,395,72.9,7.6,55,433,292,780,84.8,36,237,49.4,385,41.9,327,20.2,43.8,43.7,27.8,23.8,4.6
"Richards, Trevor",670950,2022,"62","64.0",57,9,82,35,29.2,12.5,".237",".396",".332","0.728","0.159","38","0","1","3","2","5.34","8","4",".234",".440",".320",".336",".331",".206",".430",".350","89.4","17",11,65,20.6,32.9,52.1,47.9,125,240,62.7,729,77.3,3.8,437,512,214,1163,79.4,58,282,37.3,434,38.1,443,35.1,44.9,35,29.4,28.2,7.4
"Pagán, Emilio",641941,2022,"59","63.0",60,12,84,26,30.7,9.5,".245",".457",".319","0.776","0.212","31","9","7","4","6","4.43","7","0",".228",".416",".334",".312",".303",".189",".415",".344","89.6","12.7",9.8,72,27.2,32.6,38.1,61.9,72,189,51.5,580,83.1,6.8,278,798,50,1126,72.8,107,393,48.5,546,47.2,531,30.8,51.7,40.5,29.4,24.5,5.5
"Megill, Trevor",656730,2022,"39","45.0",50,4,49,17,25,8.7,".282",".401",".347","0.748","0.119","24","0","2","4","3","4.80","3","0",".269",".469",".330",".349",".336",".200",".435",".371","92.2","9.5",8.5,70.1,16.9,30.1,44.8,55.2,52,116,49.9,386,76.5,8.8,0,429,345,774,83.1,46,272,50.1,388,37.5,290,25.3,50.1,44.2,22.5,28.7,4.7
"Rainey, Tanner",663432,2022,"29","30.0",26,5,36,13,28.1,10.2,".228",".386",".305","0.691","0.158","11","12","4","1","3","3.30","1","0",".222",".425",".304",".315",".300",".204",".397",".322","89.4","22.5",10.1,73.6,28.7,30.1,46.8,53.2,36,77,49.1,256,87,8.8,3,367,151,521,71.3,56,195,50.9,265,40.9,213,33.8,52.2,31.6,40.5,17.7,10.1
"Smith, Drew",622098,2022,"44","46.0",38,9,53,15,28.3,8,".222",".404",".283","0.687","0.182","17","0","2","3","3","3.33","14","0",".222",".424",".300",".306",".283",".202",".394",".319","90.1","19.5",11.8,72.2,24.5,27.6,45.6,54.4,52,114,52.9,413,83.9,7.2,43,410,327,780,75.5,65,265,47.1,367,43.8,342,30.9,48.6,34.5,35.3,20.2,10.1
"Bird, Jake",656234,2022,"38","47.2",45,7,42,23,19.9,10.9,".249",".420",".343","0.763","0.171","26","0","1","2","4","4.91","5","0",".256",".429",".331",".342",".354",".173",".385",".336","91.2","5.4",6.3,63.3,10.1,16.9,65,35,39,60,47.7,355,73.4,8.6,15,617,113,745,89.9,25,247,52.3,390,40.7,303,20.8,41.2,55.6,21.8,21.1,1.4
"Armstrong, Shawn",542888,2022,"50","61.2",66,7,66,18,24.4,6.7,".273",".430",".327","0.757","0.157","30","2","3","2","3","4.38","2","3",".226",".367",".326",".286",".288",".141",".345",".306","87.4","10.6",7.7,69.2,21.7,35.2,36.5,63.5,61,167,45.4,475,81,9.6,0,973,0,1047,78.3,86,396,54.6,572,44.1,462,26.1,53.8,48.9,25.8,20.9,4.4
"Goudeau, Ashton",623485,2022,"12","20.1",25,3,16,10,17,10.6,".305",".463",".372","0.835","0.158","16","1","0","1","0","7.08","0","0",".258",".392",".362",".332",".341",".134",".357",".325","91","18.3",5.9,74,17.2,22.8,43.5,56.5,20,46,53.9,202,80,5.3,64,206,105,375,82.8,22,128,46.1,173,44.8,168,24.1,46.4,36.8,30.9,23.5,8.8
"Gray, Jon",592351,2022,"24","127.1",105,17,134,39,25.7,7.5,".222",".375",".288","0.663","0.153","56","0","0","7","7","3.96","0","24",".230",".378",".292",".298",".296",".148",".363",".319","88","11.1",6.1,66.7,17.6,30.5,44.7,55.3,138,309,49.2,1014,73.1,7.6,192,1042,95,2062,82.4,123,699,50.8,1048,43.4,894,25.9,48.9,44.2,24.9,24,7
"Hunter, Tommy",488984,2022,"18","22.1",21,4,22,6,23.4,6.4,".241",".437",".290","0.727","0.196","6","0","0","0","1","2.42","1","0",".248",".494",".315",".338",".297",".246",".420",".332","90.6","14",13.6,74.3,19.9,34.3,33.3,66.7,19,57,47.6,166,84.4,9.2,1,297,51,349,80.1,27,136,52.4,183,41.3,144,23.8,55.3,42.4,34.8,15.2,7.6
"Abbott, Cory",676265,2022,"16","48.0",44,12,45,25,20.8,11.6,".239",".500",".343","0.843","0.261","28","0","0","0","5","5.25","0","9",".202",".451",".363",".336",".314",".249",".368",".268","90.3","23.8",12.1,72,17.5,28.3,45,55,58,129,54,456,81.8,6.5,0,430,415,845,82.5,49,280,46,389,44.4,375,26.2,48.4,29.1,43.3,16.3,11.3
"Ruiz, Norge",650204,2022,"14","19.0",30,4,18,7,19.1,7.4,".361",".566",".415","0.981","0.205","15","0","1","0","1","7.11","1","0",".315",".550",".419",".403",".383",".235",".472",".403","94","12.1",10.4,72.7,17.7,21.5,35.1,64.9,13,37,47,172,89.7,7.9,66,161,139,366,82.3,25,141,53,194,43.2,158,21.3,48.6,40.3,26.9,29.9,3
"Knebel, Corey",608349,2022,"46","44.2",33,4,41,27,21.2,14,".202",".337",".321","0.658","0.135","17","12","4","3","5","3.43","2","0",".216",".357",".293",".305",".333",".141",".326",".286","88.7","15",5.7,64.9,19.7,26.5,45,55,50,111,52.7,419,74.1,7.3,0,555,240,795,80.3,48,244,47.3,376,40.8,324,27.6,44.7,39,27.6,25.2,8.1
"Thompson, Keegan",624522,2022,"29","115.0",103,16,108,43,22.3,8.9,".239",".411",".320","0.731","0.172","48","1","1","10","5","3.76","0","17",".237",".424",".322",".326",".320",".187",".376",".317","89","13.2",8.6,66.4,17.5,27.2,40.3,59.7,106,263,51.5,968,71.6,7.5,89,1381,329,1878,82.5,106,604,48.5,910,42.7,801,24.5,46.2,40.9,28.3,24.6,6.2
"Hoffman, Jeff",656546,2022,"35","44.2",40,5,45,23,22.8,11.7,".235",".406",".335","0.741","0.171","19","0","1","2","0","3.83","1","1",".220",".393",".325",".320",".324",".173",".360",".301","89.3","22.4",8.7,69.4,19.4,24,40.5,59.5,45,111,54.5,462,81.3,7.5,220,427,201,848,80.6,52,268,45.5,386,39.4,334,25.6,44.7,28.6,39.7,22.2,9.5
"Paddack, Chris",663978,2022,"5","22.1",25,0,20,2,21.5,2.2,".284",".386",".301","0.687","0.102","10","0","0","1","2","4.03","0","5",".245",".374",".296",".289",".274",".129",".354",".321","88.7","10.1",5.7,69.8,24.5,30.9,28,72,14,50,44.1,162,67.6,9.3,97,190,80,367,75.5,35,143,55.9,205,45.2,166,25.4,52.6,47.1,18.6,25.7,8.6
"Hill, Tim",657612,2022,"55","48.0",45,1,25,14,12.6,7,".251",".313",".317","0.630","0.062","19","0","0","3","0","3.56","7","0",".234",".309",".282",".276",".304",".075",".275",".272","88.2","1.6",1.3,65.3,10.1,25.7,32.2,67.8,29,90,47,350,76.2,8.5,0,677,68,745,89.9,26,258,53,395,42.3,315,15.8,46.7,59,14.1,21.2,5.8
"Voth, Austin",608723,2022,"41","101.2",111,14,90,31,20.4,7,".275",".432",".329","0.761","0.157","49","0","0","5","4","4.34","1","17",".255",".441",".331",".330",".313",".187",".385",".329","88.4","16.6",8.5,69.9,17.8,26,43,57,99,230,50.2,884,83,7.7,13,1107,554,1762,82.2,109,614,49.8,878,42.3,746,24.6,47.9,34.4,28.7,27.4,9.5
"Llovera, Mauricio",661440,2022,"17","16.1",14,2,20,8,27.8,11.1,".219",".359",".306","0.665","0.140","8","0","0","0","0","4.41","1","1",".173",".320",".292",".258",".265",".147",".307",".251","83.9","10.7",9.1,65.5,18.9,31.7,51,49,26,51,52.6,161,60,6.5,0,136,170,306,81.1,18,95,47.4,145,40.5,124,30.1,47.7,47.7,20.5,18.2,13.6
"Matz, Steven",571927,2022,"15","48.0",50,8,54,10,26.1,4.8,".256",".431",".300","0.731","0.175","28","0","0","5","3","5.25","2","10",".253",".394",".318",".302",".296",".141",".385",".349","88.4","13.9",9.2,67.9,23.9,26.8,39.2,60.8,40,102,44.9,381,72.6,8.6,245,412,192,849,76.1,76,318,55.1,468,46.8,397,27.6,49.5,38.3,24.1,29.8,7.8
"King, Michael",650633,2022,"34","51.0",35,3,66,16,33.2,8,".192",".291",".256","0.547","0.099","13","1","2","6","3","2.29","16","0",".208",".324",".241",".269",".276",".115",".373",".333","86.2","8.4",6.8,60.7,25,31.3,56,44,70,125,52,399,60.3,8.2,75,461,0,776,75,56,224,48,369,41.5,319,36.3,45.5,48.7,17.9,26.5,6.8
"Hill, Rich",448179,2022,"26","124.1",125,15,109,37,20.7,7,".258",".432",".316","0.748","0.174","59","0","0","8","7","4.27","0","26",".239",".422",".325",".315",".299",".183",".365",".309","88.2","14.9",8.2,64.6,16,27.3,38.2,61.8,96,251,46.2,919,71.9,8,84,968,708,1990,84,111,692,53.8,1071,44.1,877,22,47.4,40.7,27.1,22.6,9.6
"Stratton, Chris",608717,2022,"60","63.1",72,4,60,25,21.5,9,".291",".405",".356","0.761","0.114","30","2","5","10","4","4.26","8","1",".257",".402",".332",".319",".327",".145",".371",".335","89.7","12.8",5.7,67.4,19.9,31.5,38.5,61.5,72,187,54,594,77.6,6.9,77,494,529,1100,80.1,68,341,46,506,44.3,487,26.5,48,44.3,24.5,25.5,5.7
"Smith, Will",519293,2022,"65","59.0",58,9,65,25,24.9,9.6,".251",".437",".326","0.763","0.186","26","5","3","0","3","3.97","16","0",".226",".379",".328",".302",".308",".153",".363",".315","88.9","17.5",5.9,67.3,16.5,36.5,54.7,45.3,105,192,53.4,526,71.4,7.1,9,411,565,985,83.5,51,309,46.6,459,42.1,415,31.1,50.9,36.1,32,24.3,7.7
"Merryweather, Julian",657240,2022,"26","26.2",31,4,23,7,19.3,5.9,".292",".491",".342","0.833","0.199","20","0","1","0","3","6.75","1","1",".243",".472",".355",".331",".301",".230",".387",".308","90.3","14.3",10.3,72.5,11.2,31.8,51.6,48.4,32,62,46.8,195,89.7,7,39,215,163,417,88.8,18,161,53.2,222,42.4,177,22.4,53.5,49.4,21.8,16.1,12.6
"Beede, Tyler",595881,2022,"31","61.1",71,7,39,29,13.7,10.2,".284",".440",".368","0.808","0.156","35","0","1","2","5","5.14","3","5",".270",".427",".353",".344",".356",".157",".354",".319","88.7","9.1",5.2,68,13.4,24.7,35.6,64.4,52,146,55,590,82.5,5.9,283,502,287,1072,86.6,44,328,45,482,41.9,449,20.3,44.2,50,19.8,24.1,6.1
"Gsellman, Robert",607229,2022,"8","15.1",17,2,9,3,14.1,4.7,".279",".475",".313","0.788","0.196","8","1","1","0","2","4.70","0","0",".314",".581",".340",".396",".346",".267",".447",".369","90.2","10.9",13.5,68.9,16.9,30.8,40.6,59.4,13,32,50.2,104,93.3,7.2,24,116,67,207,83.1,12,71,49.8,103,44.4,92,24.3,49.8,42.3,26.9,26.9,3.8
"Wells, Tyler",669330,2022,"23","103.2",90,16,76,28,18,6.6,".231",".406",".285","0.691","0.175","49","0","0","7","7","4.25","0","23",".229",".421",".301",".307",".284",".192",".344",".285","88.3","19.1",7.9,70.4,18.7,30.4,40.3,59.7,100,248,49.4,815,75.9,7,303,1134,115,1649,81.3,110,587,50.6,834,45.3,747,25.1,50.6,37.5,28.7,20.8,12.9
"Hudson, Daniel",543339,2022,"25","24.1",17,1,30,5,30.9,5.2,".193",".261",".250","0.511","0.068","6","5","1","2","3","2.22","9","0",".212",".305",".232",".260",".270",".092",".340",".321","88.3","8.3",3.3,79.8,25.3,23.6,62.5,37.5,30,48,50,203,85.7,6.9,14,222,170,406,74.7,41,162,50,203,41.4,168,33.8,51.7,55,18.3,21.7,5
"Bednar, David",670280,2022,"45","51.2",42,4,69,16,32.9,7.6,".218",".337",".281","0.618","0.119","15","19","4","3","4","2.61","4","0",".223",".367",".271",".285",".286",".145",".397",".349","90.5","15.3",7.3,70.9,25.4,29,53.3,46.7,65,122,49.9,420,78.8,9.5,142,452,248,842,74.6,76,299,50.1,422,41.7,351,33.5,50,33.9,26.6,32.3,7.3
"Ortiz, Luis",682847,2022,"4","16.0",8,1,17,10,24.6,14.5,".136",".220",".261","0.481","0.084","8","0","0","0","2","4.50","0","4",".179",".290",".230",".271",".300",".111",".282",".253","86.1","12",2.4,63.6,16.9,30.5,51.1,48.9,24,47,56,154,76.9,9.5,14,159,102,275,83.1,13,77,44,121,40.7,112,29.8,45.1,42.9,19,21.4,16.7
"Doval, Camilo",666808,2022,"68","67.2",54,4,80,30,28,10.5,".218",".319",".305","0.624","0.101","19","27","3","6","6","2.53","1","0",".200",".296",".278",".269",".294",".096",".319",".295","85.9","-0.8",4.6,67.1,21.3,28.9,50.6,49.4,86,170,52.5,589,76,6.7,0,632,489,1121,78.7,76,357,47.5,532,40.6,455,30.7,47,57.8,16.2,22.5,3.5
"Vesia, Alex",681911,2022,"63","54.1",37,2,79,24,34.8,10.6,".187",".247",".280","0.527","0.060","13","1","2","5","0","2.15","16","0",".188",".303",".244",".264",".281",".116",".348",".310","87","17.4",6.6,67.4,30.1,29.6,42.9,57.1,60,140,49.7,473,78.9,8,43,600,308,951,70.2,97,322,50.3,478,44.5,423,34,48.6,36.1,27.9,25.4,10.7
"Kremer, Dean",665152,2022,"22","125.1",123,11,87,34,17,6.6,".262",".390",".318","0.708","0.128","45","0","0","8","7","3.23","0","21",".263",".432",".312",".328",".319",".169",".365",".322","88.4","14.7",7.3,69.3,15.1,32.3,37.7,62.3,119,316,50.3,979,77.8,8.6,299,1408,240,1947,84.9,101,671,49.7,968,42.7,832,22.3,50.7,40.3,27.8,24.4,7.5
"Ruiz, José",614179,2022,"63","60.2",53,9,68,33,25.7,12.5,".231",".410",".325","0.735","0.179","31","0","0","1","0","4.60","11","0",".227",".424",".323",".325",".321",".197",".387",".318","89.1","12.8",8.5,68.6,18.1,26.6,51.8,48.2,87,168,56.6,631,77.2,5.1,253,534,328,1115,81.9,60,332,43.4,484,40.9,456,29.4,44.8,42.7,28,22,7.3
"García, Rony",665621,2022,"16","51.0",40,9,48,13,23.3,6.3,".213",".415",".277","0.692","0.202","25","0","0","3","3","4.41","0","8",".279",".576",".301",".388",".339",".298",".483",".374","91.5","18.9",16.3,70.5,14.4,24.3,41.1,58.9,46,112,52,460,86.6,7.6,97,507,280,885,85.6,43,299,48,424,41.9,370,21.7,46.4,31.2,37.6,24.8,6.4
"Lee, Dylan",669276,2022,"46","50.2",40,5,59,10,29.4,5,".212",".323",".249","0.572","0.111","12","0","3","5","1","2.13","9","0",".207",".340",".249",".255",".246",".134",".340",".298","88.6","18.1",5.3,74.7,25.7,39.1,54.1,45.9,80,148,50.3,379,79.2,7,51,343,360,754,74.3,72,280,49.7,375,46.4,350,35.5,56.8,37.1,31.1,22.7,9.1
"Gose, Anthony",543238,2022,"22","21.0",15,4,28,14,30.4,15.2,".197",".434",".326","0.760","0.237","11","0","1","3","0","4.71","0","0",".203",".489",".329",".347",".331",".287",".446",".314","92.9","23.4",22.4,66.5,22.8,24.5,60,40,30,50,52.4,204,83.3,6.2,1,252,136,389,77.2,28,123,47.6,185,39.1,152,33.5,44.5,26.5,36.7,26.5,10.2
"Anderson, Chase",502624,2022,"9","24.0",17,3,23,15,22.3,14.6,".205",".361",".340","0.701","0.156","17","0","0","2","4","6.38","0","7",".195",".313",".316",".308",".342",".118",".311",".278","84.2","9.3",6.5,65.2,18.6,30.5,27.8,72.2,25,90,59.8,295,78.1,6.5,140,273,57,493,81.4,24,129,40.2,198,42.8,211,22.4,44.4,54.8,21,17.7,6.5
"Faedo, Alex",656412,2022,"12","53.2",63,7,44,25,18,10.2,".293",".465",".365","0.830","0.172","33","0","0","1","5","5.53","0","12",".279",".494",".361",".369",".358",".215",".414",".352","91.1","19.1",9.8,68,15.8,24.2,47.9,52.1,56,117,49.9,483,78.5,8.2,126,503,338,967,84.2,52,329,50.1,484,41.3,399,24.2,46.1,31.6,31.6,30.5,6.3
"Taylor, Blake",642130,2022,"19","16.0",15,1,9,9,12.2,12.2,".234",".313",".338","0.651","0.079","7","0","0","1","1","3.94","4","0",".254",".364",".299",".324",".355",".110",".310",".296","86.1","8.2",5.5,71.2,14.6,27.8,30,70,15,50,59,180,88.2,5.6,0,226,79,305,85.4,13,89,41,125,40,122,20.1,45.6,45.5,23.6,27.3,3.6
"Anderson, Tyler",542881,2022,"30","178.2",145,14,138,34,19.5,4.8,".221",".350",".267","0.617","0.129","51","0","0","15","5","2.57","0","28",".226",".368",".271",".281",".273",".143",".321",".285","85","16.9",4.9,68.9,17.5,35.3,38.6,61.4,169,438,48.1,1240,76.5,7.6,815,1729,32,2576,82.5,161,920,51.9,1336,45.4,1170,24.3,52.7,40.9,27.4,21.7,10.1
"Seabold, Connor",657756,2022,"5","18.1",35,5,19,7,19.6,7.2,".402",".724",".464","1.188","0.322","23","0","0","0","4","11.29","0","5",".277",".491",".502",".366",".352",".213",".419",".355","87.3","22.4",10.3,71.1,17.8,26.7,45.8,54.2,22,48,48.6,180,84,6.8,76,197,97,370,82.2,24,135,51.4,190,39.7,147,25.1,49.5,29.4,25,35.3,10.3
"Corbin, Patrick",571578,2022,"31","152.2",210,27,128,49,18,6.9,".321",".513",".374","0.887","0.192","107","0","0","6","19","6.31","0","31",".300",".530",".383",".382",".356",".230",".442",".374","90.8","11.5",11,67.7,12.7,28.5,39.1,60.9,151,386,51.7,1356,84.5,7.4,217,1634,772,2623,87.3,109,858,48.3,1267,42.9,1124,20.9,47.4,45.4,24,25.9,4.7
"Bradley, Archie",605151,2022,"21","18.2",17,1,15,7,19.2,9,".239",".324",".308","0.632","0.085","10","2","2","0","1","4.82","4","0",".225",".398",".279",".298",".296",".173",".337",".287","87.3","4.2",7.1,64,14.6,27.1,33.3,66.7,14,42,50.8,155,78.6,9.2,48,174,83,305,85.4,14,96,49.2,150,38.4,117,20.3,45.2,58.9,21.4,16.1,3.6
"Rodríguez, Joely",570257,2022,"55","50.1",42,3,57,26,26.4,12,".226",".312",".322","0.634","0.086","25","0","0","2","4","4.47","9","0",".226",".329",".288",".296",".324",".103",".347",".326","85.3","5",3.8,52.8,18.4,34.7,43.6,56.4,68,156,53.4,450,41.9,5.1,327,466,49,842,81.6,38,207,46.6,392,41.8,352,29.2,43.1,54.5,17.4,24.2,3.8
"Raley, Brooks",548384,2022,"60","53.2",37,3,61,15,27.9,6.8,".189",".276",".266","0.542","0.087","16","6","3","1","2","2.68","25","0",".211",".315",".247",".272",".287",".104",".329",".306","86.7","12.3",2.2,61.2,16.5,34.4,45.6,54.4,72,158,54.3,459,66.7,6,166,356,0,846,83.5,39,237,45.7,387,40.9,346,28.1,46.7,38.7,24.1,29.9,7.3
"Montero, Rafael",606160,2022,"71","68.1",47,3,73,23,27,8.5,".193",".267",".268","0.535","0.074","18","14","2","5","2","2.37","23","0",".206",".306",".241",".262",".281",".100",".316",".295","86.3","7.9",2.9,65.2,25.8,30.6,32.4,67.6,60,185,55.4,605,75.7,6.4,212,748,133,1093,74.2,82,318,44.6,488,48.5,530,28.2,46,52.9,18,23.3,5.8
"Luetge, Lucas",476595,2022,"50","57.1",63,4,60,17,23.9,6.8,".276",".386",".335","0.721","0.110","17","2","1","4","4","2.67","6","0",".242",".355",".317",".295",".307",".114",".352",".329","85.2","17.6",5.3,65,14.1,30.7,46.9,53.1,83,177,59.4,577,71.1,4.6,0,530,140,971,85.9,36,256,40.6,394,38.5,374,27.5,44.6,35.9,21.8,30.6,11.8
"Peters, Dillon",596071,2022,"22","39.1",35,5,26,17,15.8,10.3,".241",".393",".317","0.710","0.152","20","0","0","5","2","4.58","3","4",".251",".427",".312",".329",".328",".177",".350",".304","88.8","13.8",6.6,63.4,16,30.2,28.3,71.7,28,99,51.7,328,80.8,8.2,153,319,162,634,84,31,194,48.3,306,45.9,291,20.1,46.2,42.6,23.8,28.7,4.9
"Rogers, Taylor",573124,2022,"66","64.1",57,7,84,19,30.7,6.9,".238",".406",".319","0.725","0.168","34","31","10","4","8","4.76","4","0",".231",".400",".315",".315",".316",".169",".413",".355","88.6","12.7",8.8,58.3,20,27.9,56.6,43.4,82,145,47.8,519,65.9,7.6,0,466,0,1085,80,66,330,52.2,566,41,445,31.2,43.8,43.1,27.5,23.8,5.6
"López, Pablo",641154,2022,"32","180.0",157,21,174,53,23.6,7.2,".234",".404",".296","0.700","0.170","75","0","0","10","10","3.75","0","32",".236",".386",".305",".301",".299",".150",".359",".318","87.9","11",9,69.5,20.8,31.4,43.2,56.8,206,477,52.2,1520,83.7,6.3,1029,1646,235,2910,79.2,201,966,47.8,1390,44.4,1291,28.2,49.6,47.1,23.8,23.6,5.6
"Rodriguez, Eduardo",593958,2022,"17","91.0",87,12,72,34,18.4,8.7,".247",".403",".316","0.719","0.156","41","0","0","5","5","4.05","0","17",".246",".408",".317",".318",".315",".163",".352",".308","87.5","12.6",7.1,65.6,14.6,30.2,25,75,58,232,52.3,769,75.9,7.9,238,1171,60,1469,85.4,67,459,47.7,700,43.9,645,18.1,47,44.2,29.3,19.8,6.7
"Hicks, Jordan",663855,2022,"35","61.1",46,5,63,35,24,13.3,".210",".324",".335","0.659","0.114","33","0","1","3","6","4.84","8","8",".210",".332",".302",".306",".335",".123",".324",".292","86.9","1.4",7,61.6,16.2,23.5,43.3,56.7,55,127,51.5,541,70.5,7.4,27,692,4,1051,83.8,51,314,48.5,510,41.6,437,24,42,58.2,19.6,18.4,3.8
"Woodruff, Brandon",605540,2022,"27","153.1",122,18,190,42,30.6,6.8,".215",".366",".274","0.640","0.151","52","0","0","13","4","3.05","0","27",".212",".361",".282",".281",".273",".150",".371",".320","88.8","16.8",7.1,66.9,23.5,31.4,47.8,51.9,188,393,49.4,1253,71.5,9,413,1520,605,2538,76.5,202,860,50.6,1285,44.3,1125,31.1,49.4,38.3,30.2,22.8,8.7
"Ober, Bailey",641927,2022,"11","56.0",48,4,51,11,22.5,4.8,".227",".351",".270","0.621","0.124","20","0","0","2","3","3.21","0","11",".259",".480",".272",".337",".301",".221",".414",".340","90.1","19.5",11.7,72.5,19.3,34.4,44.4,55.6,67,151,51.4,439,81.3,7.5,133,419,302,854,80.7,58,301,48.6,415,43.1,368,27.7,52.9,29.4,31.9,30.1,8.6
"Peralta, Wandy",593974,2022,"56","56.1",42,2,47,17,21.1,7.6,".208",".262",".271","0.533","0.054","17","4","5","3","4","2.72","9","0",".212",".300",".241",".259",".277",".088",".290",".276","85.5","7.6",4.4,76.3,21.3,33.8,54,46,87,161,58.5,477,84.5,7.1,348,340,128,816,78.7,55,258,41.5,338,42.2,344,33.9,51.3,55.7,20.9,15.8,7.6
"Thornburg, Tyler",592804,2022,"14","19.0",16,1,14,11,16.1,12.6,".216",".297",".322","0.619","0.081","7","0","1","0","1","3.32","0","0",".192",".317",".285",".285",".304",".125",".271",".237","88.6","21.3",1.6,64.3,12.9,23.4,37.5,62.5,18,48,56.6,205,94.7,5.2,50,210,102,362,87.1,13,101,43.4,157,41.2,149,20.8,41.2,32.8,34.4,21.3,11.5
"Misiewicz, Anthony",664948,2022,"32","29.0",27,4,27,10,22.3,8.3,".248",".422",".308","0.730","0.174","14","0","0","1","2","4.34","4","0",".228",".452",".312",".317",".295",".224",".384",".306","90.1","16.2",11.9,64.3,15.8,31.9,39.5,60.5,30,76,51.2,238,79.3,6.2,0,305,160,465,84.2,23,146,48.8,227,43.2,201,23.9,47.7,39.3,32.1,23.8,4.8
"Blackburn, Paul",621112,2022,"21","111.1",110,15,89,30,19.1,6.4,".255",".441",".311","0.752","0.186","53","0","0","7","6","4.28","0","21",".257",".408",".326",".315",".313",".151",".361",".324","88.2","9",7,65,15.1,26.5,41.8,58.2,104,249,53.3,939,67.6,6.3,223,1147,310,1762,84.9,81,535,46.7,823,45,793,23.6,44.5,47.5,23.6,23,5.8
"Rucker, Michael",621074,2022,"41","54.2",50,8,50,20,21.8,8.7,".242",".396",".306","0.702","0.154","24","0","0","3","1","3.95","5","0",".228",".389",".308",".301",".296",".161",".349",".301","89.8","13.4",8.2,71.9,17.1,28.8,45.7,54.3,64,140,54.5,486,79.2,5.9,77,431,384,914,82.9,50,292,45.5,406,43.3,386,25.8,48.4,44.7,28.9,17.6,8.8
"Littell, Zack",641793,2022,"39","44.1",48,8,39,13,20.5,6.8,".276",".483",".326","0.809","0.207","25","1","0","3","3","5.08","5","0",".224",".406",".348",".303",".282",".183",".349",".289","88","13.7",8,74,23.9,31.4,36.4,63.6,44,121,50.8,385,86.8,7,93,384,281,758,76.1,66,276,49.2,373,44.9,340,27.7,52.4,43.1,30.7,18.2,8
"Stripling, Ross",548389,2022,"32","134.1",117,12,111,20,20.7,3.7,".229",".354",".259","0.613","0.125","45","1","0","10","4","3.01","0","24",".246",".413",".268",".297",".276",".167",".357",".312","88.9","12.2",9.2,68.8,16,34.5,38.4,61.6,136,354,50.5,1026,79.2,7.8,553,838,642,2033,84,111,693,49.5,1007,46.5,945,23.6,51.5,44.4,24.1,23.6,7.9
"Cortes, Nestor",641482,2022,"28","158.1",108,16,163,38,26.5,6.2,".189",".313",".241","0.554","0.124","43","0","0","12","4","2.44","0","28",".204",".330",".245",".260",".256",".126",".321",".285","87.9","19.2",5.3,69.1,20.1,30.9,34.9,65.1,129,370,48.6,1198,75.8,6.5,108,1891,7,2465,79.9,176,875,51.4,1267,47.2,1163,24.5,50.5,34.2,31.1,23.5,11.2
"Pérez, Cionel",672335,2022,"66","57.2",46,2,55,21,23.5,9,".220",".278",".291","0.569","0.058","9","1","1","7","1","1.40","25","0",".237",".373",".257",".299",".307",".137",".352",".318","89.1","5.1",6.4,66.7,17.9,27.7,50.8,49.2,62,122,48.9,441,80,7.2,0,546,21,901,82.1,55,307,51.1,460,41,369,27.3,47.6,51.6,19.7,25.5,3.2
"Strider, Spencer",675911,2022,"31","131.2",86,7,202,45,38.3,8.5,".180",".264",".254","0.518","0.084","39","0","1","11","5","2.67","2","20",".178",".289",".235",".244",".253",".111",".346",".307","88","14.1",6.1,68.3,26.3,30.9,54.7,45.3,188,344,48.9,1114,77.7,7.9,109,1525,643,2277,73.7,209,794,51.1,1163,41.8,952,34.9,50,40.3,25.9,26.3,7.6
"Springs, Jeffrey",605488,2022,"33","135.1",114,14,144,31,26.2,5.6,".222",".353",".267","0.620","0.131","37","0","0","9","5","2.46","0","25",".229",".375",".272",".285",".275",".147",".360",".319","87.5","14.9",5.9,66.2,23.2,35.4,40.8,59.2,160,392,51.6,1108,69,6.7,745,871,533,2149,76.8,160,689,48.4,1041,45.3,974,29.6,50.3,41.2,26.1,23.7,8.9
"Webb, Logan",657277,2022,"32","192.1",174,11,163,49,20.7,6.2,".240",".346",".293","0.639","0.106","62","0","0","15","9","2.90","0","32",".248",".378",".283",".300",".301",".130",".348",".319","88.9","3.1",5.5,63.9,14.6,30.9,43.6,56.4,204,468,50.4,1515,71.5,6.2,936,1087,0,3006,85.4,139,953,49.6,1491,44.5,1337,24.1,47.3,57.8,15.2,22.9,4.1
"Garcia, Bryan",650530,2022,"4","20.1",14,3,17,10,20.2,11.9,".200",".329",".321","0.650","0.129","8","0","0","2","0","3.54","0","4",".241",".437",".297",".348",".356",".196",".374",".313","88.8","15.2",13,69.6,16.1,19.2,56.7,43.3,17,30,49.2,156,85.7,6.6,85,156,75,317,83.9,18,112,50.8,161,40.4,128,24.6,44.8,42.6,27.8,20.4,9.3
"Gallegos, Giovanny",606149,2022,"57","59.0",42,6,73,18,31.1,7.7,".197",".338",".256","0.594","0.141","20","14","6","3","6","3.05","12","0",".193",".372",".259",".272",".255",".179",".362",".291","89.8","24",9,71.5,21.9,34.3,60,40,105,175,51.6,510,77.8,6.4,49,473,466,988,78.1,75,342,48.4,478,41.2,407,34.8,52.3,28.5,37.5,23.6,10.4
"Snider, Collin",676092,2022,"42","34.1",40,3,22,15,14.6,9.9,".301",".444",".380","0.824","0.143","25","0","2","4","2","6.55","7","0",".301",".484",".363",".376",".380",".184",".402",".360","89.6","6.9",7.1,61.9,11.6,28,38.2,61.8,34,89,54.5,318,66.7,6.7,11,284,288,583,88.4,19,164,45.5,265,41.7,243,20.9,43.4,50.9,20.5,25.9,2.7
"Fedde, Erick",607200,2022,"27","127.0",149,21,94,58,16.4,10.1,".293",".470",".362","0.832","0.177","82","0","0","6","13","5.81","0","27",".284",".465",".362",".360",".357",".181",".395",".348","89.5","13.4",8.1,65.9,13.1,22,33.1,66.9,92,278,52.1,1262,77,6.7,87,1635,698,2420,86.9,100,763,47.9,1158,43,1041,18.4,43,42.8,24,25.9,7.4
"López, Jorge",605347,2022,"67","71.0",53,4,72,31,24.2,10.4,".206",".300",".306","0.606","0.094","20","23","6","4","7","2.54","1","0",".208",".324",".270",".283",".310",".116",".319",".289","87.3","1.7",4.8,63.8,16.2,27.5,46.3,53.7,69,149,46.7,542,64.6,9.7,181,638,342,1161,83.8,64,395,53.3,619,39.1,454,24.4,46.9,58.5,17.6,20.7,3.2
"Ramirez, Noé",598287,2022,"55","50.0",45,9,51,26,23.7,12.1,".245",".451",".346","0.797","0.206","29","0","4","5","4","5.22","11","0",".218",".410",".346",".320",".324",".192",".367",".301","87.8","14.8",8.9,65.1,20.8,30.3,40.6,59.4,54,133,52.4,439,74.6,7.5,259,312,263,837,79.2,54,259,47.6,398,41.9,351,27.6,46.8,40,30.4,23,6.7
"Pineda, Michael",501381,2022,"11","46.2",58,13,26,8,13,4,".304",".576",".330","0.906","0.272","30","0","0","2","7","5.79","0","11",".304",".585",".385",".386",".330",".281",".432",".350","91.8","16",10.2,69.6,9.4,28.9,38.6,61.4,39,101,47.9,350,81.2,9.4,141,433,157,731,90.6,25,265,52.1,381,43.6,319,17.5,50.1,39.2,28.3,25.3,7.2
"Beeks, Jalen",656222,2022,"42","61.0",49,7,70,22,28,8.8,".219",".379",".293","0.672","0.160","19","2","4","2","3","2.80","5","7",".220",".385",".297",".299",".295",".165",".374",".319","86.7","9.6",8.3,68.8,24.9,31.6,43,57,74,172,54.5,544,75.3,7.3,492,496,11,999,75.1,78,313,45.5,455,42.1,421,31.3,48.5,46.2,23.1,23.7,7.1
"Phelps, David",475479,2022,"65","63.2",52,2,64,31,23.5,11.4,".220",".301",".321","0.622","0.081","20","1","1","0","2","2.83","9","1",".232",".356",".286",".310",".331",".125",".347",".318","88.4","16.1",5.2,60.9,12.7,23.7,33.3,66.7,51,153,56,645,68.2,5.7,86,761,304,1151,87.3,39,308,44,506,44.3,510,19.5,40.1,37.6,28.9,27.2,6.4
"Sánchez, Aníbal",434671,2022,"14","69.1",55,13,48,33,16.4,11.3,".217",".415",".316","0.731","0.198","33","0","0","4","6","4.28","0","14",".246",".418",".320",".332",".341",".172",".348",".302","88.5","18.8",7.7,68.6,14.6,26,29.9,70.1,53,177,55.3,681,82.9,6.7,315,778,139,1232,85.4,55,378,44.7,551,42,518,19.5,45,39.1,30.9,21.3,8.7
"Gonzales, Marco",594835,2022,"32","183.0",194,30,103,50,13.2,6.4,".271",".457",".322","0.779","0.186","84","0","0","10","15","4.13","0","32",".264",".445",".337",".331",".318",".181",".354",".308","86.7","14.5",7.2,70.7,14.7,32.8,25.6,74.4,124,484,52,1475,80.6,6,865,1590,381,2838,85.3,141,962,48,1361,47.8,1355,18.3,51,42.9,27.4,22.6,7.1
"Wood, Alex",622072,2022,"26","130.2",132,17,131,30,23.6,5.4,".262",".407",".315","0.722","0.145","74","0","0","8","12","5.10","0","26",".245",".402",".315",".310",".302",".158",".375",".329","88.6","8.5",7.1,65.8,17.7,30.2,41.2,58.8,138,335,49.6,1111,71.6,8.2,416,1019,804,2239,82.3,131,742,50.4,1128,43.9,983,25,48.1,49.2,22.8,23.6,4.5
"Nance, Tommy",667297,2022,"35","43.2",45,5,57,21,29.1,10.7,".265",".418",".359","0.777","0.153","21","0","2","2","3","4.33","2","2",".239",".364",".339",".310",".337",".125",".392",".360","88.5","9.2",4.4,62.2,14.5,24.7,68.5,31.5,63,92,49.7,373,65.1,8.4,0,318,433,751,85.5,34,235,50.3,378,41.9,315,29.7,43.5,47.4,22.8,23.7,6.1
"Lambert, Jimmy",669424,2022,"42","47.0",40,4,45,24,22.1,11.8,".227",".352",".320","0.672","0.125","17","0","1","1","2","3.26","10","2",".196",".319",".301",".277",".294",".123",".292",".260","86.7","17.8",4.5,68.5,19.6,30.4,38.2,61.8,50,131,52.7,431,79.7,8.4,116,364,337,818,80.4,52,265,47.3,387,39.1,320,25.8,48.4,36.6,30.6,23.9,9
"Brigham, Jeff",656257,2022,"16","24.0",22,3,28,10,27.7,9.9,".244",".411",".320","0.731","0.167","9","1","0","0","1","3.38","3","0",".237",".392",".322",".312",".313",".156",".392",".344","89.5","23.4",6.3,64.3,18,30.5,47.8,52.2,32,67,52.5,220,75.6,9.8,0,178,0,419,82,23,128,47.5,199,40.8,171,28.2,46.5,22.2,36.5,33.3,7.9
"Staumont, Josh",622251,2022,"42","37.2",37,3,43,29,24.4,16.5,".261",".423",".383","0.806","0.162","27","3","3","3","3","6.45","5","0",".248",".417",".355",".349",".373",".169",".396",".346","90.2","18.6",5.8,65.8,17.1,24.9,53,47,53,100,54.9,401,83.6,9.2,0,476,255,731,82.9,37,217,45.1,330,43.4,317,28.4,43.4,29.1,31.1,33,6.8
"Minor, Mike",501985,2022,"19","98.0",120,24,76,40,16.7,8.8,".296",".536",".367","0.903","0.240","66","0","0","4","12","6.06","0","19",".253",".437",".385",".331",".329",".184",".359",".309","88.2","19.1",8.4,65.4,13.7,28.4,33.6,66.4,87,259,52.2,913,74,5.7,405,728,617,1750,86.3,75,547,47.8,837,43.9,769,20.1,46.1,34.6,29.2,25,11.1
"Flaherty, Jack",656427,2022,"9","36.0",36,4,33,22,19.8,13.2,".259",".424",".380","0.804","0.165","17","0","0","2","1","4.25","0","8",".244",".417",".358",".350",".367",".173",".371",".320","87.2","11.8",5.6,68.6,18.9,22.1,44.9,55.1,35,78,53.3,353,88,7.6,8,379,275,662,81.1,40,212,46.7,309,40.3,267,25.9,43.8,44.9,23.4,27.1,4.7
"Perdomo, Luis",606131,2022,"14","23.2",24,4,12,3,12.5,3.1,".261",".424",".292","0.716","0.163","10","0","1","3","0","3.80","1","0",".277",".483",".311",".341",".307",".206",".374",".318","89.5","2.2",8.8,71.2,14.9,33.3,39.2,60.8,20,51,53.7,153,88.2,6,46,160,79,285,85.1,14,94,46.3,132,44.2,126,23.4,50.9,61.3,16.3,18.8,3.8
"Castillo, Diego",650895,2022,"59","54.1",40,5,53,22,23.9,9.9,".203",".299",".288","0.587","0.096","22","7","0","7","3","3.64","9","0",".203",".332",".260",".274",".290",".129",".317",".279","86.4","9",7.6,69.9,15.4,28.1,52.9,47.1,64,121,51.3,430,73.2,8.5,0,308,531,843,84.6,44,286,48.7,409,37.8,317,26.5,48.4,46.2,26.2,20.7,6.9
"Varland, Louis",686973,2022,"5","26.0",26,4,21,6,19.8,5.7,".263",".455",".311","0.766","0.192","11","0","0","1","2","3.81","0","5",".271",".449",".329",".331",".320",".178",".392",".344","88.7","14.8",6.4,68.9,15.3,27.3,36,64,18,50,44.5,183,88.4,10.5,60,196,89,411,84.7,24,157,55.5,228,41.6,171,20.3,50.4,38.5,26.9,28.2,6.4
"Castillo, Luis",622491,2022,"25","150.1",118,13,167,45,27.2,7.3,".212",".332",".279","0.611","0.120","50","0","0","8","6","2.99","0","25",".223",".357",".273",".288",".291",".134",".356",".318","89","10.4",6.9,68.4,20.7,29.9,44.6,55.4,164,368,49.2,1232,79.9,8.5,558,1420,528,2506,79.3,180,871,50.8,1274,40.5,1016,27.8,49.4,48,20.8,24.9,6.3
"Snell, Blake",605483,2022,"24","128.0",103,11,171,51,32,9.5,".216",".342",".292","0.634","0.126","48","0","0","8","10","3.38","0","24",".209",".353",".282",".284",".287",".145",".372",".323","90.1","17.1",7.4,68.6,21.9,30.6,53.2,46.8,208,391,54.5,1276,82.4,6.5,118,1300,923,2341,78.1,160,731,45.5,1065,41.8,979,32.8,47.9,37.3,30.5,25.4,6.8
"Quantrill, Cal",615698,2022,"32","186.1",178,21,128,47,16.6,6.1,".254",".389",".307","0.696","0.135","70","0","0","15","5","3.38","0","32",".257",".431",".305",".324",".312",".174",".359",".313","87.6","13.8",7.5,67.9,13.3,32.2,28,72,142,508,54,1576,74,6.7,346,2448,125,2920,86.7,121,913,46,1344,42.7,1247,18.5,48.7,42.4,25.5,23.6,8.5
"Gausman, Kevin",592332,2022,"31","174.2",188,15,205,28,28.3,3.9,".272",".400",".300","0.700","0.128","65","0","0","12","10","3.35","0","31",".241",".391",".304",".288",".272",".149",".384",".342","89","12.2",8.1,72.7,19.8,39.8,46.2,53.8,261,565,51,1419,81.7,6.9,1025,1358,400,2783,80.2,196,991,49,1364,44,1225,29.4,55.9,40.1,26.3,28.1,5.5
"McFarland, T.J.",519008,2022,"28","32.2",42,5,16,11,11,7.6,".323",".492",".382","0.874","0.169","24","0","0","0","0","6.61","2","0",".310",".496",".380",".375",".371",".186",".392",".352","92.5","4.1",7.8,69.3,9.6,26.7,31.4,68.6,22,70,53.8,262,79.4,7,107,306,73,487,90.4,15,156,46.2,225,43.1,210,16.4,46.4,54.3,19,25,1.7
"Chargois, JT",608638,2022,"21","22.1",16,3,17,5,19.8,5.8,".203",".405",".267","0.672","0.202","6","0","0","2","0","2.42","3","3",".180",".327",".293",".255",".247",".146",".275",".230","87.2","2.8",6.5,62.1,14.5,34.4,40.7,59.3,22,54,47,157,77.3,6.6,0,206,128,334,85.5,16,110,53,177,47,157,23.2,49.1,59.7,21,12.9,6.5
"Scott, Tanner",656945,2022,"67","62.2",55,5,90,46,31.1,15.9,".236",".348",".363","0.711","0.112","30","20","7","4","5","4.31","4","0",".224",".335",".321",".319",".359",".111",".389",".361","86.1","7.6",5.4,65.5,25.4,29.1,55.2,44.8,111,201,54.2,690,71.4,6,0,482,791,1273,74.6,97,382,45.8,583,39.8,507,35.7,45.8,46.3,17.4,32.2,4
"Zimmermann, Bruce",669145,2022,"15","73.2",97,21,49,12,15.3,3.8,".321",".613",".348","0.961","0.292","49","0","0","2","5","5.99","1","13",".298",".575",".407",".385",".329",".277",".443",".356","91.1","14",13.2,67.5,14.7,31.4,29.9,70.1,49,164,46.4,523,67.7,8.3,330,443,354,1130,85.3,60,408,53.6,604,47.8,539,19,50.8,40.1,27.6,25.7,6.6
"Mills, Wyatt",670090,2022,"27","29.1",26,1,26,13,20.3,10.2,".243",".355",".346","0.701","0.112","15","0","0","0","1","4.60","4","0",".251",".385",".309",".325",".354",".135",".356",".325","85.2","12.9",4.8,65.4,24.8,30.4,34.6,65.4,27,78,51.1,257,62.9,7,0,313,190,503,75.2,40,161,48.9,246,40.8,205,28,47.5,44,32.1,20.2,3.6
"Davis, Austin",656354,2022,"52","56.0",57,5,64,33,24.2,12.5,".258",".385",".363","0.748","0.127","36","0","1","2","1","5.79","3","3",".239",".384",".333",".333",".350",".145",".382",".336","86.5","16.9",7.4,66.4,19.6,26.6,42.2,57.8,65,154,51.9,580,69.9,8.3,179,510,3,1118,80.4,70,357,48.1,538,42.5,475,26.4,45.7,34.6,29.6,25.9,9.9
"Thornton, Trent",663423,2022,"32","46.0",40,7,37,17,19.6,9,".237",".396",".307","0.703","0.159","21","0","1","0","2","4.11","3","0",".268",".476",".309",".353",".339",".209",".405",".344","90.1","19.2",6.7,64.7,11.9,23.6,47.3,52.7,35,74,47.1,313,72.7,8.3,0,306,106,664,88.1,27,227,52.9,351,39.6,263,20.6,45.3,36.6,23.1,28.4,11.9
"Selman, Sam",572125,2022,"16","18.1",16,4,18,5,24,6.7,".232",".464",".293","0.757","0.232","10","0","1","0","0","4.91","0","0",".222",".433",".328",".311",".284",".211",".375",".300","88","17.2",7.8,67.2,15.2,27.8,40.9,59.1,18,44,53.6,158,94.1,5.8,0,156,139,295,84.8,14,92,46.4,137,45.1,133,23.5,46.1,33.3,39.2,21.6,5.9
"Barlow, Scott",605130,2022,"69","74.1",52,9,77,22,26.6,7.6,".198",".324",".266","0.590","0.126","18","24","4","7","4","2.18","6","0",".200",".350",".261",".272",".269",".150",".330",".282","86.4","11.6",6.9,57.3,16.9,37.2,52,48,128,246,55.3,662,71,5.8,0,291,907,1198,83.1,52,307,44.7,536,42.4,508,32.5,46.2,47.3,27.1,18.6,6.9
"Díaz, Edwin",621242,2022,"61","62.0",34,3,118,18,50.2,7.7,".160",".216",".230","0.446","0.056","9","32","3","3","1","1.31","4","0",".148",".214",".205",".205",".223",".065",".361",".335","85.5","10.4",4.1,66.7,36.4,37.7,73.2,26.8,131,179,51.2,475,77.8,6.8,0,389,539,928,63.6,110,302,48.8,453,40.7,378,50.1,51.8,47.4,24.7,22.7,5.2
"Milone, Tommy",543548,2022,"7","16.2",14,4,5,6,7.2,8.7,".233",".500",".304","0.804","0.267","10","0","0","1","1","5.40","0","0",".283",".498",".340",".361",".348",".215",".352",".298","87.6","23.4",7,65.5,8.3,30.5,25.6,74.4,10,39,53.8,128,91.7,5,92,100,46,238,91.7,6,72,46.2,110,45.8,109,14.4,46.6,28.1,38.6,22.8,10.5
"Suarez, Robert",663158,2022,"45","47.2",29,4,61,21,31.9,11,".176",".285",".284","0.569","0.109","12","1","3","5","1","2.27","11","0",".194",".323",".263",".283",".300",".129",".350",".308","88.4","12.3",8.6,68.5,22.8,27.9,30.6,69.4,34,111,49.7,398,68.9,7.6,168,594,39,801,77.2,63,276,50.3,403,42.1,337,25.1,48.3,43.8,25.7,25.7,4.8
"Espino, Paolo",502179,2022,"42","113.1",131,24,92,24,18.9,4.9,".287",".493",".322","0.815","0.206","61","0","0","0","9","4.84","0","19",".272",".492",".350",".344",".309",".220",".405",".338","89.3","14.4",7.9,63.9,14.6,26.2,37.8,62.2,93,246,50.2,940,75.4,6.7,88,899,487,1873,85.4,87,596,49.8,933,44.2,827,21.4,45,40.4,32,22.8,4.9
"Hand, Brad",543272,2022,"55","45.0",37,2,38,23,19.2,11.6,".223",".319",".335","0.654","0.096","14","5","2","3","2","2.80","13","0",".232",".376",".297",".326",".349",".144",".342",".305","87.2","14.3",5.3,59,14.2,21.9,30,70,27,90,50.4,411,76.8,6.9,0,391,0,817,85.8,34,239,49.6,405,38.5,314,18.5,40.4,42,24.4,26,7.6
"Clevinger, Mike",605182,2022,"23","114.1",102,20,91,35,18.8,7.2,".233",".412",".304","0.716","0.179","55","0","0","7","7","4.33","0","22",".247",".450",".314",".335",".318",".204",".376",".312","88.2","18.8",9.5,67.5,18.4,28.2,39.1,60.9,104,266,49,944,79.4,7.1,181,1282,63,1931,81.6,122,663,51,982,42.8,824,24.3,48.2,36.1,35,21.5,7.4
"Strickland, Hunter",519326,2022,"66","62.1",61,8,60,33,21.1,11.6,".253",".436",".356","0.792","0.183","34","7","4","3","3","4.91","4","0",".251",".457",".346",".355",".356",".207",".399",".331","89.8","17.6",9.8,70.5,18.6,26.3,50,50,75,150,52.7,570,80.4,9,39,623,420,1099,81.4,67,361,47.3,512,41.3,447,28.3,47.3,34.2,29.3,25.5,10.9
"Boxberger, Brad",502202,2022,"70","64.0",52,6,68,27,25.4,10.1,".223",".343",".306","0.649","0.120","21","1","7","4","3","2.95","30","0",".216",".372",".288",".300",".302",".156",".356",".304","86.4","19.1",6.4,61.4,20.8,23.6,34.1,65.9,43,126,48.9,533,71.1,8.3,246,599,245,1090,79.2,71,342,51.1,557,41.8,456,24.4,42.9,36.8,32.2,21.6,9.4
"Smeltzer, Devin",656970,2022,"15","70.1",67,13,40,19,13.9,6.6,".253",".449",".304","0.753","0.196","29","0","1","5","2","3.71","0","12",".250",".458",".326",".328",".302",".208",".354",".294","88.8","16.2",7,62.8,15.2,30.9,25.3,74.7,44,174,50,564,59.3,7.6,290,562,202,1129,84.8,54,355,50,565,42.2,476,18.5,46.9,39.2,30.4,21.6,8.8
"Wright, Kyle",657140,2022,"30","180.1",156,19,174,53,23.6,7.2,".232",".351",".296","0.647","0.119","64","0","0","21","5","3.19","0","30",".243",".395",".288",".309",".307",".152",".369",".328","89","4.4",6.8,66,18.3,29.7,46.7,53.3,177,379,47.3,1276,71.2,8.2,418,1165,1114,2697,81.7,172,938,52.7,1421,42.2,1137,26.5,48.8,55.5,18.4,22.2,4
"Phillips, Evan",623465,2022,"64","63.0",33,2,77,15,33,6.4,".155",".211",".219","0.430","0.056","8","2","2","7","3","1.14","19","0",".173",".279",".197",".234",".240",".105",".309",".275","86.1","15",4.3,62.9,21.8,28.2,49.6,50.4,64,129,49.5,457,74.3,8,0,515,0,923,78.2,64,293,50.5,466,42.8,395,30.3,45.7,46.4,20.3,22.5,10.9
"Faucher, Calvin",676534,2022,"22","21.1",26,4,21,10,20.8,9.9,".289",".444",".366","0.810","0.155","13","1","1","2","3","5.48","2","0",".278",".527",".357",".380",".357",".249",".447",".364","90.7","12.3",13,60.9,16.3,25.5,40.7,59.3,24,59,53.3,231,71.4,8.1,0,179,60,433,83.7,20,123,46.7,202,40,173,24.2,42,40.6,29,27.5,2.9
"Dunn, Justin",643290,2022,"7","31.0",32,11,21,17,15.2,12.3,".276",".629",".380","1.009","0.353","21","0","0","1","3","6.10","0","7",".295",".633",".425",".431",".396",".339",".471",".356","91.4","20.6",16.5,61.6,12.3,23.8,44.9,55.1,31,69,53.7,290,83.8,6.9,27,268,245,540,87.7,19,154,46.3,250,40.7,220,22.4,41.3,30.9,36.1,23.7,9.3
"Finnegan, Kyle",640448,2022,"66","66.2",54,9,70,22,26.1,8.2,".221",".381",".284","0.665","0.160","26","11","4","6","4","3.51","14","0",".219",".373",".288",".285",".282",".154",".352",".305","90.2","8.3",8,69,23.6,26.4,40.3,59.7,52,129,46.3,488,79.8,8.9,94,829,129,1053,76.4,92,390,53.7,565,44.3,467,27.7,49.3,48.9,21,23.9,6.3
"Martin, Corbin",656686,2022,"7","22.1",25,3,21,12,20.8,11.9,".291",".465",".370","0.835","0.174","12","0","0","0","1","4.84","0","2",".297",".546",".362",".396",".379",".248",".468",".386","91.8","10.9",10.3,67.5,19.1,26,42.6,57.4,26,61,54.8,235,92.3,6.1,71,235,123,429,80.9,25,131,45.2,194,40.8,175,26.6,44.8,29.4,29.4,39.7,1.5
"Chapman, Aroldis",547973,2022,"43","36.1",24,4,43,28,26.9,17.5,".188",".320",".333","0.653","0.132","18","9","0","4","4","4.46","1","0",".211",".368",".301",".326",".354",".157",".366",".313","87.5","16.6",6.9,63.9,28.8,22.5,45.8,54.2,38,83,54.3,369,62.3,7.8,101,411,167,679,71.2,57,198,45.7,310,38.1,259,33.8,41.4,35.6,28.7,24.1,11.5
"Duffey, Tyler",608648,2022,"40","44.0",45,8,39,15,21.1,8.1,".268",".470",".330","0.800","0.202","24","2","3","2","4","4.91","9","0",".295",".488",".345",".362",".355",".193",".434",".382","90.2","9.6",8.5,69.2,17.6,29.3,38.8,61.2,47,121,55.7,413,63.5,7,33,379,313,741,82.4,40,227,44.3,328,42.6,316,25,47,45.4,20.8,30,3.8
"Bleier, Richard",542947,2022,"55","50.2",63,3,32,10,14.4,4.5,".301",".459",".335","0.794","0.158","20","1","4","2","2","3.55","7","1",".268",".407",".339",".305",".304",".139",".342",".315","89.6","4.3",4.5,72.9,12.1,32.3,37.6,62.4,41,109,43.9,337,81.9,9.4,54,593,121,768,87.9,38,314,56.1,431,43.6,335,18.7,55.1,54.2,17.9,24.6,3.4
"Minter, A.J.",621345,2022,"75","70.0",49,5,94,15,34.7,5.5,".198",".306",".249","0.555","0.108","16","5","4","5","4","2.06","34","0",".181",".320",".246",".247",".237",".139",".344",".291","88.3","18",8.8,69.9,25.8,33.6,48.1,51.9,91,189,50.6,562,77.3,6.8,201,910,0,1111,74.2,99,384,49.4,549,45.4,504,33.2,51.6,39.6,27,22,11.3
"Brieske, Beau",689225,2022,"15","81.2",73,14,54,25,15.9,7.4,".236",".411",".293","0.704","0.175","38","0","0","3","6","4.19","0","15",".285",".506",".306",".363",".339",".222",".407",".343","89.2","17.2",10.4,74.7,16.5,25.4,22.5,77.5,36,160,49,630,87.3,7.9,285,686,316,1287,83.5,81,491,51,657,46.5,598,18,50.6,37.8,31.3,22.8,8.1
"Wittgren, Nick",621295,2022,"29","29.0",35,1,17,10,12.7,7.5,".299",".419",".368","0.787","0.120","19","1","0","1","0","5.90","4","0",".268",".393",".346",".327",".344",".125",".330",".312","89","14.2",1,69.4,14.3,26.5,24.2,75.8,16,66,51.8,249,81.8,6.9,111,318,52,481,85.7,23,161,48.2,232,45.9,221,17.2,47.2,43.7,24.3,26.2,5.8
"Kluber, Corey",446372,2022,"31","164.0",178,20,139,21,20.2,3,".274",".425",".304","0.729","0.151","79","0","0","10","10","4.34","0","31",".261",".434",".316",".316",".294",".173",".377",".331","87.1","18.5",6.9,66.2,15.2,35.7,40.7,59.3,175,430,49.1,1205,75.3,7.9,252,1533,669,2454,84.8,126,827,50.9,1249,44.3,1086,23.9,51.2,36.8,27,25.4,10.8
"Sewald, Paul",623149,2022,"65","64.0",32,10,72,18,29.6,7.4,".146",".301",".223","0.524","0.155","19","20","5","5","4","2.67","8","0",".187",".328",".228",".255",".260",".142",".326",".277","86.3","20.6",9.4,70.8,28.5,25.9,50.4,49.6,61,121,48,468,83.3,8,0,501,0,974,71.5,102,358,52,506,43,419,34,49.2,32.2,32.2,21.5,14.1
"Loáisiga, Jonathan",642528,2022,"50","48.0",43,3,37,19,18.2,9.4,".234",".293",".305","0.598","0.059","22","2","1","2","3","4.13","10","0",".248",".337",".271",".294",".318",".090",".320",".310","83.9","3.3",2,67.6,17.6,37.8,36.6,63.4,60,164,57,434,80.4,6,114,493,154,761,82.4,39,221,43,327,44.4,338,25.7,50.6,59.9,14.3,19.7,6.1
"Houser, Adrian",605288,2022,"22","102.2",103,8,69,46,15.2,10.1,".258",".388",".333","0.721","0.130","54","0","0","6","10","4.73","0","21",".270",".435",".317",".345",".348",".165",".367",".326","88.7","10.3",5.6,64.6,12.6,25.9,25.9,74.1,69,266,55.5,1026,73,4.8,174,1210,464,1848,87.4,67,531,44.5,822,46,850,17.1,43.1,47.5,19.3,26.1,7.1
"May, Trevor",543507,2022,"26","25.0",27,4,30,9,27,8.1,".265",".431",".324","0.755","0.166","14","1","0","2","0","5.04","6","0",".225",".408",".331",".303",".288",".183",".381",".319","89.4","19.5",9.7,66.7,23.4,22.6,50.9,49.1,27,53,50.3,234,73,8,98,244,123,465,76.6,36,154,49.7,231,41.9,195,30.4,44.5,29.2,30.6,29.2,11.1
"Harvey, Hunter",640451,2022,"38","39.1",33,1,45,12,28.7,7.6,".234",".333",".287","0.620","0.099","11","0","1","2","1","2.52","6","0",".204",".320",".272",".263",".265",".116",".330",".296","90.4","14.5",5,67.2,19.1,29.4,49.5,50.5,45,91,46.9,310,75.9,8.2,99,515,47,661,80.9,45,236,53.1,351,47,311,27.5,49.5,39,34,22,5
"Sulser, Beau",676641,2022,"10","22.1",24,3,19,9,19.2,9.1,".273",".500",".343","0.843","0.227","9","0","0","0","0","3.63","0","0",".211",".370",".355",".286",".291",".158",".317",".269","86.6","9",5.7,70.8,16,32.8,30.2,69.8,19,63,53.3,192,70,8.3,114,216,30,360,84,19,119,46.7,168,46.7,168,20.9,50.6,47.1,21.4,20,11.4
"Plesac, Zach",668676,2022,"25","131.2",136,19,100,38,17.6,6.7,".260",".426",".315","0.741","0.166","63","0","0","3","12","4.31","0","24",".275",".490",".324",".354",".330",".215",".403",".340","89.5","13",9.6,72.5,15.8,31.3,36,64,123,342,50.9,1094,86.9,7.1,468,936,746,2153,84.2,121,766,49.1,1056,43.6,938,22,51.5,40.7,26.8,26.4,6.1
"Lauer, Eric",641778,2022,"29","158.2",135,27,157,59,23.8,8.9,".228",".410",".298","0.708","0.182","65","0","0","11","7","3.69","0","29",".240",".415",".310",".318",".311",".175",".380",".327","88.8","17.7",8,65.5,19.6,26.9,35.8,64.2,126,352,48.9,1309,77.3,8.7,82,1726,868,2676,80.4,176,896,51.1,1367,43.5,1165,24.2,46.6,34.9,31.9,24.4,8.9
"Elder, Bryce",693821,2022,"10","54.0",44,4,47,23,20.7,10.1,".222",".333",".310","0.643","0.111","19","0","0","2","4","3.17","0","9",".243",".403",".288",".323",".330",".160",".362",".318","88.2","8.8",5.8,66.1,12.4,29.5,43.2,56.8,63,146,56.7,495,78.9,6.5,105,533,235,873,87.6,31,250,43.3,378,43.4,379,23.7,45.4,50,22.1,21.4,6.5
"Oller, Adam",670124,2022,"19","74.1",82,17,46,39,13.6,11.6,".280",".549",".366","0.915","0.269","52","0","0","2","8","6.30","1","14",".259",".502",".392",".370",".351",".243",".385",".309","90.2","19.2",10,74.7,14.5,25.3,38.7,60.7,67,173,52.9,685,88,6.4,161,878,236,1294,85.5,66,455,47.1,609,41.4,536,21.2,48.5,33.7,36.1,20.5,9.6
"Herget, Jimmy",623474,2022,"49","69.0",48,4,63,15,23.7,5.6,".196",".314",".250","0.564","0.118","19","9","3","2","1","2.48","6","1",".213",".348",".245",".266",".267",".135",".323",".287","88.1","15",6.5,63.9,15.3,29.7,46.9,53.1,69,147,49.7,495,71.3,9.4,74,313,608,996,84.7,49,320,50.3,501,39.2,390,25.3,46.9,42.7,23.2,25.4,8.6
"Bubic, Kris",663460,2022,"28","129.0",156,18,110,63,18.7,10.7,".306",".475",".381","0.856","0.169","80","0","0","3","13","5.58","0","27",".286",".474",".371",".367",".366",".188",".413",".361","90","10.7",7.8,69.1,16,23.9,37.1,62.9,98,264,48.9,1105,77.4,8.8,628,1143,491,2262,84,128,799,51.1,1157,43.8,990,21.3,47,42.2,24.6,29,4.1
"Kinley, Tyler",641755,2022,"25","24.0",21,0,27,6,27,6,".226",".280",".280","0.560","0.054","2","0","0","1","1","0.75","10","0",".207",".312",".253",".257",".263",".105",".316",".292","88.8","13.6",1.5,74.9,24.7,30.6,52.7,47.3,29,55,48,180,85.7,7.5,2,177,196,376,75.3,36,146,52,195,42.9,161,32.3,53.5,39.4,24.2,30.3,6.1
"Santillan, Tony",663574,2022,"21","19.2",23,1,21,12,21.9,12.5,".299",".429",".411","0.840","0.130","12","4","3","0","1","5.49","6","0",".251",".358",".368",".328",".373",".107",".351",".335","89.7","17.9",3.4,65.5,18.8,20,58.5,41.5,24,41,50.2,205,88,6.1,0,202,128,408,81.2,25,133,49.8,203,42.2,172,28.2,42.6,32.2,23.7,37.3,6.8
"Keller, Mitch",656605,2022,"31","159.0",162,14,138,60,20.1,8.7,".266",".388",".342","0.730","0.122","69","0","0","5","12","3.91","0","29",".249",".394",".323",".319",".328",".145",".356",".321","87.9","7.8",7.1,65.2,14.7,26,38.7,61.3,134,346,49.9,1329,69.7,7.1,173,1478,579,2661,85.3,128,868,50.1,1332,43.1,1148,21.6,45.6,49.9,19.3,25.8,5
"Estévez, Carlos",608032,2022,"62","57.0",44,7,54,23,23,9.8,".211",".373",".289","0.662","0.162","22","2","4","4","4","3.47","13","0",".237",".417",".290",".318",".315",".180",".374",".319","89.6","17.6",7.6,76.8,21.3,24.4,24.4,75.6,31,127,50.9,520,82.9,6.9,148,721,152,1021,78.7,82,385,49.1,501,41.5,424,22.1,50.1,36.3,28.7,27.4,7.6
"Jiménez, Dany",666204,2022,"34","34.1",23,2,34,18,23.4,12.4,".183",".254",".283","0.537","0.071","13","11","3","3","4","3.41","4","0",".195",".313",".237",".263",".294",".118",".295",".264","89.4","16.2",4.3,60.4,18.6,27.1,64.2,35.8,52,81,55.5,299,61.7,8.7,0,207,332,539,81.4,27,145,44.5,240,35.1,189,35,41.9,43,29,17.2,10.8
"McGee, Jake",459429,2022,"42","37.0",41,6,25,12,15.3,7.4,".275",".483",".327","0.810","0.208","28","3","4","1","3","6.81","4","0",".255",".506",".346",".348",".312",".251",".388",".308","90.2","22.6",11.9,75.7,16.4,24.7,30,70,21,70,45,283,84.1,7,0,521,108,629,83.6,43,262,55,346,44.4,279,19.3,52.8,28.6,38.1,22.2,11.1
"Price, David",456034,2022,"40","40.1",38,6,37,9,22.2,5.4,".242",".420",".283","0.703","0.178","11","2","2","2","0","2.45","4","0",".251",".423",".301",".305",".292",".173",".378",".329","89.5","6.9",7.4,68.3,14.2,22.4,36.8,63.2,21,57,42.8,255,81.1,8.9,64,507,25,596,85.8,33,233,57.2,341,40.6,242,18.6,48.7,56.2,24,17.4,2.5
"Bradish, Kyle",680694,2022,"23","117.2",119,17,111,46,21.8,9,".265",".419",".340","0.759","0.154","64","0","0","4","7","4.90","0","23",".252",".421",".334",".333",".331",".169",".385",".334","89.9","8.7",7.8,66.6,13.6,25.2,48.8,51.2,126,258,51.3,1022,81.2,8.5,170,973,850,1993,86.4,88,647,48.7,971,40.2,801,23.6,45.4,45.9,25.9,23.8,4.4
"Kikuchi, Yusei",579328,2022,"32","100.2",93,23,124,58,27.3,12.8,".243",".493",".353","0.846","0.250","58","1","1","6","7","5.19","0","20",".248",".481",".367",".366",".360",".234",".456",".367","91.6","10",14.8,68.6,24.1,27.7,47,53,124,264,51.7,952,75,7.2,247,1031,565,1843,75.9,147,611,48.3,891,41.8,771,31,47.5,44.5,24,25.9,5.7
"Effross, Scott",664123,2022,"60","56.2",45,3,62,15,27.1,6.6,".214",".295",".269","0.564","0.081","16","4","2","1","4","2.54","16","1",".203",".316",".247",".252",".260",".113",".318",".289","87.3","8.7",4,61.3,18.9,33.8,32.6,67.4,46,141,51.2,417,64.9,9.1,120,367,1,815,81.1,46,244,48.8,398,40.4,329,23.9,47.2,45.3,24.7,22,8
"Koenig, Jared",657649,2022,"10","39.1",40,4,22,15,12.4,8.5,".260",".416",".341","0.757","0.156","25","0","0","1","3","5.72","0","5",".270",".438",".333",".350",".354",".168",".356",".316","90.4","12.3",5.2,67.6,8.4,22.7,34.2,65.8,26,76,51.3,335,78.7,7.2,88,321,244,653,91.6,18,215,48.7,318,42.6,278,15.1,44.6,49.6,21.5,22.2,6.7
"Alexander, Tyler",641302,2022,"27","101.0",108,18,61,25,14.3,5.9,".275",".473",".315","0.788","0.198","54","0","0","4","11","4.81","1","17",".277",".509",".337",".357",".323",".232",".397",".329","88.9","16.9",11.2,70.8,13.6,29.7,25.9,74.1,60,232,49,780,78.2,6.9,294,1125,15,1591,86.4,78,574,51,811,45.9,731,17.1,50.7,37.4,27.9,25,9.7
"Fulmer, Michael",605242,2022,"67","63.2",59,4,61,28,22.1,10.1,".247",".364",".333","0.697","0.117","24","3","4","5","6","3.39","25","0",".239",".382",".302",".312",".331",".143",".360",".321","88.3","16.8",4.4,68.4,18.8,27.3,49.7,50.3,77,155,54.5,568,76.1,6.4,63,958,22,1043,81.2,61,325,45.5,475,39.8,415,28.7,46,35.2,27.5,28.6,8.8
"Fried, Max",608331,2022,"30","185.1",156,12,170,32,23.2,4.4,".225",".319",".262","0.581","0.094","51","0","0","14","7","2.48","0","30",".226",".338",".255",".266",".265",".112",".326",".301","86.2","7.6",4,67.9,16.1,34.1,43.2,56.8,224,518,53.9,1518,73.7,6.4,397,1292,1125,2818,83.9,142,882,46.1,1299,43.9,1236,26.1,49.7,51.2,21.6,22.4,4.7
"Morejon, Adrian",670970,2022,"26","34.0",31,4,28,9,19.9,6.4,".238",".362",".291","0.653","0.124","16","0","0","5","1","4.24","5","0",".239",".434",".285",".313",".293",".195",".366",".305","90","19.2",8.7,75,19.2,29.4,38.4,61.6,28,73,45.9,248,91.5,8.7,0,373,140,540,80.8,42,219,54.1,292,45.9,248,24,54.1,34,36.9,22.3,6.8
"Sandlin, Nick",680704,2022,"46","44.0",27,2,41,24,22.8,13.3,".176",".248",".300","0.548","0.072","11","0","3","5","2","2.25","7","0",".211",".309",".253",".288",".330",".098",".307",".289","86.5","8",4.5,69.1,19.7,27,44,56,48,109,54.5,403,73.8,5.7,57,352,331,740,80.3,46,233,45.5,337,43.6,323,27.5,46.2,56.3,19.6,16.1,8
"Crismatt, Nabil",622503,2022,"50","67.1",57,5,65,22,23.2,7.9,".226",".361",".289","0.650","0.135","22","0","4","5","2","2.94","5","1",".234",".361",".285",".294",".301",".127",".346",".316","87.7","7.8",5.2,63.6,17,32.7,43.6,56.4,79,181,52.2,554,75.3,6.9,532,308,221,1062,83,55,323,47.8,508,43.8,465,26.6,47.5,50.3,18.8,26.7,4.2
"Gonsolin, Tony",664062,2022,"24","130.1",79,11,119,35,23.9,7,".172",".299",".237","0.536","0.127","31","0","0","16","1","2.14","0","24",".218",".351",".238",".278",".279",".133",".329",".294","89","13.8",5.6,69.7,17.8,30.1,48.7,51.3,149,306,50.5,1017,73.7,8.5,555,789,671,2015,82.2,124,696,49.5,998,42.6,858,27.2,49.7,43.2,26.5,23.8,6.5
"Otto Jr., Glenn",657248,2022,"27","135.2",119,21,107,62,18.2,10.6,".236",".402",".332","0.734","0.166","70","0","0","7","10","4.64","0","27",".245",".438",".325",".345",".343",".193",".372",".312","89","13.2",8.9,66.7,12.7,26.4,46,54,145,315,53.4,1191,78,7.9,168,1114,334,2229,87.3,88,692,46.6,1038,39.2,874,23.1,45.2,43.6,24,24.5,7.9
"Poppen, Sean",664092,2022,"29","28.2",27,5,22,12,18.3,10,".265",".490",".336","0.826","0.225","14","0","1","2","2","4.40","4","0",".219",".373",".342",".295",".305",".154",".326",".277","89.1","16.6",7.1,60.6,10.3,21.2,35.7,64.3,15,42,45.1,198,62.8,9.8,15,275,149,439,89.7,15,146,54.9,241,36.2,159,16,42.8,37.6,30.6,24.7,7.1
"Coleman, Dylan",669395,2022,"68","68.0",47,5,71,37,24.6,12.8,".194",".306",".311","0.617","0.112","21","0","3","5","2","2.78","16","0",".210",".351",".282",".305",".326",".141",".335",".292","86.4","12.5",6.9,64.5,24.3,26.9,45.7,54.3,79,173,53.4,644,67.6,6.1,0,693,161,1205,75.7,88,362,46.6,561,39.8,480,31.2,44.4,42.3,22.9,26.9,8
"Gray, Josiah",680686,2022,"28","148.2",136,38,154,66,23.7,10.2,".239",".489",".324","0.813","0.250","83","0","0","7","10","5.02","0","28",".218",".435",".350",".324",".308",".217",".379",".299","87.4","19.7",10.7,64.8,19,27.5,43.3,56.7,166,383,53.7,1394,75.3,6.7,72,1127,1397,2597,81,148,780,46.3,1203,41.8,1085,27,44.8,34,33.6,21.7,10.7
"Pepiot, Ryan",686752,2022,"9","36.1",26,6,42,27,26.3,16.9,".200",".369",".350","0.719","0.169","14","0","0","3","0","3.47","0","7",".192",".366",".327",".322",".344",".174",".349",".284","89","24.2",10.2,62.9,24.8,26.4,35.5,64.5,39,110,56.4,416,72.3,6.4,189,414,134,737,75.2,50,202,43.6,321,38.8,286,28.5,42.3,27.3,38.6,21.6,12.5
"Beasley, Jeremy",676886,2022,"9","15.0",14,4,19,5,29.7,7.8,".250",".518",".328","0.846","0.268","8","0","0","0","0","4.80","1","0",".176",".376",".361",".280",".264",".200",".343",".260","91.1","21.4",13.2,73.6,24.2,29.6,40.5,59.5,17,42,52.4,142,77.3,8.1,29,166,76,271,75.8,23,95,47.6,129,42.1,114,29.2,50.6,28.9,44.7,21.1,5.3
"Kennedy, Ian",453178,2022,"57","50.1",57,11,44,22,19,9.5,".278",".502",".346","0.848","0.224","30","10","6","4","7","5.36","10","0",".282",".528",".360",".374",".355",".245",".437",".359","92.2","21.5",12.2,75.6,18.5,23.3,22.2,77.8,22,99,48.9,424,88.9,7.3,93,724,50,867,81.5,62,335,51.1,443,46.4,402,19.4,50.1,24.4,32.9,34.1,8.5
"Wheeler, Zack",554430,2022,"26","153.0",125,13,163,34,26.9,5.6,".221",".352",".273","0.625","0.131","48","0","0","12","7","2.82","0","26",".223",".354",".275",".277",".275",".132",".348",".313","85.9","11.4",7.7,68,18.8,32.8,38.4,61.6,148,385,49.8,1174,78.4,6.9,42,2035,281,2358,81.2,151,805,50.2,1184,43.8,1032,25.1,50.5,46.4,23.8,24.3,5.5
"Suárez, Ranger",624133,2022,"29","155.1",149,15,129,58,19.5,8.8,".249",".396",".317","0.713","0.147","63","0","0","10","7","3.65","0","29",".239",".380",".314",".305",".309",".141",".340",".305","87.5","5.1",6.8,66.2,14.4,27.4,36.4,63.6,136,374,53.3,1366,79.5,5.9,548,1724,292,2564,85.6,114,793,46.7,1198,43.8,1124,21.4,45.5,56,18.4,21.6,4
"Law, Derek",571882,2022,"17","19.2",23,3,17,8,18.5,8.7,".291",".468",".363","0.831","0.177","9","0","1","2","3","4.12","3","0",".267",".417",".360",".336",".343",".150",".368",".332","84.7","7.6",9.2,61.2,15.1,34,36.8,63.2,25,68,56.8,200,68.4,5.4,10,259,83,352,84.9,14,93,43.2,152,51.7,182,24.2,45.7,49.2,20,24.6,6.2
"Loup, Aaron",571901,2022,"65","58.2",54,4,52,22,20,8.5,".235",".348",".323","0.671","0.113","25","1","5","0","5","3.84","19","0",".255",".401",".298",".326",".341",".146",".365",".329","88","6.5",5.6,67.5,16.5,31.8,39.6,60.4,63,159,51.7,500,72.1,6.3,121,819,27,967,83.5,52,315,48.3,467,40.6,393,24.3,49,50.6,21.3,24.2,3.9
"Cisnero, José",542585,2022,"28","25.0",15,0,23,19,21.9,18.1,".176",".212",".333","0.545","0.036","3","0","0","1","0","1.08","5","0",".212",".283",".269",".306",".362",".071",".295",".290","85.7","12.2",0,66.3,23.5,23.8,41.8,58.2,23,55,53.7,231,72,5.8,27,339,64,430,76.5,31,132,46.3,199,45.6,196,28.9,43.5,37.1,27.4,32.3,3.2
"Thielbar, Caleb",573204,2022,"67","59.1",51,5,80,18,32.7,7.3,".226",".332",".282","0.614","0.106","23","1","1","4","3","3.49","18","0",".191",".312",".271",".248",".249",".121",".331",".293","84.9","21.5",6.8,73.2,26.7,33.5,38.9,61.1,61,157,47.1,469,82.6,8.6,10,492,246,996,73.3,103,386,52.9,527,43.6,434,30.2,54.5,30.6,34,25.2,10.2
"Quijada, José",650671,2022,"42","40.2",25,5,52,21,30.8,12.4,".172",".352",".284","0.636","0.180","18","3","2","0","5","3.98","12","0",".166",".335",".275",".268",".280",".169",".330",".258","88.1","22.2",10.6,72.7,27.5,31.3,42.5,57.5,48,113,52.2,361,80,7.2,75,587,29,691,72.5,66,240,47.8,330,44.4,307,32.3,51.1,33,36.2,14.9,16
"Tetreault, Jackson",676194,2022,"4","21.0",23,4,9,10,9.4,10.4,".274",".488",".344","0.832","0.214","12","0","0","2","2","5.14","0","4",".306",".581",".356",".409",".379",".276",".420",".343","92.8","13.9",9.1,69.1,12.4,20.5,35.9,64.1,14,39,52.1,190,73.1,7.1,10,327,28,365,87.6,15,121,47.9,175,44.4,162,18.1,43.8,40.3,27.3,26,6.5
"Poteet, Cody",547001,2022,"12","28.0",23,4,21,11,18.4,9.6,".223",".417",".298","0.715","0.194","12","0","0","0","1","3.86","1","2",".260",".423",".313",".331",".332",".164",".368",".327","91.3","6.9",6.1,71.9,23,29,46.2,53.8,30,65,50,224,75.8,7.4,171,168,108,448,77,37,161,50,224,42.6,191,29.6,50.4,52.4,28,19.5,0
"Yajure, Miguel",664337,2022,"12","24.1",31,3,16,16,13.4,13.4,".307",".495",".412","0.907","0.188","24","1","0","1","1","8.88","0","1",".321",".526",".394",".411",".425",".205",".432",".382","92.3","15.5",7.1,68.1,10.8,28.8,46.8,53.2,36,77,56.7,267,76.7,6.4,91,210,170,471,89.2,15,139,43.3,204,39.5,186,23.6,45.9,43.5,24.7,25.9,5.9
"McCarty, Kirk",668948,2022,"13","37.2",37,11,26,13,16.4,8.2,".259",".517",".321","0.838","0.258","19","0","1","4","3","4.54","0","2",".251",".499",".356",".350",".318",".249",".389",".308","89.5","17",10.9,70.8,21.6,28.7,29.5,70.5,23,78,47.5,272,77.5,7,44,452,77,574,78.4,46,213,52.5,301,43.3,248,23.7,50.7,39.5,29.4,23.5,7.6
"Castano, Daniel",641447,2022,"10","35.2",42,5,20,9,12.8,5.8,".292",".507",".342","0.849","0.215","16","0","0","1","3","4.04","0","7",".280",".432",".366",".334",".331",".153",".357",".325","86.9","11",6.4,69.1,12.9,31.1,29.4,70.6,25,85,47.3,273,78,7.1,74,341,162,577,87.1,27,210,52.7,304,43.7,252,17.6,51.1,48.8,20.8,24,6.4
"Ragans, Cole",666142,2022,"9","40.0",43,6,27,16,15.5,9.2,".272",".456",".339","0.795","0.184","22","0","0","0","3","4.95","0","9",".274",".432",".346",".339",".341",".158",".367",".331","87.5","18.2",6.9,77.5,14.7,29.6,38.1,61.9,45,118,56.5,399,86.8,7.5,235,427,44,706,85.3,35,238,43.5,307,43.1,304,22.5,50.4,37.4,19.8,29,13.7
"Verlander, Justin",434378,2022,"28","175.0",116,12,185,29,27.8,4.4,".186",".270",".227","0.497","0.084","34","0","0","18","4","1.75","0","28",".206",".342",".222",".258",".247",".136",".331",".291","87.8","16.9",6.3,74.2,18.5,32.2,38,62,156,410,48.9,1275,77,7.5,63,1315,1229,2607,81.5,183,989,51.1,1332,46.1,1203,24.2,53.7,38.6,28.5,21.1,11.9
"Sawamura, Hirokazu",617228,2022,"49","50.2",45,4,40,27,18.1,12.2,".238",".339",".326","0.665","0.101","21","0","0","1","1","3.73","3","0",".249",".409",".294",".324",".337",".160",".349",".308","88.9","8.8",7.1,72.1,18.2,28.6,39.7,60.3,52,131,54.7,458,87.9,6.9,314,409,115,838,81.8,50,274,45.3,380,41.9,351,25.2,48.3,50.6,18.2,24,7.1
"Gilbert, Logan",669302,2022,"32","185.2",170,19,174,49,22.7,6.4,".242",".390",".295","0.685","0.148","66","0","0","13","6","3.20","0","32",".253",".421",".299",".318",".308",".169",".384",".337","91","14.6",7.1,73.1,19.8,25.8,37.7,62.3,141,374,48.1,1451,82.5,8.7,241,1667,1107,3015,80.2,226,1144,51.9,1564,41.7,1258,24.2,50.3,37.8,26.4,28.9,6.9
"Rasmussen, Drew",656876,2022,"28","146.0",121,13,125,31,21.4,5.3,".222",".347",".267","0.614","0.125","46","0","0","11","7","2.84","0","28",".238",".389",".270",".295",".283",".152",".350",".309","88.9","10.1",6.6,72.3,17.2,34,42.2,57.8,163,386,50.7,1135,78.1,6.9,0,1613,111,2239,82.8,137,798,49.3,1104,44,986,25.3,52.9,47.5,23.4,22.5,6.6
"Alexander, Jason",669920,2022,"18","71.2",88,12,46,28,14.3,8.7,".312",".514",".374","0.888","0.202","43","0","0","2","3","5.40","0","11",".282",".456",".380",".359",".355",".175",".383",".337","90.1","4.7",8.2,60.8,10.9,28.5,28.2,71.8,51,181,54.7,634,65.4,7,182,709,0,1160,89.1,35,320,45.3,526,42,487,17.2,43.2,52.3,21.4,23.5,2.9
"Rodríguez, Elvin",660730,2022,"7","29.2",42,12,25,15,17.5,10.5,".331",".685",".406","1.091","0.354","35","0","0","0","4","10.62","0","5",".282",".569",".458",".395",".363",".287",".450",".352","92.9","17.8",14.7,65.5,11.4,25.1,30,70,21,70,52.2,279,84.6,7.3,69,288,148,534,88.6,19,167,47.8,255,43.6,233,16.9,44.4,36.3,32.4,22.5,8.8
"May, Dustin",669160,2022,"6","30.0",21,3,29,14,22.8,11,".194",".296",".315","0.611","0.102","15","0","0","2","3","4.50","0","6",".215",".324",".284",".302",".332",".110",".318",".294","86.6","4.7",5.1,67.1,20.4,27.1,52.3,47.7,34,65,50.6,240,79.4,7.2,27,347,4,474,79.6,32,157,49.4,234,41.6,197,29.7,46.8,51.9,19,22.8,6.3
"Baumann, Mike",657508,2022,"13","34.1",43,3,23,9,15.4,6,".314",".445",".362","0.807","0.131","18","0","0","1","3","4.72","1","4",".263",".422",".353",".325",".318",".159",".355",".316","91.8","9.5",7,73.1,11,26.5,32.1,67.9,25,78,50.7,294,80.8,9,26,276,278,580,89,23,209,49.3,286,44.1,256,16.7,49.5,50.4,20.9,20.9,7.8
"Heaney, Andrew",571760,2022,"16","72.2",60,14,110,19,35.5,6.1,".214",".429",".285","0.714","0.215","25","0","0","4","4","3.10","0","14",".202",".392",".311",".291",".274",".190",".414",".333","91.2","17.8",11,66.7,23.8,36.4,57,43,131,230,51.4,632,83.5,7.9,63,769,398,1230,76.2,95,399,48.6,598,46.7,575,35.9,51.1,37.2,31.4,23.8,7.6
"Buehler, Walker",621111,2022,"12","65.0",67,8,58,17,21.2,6.2,".263",".412",".314","0.726","0.149","29","0","0","6","3","4.02","0","12",".257",".436",".318",".324",".309",".180",".386",".334","87.9","7.2",6.6,69.9,14.9,32,43.8,56.2,78,178,53.3,557,77.5,6.8,82,668,176,1046,85.1,51,342,46.7,489,42.6,446,24.8,49.7,48.2,20.3,24.9,6.6
"Williams, Devin",642207,2022,"65","60.2",31,2,96,30,40,12.5,".151",".205",".267","0.472","0.054","13","15","2","6","4","1.93","26","0",".149",".205",".225",".226",".266",".056",".287",".277","84.3","9.4",0.9,65.7,29.8,32.3,58.5,41.5,113,193,56,598,65.2,6.2,620,411,37,1068,70.2,92,309,44,470,44.2,472,40.8,47,50.5,21.6,22.5,5.4
"Garza Jr., Ralph",621248,2022,"19","35.0",38,4,17,16,11.1,10.5,".284",".425",".368","0.793","0.141","13","0","2","2","2","3.34","0","0",".292",".470",".347",".365",".376",".178",".374",".334","87.3","10.4",6.8,65.4,14.9,30.4,32.1,67.9,25,78,50,257,81.6,7.4,97,287,130,514,85.1,25,168,50,257,41.8,215,20.3,47.9,43.2,18.6,28.8,9.3
"Leiter Jr., Mark",643410,2022,"35","67.2",52,10,73,25,25.9,8.9,".210",".375",".298","0.673","0.165","30","3","3","2","7","3.99","4","4",".231",".394",".296",".311",".317",".163",".375",".325","87.2","10.4",6.2,61.3,16.7,30.7,48.9,51.1,91,186,55.8,606,68.9,6.8,246,603,237,1086,83.3,49,294,44.2,480,39,423,29.2,44.2,49.2,22,21.5,7.3
"Cleavinger, Garrett",664076,2022,"17","23.0",14,2,32,7,34.8,7.6,".171",".317",".242","0.559","0.146","10","0","1","1","1","3.91","1","0",".210",".362",".247",".284",".279",".152",".400",".343","88.2","15.2",7.7,57.1,16.5,33.3,54.2,45.8,32,59,51,177,61.9,6.1,0,188,159,347,83.5,16,97,49,170,43.5,151,30.8,45,40.4,26.9,23.1,9.6
"Valdez, Phillips",570488,2022,"13","16.1",12,0,13,7,18.1,9.7,".207",".241",".347","0.588","0.034","8","0","0","0","1","4.41","0","0",".215",".322",".285",".315",".354",".107",".294",".272","87.4","8.3",4.3,55.9,20,22.2,31.3,68.8,10,32,50.2,144,80,3.5,132,129,26,287,80,16,80,49.8,143,44.6,128,23.2,39,56.5,17.4,17.4,8.7
"Farmer, Buck",571656,2022,"44","47.0",36,2,54,25,27.1,12.6,".211",".298",".313","0.611","0.087","20","2","1","2","2","3.83","5","0",".209",".325",".280",".290",".314",".116",".336",".307","88.2","14.4",5,67.1,24.3,29.5,43.8,56.3,63,144,58.2,488,87.8,5.8,201,374,263,855,75.7,57,235,41.8,350,43.3,363,31.2,45.4,43.7,20.2,24.4,11.8
"Crowe, Wil",640444,2022,"60","76.0",68,8,68,38,20.5,11.4,".235",".356",".329","0.685","0.121","37","4","6","6","10","4.38","16","1",".247",".374",".308",".319",".340",".127",".347",".322","87.6","10",4.9,66,17.4,29.8,44.3,55.7,104,235,57.1,788,72.7,5.6,388,519,471,1380,82.6,68,391,42.9,592,42.3,584,27.5,45.4,51.1,22.9,21.5,4.5
"Marte, Yunior",628708,2022,"39","48.0",47,5,44,22,20.6,10.3,".255",".391",".350","0.741","0.136","29","0","1","1","1","5.44","2","0",".235",".331",".330",".303",".334",".096",".319",".307","86.8","9.5",3.5,66.8,17.7,31.6,42.1,57.9,61,145,53.6,459,83.3,6.3,1,530,325,856,82.3,47,265,46.4,397,43.6,373,26.3,47.9,50,20.4,24.6,4.9
"King, John",667463,2022,"39","51.1",61,5,30,14,13.5,6.3,".298",".410",".344","0.754","0.112","23","0","5","1","4","4.03","8","0",".278",".420",".326",".321",".326",".142",".351",".324","90.7","0.2",6.2,69,15.2,30.4,30.4,69.6,35,115,50.5,378,79.2,6.4,185,448,40,749,84.8,39,256,49.5,371,43.9,329,19.9,49.5,64.4,13.6,20.3,1.7
"Barnes, Jacob",606930,2022,"23","22.1",23,3,12,9,12.4,9.3,".271",".471",".354","0.825","0.200","14","0","1","3","1","5.64","2","0",".260",".452",".360",".347",".345",".192",".352",".303","90","6.6",6.8,76.1,12.1,26.3,42.3,57.7,22,52,54.8,198,87,6.4,0,326,35,361,87.9,15,124,45.2,163,45.2,163,21,48.8,51.4,21.6,23,4.1
"Stout, Eric",657770,2022,"20","22.1",25,2,25,16,22.7,14.5,".275",".440",".400","0.840","0.165","14","1","1","0","0","5.64","1","0",".224",".393",".370",".334",".358",".169",".362",".309","90.6","21.6",9.1,64.1,18.9,24.2,44.3,55.7,27,61,56,252,71.9,7.1,55,157,25,450,81.1,24,127,44,198,41.8,188,27.1,41.8,34.8,34.8,18.2,12.1
"Patiño, Luis",672715,2022,"6","20.0",26,6,11,13,11.2,13.3,".313",".602",".408","1.010","0.289","18","0","0","1","2","8.10","0","6",".252",".443",".426",".346",".356",".192",".337",".286","88.7","17",9.6,70.9,14.4,28.1,37,63,20,54,49.5,192,67.6,8.8,50,222,116,388,85.6,20,139,50.5,196,44.3,172,20.7,49.7,38.4,35.6,16.4,9.6
"Scherzer, Max",453286,2022,"23","145.1",108,13,173,24,30.6,4.2,".207",".319",".254","0.573","0.112","37","0","0","11","5","2.29","0","23",".201",".352",".254",".268",".252",".151",".357",".301","87.8","21.3",8.4,70,21,34,50.7,49.3,185,365,49.5,1072,78.5,7.9,272,1181,714,2167,79,161,767,50.5,1095,42.4,918,30.6,52.2,33.1,30.8,22.7,13.4
"Cishek, Steve",518553,2022,"69","66.1",54,11,74,27,25.8,9.4,".223",".380",".329","0.709","0.157","31","1","2","1","4","4.21","6","0",".230",".401",".316",".330",".338",".171",".389",".330","87.3","15",8.7,60.8,16.1,26.7,46.4,53.6,77,166,52.9,622,65.4,6.6,5,734,436,1175,83.9,54,336,47.1,553,40.9,480,26.1,42.7,42.8,26,24.9,6.4
"Smith, Joe",501925,2022,"34","27.1",33,7,17,9,13.9,7.4,".297",".541",".352","0.893","0.244","14","0","2","1","1","4.61","14","0",".273",".503",".380",".355",".330",".230",".386",".319","89.3","4",10.5,68,13.2,32,27.4,72.6,20,73,50.7,228,78.1,7.1,0,327,123,450,86.8,20,151,49.3,222,43.8,197,17.9,49.8,56.8,20,18.9,4.2
"Long, Sam",669674,2022,"28","42.1",39,8,33,14,18.2,7.7,".238",".470",".300","0.770","0.232","17","1","0","1","3","3.61","0","6",".253",".438",".329",".325",".315",".184",".367",".316","88.6","15.5",6.8,65.8,21.3,24.5,37.6,62.4,32,85,47,347,78.5,8.8,216,325,198,739,78.7,55,258,53,392,40.2,297,25.4,46.4,39.8,33.1,20.3,6.8
"Kittredge, Andrew",552640,2022,"17","20.0",15,4,14,2,18.7,2.7,".205",".411",".227","0.638","0.206","7","5","3","3","1","3.15","0","0",".212",".398",".274",".271",".233",".185",".321",".263","88.4","11.5",8.5,72.5,10.1,42.7,49.1,50.9,26,53,53.2,124,60,6.4,0,138,95,233,89.9,8,79,46.8,109,41.2,96,25.8,56.7,45.8,32.2,15.3,6.8
"Urquidy, José",664353,2022,"29","164.1",154,29,134,38,19.7,5.6,".244",".438",".292","0.730","0.194","72","0","0","13","8","3.94","0","28",".255",".465",".316",".333",".305",".210",".389",".324","89.7","17.2",9.4,72.2,16.9,30,36.5,63.5,138,378,47.8,1261,77.2,7.7,392,1520,371,2640,83.1,168,995,52.2,1379,43,1134,22.3,52,36.7,30.9,24.5,8
"Pivetta, Nick",601713,2022,"33","179.2",175,27,175,73,22.6,9.4,".253",".425",".327","0.752","0.172","91","0","0","10","12","4.56","0","33",".246",".451",".330",".336",".322",".205",".396",".329","90.7","15.2",9,68.3,17.5,25.8,40.4,59.6,157,389,48.8,1505,76.8,8.4,70,2093,919,3082,82.5,188,1077,51.2,1577,42.8,1320,23.5,47.6,38.5,27.3,25.4,8.8
"Thompson, Zack",668868,2022,"22","34.2",20,3,27,14,19.9,10.3,".164",".262",".250","0.512","0.098","8","1","0","1","1","2.08","1","1",".230",".361",".235",".300",".310",".131",".329",".296","87","5.4",6.3,65.6,13.5,22.9,32.2,67.8,19,59,44.9,258,79.2,9.2,48,312,215,575,86.5,28,208,55.1,317,44.7,257,17.6,46.4,54.7,22.1,20,3.2
"Chavez, Jesse",445926,2022,"60","69.1",71,8,74,20,25.3,6.8,".264",".431",".316","0.747","0.167","29","0","5","4","3","3.76","10","1",".264",".434",".325",".327",".317",".171",".412",".364","90.1","13.4",8.1,62.4,20.4,29.8,33.3,66.7,61,183,51.1,614,77.9,6.4,155,1026,20,1202,79.6,75,367,48.9,588,45.3,544,24.7,45.8,39.6,25.4,27.9,7.1
"Helsley, Ryan",664854,2022,"54","64.2",28,6,94,20,39.3,8.4,".128",".237",".201","0.438","0.109","9","19","4","9","1","1.25","7","0",".152",".289",".198",".227",".223",".137",".327",".266","88.8","22.2",8.8,71.2,25.6,34.2,64.2,35.8,104,162,49.2,473,72.2,8.2,6,548,408,962,74.4,89,348,50.8,489,42.5,409,37.8,53,34.4,32,18.4,15.2
"Detwiler, Ross",446321,2022,"30","26.1",31,5,28,10,23,8.2,".287",".491",".361","0.852","0.204","13","1","0","0","2","4.44","1","0",".274",".455",".364",".351",".356",".180",".426",".375","89.9","13.4",8.6,67.9,20.7,25.7,29.8,70.2,17,57,47.1,222,73.7,8.1,13,442,16,471,79.3,35,169,52.9,249,44.6,210,23,48,39.5,22.2,30.9,7.4
"Abreu, Bryan",650556,2022,"55","60.1",45,2,88,26,35.5,10.5,".207",".267",".302","0.569","0.060","13","2","0","4","0","1.94","8","0",".196",".276",".264",".270",".296",".080",".355",".335","86.6","12.8",3.8,71.9,24.6,31,65.9,34.1,116,176,55.6,567,77.1,8.1,3,463,553,1019,75.4,80,325,44.4,452,41.6,424,39.1,49.2,47.7,17.7,23.1,11.5
"Abreu, Albert",656061,2022,"33","38.2",35,5,38,22,22.1,12.8,".243",".382",".351","0.733","0.139","14","0","1","2","2","3.26","1","0",".236",".396",".328",".333",".348",".160",".368",".320","87.6","2.9",5.5,64.5,17.3,24.8,46,54,46,100,57,403,68.1,6.6,71,429,207,707,82.7,34,196,43,304,39,276,27,41.9,53.2,18.3,25.7,2.8
"Martin, Davis",663436,2022,"14","63.1",63,8,48,19,17.8,7.1,".259",".428",".320","0.748","0.169","34","0","1","3","6","4.83","0","9",".263",".442",".325",".335",".326",".179",".379",".330","89.1","17.1",7.1,71,15.2,32.2,44,56,74,168,50.1,522,76.6,9,113,482,447,1044,84.8,56,369,49.9,520,42.1,439,24.2,51.5,38.4,23.7,27.8,10.1
"Gustave, Jandel",594311,2022,"27","28.0",25,4,27,11,22.5,9.2,".236",".358",".317","0.675","0.122","12","0","0","2","0","3.86","2","0",".224",".387",".302",".311",".311",".163",".353",".304","90.8","10.7",6.3,62.7,13.5,29.1,25.4,74.6,17,67,49.4,230,80,9.7,0,296,170,466,86.5,20,148,50.6,236,38.8,181,17.2,46.1,47.5,22.5,21.3,8.8
"Taillon, Jameson",592791,2022,"32","177.1",168,26,151,32,20.7,4.4,".246",".430",".283","0.713","0.184","77","0","0","14","5","3.91","0","32",".259",".446",".308",".320",".296",".187",".385",".331","88.5","14.5",8.3,68.4,14.7,31.2,40.1,59.9,181,451,51.7,1446,79.5,7.1,236,1622,936,2805,85.3,136,925,48.3,1353,44.7,1251,23.1,49.1,41.4,26.7,23.6,8.3
"Karinchak, James",675916,2022,"38","39.0",22,2,62,21,38.8,13.1,".161",".241",".275","0.516","0.080","9","3","1","2","0","2.08","8","0",".179",".283",".243",".267",".293",".105",".363",".327","91","26.6",5.3,56.6,22.2,24.9,57.1,42.9,56,98,55.8,393,54.8,4.4,0,420,284,704,77.8,39,176,44.2,311,40.3,284,34.7,38.9,23.7,31.6,31.6,13.2
"Robertson, David",502085,2022,"58","63.2",39,6,81,35,30.7,13.3,".173",".298",".292","0.590","0.125","17","20","8","4","3","2.40","3","0",".173",".309",".270",".273",".292",".136",".320",".270","88.6","12.8",7.6,62.7,22,27.8,55.8,44.2,86,154,52.5,553,68,7.1,0,539,520,1060,78,69,314,47.5,501,41.7,439,33,44.2,46.2,26.9,19.3,7.6
"González, Chi Chi",592346,2022,"7","23.0",28,5,15,7,15.2,7.1,".304",".543",".354","0.897","0.239","15","0","0","0","1","5.87","0","5",".291",".543",".385",".378",".341",".252",".423",".348","88.7","12.6",9.1,61.1,11.9,26.8,20.4,79.6,10,49,48.7,183,76.9,6.9,57,191,128,376,88.1,14,118,51.3,193,44.7,168,14.4,44.4,40.3,32.5,22.1,5.2
"Schmidt, Clarke",657376,2022,"29","57.2",46,5,56,23,23.7,9.7,".222",".343",".305","0.648","0.121","20","2","1","5","5","3.12","4","3",".218",".370",".285",".293",".302",".152",".344",".298","89.1","13.5",9.7,66,17.5,27.6,48.8,51.2,62,127,49.6,460,79.1,9.3,46,363,168,930,82.5,54,309,50.4,468,42.7,396,26.6,46.9,43.9,26.5,23.2,6.5
"Woodford, Jake",663765,2022,"27","48.1",43,1,24,11,12.8,5.9,".249",".318",".293","0.611","0.069","12","0","0","4","0","2.23","1","1",".277",".389",".268",".315",".323",".112",".337",".320","88","9.4",5.3,72,12.3,28.8,29.1,70.9,30,103,51.4,358,84,7.2,26,415,61,697,87.7,30,244,48.6,339,47.3,330,17.3,49.8,53.3,18.4,19.7,8.6
"Martinez, Seth",661527,2022,"29","38.2",26,3,38,14,24.5,9,".187",".266",".266","0.532","0.079","9","0","0","1","1","2.09","3","0",".200",".319",".242",".266",".278",".119",".307",".276","86.6","15.4",5.9,69.6,20.8,28.5,35.6,64.4,32,90,53.4,316,83.3,6.1,74,339,0,592,79.2,40,192,46.6,276,41.6,246,25.5,47.6,41.2,21.6,23.5,13.7
"Young, Alex",622065,2022,"25","26.2",29,0,21,11,18.1,9.5,".282",".379",".353","0.732","0.097","7","0","2","1","1","2.36","5","1",".249",".350",".325",".304",".327",".101",".325",".312","88.9","7.3",2.4,67.7,16.2,37.5,52.6,47.4,50,95,56.9,253,96.2,5.8,148,117,180,445,83.8,21,130,43.1,192,42,187,31.6,50.6,54.2,18.1,24.1,3.6
"Givens, Mychal",571710,2022,"59","61.1",56,8,71,25,27.3,9.6,".247",".396",".331","0.727","0.149","23","2","4","7","3","3.38","7","1",".223",".379",".316",".300",".312",".156",".370",".321","87.6","11.9",8.2,66.7,23.5,24.9,37.8,62.2,48,127,50,511,81,9.8,191,526,304,1026,76.5,80,340,50,510,40.7,416,27.5,45.7,43.4,23.3,24.5,8.8
"Falter, Bailey",663559,2022,"20","84.0",85,16,74,17,21.2,4.9,".263",".477",".309","0.786","0.214","36","0","0","6","4","3.86","0","16",".262",".470",".338",".335",".309",".209",".401",".336","89","17.6",8.3,66.4,15.7,28.2,46.5,53.5,79,170,46.5,602,75.9,6.4,52,832,411,1295,84.3,72,460,53.5,693,45.4,588,24,48.6,34.1,33.3,25,7.5
"Feyereisen, J.P.",656420,2022,"22","24.1",7,0,25,5,29.1,5.8,".086",".086",".140","0.226","0.000","0","1","1","4","0","0.00","7","2",".187",".360",".112",".258",".234",".174",".335",".270","89.4","24.9",7.1,74.2,24.6,31.4,51.7,48.3,30,58,53.8,185,80.8,7.6,91,153,100,344,75.4,29,118,46.2,159,41.9,144,33.5,51.2,33.9,41.1,10.7,14.3
"Underwood Jr., Duane",621249,2022,"51","57.1",57,1,57,25,22,9.7,".250",".316",".336","0.652","0.066","28","1","3","1","6","4.40","12","1",".257",".367",".295",".318",".343",".110",".360",".342","87.8","7.3",3.5,70.9,18.2,30.6,45.5,54.5,75,165,53.8,540,73.9,6.9,218,651,135,1004,81.8,60,329,46.2,464,42.3,425,27.3,49.2,50.6,19.2,26.2,4.1
"Nelson, Kyle",669459,2022,"43","37.0",26,1,30,14,19.9,9.3,".194",".299",".285","0.584","0.105","9","0","0","2","1","2.19","10","1",".234",".386",".266",".313",".320",".152",".341",".301","88.5","13.7",7.7,67.1,17.7,31.6,43,57,43,100,53.3,316,87,7.8,0,215,377,593,82.3,33,186,46.7,277,42,249,26.6,48.2,41.3,30.8,23.1,4.8
"Fleming, Josh",676596,2022,"10","35.0",54,5,29,12,17.2,7.1,".348",".542",".396","0.938","0.194","25","0","0","2","5","6.43","0","3",".260",".426",".403",".324",".317",".167",".363",".319","90.4","-3.7",7.9,68,15.2,33.1,37.5,62.5,45,120,54.7,362,69.6,3.5,126,464,72,662,84.8,31,204,45.3,300,49.1,325,23.5,48.9,63.8,13.4,21.3,1.6
"Brubaker, JT",664141,2022,"28","144.0",157,17,147,54,22.8,8.4,".271",".433",".341","0.774","0.162","75","0","0","3","12","4.69","0","28",".257",".433",".339",".335",".330",".177",".396",".344","89.6","10.8",7.6,63.7,14.4,30.6,52.8,47.2,201,381,52.3,1245,74.5,6.4,122,1139,1120,2381,85.6,104,724,47.7,1136,42.6,1014,27.6,46.4,43.8,23.4,27.1,5.7
"deGrom, Jacob",594798,2022,"11","64.1",40,9,102,8,42.7,3.3,".175",".323",".202","0.525","0.148","22","0","0","5","4","3.08","0","11",".181",".350",".228",".239",".208",".169",".402",".324","89.3","15.2",9.3,74.4,32.5,37.8,56.8,43.2,108,190,53.4,502,83.3,5.7,77,446,417,940,67.5,106,326,46.6,438,46.5,437,41.5,54.9,40.3,29.5,22.5,7.8
"Brazobán, Huascar",623211,2022,"27","32.0",26,3,40,21,28.4,14.9,".222",".350",".350","0.700","0.128","11","0","1","1","1","3.09","4","0",".199",".309",".317",".294",".331",".110",".333",".303","83.2","7.3",5.1,70.1,30.3,28.6,56.5,43.5,61,108,59.7,377,73.5,5.4,159,472,0,631,69.7,54,178,40.3,254,41.7,263,40.2,45.3,50,29.5,20.5,0
"Ferguson, Caleb",657571,2022,"37","34.2",23,1,37,17,26.1,12,".187",".276",".296","0.572","0.089","7","0","0","1","0","1.82","8","1",".195",".291",".265",".274",".303",".096",".300",".279","84.8","13.8",3.5,68.7,21.1,23,48.4,51.6,30,62,46.6,270,77.1,8.3,0,388,192,580,78.9,45,213,53.4,310,41.4,240,27.3,47.4,41.9,23.3,26.7,8.1
"Garrett, Amir",607237,2022,"60","45.1",28,0,49,32,25,16.3,".177",".241",".332","0.573","0.064","25","0","1","3","1","4.96","10","0",".192",".285",".276",".297",".344",".094",".295",".276","88.3","17.8",6.4,63.1,17.7,25.3,45.9,54.1,51,111,54.5,438,74.5,6.3,0,350,454,804,82.3,41,231,45.5,366,41.8,336,26.9,42.5,40,25.5,25.5,9.1
"Rogers, Josh",642028,2022,"16","26.1",24,6,12,11,10.6,9.7,".238",".446",".313","0.759","0.208","15","0","0","2","2","5.13","1","3",".250",".479",".331",".346",".324",".229",".351",".284","88.6","21.7",8.9,69.5,12.1,27.3,20.3,79.7,12,59,51.6,216,70.6,8.1,42,230,85,419,87.9,17,141,48.4,203,42.5,178,14.5,47.7,36.7,33.3,16.7,13.3
"Ort, Kaleb",672391,2022,"25","28.1",35,4,27,15,20.1,11.2,".302",".457",".388","0.845","0.155","20","1","1","1","2","6.35","1","0",".265",".468",".366",".357",".359",".203",".408",".345","91.6","20.5",8.9,71.1,22.5,26.7,43.8,56.2,32,73,51.6,273,67.5,7.6,36,316,0,529,77.5,41,182,48.4,256,38.8,205,28.6,48.2,33.3,27.8,27.8,11.1
"Davidson, Tucker",656353,2022,"12","52.0",54,7,33,35,13.6,14.4,".266",".448",".379","0.827","0.182","39","0","0","2","7","6.75","0","11",".250",".394",".363",".340",".366",".145",".328",".297","89.6","10.8",5.2,65.2,11.7,25.3,49.2,50.8,58,118,51.1,466,73.5,7.5,46,392,474,912,88.3,34,291,48.9,446,43.6,398,22.5,44.8,44.8,24.4,25,5.8
"Cabrera, Edward",665795,2022,"14","71.2",44,10,75,33,25.8,11.3,".177",".325",".296","0.621","0.148","24","0","0","6","4","3.01","0","14",".208",".373",".284",".312",".323",".165",".354",".298","86.7","12.7",8.6,60.8,21,32.1,45.4,54.6,103,227,58.2,707,64.5,5.1,392,385,438,1215,79,65,309,41.8,508,42.9,521,31.3,44.1,47.1,27.6,19,6.3
"Kelly, Merrill",518876,2022,"33","200.1",167,21,177,61,22,7.6,".226",".371",".286","0.657","0.145","75","0","0","13","8","3.37","0","33",".229",".397",".289",".299",".290",".168",".351",".302","88.5","14",8.3,67.7,18,29.9,35.9,64.1,167,465,50.7,1557,81.1,6.9,654,1996,420,3071,82,185,1025,49.3,1514,45.5,1397,23.6,48.5,43.8,28.4,21.6,6.2
"Ureña, José",570632,2022,"21","97.0",109,11,63,43,14.6,10,".285",".421",".354","0.775","0.136","54","0","0","3","8","5.01","0","17",".270",".440",".340",".344",".344",".170",".364",".322","88.2","7.3",6.8,68.7,11.3,31.2,32.3,67.7,96,297,58.6,951,76.1,5.4,260,964,398,1622,88.7,52,461,41.4,671,44.7,725,19.5,46.7,50.5,20.6,24.3,4.6
"Jax, Griffin",643377,2022,"65","72.1",56,7,78,20,26.9,6.9,".212",".333",".273","0.606","0.121","27","1","6","7","4","3.36","18","0",".220",".371",".265",".284",".282",".151",".359",".312","88.1","10.6",6.9,64.2,18,33.4,51.8,48.2,100,193,50,578,57.3,7.1,158,390,49,1157,82,67,372,50,579,42.8,495,29.6,48.8,46,24.9,24.3,4.8
"Cimber, Adam",643256,2022,"77","70.2",66,6,58,13,19.8,4.4,".248",".368",".301","0.669","0.120","22","4","4","10","6","2.80","19","0",".250",".381",".294",".300",".303",".131",".345",".318","89.1","12.1",5.1,69,17.3,29,30.7,69.3,42,137,45.3,473,74.2,8.5,0,674,369,1044,82.7,68,394,54.7,571,40.6,424,20.7,50.9,43.9,20.6,28.5,7
"Garrett, Braxton",666129,2022,"17","88.0",86,9,90,24,24.1,6.4,".254",".402",".323","0.725","0.148","35","0","0","3","7","3.58","0","17",".247",".408",".319",".318",".316",".162",".383",".337","89.4","9",7.2,63.1,11.8,33.4,54.5,45.5,132,242,50.4,724,67.3,7.2,141,687,608,1436,88.2,53,449,49.6,712,43.2,621,26.8,48.1,47.8,22.1,24.1,6
"Germán, Domingo",593334,2022,"15","72.1",65,11,58,19,19.5,6.4,".236",".418",".295","0.713","0.182","29","0","0","2","5","3.61","0","14",".234",".397",".312",".302",".293",".164",".342",".296","89.4","16.7",6.9,68,13.8,30.7,49.4,50.6,80,162,48.8,528,75.3,7.9,251,427,403,1081,86.2,52,376,51.2,553,43,465,24.5,49.8,40.6,24.4,24,11.1
"Javier, Cristian",664299,2022,"30","148.2",89,17,194,52,33.2,8.9,".170",".305",".252","0.557","0.135","42","0","0","11","9","2.54","1","25",".169",".301",".251",".249",".252",".132",".317",".268","88.4","25.4",7.2,70.9,24,28,46.3,53.7,168,363,50.7,1295,78.4,8,105,1530,213,2554,76,214,893,49.3,1259,43,1099,30.4,49.2,27,38.7,21,13.2
"Wacha, Michael",608379,2022,"23","127.1",111,18,104,31,20.2,6,".233",".410",".283","0.693","0.177","47","0","0","11","2","3.32","0","23",".253",".463",".301",".333",".305",".211",".392",".324","88.2","12.8",9.6,71.7,15.6,29.3,33.3,66.7,95,285,50,974,83,7.5,579,1225,145,1949,84.4,109,699,50,975,45.4,885,20.7,50.5,41.2,22.3,26.1,10.4
"Civale, Aaron",650644,2022,"20","97.0",93,14,98,22,24.1,5.4,".249",".424",".300","0.724","0.175","53","0","0","5","6","4.92","0","20",".246",".412",".313",".309",".298",".167",".379",".330","88.6","13.5",7.5,65.8,13.9,30.7,43.3,56.7,114,263,53.9,856,74.7,6,57,1041,465,1588,86.1,67,481,46.1,731,43.6,692,24.3,46.9,41.8,28.2,23.6,6.4
"Walker, Taijuan",592836,2022,"29","157.1",143,15,132,45,20.3,6.9,".240",".364",".299","0.663","0.124","61","0","0","12","5","3.49","0","29",".245",".414",".293",".313",".305",".169",".362",".315","89.3","11.3",7.3,66.4,15.2,30.1,40.3,59.7,159,395,52.5,1312,70.9,6.6,689,1191,617,2500,84.8,120,788,47.5,1187,43.3,1081,23.6,47.3,46.1,23.2,23.6,7.1
"Fernández, Junior",658551,2022,"16","18.2",18,3,14,12,16.7,14.3,".257",".414",".373","0.787","0.157","5","0","1","0","0","2.41","3","0",".219",".321",".352",".306",".342",".103",".293",".274","86.5","1.7",3.6,66.7,24.1,24.6,33.3,66.7,14,42,51.4,171,67.9,8.4,34,182,117,333,75.9,26,108,48.6,162,33.9,113,26.7,45,62.5,16.1,14.3,7.1
"Hill, Garrett",682051,2022,"17","60.1",53,8,40,29,15.2,11,".231",".380",".327","0.707","0.149","27","0","0","3","3","4.03","2","8",".266",".481",".316",".363",".357",".215",".383",".321","88.8","18.7",9.5,67.3,13.8,26.6,33.1,66.9,47,142,52.3,533,70.1,7.6,118,604,297,1019,86.2,45,327,47.7,486,41.3,421,19.6,46,35.3,26.3,24.7,13.7
"Poche, Colin",621363,2022,"65","58.2",46,11,64,22,26.1,9,".211",".408",".282","0.690","0.197","26","7","6","4","2","3.99","23","0",".215",".377",".299",".295",".288",".162",".357",".300","86","22.3",8.9,72.4,24,32.5,35.9,64.1,60,167,52.8,514,74.2,6.8,0,755,219,974,76,80,333,47.2,460,40.7,396,28,51.3,32.3,26.6,22.8,18.4
"Melancon, Mark",453343,2022,"62","56.0",63,5,35,21,14.2,8.5,".281",".393",".346","0.739","0.112","29","18","3","3","10","4.66","1","0",".280",".442",".325",".341",".345",".162",".367",".332","89.7","10.9",6.8,69.4,13.3,25.9,41.2,58.8,47,114,49.8,441,81.7,6.8,21,583,282,886,86.7,41,309,50.2,445,45.6,404,20.8,47.7,44.2,22.1,27.4,6.3
"Montgomery, Jordan",656756,2022,"32","178.1",159,21,158,36,21.8,5,".235",".384",".281","0.665","0.149","69","0","0","9","6","3.48","0","32",".256",".407",".291",".310",".301",".152",".372",".334","88.5","9.8",7.1,69,20.6,33.2,41,59,190,463,51.3,1394,78.1,6.6,604,1506,605,2715,79.4,188,912,48.7,1321,42.7,1160,27.5,50.6,47.9,22.2,25.1,4.8
"Banks, Tanner",621383,2022,"35","53.0",42,5,49,18,22.6,8.3,".213",".315",".281","0.596","0.102","18","0","0","2","0","3.06","1","0",".251",".395",".268",".315",".317",".145",".370",".334","88.1","9.6",7.4,67.9,13.7,29.5,33.6,66.4,42,125,47.3,424,77.5,7.9,180,403,266,897,86.3,44,321,52.7,473,46.2,414,19.3,49.7,46.3,22.1,27.5,4
"Lange, Alex",656638,2022,"71","63.1",47,5,82,31,30.3,11.4,".203",".312",".309","0.621","0.109","24","0","4","7","4","3.41","21","0",".199",".313",".282",".282",".307",".114",".342",".308","86.1","4.9",5.2,59.2,21.1,35.3,67.1,32.9,155,231,62.5,654,70.5,5.8,204,332,510,1046,78.9,49,232,37.5,392,37.4,391,44.1,44.3,56.2,20.9,17,5.9
"Fairbanks, Pete",664126,2022,"24","24.0",13,1,38,3,43.7,3.4,".159",".207",".186","0.393","0.048","3","8","0","0","0","1.13","6","0",".128",".188",".176",".154",".157",".060",".248",".233","87.3","9.5",2.2,66.5,27.3,37.1,52.4,47.6,33,63,48.3,170,72.7,9.4,2,216,134,352,72.7,33,121,51.7,182,43.8,154,35.9,52.3,53.3,24.4,17.8,4.4
"Romero, JoJo",668941,2022,"17","16.1",13,3,17,10,25.4,14.9,".232",".429",".348","0.777","0.197","9","0","0","0","0","4.96","0","0",".228",".391",".344",".329",".345",".164",".381",".327","89.5","2.7",10,60.9,22.4,26.7,55.8,44.2,24,43,59.4,161,69.2,4.8,80,133,58,271,77.6,15,67,40.6,110,38,103,35.5,40.6,62.5,20,17.5,0
"Cole, Gerrit",543037,2022,"33","200.2",154,33,257,50,32.4,6.3,".209",".390",".260","0.650","0.181","78","0","0","13","8","3.50","0","33",".214",".402",".283",".290",".266",".188",".402",".329","89.4","12.6",9.5,65.8,23.1,32.4,53.8,46.2,302,561,52.9,1731,78.7,7.5,276,1906,1092,3274,76.9,235,1016,47.1,1543,42.9,1406,34.1,48.2,42,28.6,22.2,7.2
"Martin, Brett",656685,2022,"55","50.0",50,4,40,18,18.9,8.5,".260",".396",".322","0.718","0.136","23","3","4","1","7","4.14","7","1",".252",".396",".310",".307",".315",".144",".350",".317","89.5","6.4",5.2,66.6,10.9,37.8,44.3,55.7,70,158,55.7,418,82.8,7.7,0,340,410,750,89.1,24,221,44.3,332,42.9,322,24.8,50.5,49.4,20.8,26,3.9
"Peralta, Wily",503449,2022,"28","38.1",34,2,32,24,19,14.3,".241",".326",".351","0.677","0.085","11","0","1","2","0","2.58","2","1",".236",".365",".309",".323",".351",".129",".334",".306","88.8","11.1",4.5,63.3,14.6,22.6,38.3,61.7,31,81,51.7,359,75.6,6.5,144,343,207,694,85.4,31,212,48.3,335,41.6,289,21.2,42.2,45.9,21.6,26.1,6.3
"Vespi, Nick",663989,2022,"25","26.1",29,5,28,8,25,7.1,".284",".510",".339","0.849","0.226","12","1","1","5","0","4.10","1","0",".286",".499",".361",".358",".342",".214",".456",".390","87.7","10",10.7,64.3,16.4,36.4,53.3,46.7,48,90,55.4,247,64,5.6,0,211,235,446,83.6,21,128,44.6,199,40.1,179,31.7,48.9,41.3,22.7,33.3,2.7
"Mantiply, Joe",573009,2022,"69","60.0",59,6,61,6,25.1,2.5,".255",".359",".281","0.640","0.104","19","2","6","2","5","2.85","22","0",".242",".371",".280",".280",".269",".129",".357",".326","86.5","5.4",4,65.3,20.3,40,44.4,55.6,75,169,49.1,423,69.3,8.7,224,377,260,861,79.7,58,286,50.9,438,43.9,378,29.2,52.8,55.5,15.6,23.7,5.2
"Graveman, Kendall",608665,2022,"65","65.0",65,5,66,26,23.2,9.1,".257",".364",".330","0.694","0.107","23","6","6","3","4","3.18","27","0",".241",".345",".306",".295",".317",".105",".341",".323","88.1","6",4.2,65.9,21.3,28.5,39,61,62,159,53.8,557,80.3,6.4,140,570,325,1035,78.7,67,315,46.2,478,41.2,426,27.2,45.8,54.2,18.4,23.2,4.2
"Sandoval, Patrick",663776,2022,"27","148.2",139,8,151,60,23.7,9.4,".246",".333",".322","0.655","0.087","48","0","0","6","9","2.91","0","27",".244",".365",".294",".308",".322",".121",".360",".333","87.3","11.4",5.7,65.9,20.6,31.8,46.9,53.1,190,405,51.8,1272,72.5,7.2,604,909,943,2456,79.4,161,780,48.2,1184,44.3,1087,29.6,48.2,47.7,22.1,23,7.1
"Sborz, Josh",622250,2022,"19","22.1",25,4,32,11,32,11,".284",".489",".360","0.849","0.205","16","0","1","1","0","6.45","1","1",".266",".452",".364",".343",".345",".186",".476",".412","92.1","18.8",10.5,65.7,25.2,28.3,52.2,47.8,36,69,58.2,244,84.2,4.5,0,217,202,419,74.8,29,115,41.8,175,39.9,167,35.3,43.9,29.8,33.3,28.1,8.8
"Suarez, José",660761,2022,"22","109.0",103,14,103,33,22.3,7.1,".243",".404",".304","0.708","0.161","48","0","0","8","8","3.96","0","20",".230",".395",".309",".299",".292",".165",".352",".304","88.7","12",8.4,68.5,17,33,41,59,118,288,49,873,78.7,7.9,435,759,573,1783,83,106,623,51,910,43.8,781,24.6,51.1,41.3,28,26.7,4
"Baker, Bryan",641329,2022,"66","69.2",60,3,76,26,26.1,8.9,".230",".310",".306","0.616","0.080","27","1","2","4","3","3.49","9","2",".226",".331",".277",".283",".303",".104",".338",".317","89.8","13.3",4.8,66.7,24,24,36.1,63.9,52,144,50.9,601,86.7,7.6,206,663,312,1181,76,93,387,49.1,580,43.4,513,27.3,45,42.5,21.5,26.9,9.1
"Winckowski, Josh",670174,2022,"15","70.1",85,10,44,27,13.9,8.5,".300",".491",".361","0.852","0.191","46","0","0","5","7","5.89","0","14",".269",".446",".366",".340",".334",".178",".362",".315","89.5","5.3",9.9,65.2,11.9,23.3,33.6,66.4,46,137,49.2,587,71.8,6.5,150,710,334,1194,88.1,47,396,50.8,607,43.3,517,17.4,44.6,52.7,18.9,22.6,5.8
"Szapucki, Thomas",663378,2022,"11","15.0",19,6,18,7,26.9,10.4,".317",".750",".388","1.138","0.433","12","0","0","0","1","7.20","1","1",".252",".526",".474",".365",".330",".274",".467",".360","93.2","18.6",14.3,65,16.9,27.9,39.5,60.5,17,43,52.9,154,84.6,8.9,13,177,101,291,83.1,15,89,47.1,137,41.9,122,24.2,45.4,28.6,35.7,31,4.8
"Almonte, Yency",622075,2022,"33","35.1",18,2,33,10,24.4,7.4,".150",".233",".237","0.470","0.083","4","1","1","0","0","1.02","9","0",".201",".306",".215",".268",".287",".105",".306",".282","83.4","11.1",4.5,62.4,17.3,32.4,59.8,40.2,49,82,54.3,253,69.2,5.6,31,212,0,466,82.7,23,133,45.7,213,39.7,185,33.5,46.1,50,20.5,20.5,9.1
"Gomber, Austin",596295,2022,"33","124.2",137,20,95,34,18,6.4,".281",".480",".328","0.808","0.199","77","0","0","5","7","5.56","0","17",".264",".455",".347",".332",".314",".190",".380",".327","88.1","12.4",8.5,69.9,15.3,27.4,39.9,60.1,111,278,49.3,1015,80.3,6.7,362,838,859,2059,84.7,112,730,50.7,1044,45.1,928,22.1,49,43,28.6,23.9,4.5
"Bautista, Félix",642585,2022,"65","65.2",38,7,88,23,34.8,9.1,".167",".291",".245","0.536","0.124","16","15","2","4","4","2.19","13","0",".184",".297",".240",".252",".262",".113",".338",".300","86.8","14.7",8.5,70.3,25.6,30,52.7,47.3,78,148,49.6,494,81.8,6.6,263,610,122,995,74.4,90,352,50.4,501,43.7,435,33.6,50.3,43.3,23.4,22.7,10.6
"Greinke, Zack",425844,2022,"26","137.0",157,14,73,27,12.5,4.6,".286",".417",".320","0.737","0.131","56","0","0","4","9","3.68","0","26",".282",".455",".321",".339",".321",".172",".369",".327","88.9","12.6",6.8,63.9,11.9,30.2,28,72,101,361,52.6,1196,73.8,7.2,374,1268,630,2272,88.1,82,688,47.4,1076,43.4,985,17.4,46.2,41.5,23.2,28.2,7.1
"Frías, Luis",666818,2022,"15","17.0",23,1,14,17,15.6,18.9,".319",".458",".456","0.914","0.139","20","0","0","1","1","10.59","3","0",".258",".397",".406",".362",".406",".139",".347",".320","91.6","14.3",5.2,70.4,15.1,22.5,47.6,52.4,20,42,52.5,187,84.4,9,18,222,116,356,84.9,18,119,47.5,169,37.6,134,23.6,45.2,41.4,25.9,27.6,5.2
"Pallante, Andre",669467,2022,"47","108.0",113,9,73,40,16,8.8,".274",".387",".338","0.725","0.113","38","0","1","6","5","3.17","9","10",".254",".360",".320",".304",".323",".106",".325",".310","89.4","-3.3",3.2,65.9,11,23.1,37.9,62.1,75,198,48.9,858,81,8.4,1,1114,638,1753,89,65,590,51.1,895,41.2,723,17.8,45,65,12.5,20.7,1.7
"Trivino, Lou",642152,2022,"64","53.2",64,6,67,24,26.8,9.6,".288",".428",".368","0.796","0.140","27","11","3","2","8","4.53","4","0",".254",".403",".349",".326",".337",".149",".405",".363","88.7","6.8",7.1,68.3,16.3,30.4,49.1,50.9,78,159,54.8,523,68,7.9,102,604,22,955,83.7,48,295,45.2,432,37.4,357,27.8,47.5,52.3,15.5,24.5,7.7
"Cano, Yennier",666974,2022,"13","18.0",26,3,21,16,21.6,16.5,".333",".513",".443","0.956","0.180","23","0","0","1","1","11.50","0","0",".263",".393",".414",".353",".391",".131",".381",".354","88.7","5.6",5.1,60.3,13,29.8,40.6,59.4,26,64,54.6,215,60,6.3,119,168,107,394,87,14,108,45.4,179,41.6,164,23.3,43.7,50.8,15.3,30.5,3.4
"Wendelken, J.B.",605525,2022,"29","29.0",25,4,21,14,17.2,11.5,".234",".374",".328","0.702","0.140","17","0","0","2","1","5.28","1","0",".297",".482",".314",".378",".384",".185",".416",".371","87.9","13.4",7,69.6,18.8,23.9,31.7,68.3,19,60,51.4,251,76.2,8.6,79,294,115,488,81.2,31,165,48.6,237,42,205,22.2,46.1,44.2,27.9,25.6,2.3
"Giolito, Lucas",608337,2022,"30","161.2",171,24,177,61,25.4,8.7,".272",".455",".338","0.793","0.183","88","0","0","11","9","4.90","0","30",".249",".413",".344",".323",".319",".164",".397",".347","88.8","12.6",7.5,67.5,17.3,29,52.2,47.8,218,418,52.3,1441,77.3,7.2,702,1313,738,2753,82.7,153,886,47.7,1312,43.4,1196,28.5,47.4,39,28.7,27,5.3
"Lynch IV, Daniel",663738,2022,"27","131.2",155,21,122,52,20.3,8.7,".290",".456",".355","0.811","0.166","75","0","0","4","13","5.13","0","27",".275",".465",".352",".348",".342",".190",".404",".352","91.2","12.8",8.8,72.4,17.9,28.3,43.9,56.1,154,351,51,1241,76.6,8.4,442,1126,867,2435,82.1,155,864,49,1194,41.6,1012,25.4,49.9,43,24.5,26.6,5.9
"Flexen, Chris",623167,2022,"33","137.2",132,17,95,51,16.1,8.6,".250",".408",".315","0.723","0.158","57","2","0","8","9","3.73","0","22",".256",".451",".315",".336",".323",".195",".368",".312","89.1","18.4",9,74.1,14.1,28.4,38.2,61.8,132,346,55.3,1219,79.9,6.5,355,1587,214,2204,85.9,103,730,44.7,985,42.9,945,21.8,48.8,35.1,32.6,23.5,8.8
"Smith, Caleb",592761,2022,"44","70.0",57,14,65,39,21.5,12.9,".218",".429",".322","0.751","0.211","32","0","0","1","3","4.11","6","1",".210",".380",".329",".308",".315",".170",".334",".279","86","24.1",6.6,71.6,21.6,25,50,50,76,152,49.2,607,79.3,7.5,274,563,397,1234,78.4,97,449,50.8,627,44.4,548,28.8,48.7,31.5,39.6,17.3,11.7
"Whitlock, Garrett",676477,2022,"31","78.1",65,10,82,15,26.4,4.8,".222",".379",".260","0.639","0.157","30","6","2","4","2","3.45","4","9",".224",".375",".278",".278",".264",".151",".354",".310","88.8","15.3",8,70.5,22.7,28.7,49.4,50.6,76,154,46,536,83,8.1,231,725,195,1166,77.3,101,444,54,630,44.5,519,29.6,51.3,40.8,25.8,22.5,10.8
"Payamps, Joel",606303,2022,"41","55.2",60,7,41,16,17,6.6,".273",".427",".325","0.752","0.154","20","0","2","3","6","3.23","3","0",".242",".411",".325",".308",".301",".169",".344",".300","89","6.5",7.7,68.7,15.8,27.3,38,62,52,137,52.6,501,76.8,7.2,130,478,344,952,84.2,49,310,47.4,451,41.8,398,22.6,47,54.4,17.6,18.7,9.3
"Krehbiel, Joey",607216,2022,"56","57.2",53,9,45,18,18.4,7.4,".242",".434",".303","0.737","0.192","25","1","0","5","5","3.90","10","0",".243",".423",".317",".316",".306",".180",".354",".301","86.8","13.4",7.3,67.7,17.1,27.8,32.7,67.3,48,147,54,528,81.3,8.2,324,614,39,977,82.9,52,304,46,449,43.6,426,22.2,46.2,42.1,27.5,24.2,6.2
"Musgrove, Joe",605397,2022,"30","181.0",154,22,184,42,24.9,5.7,".227",".383",".284","0.667","0.156","59","0","0","10","7","2.93","0","30",".225",".365",".292",".287",".284",".140",".348",".309","86.4","11.7",6,61,16.9,32,42.2,57.8,191,453,49.9,1415,72.2,6.6,178,1423,1232,2834,83.1,146,866,50.1,1419,43.7,1238,25.5,46.5,45.9,22.8,22.8,8.4
"Clarke, Taylor",664199,2022,"47","49.0",50,6,48,8,23.6,3.9,".260",".427",".291","0.718","0.167","22","3","5","3","1","4.04","10","0",".228",".377",".309",".277",".261",".149",".343",".301","89.5","19.1",6.2,76.5,17.9,32.1,41.5,58.5,59,142,51.5,442,92.9,6.5,184,364,311,859,82.1,57,319,48.5,417,44.1,379,25.2,53.7,36.3,28.8,23.3,11.6
"Morton, Charlie",450203,2022,"31","172.0",149,28,205,63,28.2,8.7,".233",".411",".316","0.727","0.178","83","0","0","9","6","4.34","0","31",".228",".405",".320",".318",".314",".177",".396",".334","89.3","13.6",9.5,63.6,18.4,28.8,51.5,48.5,223,433,51.8,1503,70.8,7.3,248,1552,1103,2903,81.6,164,890,48.2,1400,42.5,1233,29.3,45.6,39.6,28.1,26.2,6.1
"Barlow, Joe",669618,2022,"35","35.0",27,5,28,13,19.2,8.9,".213",".378",".301","0.679","0.165","15","13","4","3","1","3.86","0","0",".252",".496",".300",".360",".339",".244",".403",".322","91.4","15.2",10.9,68.9,19.1,29.9,45.2,54.8,38,84,50.7,281,78.6,10.1,0,174,380,554,80.9,36,188,49.3,273,41.3,229,27.2,49.1,36.6,32.7,22.8,7.9
"Díaz, Alexis",664747,2022,"59","63.2",28,5,83,33,32.5,12.9,".131",".216",".260","0.476","0.085","13","10","4","7","3","1.84","13","0",".160",".296",".223",".266",".287",".136",".320",".262","86.7","21",7.5,70.3,26.8,30.6,54.6,45.4,95,174,53.8,568,77.5,6.7,0,683,373,1077,73.2,92,343,46.2,488,42.8,452,36.5,49.1,31.3,36.6,20.1,11.9
"Strahm, Matt",621381,2022,"50","44.2",38,5,52,17,26.9,8.8,".224",".353",".311","0.664","0.129","19","4","4","4","4","3.83","13","0",".201",".347",".296",".283",".291",".146",".334",".287","87.5","18.3",7.6,64.3,20.6,26.1,32.2,67.8,28,87,43.6,333,78.7,8,67,566,131,764,79.4,57,277,56.4,431,45,344,23.4,47.6,38.7,27.7,21.8,11.8
"Weems, Jordan",607179,2022,"32","39.2",35,7,41,12,24.7,7.2,".230",".441",".285","0.726","0.211","23","0","0","0","1","5.22","0","0",".227",".400",".310",".293",".282",".173",".361",".308","90.6","20.6",7.1,75.7,18.8,32.3,38.8,61.2,45,116,48.6,359,76.5,6.9,68,471,199,738,81.2,54,287,51.4,379,44.9,331,24.6,54.6,35.4,36.3,19.5,8.8
"Peterson, David",656849,2022,"28","105.2",93,11,126,48,27.8,10.6,".236",".378",".327","0.705","0.142","45","0","1","7","5","3.83","0","19",".228",".370",".313",".309",".322",".142",".376",".335","89.7","8.1",7.7,66,19.4,27.7,51,49,149,292,55.8,1054,75.7,5.7,311,933,645,1889,80.6,107,551,44.2,835,41.1,776,30.4,44.6,49.8,17.9,27.1,5.1
"Ortega, Oliver",661383,2022,"27","34.0",32,5,33,18,22.3,12.2,".250",".398",".347","0.745","0.148","14","1","0","1","3","3.71","5","0",".262",".427",".332",".346",".357",".166",".397",".352","90.4","9.3",7.3,71.7,11.1,32.1,48.5,51.5,47,97,53.3,302,78.6,7.4,0,344,191,567,88.9,21,190,46.7,265,41.6,236,23.7,50.6,51,16.7,25,7.3
"Odorizzi, Jake",543606,2022,"22","106.1",106,14,86,35,19,7.7,".258",".401",".319","0.720","0.143","52","0","0","6","6","4.40","0","22",".258",".420",".315",".322",".319",".162",".365",".324","87.8","19.8",7.3,74.1,17.3,28.3,33.8,66.2,90,266,52.3,941,82.1,6.8,299,1301,198,1798,82.7,110,635,47.7,857,43.9,790,22.2,50.1,32.2,30.4,26.7,10.6
"Bieber, Shane",669456,2022,"31","200.0",172,18,198,36,25,4.6,".230",".347",".266","0.613","0.117","64","0","0","13","8","2.88","0","31",".243",".398",".269",".294",".279",".155",".372",".329","89.9","10",7.2,67.4,15.8,31.8,59.7,40.3,271,454,49.7,1428,79,7.4,67,1445,1363,2875,84.2,154,976,50.3,1447,40.8,1174,29.7,49.7,48.8,20.9,24.3,5.9
"Domínguez, Seranthony",622554,2022,"54","51.0",36,4,61,22,29.5,10.6,".197",".311",".285","0.596","0.114","17","9","2","6","5","3.00","15","0",".212",".350",".268",".288",".299",".138",".358",".317","90.2","8.9",8.1,71.2,24.5,29.9,48.9,51.1,65,133,54.1,445,72.4,7,39,581,203,823,75.5,66,269,45.9,378,43.4,357,32.6,48.8,47.2,24.4,22.8,5.7
"Marinaccio, Ron",676760,2022,"40","44.0",22,2,56,24,30.9,13.3,".149",".236",".289","0.525","0.087","10","0","0","1","0","2.05","6","0",".154",".243",".252",".258",".294",".090",".271",".244","84.5","16.6",5.3,64.3,24.9,29.6,46.9,53.1,60,128,57.1,432,74.5,6.7,287,335,0,757,75.1,52,209,42.9,325,40.6,307,33.2,44.5,41.5,30.9,20.2,7.4
"Hernández, Carlos",672578,2022,"27","56.0",72,7,35,31,13.2,11.7,".314",".485",".391","0.876","0.171","46","0","0","0","5","7.39","1","7",".269",".459",".378",".352",".354",".191",".361",".312","88.7","14.5",8,71.6,17.9,26.3,37.2,62.8,54,145,53.3,552,88.8,7.7,106,518,411,1035,82.1,62,346,46.7,483,43.9,454,23.6,47.4,37.7,27.6,26.6,8
"Keller, Brad",641745,2022,"35","139.2",153,17,102,57,16.5,9.2,".277",".427",".344","0.771","0.150","79","1","0","6","14","5.09","1","22",".254",".414",".337",".325",".325",".160",".351",".310","89.3","6.7",6.6,70.3,11.6,28.2,45.4,54.6,149,328,51.1,1162,76.2,7.2,131,1321,823,2275,88.4,91,782,48.9,1113,42.3,962,21.6,48.8,52.4,22.1,22.1,3.3
"Shreve, Chasen",592741,2022,"25","26.1",27,6,29,10,25.4,8.8,".262",".456",".325","0.781","0.194","19","0","1","1","1","6.49","4","0",".259",".461",".336",".341",".326",".202",".432",".362","89.5","14.9",12,66.5,15,30.7,51.2,48.8,43,84,57.8,274,69.2,5.5,176,211,87,474,85,20,133,42.2,200,40.3,191,29,45.8,40,26.7,24,9.3
"Grove, Michael",675627,2022,"7","29.1",32,6,24,10,18,7.5,".260",".463",".316","0.779","0.203","15","0","0","1","0","4.60","0","6",".219",".389",".335",".289",".278",".170",".323",".273","91.6","16",6.1,69.4,15.1,29.5,40.9,59.1,27,66,47.5,224,61.1,7.6,0,241,231,472,84.9,26,172,52.5,248,41.3,195,22.3,50.4,41.4,37.4,17.2,4
"Rogers, Tyler",643511,2022,"68","75.2",73,3,49,23,15.4,7.2,".253",".365",".318","0.683","0.112","30","0","1","3","4","3.57","15","0",".241",".340",".302",".289",".307",".100",".301",".288","84.2","1.4",3.7,62.3,14.5,24,35.2,64.8,45,128,45.8,534,76.5,8.7,0,629,537,1166,85.5,57,394,54.2,632,44.1,514,19.5,44.8,56.4,17.4,21.2,5
"Suter, Brent",608718,2022,"54","66.2",58,9,53,22,19.5,8.1,".236",".407",".306","0.713","0.171","28","0","0","5","3","3.78","1","0",".242",".369",".313",".303",".312",".127",".336",".309","85.7","12.9",5.7,69.7,21,26.9,40.3,59.7,62,154,53.5,572,80.5,7.2,267,757,46,1070,79,73,347,46.5,498,43.8,469,26.9,46.8,45.4,25.8,21.1,7.7
"Bello, Brayan",678394,2022,"13","57.1",75,1,55,27,20.5,10.1,".315",".416",".388","0.804","0.101","30","0","0","2","8","4.71","0","11",".244",".358",".355",".305",".326",".114",".338",".317","88","5.3",5.4,65.2,18.2,30.3,39.5,60.5,66,167,55.3,551,69.4,6.2,236,537,224,997,81.8,53,291,44.7,446,41,409,26,45.9,55.4,17.4,24.5,2.7
"Ottavino, Adam",493603,2022,"66","65.2",48,6,79,16,30.6,6.2,".204",".323",".267","0.590","0.119","15","3","3","6","3","2.06","19","0",".188",".282",".260",".240",".254",".094",".306",".282","84.8","7.7",3.2,60.4,19.2,29,50.3,49.7,80,159,51.9,549,65.9,8.3,75,530,0,1057,80.8,59,307,48.1,508,37.4,395,29.8,44.1,51.3,20.3,20.9,7.6
"Wainwright, Adam",425794,2022,"32","191.2",192,16,143,54,17.8,6.7,".261",".382",".315","0.697","0.121","79","0","0","11","12","3.71","0","32",".270",".433",".306",".332",".326",".163",".375",".335","87.8","11",6.5,61.6,10.8,25.4,31.5,68.5,126,400,50.2,1572,68.3,7.3,189,1948,963,3133,89.2,104,962,49.8,1561,44.3,1388,16.9,43.5,43.7,25.2,26.5,4.5
"Montas, Frankie",593423,2022,"27","144.1",137,18,142,43,23.4,7.1,".249",".402",".308","0.710","0.153","65","0","0","5","12","4.05","0","27",".241",".404",".309",".311",".304",".164",".376",".325","87.6","11.2",8,72.4,18.3,33.2,45,55,187,416,53.8,1252,79.6,6.7,593,1375,359,2327,81.7,142,778,46.2,1075,43.6,1014,27.6,51.3,45.8,21.4,23.9,8.9
"Mills, Alec",621219,2022,"7","17.2",28,7,11,3,13.1,3.6,".364",".766",".405","1.171","0.402","19","0","0","0","1","9.68","0","2",".317",".661",".486",".424",".363",".344",".472",".365","91.1","18",11.9,66.2,7.3,33.1,30.8,69.2,16,52,52,157,63.2,6.3,56,181,65,302,92.7,7,96,48,145,43,130,15.5,49,34.3,29.9,29.9,6
"Severino, Luis",622663,2022,"19","102.0",72,14,112,30,27.7,7.4,".196",".353",".263","0.616","0.157","36","0","0","7","3","3.18","0","19",".204",".353",".273",".276",".272",".148",".343",".294","89.4","11",6.9,70.7,20.4,27,47.4,52.6,102,215,49.1,797,79.7,7.3,366,931,338,1639,79.6,119,583,50.9,825,43.6,708,27.8,49.2,45.2,25.9,22.4,6.6
"Mayza, Tim",641835,2022,"63","48.2",42,7,44,12,22.8,6.2,".237",".401",".286","0.687","0.164","17","2","4","8","1","3.14","17","0",".258",".423",".295",".316",".308",".165",".389",".342","88.6","0.2",7.4,64.4,15.8,29.7,37.3,62.7,44,118,54.3,397,84.1,6,0,604,127,731,84.2,34,215,45.7,334,44,322,23.4,45.6,58.8,14,25,2.2
"Velasquez, Vince",592826,2022,"27","75.1",68,11,69,25,21.6,7.8,".235",".422",".299","0.721","0.187","40","0","0","3","3","4.78","1","9",".240",".477",".314",".336",".304",".237",".398",".314","91.9","19.6",13,69.7,19.5,26.6,40.5,59.5,68,168,49.1,632,86,7.8,114,667,505,1286,80.5,89,456,50.9,654,43.8,563,25.2,48.5,36.3,35,20.2,8.1
"Guerra, Javy",642770,2022,"18","18.0",16,3,10,11,12.2,13.4,".232",".420",".346","0.766","0.188","10","0","0","2","1","5.00","3","0",".267",".457",".331",".358",".376",".190",".362",".313","91.2","15.4",8.3,68.7,15.8,16.5,25.9,74.1,7,27,49.7,164,93.8,9.7,0,233,97,330,84.2,18,114,50.3,166,39.7,131,17.7,42.7,40,26.7,26.7,6.7
"Floro, Dylan",571670,2022,"56","53.2",48,4,48,15,21.8,6.8,".235",".338",".286","0.624","0.103","18","10","4","1","3","3.02","6","0",".230",".354",".271",".274",".282",".124",".327",".299","87.4","8.6",5.1,65.1,16.2,33.5,32.9,67.1,49,149,51.6,445,68.3,7.3,130,544,189,863,83.8,44,272,48.4,418,44.7,386,22.1,48.8,44.6,23.6,27.4,4.5
"Brash, Matt",666374,2022,"39","50.2",46,3,62,33,27.9,14.9,".247",".328",".367","0.695","0.081","25","0","0","4","4","4.44","9","5",".249",".365",".318",".331",".368",".117",".398",".374","88.8","6.7",4.8,57.7,19,28.1,55.5,44.5,76,137,52.2,488,58.4,8.2,7,336,592,935,81,49,258,47.8,447,41.3,386,31.6,42.2,52,16.8,24,7.2
"Hendricks, Kyle",543294,2022,"16","84.1",85,15,66,24,18.5,6.7,".260",".471",".316","0.787","0.211","45","0","0","4","6","4.80","0","16",".268",".483",".341",".348",".324",".215",".401",".336","87.5","16.5",9.9,63.9,16.5,30.6,36.6,63.4,83,227,55,741,72.6,5.4,413,774,160,1347,83.5,64,387,45,606,45.5,613,23.9,45.6,37,27.9,27.9,7.3
"Cease, Dylan",656302,2022,"32","184.0",126,16,227,78,30.4,10.4,".190",".306",".278","0.584","0.116","45","0","0","14","8","2.20","0","32",".184",".306",".263",".261",".273",".123",".319",".280","86.8","15",6.2,68,23.6,31.3,49.6,50.4,273,550,56.3,1756,77,6.7,76,1271,1773,3120,76.4,219,927,43.7,1364,41.2,1286,33.3,47.3,39.4,30.3,22.1,8.2
"Farrell, Luke",608652,2022,"6","15.0",18,3,14,7,20,10,".286",".476",".357","0.833","0.190","9","0","0","0","0","5.40","0","2",".291",".491",".363",".370",".363",".200",".431",".376","91.2","19",8.2,61.8,9.9,18.8,37.9,62.1,11,29,54,154,71.4,7.4,8,138,139,285,90.1,8,81,46,131,39.3,112,17.3,38.6,30.6,28.6,32.7,8.2
"Hjelle, Sean",663546,2022,"8","25.0",33,3,28,8,24.3,7,".311",".425",".365","0.790","0.114","16","0","0","1","2","5.76","1","0",".261",".398",".349",".315",".319",".137",".384",".355","89.5","3.2",6.4,60.8,12.7,22.4,45.8,54.2,22,48,45.1,214,78.8,11,33,259,182,474,87.3,20,158,54.9,260,40.9,194,20.4,43.5,59,10.3,29.5,1.3
"Graterol, Brusdar",660813,2022,"46","49.2",39,3,43,10,21.8,5.1,".215",".320",".264","0.584","0.105","18","4","1","2","4","3.26","10","1",".207",".306",".256",".251",".259",".099",".290",".270","85.5","-0.7",4.3,75.3,16.9,31.4,34.8,65.2,31,89,41.9,283,86.8,10.1,0,546,129,675,83.1,50,295,58.1,392,46.4,313,21.1,56.9,63.8,17,15.6,3.5
"Cotton, Jharel",605194,2022,"30","43.0",34,7,39,20,21.5,11,".218",".404",".309","0.713","0.186","17","0","2","4","2","3.56","2","0",".222",".404",".313",".313",".313",".183",".346",".289","88.6","23.9",7.5,72.2,21.5,28.3,35.6,64.4,37,104,49.5,367,79.2,7.2,299,331,111,741,78.5,58,270,50.5,374,43.3,321,25.4,50.5,30,36.7,22.5,10.8
"Megill, Tylor",656731,2022,"15","47.1",46,7,51,13,25.5,6.5,".253",".418",".303","0.721","0.165","27","0","0","4","2","5.13","0","9",".250",".445",".313",".320",".301",".195",".404",".343","89.2","13.5",10.4,71.7,21.3,25.4,47.9,52.1,46,96,47.8,378,82.4,6.4,144,466,181,791,78.7,63,296,52.2,413,40.3,319,27.8,49.6,42.2,28.1,23,6.7
"Gott, Trevor",641627,2022,"45","45.2",35,8,44,12,23.7,6.5,".205",".392",".269","0.661","0.187","21","0","4","3","4","4.14","11","0",".200",".342",".290",".269",".264",".143",".312",".269","86.7","13.3",7.9,64,17.7,30.8,40.7,59.3,50,123,52.6,400,78.3,6,8,674,79,761,82.3,41,231,47.4,361,42.6,324,25.7,46.5,44.9,27.6,19.7,7.9
"Cuas, Jose",621016,2022,"47","37.2",39,2,34,24,18.9,13.3,".264",".372",".385","0.757","0.108","15","1","0","4","2","3.58","11","0",".241",".339",".340",".324",".370",".098",".329",".315","85.8","5.2",3.4,57.8,22.3,30.9,30.4,69.6,34,112,52.7,362,63.8,8.4,11,423,253,687,77.7,42,188,47.3,325,40.5,278,25.3,43.7,50,16.4,27.6,6
"Lynn, Lance",458681,2022,"21","121.2",119,19,124,19,24.2,3.7,".247",".407",".289","0.696","0.160","54","0","0","8","7","3.99","0","21",".243",".402",".304",".301",".286",".159",".372",".328","88.4","14.2",6.7,74.9,21.9,30.3,44.5,55.5,138,310,50.6,1023,80.8,7.2,76,1721,225,2022,78.1,164,748,49.4,999,42.9,867,28.5,52.3,42.6,26.7,24,6.7
"Kirby, George",669923,2022,"25","130.0",135,13,133,22,24.5,4.1,".264",".393",".299","0.692","0.129","49","0","0","8","5","3.39","0","25",".230",".390",".302",".287",".268",".160",".358",".311","89.3","11.3",8.9,71.9,18.6,29,28.9,71.1,79,273,44.9,940,84.1,8.7,167,1460,465,2092,81.4,154,828,55.1,1152,45.6,953,21.2,52.6,46.3,25.7,21.2,6.8
"García, Luis",472610,2022,"64","61.0",57,3,68,17,26.4,6.6,".243",".311",".304","0.615","0.068","23","3","1","4","6","3.39","20","0",".219",".310",".277",".268",".283",".091",".323",".308","89","6.6",4.1,65.5,19.3,31.3,51.9,48.1,81,156,51.7,499,79.5,7.6,125,531,36,966,80.7,59,306,48.3,467,40.5,391,30.3,47.8,54.4,16.6,20.1,8.9
"Oviedo, Johan",670912,2022,"21","56.0",49,5,54,23,22.3,9.5,".227",".343",".310","0.653","0.116","20","0","1","4","3","3.21","0","8",".206",".331",".293",".280",".291",".126",".307",".274","87.3","10.6",6.2,67.7,15.5,28.2,47.4,52.6,65,137,49.5,485,78.7,7.7,54,425,501,980,84.5,52,335,50.5,495,40.2,394,24.8,48.2,50.6,24.7,18.5,6.2
"Borucki, Ryan",621366,2022,"32","25.1",24,6,21,11,18.9,9.9,".247",".464",".336","0.800","0.217","16","0","0","2","0","5.68","6","0",".279",".486",".350",".370",".364",".207",".417",".356","88.1","8.1",10.4,65.9,14.8,29.5,51.6,48.4,32,62,50.6,210,92.9,6.7,46,209,160,415,85.2,20,135,49.4,205,41,170,26.4,47.5,50.6,28.6,15.6,5.2
"Widener, Taylor",642203,2022,"14","17.1",22,2,14,5,17.1,6.1,".297",".432",".366","0.798","0.135","7","0","1","0","1","3.63","1","0",".237",".439",".349",".323",".311",".202",".354",".292","88.2","21",6.7,71.8,15.2,31.6,32.7,67.3,16,49,47.1,155,89.7,8.8,34,223,70,329,84.8,19,125,52.9,174,38.3,126,20.1,52.9,31.7,31.7,25,11.7
"Kimbrel, Craig",518886,2022,"63","60.0",51,4,72,28,27.7,10.8,".227",".351",".324","0.675","0.124","25","22","5","6","7","3.75","2","0",".203",".364",".301",".295",".304",".161",".353",".297","90.7","16",9,64.3,20.4,25.7,51.4,48.6,71,138,49.8,536,76.8,7.6,0,738,284,1077,79.6,71,348,50.2,541,43.5,469,29.2,45.1,41.3,31,18.7,9
"Smyly, Drew",592767,2022,"22","106.1",101,16,91,26,20.4,5.8,".243",".422",".295","0.717","0.179","41","0","0","7","8","3.47","0","22",".246",".426",".312",".317",".300",".180",".371",".317","86.7","16.3",8.6,70.5,19.1,32.3,39.9,60.1,107,268,48.2,831,81.1,8.3,6,977,740,1814,80.9,120,629,51.8,892,42.4,731,26,52,40.6,25.2,23.7,10.5
"Hembree, Heath",592390,2022,"26","22.0",26,6,17,17,15.9,15.9,".299",".598",".402","1.000","0.299","18","0","1","3","1","7.36","2","0",".290",".567",".414",".408",".401",".277",".445",".355","90.7","24.2",15.1,64.6,12.5,18.2,38.9,61.1,14,36,50,198,77.3,11.1,0,206,190,396,87.5,16,128,50,198,41.2,163,18.3,41.4,26,31.5,28.8,13.7
"Edwards Jr., Carl",605218,2022,"57","62.0",51,8,56,25,21.9,9.8,".224",".351",".301","0.652","0.127","19","2","3","6","3","2.76","13","0",".214",".357",".291",".291",".294",".143",".325",".284","87.7","12.2",4.6,67,16.1,30.2,41.8,58.2,66,158,51.6,523,82.8,9.2,98,687,229,1014,83.9,53,329,48.4,491,44,446,24.4,48,48.3,24.7,20.1,6.9
"Stammen, Craig",489334,2022,"33","40.2",45,9,35,10,19.8,5.6,".280",".472",".324","0.796","0.192","20","0","1","1","2","4.43","2","1",".260",".430",".343",".319",".307",".170",".370",".325","88.7","6.9",7,64.5,15.1,29,46.8,53.2,52,111,54.6,383,72.9,6.8,19,537,145,701,84.9,31,205,45.4,318,43.8,307,26.3,45.1,51.2,27.1,20.2,1.6
"Gallen, Zac",668678,2022,"31","184.0",121,15,192,47,26.9,6.6,".186",".307",".252","0.559","0.121","52","0","0","12","4","2.54","0","31",".211",".348",".250",".279",".277",".137",".341",".300","87.8","10.8",7.8,64.8,14.3,31.9,38.9,61.1,192,494,52.8,1550,69,6.4,418,1847,670,2935,85.7,128,897,47.2,1385,45.1,1325,23,47.4,46.7,24.2,22.2,6.9
"Bender, Anthony",669622,2022,"22","19.1",17,3,17,8,21.8,10.3,".250",".382",".333","0.715","0.132","7","6","2","1","3","3.26","3","0",".254",".436",".318",".345",".345",".182",".398",".344","87.1","3.3",9.6,55.2,20.3,27.5,47.2,52.8,17,36,47.8,131,59.3,9.9,15,168,91,274,79.7,16,79,52.2,143,41.6,114,28.7,42,53.8,15.4,23.1,7.7
"Hutchison, Drew",571800,2022,"28","105.1",114,15,68,42,14.7,9.1,".273",".432",".341","0.773","0.159","53","0","0","3","9","4.53","0","18",".276",".477",".338",".358",".346",".201",".387",".331","90.3","14.3",8.8,69.2,14,29.1,32.5,67.5,89,274,53.6,942,81.2,7.8,180,926,653,1759,86,79,565,46.4,817,42.5,748,20,47.7,40.3,26.7,25.3,7.7
"Martin, Chris",455119,2022,"60","56.0",50,6,74,5,32.9,2.2,".230",".373",".249","0.622","0.143","19","2","2","4","1","3.05","9","0",".208",".352",".266",".250",".228",".145",".362",".313","88.2","12.5",8.3,71.9,21.1,31.8,38.2,61.8,47,123,45.2,387,82.5,6.7,79,712,32,858,78.9,71,337,54.8,469,45.7,391,25.8,53.8,49.7,22.1,20,8.3
"Crawford, Kutter",676710,2022,"21","77.1",81,12,77,29,23.1,8.7,".269",".458",".335","0.793","0.189","47","0","0","3","6","5.47","0","12",".253",".458",".344",".336",".321",".205",".403",".338","89.7","17.1",8.8,68.2,19.1,27.5,41.3,58.7,74,179,50.3,652,77,7.7,95,912,289,1296,80.9,84,439,49.7,644,41.8,542,25.6,47.7,31.4,30.5,28.8,9.3
"Arano, Víctor",644364,2022,"43","42.0",47,5,44,12,23.5,6.4,".278",".408",".339","0.747","0.130","21","1","1","1","1","4.50","7","0",".234",".379",".329",".299",".299",".145",".353",".314","85.8","6.4",5.5,63.5,15.7,40.1,46.4,53.6,70,151,55.6,377,70.6,5,0,360,318,678,84.3,30,191,44.4,301,44.8,304,29.2,50.4,52.8,21.3,19.7,6.3
"Contreras, Roansy",672710,2022,"21","95.0",82,13,86,39,21.1,9.6,".225",".414",".301","0.715","0.189","40","0","0","5","5","3.79","0","18",".237",".447",".312",".329",".313",".210",".378",".309","90.1","17.7",11,64.9,14.4,32.5,50.5,49.5,140,277,53.6,851,75.6,7.7,46,770,771,1588,85.6,69,478,46.4,737,39.2,622,27.7,47.5,36.3,28.1,23.8,11.7
"Wick, Rowan",592858,2022,"64","64.0",79,9,69,29,23.5,9.9,".305",".475",".372","0.847","0.170","30","9","5","4","7","4.22","4","0",".280",".476",".365",".359",".353",".197",".440",".378","88.5","11.6",10.3,65.1,15.6,28.4,43.5,56.5,67,154,47.9,542,76,6.6,1,830,303,1153,84.4,60,384,52.1,590,43.4,491,23.9,47.6,44.6,22.6,26.7,6.2
"Ohtani, Shohei",660271,2022,"28","166.0",124,14,219,44,33.2,6.7,".203",".316",".258","0.574","0.113","43","0","0","15","9","2.33","0","28",".202",".316",".255",".255",".257",".114",".347",".314","87.1","14.5",6.3,68.2,22.7,28.6,59.5,40.5,217,365,48.6,1277,79.4,9.4,312,1048,285,2629,77.3,209,922,51.4,1352,40.2,1056,33.1,49,41.9,26.6,22.8,8.6
"Barria, Jaime",642545,2022,"35","79.1",63,11,54,19,17.1,6,".217",".393",".272","0.665","0.176","23","0","3","3","3","2.61","5","1",".241",".437",".290",".316",".294",".196",".353",".296","88.3","16.3",10,71.5,19.1,29.6,34.2,65.8,55,161,48.4,544,65.7,9.1,154,440,529,1123,80.9,79,414,51.6,579,42.7,480,23.3,51.2,42.1,31.3,19.2,7.5
"Miley, Wade",489119,2022,"9","37.0",31,3,28,14,17.6,8.8,".218",".331",".296","0.627","0.113","13","0","0","2","2","3.16","0","8",".237",".378",".281",".307",".313",".141",".329",".294","86.7","10.3",5.2,61.3,17.4,30.8,38.9,61.1,37,95,54.9,308,72.4,5.2,177,336,53,566,82.6,27,155,45.1,253,51,286,25.2,44.9,52.2,20,20,7.8
"Akin, Keegan",669211,2022,"45","81.2",69,10,77,20,23.4,6.1,".227",".375",".275","0.650","0.148","29","2","0","3","3","3.20","3","1",".240",".393",".284",".299",".289",".152",".364",".320","87.8","7.9",6.5,69.1,21.1,32.4,39.2,60.8,69,176,44,543,74.8,10,224,642,369,1235,78.9,101,478,56,692,45.4,561,26,53,50,21.7,25.2,3
"Singer, Brady",663903,2022,"27","153.1",140,18,150,35,24.2,5.6,".246",".378",".301","0.679","0.132","55","0","0","10","5","3.23","0","24",".245",".404",".300",".310",".302",".159",".378",".333","89.3","8.6",8.2,60.4,14.5,26.4,44.6,55.4,132,296,47.3,1123,65,8.4,182,1291,903,2376,85.5,110,757,52.7,1253,43.2,1026,23,44.3,49.4,20.7,24.9,4.9
"Thompson, Mason",666168,2022,"24","24.2",19,2,15,8,15,8,".211",".322",".283","0.605","0.111","8","1","1","1","1","2.92","0","0",".237",".366",".271",".300",".306",".130",".313",".284","86.1","12.2",3.9,70.9,17.7,31.1,36.7,63.3,22,60,52.4,193,67.7,8.4,5,275,88,368,82.3,22,124,47.6,175,41.6,153,23.9,50,52.6,19.7,19.7,7.9
"Diekman, Jake",518617,2022,"70","57.2",52,9,79,42,29.4,15.6,".241",".417",".379","0.796","0.176","32","1","3","5","4","4.99","16","0",".211",".360",".353",".324",".356",".150",".381",".327","89.8","15.9",7.1,62.8,22.9,25.4,55,45,88,160,53.7,629,73.5,7.1,14,747,0,1172,77.1,78,341,46.3,543,41.6,487,33.1,42.7,40.7,20.7,28.6,10
"Grimm, Justin",518748,2022,"15","15.1",18,1,11,7,15.5,9.9,".295",".426",".380","0.806","0.131","7","0","0","0","0","4.11","3","0",".274",".412",".355",".352",".368",".138",".367",".336","85.9","12",9.8,69.4,10.7,29.5,50,50,23,46,56.3,156,61.1,6.5,0,114,163,277,89.3,9,84,43.7,121,37.2,103,24.6,46.9,41.2,23.5,27.5,7.8
"Brebbia, John",605154,2022,"76","68.0",71,5,54,18,18.8,6.3,".268",".423",".315","0.738","0.155","24","0","4","6","2","3.18","18","11",".237",".407",".317",".298",".286",".170",".342",".294","87.8","17.1",6.5,73.6,18.4,29.1,37.5,62.5,57,152,47.9,523,80,9.2,0,504,587,1091,81.6,77,418,52.1,568,39.5,431,23.5,52.2,37.2,30.7,23.3,8.8
"Mahle, Tyler",641816,2022,"23","120.2",104,16,126,43,25,8.5,".230",".396",".297","0.693","0.166","59","0","0","6","8","4.40","0","23",".217",".383",".303",".300",".291",".167",".361",".305","88.7","17.9",7.5,64.8,20.4,27.7,40.3,59.7,123,305,52.5,1102,73.7,5.6,496,1365,240,2101,79.6,132,647,47.5,999,47.5,997,26.8,45.3,36.4,34.6,21.1,7.8
"Norwood, James",656803,2022,"20","17.1",24,2,22,9,25.9,10.6,".316",".434",".388","0.822","0.118","16","0","0","1","0","8.31","1","0",".255",".416",".364",".330",".334",".162",".405",".359","91.5","18.9",3.7,78,17.6,33.2,52.2,47.8,35,67,54.6,202,85,5.4,151,184,35,370,82.4,23,131,45.4,168,43.8,162,29.3,53.5,31.5,29.6,33.3,5.6
"Holmes, Clay",605280,2022,"62","63.2",45,2,65,20,25,7.7,".196",".261",".286","0.547","0.065","18","20","5","7","4","2.54","7","0",".184",".253",".251",".245",".277",".069",".268",".258","89.1","-7.9",1.8,64.8,18.5,30,52.3,48.4,81,155,52.9,516,76.5,7,0,784,64,981,81.5,55,298,47.1,460,40,390,29.8,46.5,77,6.1,15.2,1.8
"Garcia, Luis",677651,2022,"28","157.1",131,23,157,47,24.4,7.3,".222",".399",".279","0.678","0.177","65","0","0","15","8","3.72","0","28",".228",".402",".295",".300",".286",".174",".365",".310","88.4","17.1",7.8,69.5,19.8,29.8,49.6,50.4,189,381,51.8,1278,78.6,7.6,227,1779,249,2468,80.2,164,827,48.2,1190,41.2,1016,29.2,48.9,37.4,30.6,23.5,8.4
"Ashby, Aaron",676879,2022,"27","107.1",106,15,126,47,26.5,9.9,".254",".416",".335","0.751","0.162","53","1","0","2","10","4.44","1","19",".221",".362",".331",".301",".309",".141",".361",".317","87.1","2",6.8,58.5,18.5,30.1,50.9,49.1,145,285,50.4,946,70.8,8.2,389,701,788,1878,81.5,101,545,49.6,932,40.2,755,29.6,44.2,57.4,19.6,18.9,4.1
"Sampson, Adrian",592716,2022,"21","104.1",101,10,73,27,17.1,6.3,".253",".383",".304","0.687","0.130","36","0","0","4","5","3.11","0","19",".263",".430",".302",".324",".313",".168",".364",".322","87.9","13.6",6.7,69.7,14.2,30.5,34.8,65.2,98,282,54.7,926,81.6,5.8,227,1199,268,1694,85.8,76,535,45.3,768,46.2,783,21.3,48.2,41.4,29.8,22.7,6.1
"Lugo, Seth",607625,2022,"62","65.0",58,9,69,18,25.4,6.6,".233",".378",".290","0.668","0.145","26","3","3","3","2","3.60","16","0",".230",".380",".292",".292",".289",".150",".359",".317","88.5","10.9",8.2,62.6,14.6,22.1,48.3,51.7,57,118,49.4,533,68.4,9.1,18,548,513,1079,85.4,50,342,50.6,546,43.3,467,23.3,42.6,46.2,27.5,20.3,6
"Rogers, Trevor",669432,2022,"23","107.0",116,15,106,45,22.2,9.4,".274",".468",".348","0.816","0.194","65","0","0","4","11","5.47","0","23",".262",".438",".354",".341",".340",".176",".400",".349","88.4","12.1",7.5,69.6,21.8,28.6,35.5,64.5,99,279,50.3,976,72.1,7,566,1028,346,1940,78.2,146,671,49.7,964,45.7,886,25.8,49,43,26.2,25.5,5.3
"Cobb, Alex",502171,2022,"28","149.2",152,9,151,43,23.9,6.8,".262",".350",".315","0.665","0.088","62","0","0","7","8","3.73","0","28",".234",".337",".296",".279",".290",".104",".334",".316","89.2","1.8",3.7,61.2,15.2,29.9,43.4,56.6,162,373,51.6,1248,68.4,7.1,1028,1019,371,2418,84.8,109,716,48.4,1170,43.8,1060,24.9,45,61.9,14.5,21.2,2.3
"Tinoco, Jesus",622786,2022,"17","20.2",12,2,18,10,21.4,11.9,".167",".278",".274","0.552","0.111","5","0","0","0","0","2.18","4","2",".215",".369",".254",".306",".317",".154",".329",".284","87.8","14.6",5.5,65.2,16.2,29.6,41.1,58.9,23,56,54,189,87.5,4.6,3,168,179,350,83.8,17,105,46,161,43.7,153,24.8,46,36.4,34.5,21.8,7.3
"Valdez, Framber",664285,2022,"31","201.1",166,11,194,67,23.5,8.1,".223",".305",".296","0.601","0.082","63","0","0","17","6","2.82","0","31",".225",".335",".272",".285",".299",".109",".328",".305","89.8","-3.6",5.8,64.5,14.4,27.9,54.6,45.4,220,403,47.9,1445,74,9.2,277,1584,1157,3018,85.6,146,1014,52.1,1573,41.7,1260,25.8,47,67.4,10.6,19.5,2.5
"Tepera, Ryan",572193,2022,"59","57.1",42,7,47,20,20.3,8.6,".202",".341",".277","0.618","0.139","23","6","5","5","4","3.61","17","0",".218",".363",".270",".285",".293",".145",".320",".282","87.4","16.1",5.5,70.5,15.7,29.1,57.7,42.3,86,149,57.4,512,83.7,4.8,78,431,338,892,84.3,42,268,42.6,380,39.6,353,30.7,46.7,41.7,30.7,22.7,4.9
"Danish, Tyler",641501,2022,"32","40.1",40,7,32,12,18.5,6.9,".255",".439",".324","0.763","0.184","23","0","0","3","1","5.13","3","0",".290",".521",".334",".378",".356",".231",".434",".365","89","10.1",10.4,62.1,10.5,28.5,35.3,64.7,36,102,53.9,358,61,6.2,98,292,5,664,89.5,20,190,46.1,306,45,299,19.2,44,48.8,22.4,21.6,7.2
"Darvish, Yu",506433,2022,"30","194.2",148,22,197,37,25.6,4.8,".207",".331",".256","0.587","0.124","67","0","0","16","8","3.10","0","30",".225",".402",".259",".294",".273",".177",".367",".308","88.5","17",8.8,65.3,18.2,30.3,43.6,56.4,175,401,44.6,1324,74.3,9.1,221,1141,1151,2971,81.8,196,1075,55.4,1647,43,1278,25.1,49.7,38.5,31,21.9,8.6
"García, Jarlín",606424,2022,"58","65.0",60,10,56,18,20.7,6.7,".242",".415",".295","0.710","0.173","27","1","2","1","4","3.74","4","0",".245",".446",".308",".321",".300",".201",".380",".318","88.8","16.7",10.8,67,18.2,27.8,42.5,57.5,57,134,47.5,482,75,7.9,293,435,287,1015,81.8,65,357,52.5,533,44.1,448,24.8,48.4,40,31.3,19.5,9.2
"Lorenzen, Michael",547179,2022,"18","97.2",81,11,85,44,20.7,10.7,".224",".365",".314","0.679","0.141","46","0","0","8","6","4.24","0","18",".230",".375",".303",".309",".320",".145",".337",".300","88.1","9.7",6.8,69.3,17.9,28.9,40.1,59.9,103,257,53.7,889,76.4,7.4,367,909,108,1654,82.1,95,530,46.3,765,42.3,699,25.2,47.6,51.1,22.3,20.9,5.8
"Clase, Emmanuel",661403,2022,"77","72.2",43,3,77,10,28.4,3.7,".167",".225",".200","0.425","0.058","11","42","4","3","4","1.36","0","0",".197",".279",".187",".222",".229",".082",".293",".280","86.3","0.3",2.2,74.4,20.8,46.2,47.5,52.5,94,198,46.6,429,87.9,7.2,0,570,351,921,79.2,76,366,53.4,492,46.6,429,30.1,61.2,64.5,13.1,19.1,3.3
"Bass, Anthony",542914,2022,"73","70.1",51,6,73,20,26.5,7.3,".201",".311",".258","0.569","0.110","12","0","4","4","3","1.54","23","0",".219",".349",".252",".275",".276",".130",".342",".307","87.6","14.3",6,64.8,17.7,33.2,58.3,41.7,98,168,51.3,506,77.6,7.7,39,397,550,986,82.3,55,311,48.7,480,42.9,423,31.9,48.6,40.7,26.4,24.7,8.2
"Ray, Robbie",592662,2022,"32","189.0",163,32,212,62,27.4,8,".231",".423",".299","0.722","0.192","78","0","0","12","12","3.71","0","32",".222",".388",".315",".299",".291",".166",".372",".317","89.7","14.7",7.9,74.1,21.4,31,48.4,51.6,240,496,52.4,1598,82,7.1,21,1834,1192,3047,78.6,230,1073,47.6,1449,41,1250,30,51.5,38.9,28.9,24.1,8.1
"Moore, Matt",519043,2022,"63","74.0",49,3,83,38,27.3,12.5,".187",".275",".289","0.564","0.088","16","5","1","5","2","1.95","14","0",".186",".300",".257",".266",".289",".114",".301",".269","87.7","15.2",4.4,70.8,24,31.7,46.8,53.2,95,203,51.4,641,77.9,7.6,210,561,477,1248,76,103,430,48.6,607,43.2,539,31.3,50.7,44.5,23.6,21.4,10.4
"Carrasco, Carlos",471911,2022,"29","152.0",161,17,152,41,23.6,6.4,".272",".425",".326","0.751","0.153","67","0","0","15","7","3.97","0","29",".252",".418",".327",".316",".309",".166",".385",".338","88.4","9.7",7,71.6,17.3,34.7,46.8,53.4,207,442,52.9,1275,75.2,6.3,593,1130,689,2412,82.6,141,814,47.1,1137,45.1,1087,27.7,52.1,47,23,25.1,5.2
"Middleton, Keynan",641871,2022,"18","17.0",16,5,15,3,21.7,4.3,".250",".547",".294","0.841","0.297","10","0","2","1","2","5.29","1","0",".276",".531",".359",".363",".319",".255",".447",".361","87.6","20.3",12,68.6,29.8,35.6,54.1,45.9,20,37,43.2,104,90.9,4.6,41,122,78,241,70.2,28,94,56.8,137,49.8,120,36.6,54.4,28,32,30,10
"Banuelos, Manny",544365,2022,"35","41.0",32,2,42,21,24,12,".215",".315",".322","0.637","0.100","20","1","1","2","1","4.39","5","0",".229",".327",".289",".300",".334",".098",".332",".317","85.6","7.2",3.7,67.4,14.7,28,55,45,61,111,55.2,396,86.1,5,72,297,349,718,85.3,32,217,44.8,322,38.7,278,28.4,45.7,54.1,18.3,19.3,8.3
"Toussaint, Touki",657053,2022,"8","25.1",15,2,26,19,24.1,17.6,".176",".259",".352","0.611","0.083","13","0","0","1","1","4.62","0","2",".209",".285",".296",".317",".377",".077",".309",".300","89.4","9.9",3.4,64.8,13.1,25.6,55.9,44.1,38,68,61.7,266,64.7,3.9,87,202,142,431,86.9,14,107,38.3,165,42,181,29.7,40.6,55.9,16.9,18.6,8.5
"Holderman, Colin",670059,2022,"24","28.1",20,0,24,14,20.3,11.9,".206",".247",".325","0.572","0.041","12","0","0","5","0","3.81","2","0",".210",".321",".267",".295",".329",".111",".298",".273","87.3","18",6.6,67.2,12.6,26.3,43.8,56.3,28,64,56.3,243,73.9,5.3,5,251,176,432,87.4,16,127,43.8,189,40.5,175,23,44.2,47.4,21.1,14.5,17.1
"Senzatela, Antonio",622608,2022,"19","92.1",133,9,54,23,13.1,5.6,".349",".504",".388","0.892","0.155","52","0","0","3","7","5.07","0","19",".307",".456",".386",".351",".351",".149",".382",".357","89.9","6.7",4.5,71.2,10.1,23.5,35.4,64.6,63,178,49.7,756,81.7,6.8,112,898,511,1521,89.9,55,545,50.3,765,43.3,658,16.3,47.5,50.8,16.5,30,2.7
"Foley, Jason",671345,2022,"60","60.1",72,2,43,11,16.8,4.3,".298",".364",".333","0.697","0.066","26","0","1","1","0","3.88","6","0",".265",".378",".309",".300",".302",".113",".340",".322","90.7","3.2",4.5,69.2,10.8,28.3,33.6,66.4,42,125,45.9,441,80.8,10.8,66,669,156,961,89.2,39,360,54.1,520,41.4,398,16.7,50.5,57.5,21,19,2.5
"Arihara, Kohei",685503,2022,"5","20.0",36,4,14,11,13,10.2,".387",".645",".467","1.112","0.258","21","0","0","1","3","9.45","0","4",".312",".527",".475",".402",".403",".216",".422",".368","90.1","6.7",10,71,13,30.7,35.7,64.3,25,70,58.5,228,68.4,4.9,125,208,57,390,87,15,115,41.5,162,39.7,155,21.6,47.4,51.2,20,23.8,5
"Hernández, Elieser",622694,2022,"20","62.1",67,19,60,22,21.6,7.9,".269",".586",".335","0.921","0.317","44","0","1","3","6","6.35","0","10",".232",".489",".388",".339",".305",".257",".399",".306","89.4","24.1",13,71,20,23.8,42.4,57.6,50,118,45.3,496,81.6,9.4,148,552,395,1095,80,85,425,54.7,599,42.5,465,24.9,49.6,28.6,35.4,20.8,15.1
"Stephan, Trevor",663986,2022,"66","63.2",57,3,82,18,30.7,6.7,".237",".329",".299","0.628","0.092","19","3","2","6","5","2.69","19","0",".193",".277",".278",".239",".259",".084",".305",".290","87.5","10.2",3.1,68.8,25.5,33.6,53.3,46.7,97,182,52.5,542,72.6,6,286,489,256,1032,74.5,86,337,47.5,490,40.9,422,35.3,50.3,49.1,23.3,23.3,4.3
"Speier, Gabe",642100,2022,"17","19.1",16,2,14,5,18.2,6.5,".225",".352",".273","0.625","0.127","5","0","1","0","1","2.33","2","1",".199",".334",".273",".256",".250",".135",".281",".246","88","14.9",3.4,67.1,11.2,23.7,44.4,55.6,16,36,51,152,61.1,6,10,166,122,298,88.8,11,98,49,146,40.6,121,20.1,45,46.6,25.9,19,8.6
"Nelson, Ryne",669194,2022,"3","18.1",9,2,16,6,23.2,8.7,".145",".306",".217","0.523","0.161","3","0","0","1","1","1.47","0","3",".177",".314",".224",".241",".246",".137",".276",".234","89.6","25.8",6.4,62,17.6,21.6,44,56,11,25,45.8,116,69.6,9.1,16,178,59,253,82.4,15,85,54.2,137,46.6,118,23.6,43.5,25.5,44.7,17,12.8
"Banda, Anthony",607455,2022,"32","26.2",43,4,30,13,22.2,9.6,".361",".538",".430","0.968","0.177","20","0","1","1","1","6.75","2","1",".272",".437",".415",".341",".352",".165",".404",".361","84.9","15.1",6.7,66,15.8,31.2,30.8,69.2,28,91,53,292,67.3,8.9,206,290,55,551,84.2,27,171,47,259,44.8,247,21,47.5,33.3,24.4,32.2,10
"Robles, Hansel",570663,2022,"26","24.2",25,5,21,14,18.9,12.6,".260",".479",".351","0.830","0.219","16","2","6","1","3","5.84","7","0",".273",".532",".357",".384",".367",".259",".438",".351","92.7","13.1",11.8,73.3,18.9,19.1,45.2,54.8,19,42,52.1,220,91.3,10.9,70,213,139,422,81.1,28,148,47.9,202,41.5,175,24.7,45,39.5,27.6,27.6,5.3
"Bumgarner, Madison",518516,2022,"30","158.2",179,25,112,49,16,7,".281",".487",".340","0.827","0.206","86","0","0","7","15","4.88","0","30",".276",".512",".357",".365",".337",".236",".406",".335","90.3","16.8",9.8,70.1,13.9,27.5,28.7,71.3,109,380,50.9,1382,79.5,7.6,307,1894,514,2715,86.1,130,934,49.1,1333,42.9,1164,18.2,48.4,37.7,30.3,26.3,5.7
"Ryu, Hyun Jin",547943,2022,"6","27.0",32,5,16,4,14.2,3.5,".294",".541",".319","0.860","0.247","17","0","0","2","0","5.67","0","6",".285",".518",".367",".353",".311",".233",".400",".334","91.1","11.2",9.7,66,12.1,23.5,32.6,67.4,14,43,46.3,183,70.8,6.1,94,218,83,395,87.9,17,140,53.7,212,44.8,177,16.9,46.3,46.2,26.9,22.6,4.3
"Pérez, Martín",527048,2022,"32","196.1",178,11,169,69,20.6,8.4,".241",".336",".310","0.646","0.095","63","0","0","12","8","2.89","0","32",".241",".359",".289",".299",".311",".118",".337",".313","88.2","8.1",4.3,65.1,16,27.6,30.5,69.5,138,452,55,1638,84,5.2,823,2010,146,2979,84,140,873,45,1341,49.4,1471,21,44.5,51.9,21.4,22.6,4.2
"Smith, Chad",663385,2022,"15","18.0",16,2,23,15,27.1,17.6,".239",".403",".388","0.791","0.164","15","0","1","0","1","7.50","0","0",".178",".299",".355",".306",".347",".121",".316",".276","88","4.8",6.7,57,20.8,26.2,49.1,50.9,26,53,59.9,202,78.9,5.6,7,223,107,337,79.2,16,77,40.1,135,38.9,131,32.3,38.6,55.6,26.7,13.3,4.4
"Winder, Josh",680739,2022,"15","67.0",69,11,47,18,16.4,6.3,".264",".460",".321","0.781","0.196","35","0","0","4","6","4.70","0","11",".264",".472",".337",".350",".327",".208",".389",".327","89.1","17.1",10.1,69.6,13.2,29,40.8,59.2,71,174,53.9,601,77.5,7.2,158,450,506,1114,86.8,47,357,46.1,513,43.7,487,22.2,47.7,34.1,33.2,25.3,7.4
"Mikolas, Miles",571945,2022,"33","202.1",170,25,153,39,19,4.8,".226",".373",".267","0.640","0.147","74","0","0","12","13","3.29","0","32",".251",".414",".279",".310",".293",".163",".360",".315","87.8","11",6.9,67.7,12.8,27.9,34.6,65.4,144,416,47.3,1490,76.9,7.7,124,1562,1457,3152,87.2,144,1125,52.7,1662,45.5,1433,18.7,48.9,45.9,25.2,23.8,5.1
"Tapia, Domingo",593619,2022,"11","17.0",25,1,12,14,13.3,15.6,".338",".527",".444","0.971","0.189","16","0","0","0","0","8.47","0","0",".240",".375",".417",".340",".375",".135",".327",".297","89.9","10.5",4.8,67,16.4,24.9,24.4,75.6,11,45,49.9,181,85.7,9.6,59,248,56,363,83.6,20,122,50.1,182,39.1,142,18.6,46,49.2,25.4,22.2,3.2
"Cueto, Johnny",456501,2022,"25","158.1",161,15,102,33,15.7,5.1,".267",".409",".308","0.717","0.142","59","0","1","8","10","3.35","0","24",".263",".426",".310",".317",".306",".163",".353",".314","87.7","13.3",7.3,70.2,12.9,31.9,26.7,73.3,107,401,53.1,1259,81,6.2,477,1490,405,2372,87.1,101,781,46.9,1113,43.5,1032,17.6,49.8,42.9,27.6,22.5,6.9
"Matzek, Tyler",554431,2022,"42","43.2",26,3,36,29,19.6,15.8,".173",".280",".310","0.590","0.107","17","1","0","4","2","3.50","8","0",".214",".369",".270",".318",".345",".155",".324",".277","88.9","20.5",7.7,75.2,19.9,27.3,39.4,60.6,43,109,56,399,84,7,0,547,166,713,80.1,47,236,44,314,38.4,274,26.1,48.4,35,35,21.4,8.5
"Kaprielian, James",621076,2022,"26","134.0",121,16,98,59,17,10.2,".239",".414",".321","0.735","0.175","63","0","0","5","9","4.23","0","26",".252",".429",".322",".335",".334",".178",".359",".310","88.4","16.9",8,70.4,15.4,26.3,36.2,63.8,109,301,51.3,1143,77.8,7.7,226,1216,788,2230,84.6,118,765,48.7,1087,41.6,927,21.3,47.8,38.3,30.8,23.4,7.5
"Bard, Luke",572703,2022,"9","15.0",7,0,8,7,13.6,11.9,".143",".204",".276","0.480","0.061","3","0","1","1","1","1.80","0","0",".284",".391",".234",".355",".395",".108",".349",".339","88.7","14.5",4.8,66.4,20,26.6,38.2,61.8,13,34,53.1,128,83.3,7.5,11,127,103,241,80,15,75,46.9,113,44.8,108,25.7,45.2,42.9,21.4,31,4.8
"Moronta, Reyes",606625,2022,"39","37.2",30,5,38,18,23.6,11.2,".214",".371",".311","0.682","0.157","18","2","2","2","2","4.30","4","0",".190",".337",".301",".283",".294",".147",".312",".264","86.4","23.4",6.8,65.1,18.4,28.1,43.9,56.1,43,98,54.4,349,73.8,6.6,62,342,237,641,81.6,35,190,45.6,292,42.6,273,27.1,44.9,34,31.1,22.3,12.6
"Bellatti, Andrew",571479,2022,"59","54.1",47,5,78,26,33.8,11.3,".234",".383",".320","0.703","0.149","20","2","1","4","4","3.31","9","1",".201",".365",".309",".294",".296",".164",".396",".328","88.3","20.2",12.7,69.1,24.5,31.9,56.9,43.1,103,181,59,568,80,6.7,69,389,505,963,75.5,67,273,41,395,41,395,37.4,47.1,28.6,34.9,27.8,8.7
"Moreta, Dauri",664294,2022,"35","38.1",32,10,39,13,24.4,8.1,".227",".496",".306","0.802","0.269","23","1","0","0","2","5.40","1","1",".219",".432",".341",".319",".302",".214",".381",".302","90.6","22.9",12.5,63.7,20.7,25.5,44.3,55.7,35,79,50.6,310,70.5,7.2,127,339,147,613,79.3,40,193,49.4,303,44.4,272,27.6,44.4,32.7,27.9,24,15.4
"Heasley, Jonathan",669169,2022,"21","104.0",108,19,70,47,15.1,10.1,".267",".478",".346","0.824","0.211","61","0","0","4","10","5.28","0","21",".263",".471",".355",".355",".346",".208",".376",".315","90.2","14.9",9.4,69,14.3,24.4,32.9,67.1,74,225,51.4,923,82.3,7.2,383,882,531,1796,85.7,86,602,48.6,873,44.8,805,19.3,46,37.1,28.9,26,7.9
"Manning, Matt",666159,2022,"12","63.0",55,6,48,19,18.3,7.2,".231",".336",".285","0.621","0.105","24","0","0","2","3","3.43","0","12",".255",".414",".274",".313",".308",".159",".351",".313","89.1","14.8",6.2,68.1,17.1,27.6,37.9,62.1,47,124,45.5,450,71.6,8.2,74,585,121,990,82.9,63,368,54.5,540,43.2,428,22.4,49.7,41,28.7,23.1,7.2
"Bolaños, Ronald",671790,2022,"8","18.1",20,2,12,12,13.8,13.8,".286",".443",".402","0.845","0.157","9","0","0","0","0","4.42","0","0",".286",".455",".368",".377",".407",".169",".378",".340","91","8.8",6.7,63.4,13,23,46.5,53.5,20,43,56.3,187,90,6,16,181,135,332,87,12,92,43.7,145,46.1,153,23.7,40.7,50,25,23.3,1.7
"Bard, Daniel",453268,2022,"57","60.1",35,3,69,25,28.2,10.2,".162",".245",".257","0.502","0.083","12","34","3","6","4","1.79","0","0",".178",".274",".232",".251",".272",".096",".287",".261","87.7","7",4.7,63.1,20.5,24.8,47.3,52.7,53,112,47.3,451,74,7.7,23,523,405,953,79.5,65,317,52.7,502,42.9,409,27.5,45,51.4,20.3,18.2,10.1
"Castillo, Max",666721,2022,"14","39.1",38,8,37,15,21.8,8.8,".252",".450",".325","0.775","0.198","26","0","0","0","2","5.95","0","6",".249",".445",".338",".338",".327",".196",".394",".332","90.7","11.5",10.3,68.6,16.8,28.8,37.8,62.2,42,111,55.2,385,71.4,6,231,335,131,697,83.2,36,214,44.8,312,43.6,304,24,46.6,48.3,24.1,20.7,6.9
"Junis, Jakob",596001,2022,"23","112.0",120,13,98,25,20.5,5.2,".269",".444",".313","0.757","0.175","55","0","0","5","7","4.42","0","17",".263",".427",".328",".320",".308",".164",".379",".336","88.9","12.1",7.4,60.8,13.7,28.6,40.2,59.8,97,241,46.8,844,67.5,9.2,289,603,910,1802,86.3,80,582,53.2,958,42.2,761,21.5,45.7,43.6,25.1,26.8,4.6
"Stashak, Cody",664054,2022,"11","16.1",16,1,15,0,23.1,0,".250",".375",".246","0.621","0.125","7","0","0","3","0","3.86","1","0",".241",".400",".265",".275",".240",".159",".358",".312","87.9","23.7",4,76.1,21.3,32.7,44.4,55.6,16,36,48.5,110,73.3,6.6,4,111,112,227,78.7,19,89,51.5,117,43.2,98,28,55.1,26,40,24,10
"López, Reynaldo",625643,2022,"61","65.1",51,1,63,11,24.8,4.3,".218",".312",".252","0.564","0.094","20","0","5","6","4","2.76","9","1",".229",".342",".245",".272",".268",".112",".343",".314","89.4","15.3",5.1,69,20.7,32.9,45.5,54.5,76,167,51.6,508,74,7.4,47,542,396,985,79.3,68,329,48.4,477,41.1,405,29,50.4,41,23.6,25.8,9.6
"Chafin, Andrew",605177,2022,"64","57.1",48,5,67,19,27.6,7.8,".222",".329",".290","0.619","0.107","18","3","1","2","3","2.83","19","0",".203",".335",".276",".272",".275",".132",".331",".291","87.5","11",8.4,65.3,15.8,33.8,54,46,95,176,58,521,80,5,3,609,287,899,84.2,39,247,42,378,40.5,364,31.7,47.1,52.6,22.1,17.5,7.8
"Familia, Jeurys",544727,2022,"48","44.1",58,7,41,22,20.1,10.8,".322",".506",".402","0.908","0.184","30","0","3","2","3","6.09","7","0",".265",".429",".393",".341",".352",".164",".386",".343","90.8","7.5",10.1,62.2,18.7,26.6,42.9,57.1,51,119,54.7,447,66,6.1,118,578,121,817,81.3,43,230,45.3,370,43.9,359,26.9,42.7,48.9,21.6,25.2,4.3
"Acevedo, Domingo",642758,2022,"70","67.2",50,9,58,17,21.8,6.4,".206",".370",".265","0.635","0.164","25","4","4","4","4","3.33","20","0",".236",".387",".273",".294",".295",".150",".352",".311","86.7","14",7.4,77.3,24.4,31.2,49,51,75,153,48.8,490,85.2,8.8,222,435,348,1005,75.6,97,398,51.2,515,44.9,451,31.2,54.8,42,27.1,22.3,8.5
"Peguero, Elvis",665625,2022,"13","17.1",23,4,12,5,15.6,6.5,".319",".569",".364","0.933","0.250","13","0","0","0","0","6.75","0","0",".275",".486",".400",".349",".322",".211",".391",".330","88.9","8",8.3,75.3,14.5,30.2,44.9,55.1,22,49,52.6,162,90,6.5,0,115,193,308,85.5,16,110,47.4,146,44.5,137,23.9,51.6,51.7,21.7,21.7,5
"Cessa, Luis",570666,2022,"46","80.2",76,14,59,27,17.6,8.1,".250",".438",".313","0.751","0.188","41","0","1","4","4","4.57","5","10",".250",".443",".327",".328",".314",".193",".363",".308","89.7","8.4",9.3,65.6,12.4,28.2,43.8,56.2,78,178,51.1,631,71.4,7.4,235,519,481,1235,87.6,49,396,48.9,604,44.5,549,22.1,46.5,49.8,21.9,22.7,5.7
"Sanchez, Aaron",592717,2022,"15","60.0",78,8,41,15,15.5,5.7,".324",".490",".371","0.861","0.166","44","0","0","3","4","6.60","0","10",".275",".431",".372",".331",".329",".157",".364",".330","92.4","8",5.9,65.5,13.2,29.6,29.1,70.9,44,151,50.7,510,68.4,7.6,108,612,286,1006,86.8,43,325,49.3,496,45,453,18.3,47.3,54.9,21.6,21.1,2.5
"Martinez, Nick",607259,2022,"47","106.1",96,15,95,41,21.2,9.2,".239",".398",".315","0.713","0.159","41","8","1","4","4","3.47","8","10",".231",".384",".315",".306",".309",".153",".345",".303","86.5","11.5",8.1,64.2,15.6,32.5,43.3,56.7,127,293,52.4,902,80.2,6.5,439,1008,273,1720,84.4,82,525,47.6,818,44,756,25.6,47.6,48.1,24.7,21.4,5.8
"Kelly, Joe",523260,2022,"43","37.0",36,2,53,23,31.2,13.5,".252",".357",".365","0.722","0.105","25","1","0","1","3","6.08","15","1",".192",".281",".327",".281",".317",".089",".327",".305","85.9","-0.7",3.3,57,20.3,29.7,52.9,47.1,63,119,57,401,58.5,5.8,60,278,365,703,79.7,35,172,43,302,44,309,33.7,41.4,67,17.6,12.1,3.3
"Reed, Jake",596082,2022,"18","16.2",17,2,13,8,16.9,10.4,".258",".455",".364","0.819","0.197","13","1","0","2","0","7.02","0","0",".237",".453",".360",".350",".346",".216",".364",".296","89.2","14.3",5.7,61.7,18,18.6,33.3,66.7,9,27,47.2,145,73.3,9.8,7,165,135,307,82,18,100,52.8,162,37.5,115,21.3,41.4,39.6,30.2,20.8,9.4
"Muñoz, Andrés",662253,2022,"64","65.0",43,5,96,15,38.7,6,".189",".273",".250","0.523","0.084","18","4","4","2","5","2.49","22","0",".164",".246",".231",".213",".229",".083",".309",".284","86.2","7.2",5.3,71.4,32.5,39.4,57.3,42.7,122,213,52.8,541,75,7.4,0,362,662,1024,67.5,112,345,47.2,483,44,451,41.9,54.5,52.6,24.1,16.5,6.8
"Pressly, Ryan",519151,2022,"50","48.1",30,4,65,12,35.9,6.6,".181",".277",".235","0.512","0.096","16","33","4","3","3","2.98","0","0",".200",".318",".229",".253",".253",".119",".362",".326","89","9.1",5.8,66.8,24.4,34.9,59.6,40.4,84,141,56.8,404,73.8,5.9,25,232,454,711,75.6,50,205,43.2,307,42.9,305,38.7,48.7,46.2,25,24,4.8
"Wilson, Bryse",669060,2022,"25","115.2",132,20,79,32,15.5,6.3,".287",".485",".341","0.826","0.198","71","0","0","3","9","5.52","0","20",".290",".493",".356",".362",".346",".203",".402",".347","90.9","11.5",7.7,67.6,10.6,27,37.5,62.5,90,240,48.7,889,76.6,8.4,271,1103,451,1825,89.3,67,633,51.3,936,43.4,792,18,47.8,44.8,25.5,25.3,4.6
"Swanson, Erik",657024,2022,"57","53.2",39,3,70,10,34,4.9,".202",".290",".245","0.535","0.088","10","3","2","3","2","1.68","14","1",".198",".302",".236",".239",".242",".104",".338",".311","85","20.3",6.4,72.6,26.1,34.5,36.2,63.8,55,152,50.2,441,80.5,8.8,224,482,173,880,73.9,83,318,49.8,438,44.3,389,29.4,53.4,34.4,25.6,25.6,14.4
"Stroman, Marcus",573186,2022,"25","138.2",123,16,119,36,20.9,6.3,".234",".377",".287","0.664","0.143","54","0","0","6","7","3.50","0","25",".252",".400",".291",".310",".305",".148",".363",".325","89","7",6.6,63.3,13.4,29,41.3,58.7,133,322,50.9,1110,76.5,7.8,261,1291,111,2181,86.6,91,678,49.1,1071,43.6,950,22.4,45.9,52,18.8,22.9,6.3
"Overton, Connor",656818,2022,"6","33.0",21,1,14,11,11.3,8.9,".188",".241",".258","0.499","0.053","10","0","0","1","0","2.73","0","4",".240",".359",".230",".296",".307",".120",".294",".273","90.2","16.2",3,63.6,13,22.2,27.1,72.9,13,48,46.1,216,69.7,7,87,230,100,469,87,21,161,53.9,253,44.1,207,16.3,44.6,42.4,23.2,22.2,12.1
"Gray, Sonny",543243,2022,"24","119.2",99,11,117,36,24,7.4,".224",".349",".290","0.639","0.125","41","0","0","8","5","3.08","0","24",".238",".375",".283",".299",".302",".137",".355",".321","88.1","12.1",5.5,61.5,14.6,27.1,37.6,62.4,100,266,52.5,982,67.9,7.3,19,1014,641,1872,85.6,80,547,47.5,890,42.3,791,22.1,43.4,44.4,22.2,25.5,7.9
"De los Santos, Yerry",660787,2022,"26","25.2",22,3,26,11,23.2,9.8,".224",".367",".309","0.676","0.143","14","3","2","0","3","4.91","2","0",".236",".430",".298",".326",".320",".194",".388",".322","88.8","9.3",12.3,61.5,8.7,32.1,39.3,60.7,33,84,58.4,262,71,6.9,1,269,179,449,91.3,10,115,41.6,187,42.3,190,21.6,44.3,53.4,23.3,15.1,8.2
"Hentges, Sam",656529,2022,"57","62.0",41,3,72,19,29.4,7.8,".186",".258",".258","0.516","0.072","16","1","0","3","2","2.32","8","0",".205",".304",".235",".260",".277",".099",".326",".304","88.8","-0.2",5.3,67.9,22.3,32.4,46.1,53.9,71,154,50.4,476,69,8.9,0,594,350,944,77.7,71,318,49.6,468,41.2,389,30.1,50,62.9,15.2,17.2,4.6
"Kolarek, Adam",592473,2022,"15","17.2",20,1,9,8,11.4,10.1,".294",".412",".392","0.804","0.118","9","0","0","0","1","4.58","0","0",".254",".385",".359",".334",".358",".131",".318",".293","87.5","0.5",5.1,67.4,7.9,25.7,18.8,81.3,9,48,58.6,187,61.1,5.6,27,240,52,319,92.1,7,89,41.4,132,37.9,121,11.7,42.9,69.5,11.9,15.3,3.4
"Silseth, Chase",681217,2022,"7","28.2",33,7,24,12,18.6,9.3,".287",".539",".359","0.898","0.252","21","0","0","1","3","6.59","0","7",".303",".522",".387",".387",".374",".219",".446",".383","90.9","7.5",10.9,62.2,14.2,29.7,47.4,52.6,37,78,52.5,263,68,5,137,233,131,501,85.8,21,148,47.5,238,42.9,215,25.7,45.1,45.7,21.7,29.3,3.3
"Hernández, Jonathan",642546,2022,"29","30.1",26,2,27,17,20.6,13,".232",".330",".338","0.668","0.098","10","4","2","2","3","2.97","3","0",".241",".378",".296",".316",".346",".137",".350",".317","90.3","0.5",4.7,71.5,20.2,23,55.4,44.6,36,65,55.4,283,73.5,6.7,105,221,185,511,79.8,33,163,44.6,228,38,194,30.3,44.6,61.6,15.1,22.1,1.2
"Schreiber, John",670167,2022,"64","65.0",45,3,74,19,28.8,7.4,".195",".312",".266","0.578","0.117","16","8","3","4","4","2.22","22","0",".182",".289",".258",".250",".258",".107",".302",".270","87.2","2.5",5,66.3,25.7,28,47.7,52.3,71,149,52.3,533,73.5,8.1,76,559,0,1020,74.3,83,323,47.7,487,43,439,32.6,46.3,58.1,20.6,16.9,4.4
"Brown, Hunter",686613,2022,"7","20.1",15,0,22,7,27.5,8.8,".205",".288",".275","0.563","0.083","2","0","0","2","0","0.89","2","2",".204",".312",".254",".262",".273",".109",".317",".291","93.2","2.9",5.9,60.6,11.3,28.9,48.8,51.2,21,43,48.2,149,76,8.1,7,205,97,309,88.7,11,97,51.8,160,41.7,129,22.9,45.3,64.7,13.7,13.7,7.8
"Sulser, Cole",642121,2022,"39","34.0",39,6,38,16,25.5,10.7,".295",".492",".372","0.864","0.197","20","2","3","1","4","5.29","5","0",".264",".480",".374",".354",".344",".216",".444",".371","90.2","13.9",8.4,70.9,19.3,32.3,51.8,48.2,57,110,55.1,341,78.9,6.1,240,307,72,619,80.7,38,197,44.9,278,40.5,251,30.9,49.6,43.2,24.2,27.4,5.3
"Adon, Joan",672851,2022,"14","64.2",76,8,55,39,17.7,12.6,".290",".481",".392","0.873","0.191","51","0","0","1","12","7.10","0","14",".271",".477",".379",".373",".377",".206",".404",".343","89.3","7.5",10,64.5,12.8,23.5,28.6,71.4,40,140,49.5,596,77.3,7.3,82,835,287,1204,87.2,50,392,50.5,608,43.4,523,16.9,44.2,48.6,24.3,24.8,2.4
"Stephenson, Robert",596112,2022,"58","58.0",63,10,55,14,22.3,5.7,".275",".502",".317","0.819","0.227","35","0","3","2","2","5.43","8","0",".266",".494",".349",".341",".309",".227",".420",".347","90.6","21",9,71.6,17.2,34.5,49.7,50.3,80,161,51.1,467,80.6,7.3,5,437,472,914,82.8,55,320,48.9,447,41.7,381,28.1,52.6,27.1,34.5,28.2,10.2
"Pilkington, Konnor",663455,2022,"15","58.0",53,6,50,32,19.4,12.4,".238",".363",".337","0.700","0.125","25","0","0","1","2","3.88","0","11",".241",".433",".315",".343",".343",".192",".374",".313","89.2","13.2",12.1,73,22.8,25.3,40.4,59.6,57,141,53.7,558,88.9,5.2,223,659,157,1039,77.2,80,351,46.3,481,41.5,431,27.8,47.4,39.7,28.2,25.9,6.3
"Hudson, Dakota",641712,2022,"27","139.2",141,9,78,61,13.1,10.2,".273",".375",".356","0.731","0.102","69","0","0","8","7","4.45","0","26",".273",".414",".326",".343",".358",".141",".348",".320","89","6.3",6,66.5,10,23.2,38,62,103,271,51.8,1168,80.3,6.3,91,1264,898,2253,90,72,721,48.2,1085,42.3,954,17.6,44,54.2,19.2,22.5,4
"Peralta, Freddy",642547,2022,"18","78.0",54,6,86,27,27.1,8.5,".190",".303",".266","0.569","0.113","31","0","1","4","4","3.58","0","17",".188",".307",".256",".259",".266",".119",".305",".270","87.1","16.9",3.5,63.3,23.8,27.8,41.7,58.3,85,204,54.3,735,74.2,6.6,141,743,469,1353,76.2,93,391,45.7,618,42.3,572,29.9,44,39.8,26.9,22.9,10.4
"Alvarez, Jose",501625,2022,"21","15.1",17,3,15,9,19.7,11.8,".270",".492",".378","0.870","0.222","9","1","2","2","1","5.28","1","0",".297",".551",".375",".406",".401",".254",".472",".389","86.9","6.9",12.2,66.9,14.8,31.6,37.5,62.5,18,48,55.7,152,78.6,5.1,96,150,27,273,85.2,12,81,44.3,121,46.2,126,23.3,47.3,49,22.4,24.5,4.1
"Wantz, Andrew",681806,2022,"42","50.1",37,8,52,21,25.5,10.3,".206",".367",".294","0.661","0.161","18","0","1","2","1","3.22","7","1",".215",".386",".294",".307",".304",".172",".361",".303","87.8","21.6",10.9,70.6,22.8,26.7,52.9,47.1,63,119,53.7,446,77,7.3,46,548,0,831,77.2,62,272,46.3,385,39.7,330,32,47.1,30.2,35.7,23.3,10.9
"Lawrence, Justin",664875,2022,"38","42.2",44,3,48,22,25.1,11.5,".265",".386",".351","0.737","0.121","27","1","2","3","1","5.70","7","0",".223",".338",".327",".297",".317",".115",".341",".313","87.8","5.9",4.2,62.1,15.1,24.6,49.5,50.5,46,93,49.5,378,69.2,8.5,0,421,0,763,84.9,36,239,50.5,385,42.5,324,24.7,43.5,51.7,20.8,23.3,4.2
"Jiménez, Joe",641729,2022,"62","56.2",49,4,77,13,33.3,5.6,".226",".341",".268","0.609","0.115","22","2","2","3","2","3.49","11","0",".213",".352",".268",".266",".256",".140",".373",".328","88.6","20",7.8,69.7,24.1,32.9,46.4,53.6,65,140,45.4,425,79.1,9.2,51,597,289,937,75.9,86,357,54.6,512,41.8,392,30.4,53,33.3,31.2,27,8.5
"Castro, Miguel",612434,2022,"34","29.0",27,2,31,15,23.7,11.5,".243",".387",".354","0.741","0.144","13","0","1","5","0","4.03","9","0",".247",".395",".333",".337",".358",".149",".383",".344","88.3","10.9",11.3,60.2,26.6,27.1,41.6,58.4,32,77,55.1,284,61.4,8.5,97,189,230,522,73.4,37,139,44.9,231,39.8,205,32.3,42.1,47.5,21.3,25,6.3
"Syndergaard, Noah",592789,2022,"25","134.2",138,14,95,31,16.8,5.5,".263",".408",".307","0.715","0.145","59","0","0","10","10","3.94","0","24",".264",".433",".312",".328",".311",".170",".370",".324","87.1","12.3",7.8,69.6,15,29.1,33.3,66.7,96,288,48.8,988,81.8,7.6,399,981,641,2026,85,108,722,51.2,1038,44.6,904,20.2,49.9,43.2,26.4,23.4,6.9
"Uelmen, Erich",657272,2022,"25","27.0",25,3,21,12,17.2,9.8,".248",".386",".352","0.738","0.138","14","1","1","2","1","4.67","3","0",".219",".374",".326",".313",".331",".155",".313",".270","89","6.7",8.4,64,16.4,25.1,48.5,51.5,32,66,56.8,263,69.2,5.6,44,287,132,463,83.6,21,128,43.2,200,44.5,206,27.3,41.9,48.2,19.3,25.3,7.2
"Blach, Ty",621389,2022,"24","44.1",51,4,29,11,15,5.7,".291",".463",".333","0.796","0.172","29","1","1","1","0","5.89","0","1",".269",".412",".338",".314",".316",".143",".347",".317","87.4","13.6",6,66.5,16.4,29.6,29.7,70.3,27,91,45.5,307,76.1,6.8,132,484,58,674,83.6,40,244,54.5,367,47,317,20,49.7,43,31.1,21.9,4
"Lodolo, Nick",666157,2022,"19","103.1",90,13,131,39,29.7,8.8,".235",".392",".336","0.728","0.157","42","0","0","4","7","3.66","0","19",".210",".365",".325",".307",".317",".156",".380",".325","88.7","11.9",9.1,61.5,21.1,29.6,50,50,126,252,50.6,850,69.1,8.3,174,992,515,1779,78.9,108,511,49.4,831,42.1,707,30.2,45.2,45.6,21.8,24.6,7.9
"Green, Chad",643338,2022,"14","15.0",13,1,16,5,25.8,8.1,".241",".352",".295","0.647","0.111","5","1","3","1","1","3.00","3","0",".224",".359",".283",".289",".286",".135",".355",".311","88.7","25",5,77.6,24,32.7,34.3,65.7,12,35,44.4,107,78.9,7.9,3,153,2,241,76,25,104,55.6,134,43.2,104,26.6,57.7,25,35,25,15
"Moll, Sam",594580,2022,"53","43.1",33,5,46,22,24.6,11.8,".205",".335",".310","0.645","0.130","14","0","2","2","1","2.91","16","0",".202",".314",".279",".270",".307",".113",".308",".280","87.6","9.5",5.2,61.6,17.8,23.7,43.2,56.8,38,88,50.5,372,66.1,7.6,0,329,0,737,82.2,40,225,49.5,365,44.4,327,24.9,42.5,50,17.2,22.4,10.3
"Kelley, Trevor",665001,2022,"18","23.2",25,7,23,9,21.5,8.4,".260",".531",".336","0.867","0.271","16","0","1","1","0","6.08","2","0",".216",".454",".373",".325",".297",".238",".372",".284","85","19.6",12.3,63.3,12.5,26.1,45.3,54.7,29,64,53.3,245,80.8,5.7,29,295,136,460,87.5,17,136,46.7,215,41.5,191,23,43.5,35.6,30.1,23.3,11
"Jansen, Kenley",445276,2022,"65","64.0",45,8,85,22,32.7,8.5,".192",".346",".265","0.611","0.154","24","41","7","5","2","3.38","0","0",".170",".312",".265",".246",".248",".142",".322",".268","87.1","21.9",7.3,67.6,22.7,29.2,41.5,58.5,54,130,44.2,445,76.6,9.3,0,874,132,1006,77.3,86,379,55.8,561,45.2,455,27.5,50.6,30.5,39.1,18.5,11.9
"Leone, Dominic",608678,2022,"55","49.1",55,6,52,24,23.4,10.8,".281",".464",".357","0.821","0.183","22","3","4","4","5","4.01","11","0",".236",".386",".350",".303",".319",".150",".362",".320","89.9","16.2",6.2,76.1,19.3,40.5,58.2,41.8,113,194,58,479,86.8,4.6,0,531,295,826,80.7,51,264,42,347,40.4,334,35.8,55.4,40.4,26.7,26,6.8
"Pruitt, Austin",643493,2022,"39","55.1",48,11,38,9,17,4,".226",".439",".259","0.698","0.213","26","1","2","0","1","4.23","2","1",".242",".438",".299",".311",".277",".195",".356",".296","88","12.9",9.7,73.2,18.7,32.3,36.4,63.6,52,143,54.8,443,85.1,5.8,44,279,486,809,81.3,50,268,45.2,366,47.3,383,24.8,50.8,46,31.3,15.3,7.4
"Gillaspie, Logan",670810,2022,"17","17.1",20,1,10,3,13.5,4.1,".294",".412",".338","0.750","0.118","6","0","1","1","0","3.12","0","0",".292",".466",".327",".358",".347",".174",".389",".351","88.7","10.3",3.4,67.4,18.4,27.8,18.9,81.1,7,37,50.8,133,79.2,9.2,57,126,24,262,81.6,16,87,49.2,129,40.8,107,18.5,47.3,37.3,22,39,1.7
"Gilbreath, Lucas",656458,2022,"47","43.0",37,2,49,26,26.2,13.9,".242",".320",".360","0.680","0.078","20","0","2","2","0","4.19","12","0",".236",".333",".313",".317",".358",".098",".358",".342","88.5","13.5",2.8,64.9,24.3,24.7,40.2,59.8,43,107,54.5,434,72.4,7.3,9,583,204,796,75.7,57,235,45.5,362,39.1,311,29.2,43,46.3,18.5,27.8,7.4
"Leclerc, José",600917,2022,"39","47.2",33,5,54,21,27.3,10.6,".192",".337",".288","0.625","0.145","15","7","2","0","3","2.83","4","0",".189",".330",".280",".280",".287",".142",".323",".273","86.6","24.2",6.7,71.8,24.2,33.1,55.7,44.3,88,158,61,477,71.4,5.4,172,333,277,782,75.8,53,219,39,305,38,297,37.4,48.2,29.2,35.8,17.5,17.5
"Nelson, Nick",656793,2022,"47","68.2",66,1,69,36,22.5,11.8,".257",".350",".346","0.696","0.093","37","1","0","3","2","4.85","3","2",".225",".338",".311",".303",".325",".113",".331",".302","87.6","15.1",3.6,70.6,21.7,25.1,46.8,53.2,74,158,52.2,629,83.3,6.5,352,518,334,1204,78.3,88,406,47.8,575,41.4,499,28.7,46.8,39.1,25.4,26.9,8.6
"Bummer, Aaron",607481,2022,"32","26.2",30,2,30,10,25.6,8.5,".288",".375",".359","0.734","0.087","7","2","4","2","1","2.36","10","0",".254",".358",".328",".308",".329",".104",".369",".353","90.2","-3.5",6.7,54.8,18.3,23.1,49.1,50.9,27,55,52.1,238,65.6,7,4,329,0,457,81.7,22,120,47.9,219,42.2,193,28,38.3,64,9.3,26.7,0
"Hearn, Taylor",621368,2022,"31","100.0",107,11,97,43,21.6,9.6,".268",".427",".342","0.769","0.159","57","1","1","6","8","5.13","2","13",".261",".434",".337",".340",".338",".174",".395",".345","89.5","15.1",9.8,69,15.3,26.7,40.7,59.3,96,236,49.5,884,80.6,7.8,155,1148,482,1787,84.7,95,622,50.5,901,43,768,22.2,48.1,38.6,25.8,28.8,6.9
"Murfee, Penn",682171,2022,"64","69.1",48,7,76,18,27.9,6.6,".192",".320",".250","0.570","0.128","23","0","0","4","0","2.99","8","1",".198",".324",".251",".256",".256",".127",".319",".282","85.7","19.5",5.1,68,16.9,31.4,43.5,56.5,67,154,48.9,490,75.3,7.7,0,491,0,1003,83.1,59,349,51.1,513,44.3,444,25,50.1,33.5,35.8,22.7,8
"Chacín, Jhoulys",468504,2022,"35","47.1",55,7,37,21,16.9,9.6,".282",".492",".356","0.848","0.210","40","0","0","4","2","7.61","2","0",".254",".448",".367",".340",".332",".194",".368",".312","89.7","12",8.2,70.4,14.9,22.8,39.1,60.9,36,92,51.4,404,75.8,8.4,21,350,415,786,85.1,40,269,48.6,382,43.8,344,21.1,45.9,39,28.9,29.6,2.5
"Yarbrough, Ryan",642232,2022,"20","80.0",88,12,61,22,17.2,6.2,".276",".448",".342","0.790","0.172","40","0","0","3","8","4.50","0","9",".252",".432",".345",".329",".321",".180",".360",".310","85.1","17.2",7.3,68.3,18.7,31.6,30,70,63,210,49.1,665,80.2,8.2,324,665,0,1355,81.3,88,471,50.9,690,42.1,570,22.2,50.3,39.1,27.6,22.2,11.1
"Maton, Phil",664208,2022,"67","65.2",58,10,73,26,25.8,9.2,".237",".408",".326","0.734","0.171","28","0","2","0","2","3.84","14","0",".246",".393",".321",".324",".337",".147",".390",".348","85.1","14.2",6.3,67.8,21.9,31.1,46.3,53.7,82,177,52.3,570,85.3,6.9,1,547,344,1089,78.1,77,352,47.7,519,43.3,472,30.1,48.6,38.6,25,29,7.4
"DeSclafani, Anthony",543101,2022,"5","19.0",34,4,17,4,18.1,4.3,".400",".659",".419","1.078","0.259","14","0","0","0","2","6.63","0","5",".300",".500",".451",".366",".341",".199",".430",".376","91.6","14",6.9,63.9,13.9,31,39.6,60.4,21,53,52,171,76.2,6.4,19,140,170,329,86.1,14,101,48,158,39.8,131,22.7,46.8,44.4,26.4,26.4,2.8
"Baz, Shane",669358,2022,"6","27.0",27,5,30,9,25.6,7.7,".252",".449",".316","0.765","0.197","15","0","0","1","2","5.00","0","6",".241",".417",".333",".316",".306",".176",".390",".335","91.1","12",7.8,66,21,25.2,59.6,40.4,31,52,46.4,206,65.7,7.9,37,178,229,444,79,33,157,53.6,238,43.2,192,30.6,47.1,44.2,18.2,27.3,10.4
"Wilson, Steven",621051,2022,"50","53.0",36,7,53,20,24.8,9.3,".191",".346",".277","0.623","0.155","18","1","2","4","2","3.06","5","1",".185",".331",".277",".272",".274",".146",".306",".259","87.6","26",7.2,69.5,19.7,27.1,49.2,50.8,61,124,52.4,458,72.1,7,49,456,90,874,80.3,57,289,47.6,416,43.6,381,28.6,47.3,23.9,34.8,25.4,15.9
"Luzardo, Jesús",666200,2022,"18","100.1",69,10,120,35,30,8.8,".191",".335",".266","0.601","0.144","37","0","0","4","7","3.32","0","18",".219",".366",".267",".291",".291",".147",".374",".327","89","13.2",6.6,66.1,22.7,28,50.4,49.6,123,244,53,871,73,7,372,777,495,1644,77.3,116,511,47,773,44.3,728,31.7,45.9,41.2,24.7,28,6.2
"Lawrence, Casey",596271,2022,"6","18.0",23,5,11,4,13.9,5.1,".315",".575",".354","0.929","0.260","15","0","1","0","1","7.50","0","0",".287",".528",".396",".366",".330",".241",".404",".334","86.5","11.3",12.7,66.4,9.2,39.2,24.6,75.4,16,65,55.9,166,52.4,7.1,85,104,108,297,90.8,8,87,44.1,131,42.8,127,15.8,51.2,41.3,33.3,25.4,0
"Warren, Austin",681810,2022,"14","16.0",19,3,9,5,12.9,7.1,".306",".548",".348","0.896","0.242","10","0","1","2","0","5.63","0","0",".313",".627",".369",".417",".365",".314",".471",".367","93.2","13.3",14.3,73.3,8.3,23.7,43.8,56.3,14,32,50.8,135,100,8.6,8,149,109,266,91.7,8,96,49.2,131,41.7,111,17.2,48.1,41.1,32.1,23.2,3.6
"Gore, MacKenzie",669022,2022,"16","70.0",66,7,72,37,23.3,12,".248",".376",".346","0.722","0.128","35","0","0","4","4","4.50","1","13",".256",".445",".323",".351",".354",".190",".408",".349","90.8","13.7",9.7,69.5,17.4,23.9,43.4,56.6,66,152,50.6,636,71.4,7.8,67,766,425,1258,82.6,75,432,49.4,622,42.1,529,24.1,46.4,38.3,25.5,29.6,6.6
"Howard, Spencer",675921,2022,"10","37.2",50,12,32,15,17.9,8.4,".309",".617",".369","0.986","0.308","31","0","0","2","4","7.41","0","8",".277",".521",".416",".366",".340",".245",".419",".342","91.4","13.8",10.7,67.7,10.8,24.6,40.5,59.5,32,79,46.4,321,85,8.7,24,348,320,692,89.2,27,251,53.6,371,44.1,305,17.9,47.7,40.5,32.1,22.9,4.6
"Thompson, Zach",605507,2022,"29","121.2",138,19,90,46,16.6,8.5,".280",".446",".344","0.790","0.166","70","0","0","3","10","5.18","0","22",".280",".456",".346",".349",".345",".175",".386",".343","88.3","11.2",6.2,68,15.8,28.6,41.2,58.8,131,318,53.4,1111,77.4,7.5,177,1467,434,2080,84.2,104,658,46.6,968,43.3,901,24.1,47,45.8,21.8,24,8.4
"White, Mitch",669952,2022,"25","99.0",110,9,78,35,17.7,8,".276",".424",".336","0.760","0.148","60","0","1","1","7","5.45","0","18",".258",".393",".332",".318",".324",".134",".350",".322","87.9","14.7",5.6,70.2,12.9,29.7,31.6,68.4,86,272,53.5,917,75.6,7.4,64,889,295,1715,87.1,72,560,46.5,798,40.8,699,19,48.5,43.2,21.9,26.5,8.3
"Romo, Sergio",489265,2022,"23","18.0",19,7,14,6,17.7,7.6,".268",".606",".321","0.927","0.338","15","0","0","0","1","7.50","4","0",".263",".541",".386",".360",".317",".278",".419",".323","85.6","23.4",12.1,67.6,15.3,32.6,32.3,67.7,20,62,56.7,190,83.3,7.2,44,122,169,335,84.7,15,98,43.3,145,32.5,109,21.9,47.8,17.2,48.3,27.6,6.9
"Archer, Chris",502042,2022,"25","102.2",87,12,84,48,19.2,11,".228",".391",".317","0.708","0.163","52","0","0","2","8","4.56","0","25",".260",".430",".312",".343",".347",".170",".380",".333","89.5","11",8.6,66.9,16.8,24.6,42.2,57.8,98,232,52.7,942,77.6,7,263,638,886,1787,83.2,95,565,47.3,845,42.2,754,24.2,44.6,43.9,26.9,24.9,4.3
"McClanahan, Shane",663556,2022,"28","166.1",116,19,194,37,30.3,5.8,".194",".317",".245","0.562","0.123","47","0","0","12","8","2.54","0","28",".206",".339",".248",".262",".256",".134",".347",".305","87.6","8.3",6.4,66.3,25.6,32.4,52.3,47.7,207,396,49.6,1221,75.3,7.2,626,877,960,2463,74.4,211,824,50.4,1242,43.9,1081,34.3,49.5,50.6,21,23.2,5.2
"Allard, Kolby",663465,2022,"10","21.0",21,9,19,6,21.8,6.9,".263",".650",".322","0.972","0.387","17","1","0","1","2","7.29","0","0",".271",".548",".406",".370",".329",".278",".453",".355","91.6","19.4",14.8,67.9,24.5,23.1,36.4,63.6,12,33,47.8,143,85.7,9.4,58,225,16,299,75.5,26,106,52.2,156,39.8,119,27.3,46.5,27.9,37.7,27.9,6.6
"Lyles, Jordan",543475,2022,"32","179.0",196,26,144,52,18.6,6.7,".276",".454",".331","0.785","0.178","88","0","0","12","11","4.42","0","32",".265",".466",".341",".343",".323",".201",".393",".333","88.6","15.3",10.4,65.9,14.5,28.3,37.5,62.5,166,443,52.3,1563,66.5,7.4,318,1554,400,2988,85.5,136,939,47.7,1425,41.7,1245,21.9,46.3,40.4,28.2,23.2,8.2
"Sands, Cole",663485,2022,"11","30.2",35,4,28,13,19.3,9,".276",".441",".366","0.807","0.165","20","1","0","0","3","5.87","0","3",".228",".435",".356",".333",".324",".208",".361",".293","89.3","14.1",7.1,68.3,13.3,26.6,44,56,37,84,52.4,316,83.7,8.1,117,348,138,603,86.7,26,196,47.6,287,39.5,238,22.5,46.4,44.4,29.3,18.2,8.1
"Iglesias, Raisel",628452,2022,"67","62.0",46,5,78,14,31.7,5.7,".204",".314",".258","0.572","0.110","17","17","4","2","6","2.47","15","0",".212",".377",".253",".280",".267",".165",".381",".323","87.3","17.5",10.6,67.3,23.8,37.7,50.3,49.7,98,195,52.8,517,71,6.3,235,489,255,979,76.2,74,311,47.2,462,43.8,429,34,51.7,35.8,33.1,23.8,7.3
"Ramírez, Yohan",670990,2022,"30","37.1",32,4,32,20,19.2,12,".230",".367",".352","0.719","0.137","19","1","1","4","1","4.58","3","0",".246",".392",".324",".339",".365",".147",".357",".319","87.8","8.7",7.3,60.7,17.4,24.4,40,60,30,75,49.5,307,70.8,7.7,0,420,0,620,82.6,33,190,50.5,313,39.7,246,23.8,42.7,49.5,15.6,25.7,9.2
"Steele, Justin",657006,2022,"24","119.0",111,8,126,50,24.6,9.8,".244",".339",".321","0.660","0.095","42","0","0","4","7","3.18","0","24",".238",".346",".296",".298",".317",".109",".349",".328","87.1","7.5",3.9,66.9,16.7,26.3,44,55.6,114,259,48.4,983,81.9,7.6,42,1305,685,2032,83.3,117,702,51.6,1049,41.8,850,24,47.3,51.8,20.5,24.1,3.6
"Bruihl, Justin",677865,2022,"24","23.2",22,4,13,6,13,6,".253",".437",".320","0.757","0.184","10","1","1","1","1","3.80","3","0",".245",".393",".322",".303",".313",".148",".318",".285","86.2","15.2",6.4,78.6,22.4,22.1,35.3,64.7,12,34,45.2,154,86.2,8.5,0,273,0,341,77.6,33,147,54.8,187,39.6,135,24.9,53.1,41,25.6,25.6,7.7
"Burnes, Corbin",669203,2022,"33","202.0",144,23,243,51,30.5,6.4,".197",".341",".261","0.602","0.144","66","0","0","12","8","2.94","0","33",".212",".344",".267",".274",".275",".132",".356",".317","87.2","10",5.7,63.1,20.2,33.5,56.5,43.5,354,626,57.1,1869,73.6,5.4,323,2049,902,3274,79.8,179,887,42.9,1405,43.2,1415,35.2,46.2,47.6,24.3,21.8,6.3
"Ramírez, Erasmo",541640,2022,"60","86.1",79,11,61,14,17.6,4,".245",".390",".286","0.676","0.145","28","0","1","4","2","2.92","5","2",".249",".387",".294",".299",".293",".138",".340",".308","88.7","11.9",4.9,70.8,15.6,29.6,37.5,62.5,63,168,46.5,568,76.4,8.7,42,1098,82,1222,84.4,72,463,53.5,654,41.3,505,21.4,51.6,46.2,23.7,23.7,6.4
"Soto, Gregory",642397,2022,"64","60.1",49,2,60,34,22.8,12.9,".225",".317",".344","0.661","0.092","22","30","3","2","11","3.28","2","0",".219",".360",".302",".315",".340",".142",".339",".298","91.4","7.7",6.2,68.3,19.5,26.4,41.9,58.1,62,148,50.8,560,87.8,8.2,11,853,238,1102,80.8,72,370,49.2,542,41.7,459,25.9,47,48.8,22.2,23.5,5.6
"Kuhl, Chad",641771,2022,"27","137.0",155,25,110,58,17.8,9.4,".284",".500",".355","0.855","0.216","87","0","0","6","11","5.72","0","27",".269",".482",".368",".355",".342",".213",".396",".334","90.5","15.8",9.7,67.9,15.3,25.1,43.9,56.1,137,312,52.3,1242,78.7,7.3,170,1059,1143,2375,84.7,118,769,47.7,1133,40.5,963,23.6,45.5,37.4,26.4,29.3,7
"Eflin, Zach",621107,2022,"20","75.2",70,8,65,15,20.8,4.8,".241",".393",".288","0.681","0.152","34","1","0","3","5","4.04","2","13",".222",".365",".295",".278",".272",".143",".323",".285","85.3","10.5",6.1,64.9,16.2,30.4,35,65,63,180,49.7,593,73.4,5.4,73,840,281,1194,83.8,63,390,50.3,601,47.3,565,22.1,47.7,45.6,28.1,21.5,4.8
"Wisler, Matt",605538,2022,"39","44.0",30,6,35,14,19.9,8,".189",".365",".253","0.618","0.176","11","1","3","3","3","2.25","7","5",".199",".403",".268",".286",".263",".204",".324",".254","87.5","27.3",11.8,70.6,17.7,24.7,45.7,54.3,42,92,49.7,372,80.9,9.1,1,64,684,749,82.3,47,266,50.3,377,43.3,324,24.9,47.8,26.8,40.2,16.5,16.5
"Romano, Jordan",605447,2022,"63","64.0",44,4,73,21,28.3,8.1,".190",".263",".268","0.531","0.073","15","36","6","5","4","2.11","3","0",".221",".353",".238",".284",".297",".132",".361",".324","90.3","12.5",6.9,70.8,23.1,32.4,47.4,52.6,73,154,48,475,82.7,7.6,0,477,512,989,76.9,84,364,52,514,44.2,437,30.3,52.4,44.7,28.9,20.1,6.3
"Morgan, Eli",669212,2022,"50","66.2",46,10,72,13,28.1,5.1,".192",".381",".238","0.619","0.189","25","0","4","5","3","3.38","10","1",".199",".371",".268",".271",".249",".173",".349",".288","87.8","19.5",8.9,71.3,20.4,31.2,41.4,58.6,63,152,47.9,487,83.5,8.4,283,562,172,1017,79.6,77,378,52.1,530,44.9,457,26.4,52.1,30.8,33.1,26,10.1
"Eovaldi, Nathan",543135,2022,"20","109.1",115,21,103,20,22.4,4.3,".264",".457",".297","0.754","0.193","47","0","0","6","3","3.87","0","20",".255",".462",".325",".323",".289",".207",".400",".334","89.7","10.7",10.7,71.1,17.6,32.5,43.1,56.9,118,274,48.4,842,83.3,8.3,363,842,534,1739,82.4,112,638,51.6,897,44.9,781,25.2,52.4,47.9,23.5,21.7,6.8
"Neris, Héctor",593576,2022,"70","65.1",49,3,79,17,30,6.5,".205",".305",".275","0.580","0.100","27","3","4","6","4","3.72","25","0",".215",".365",".262",".288",".284",".150",".372",".321","89.7","16.6",6.8,66.4,19.5,32.4,53.4,46.6,87,163,49.7,503,80,7.4,312,633,67,1012,80.5,66,338,50.3,509,46.5,471,30.5,49.5,34.8,31.7,25.5,8.1
"Assad, Javier",665871,2022,"9","37.2",35,4,30,20,18.1,12,".240",".370",".331","0.701","0.130","13","0","0","2","2","3.11","0","8",".255",".402",".314",".331",".345",".146",".355",".321","87.5","17.8",5.2,68.6,16.7,28.4,35.8,64.2,39,109,55.7,384,62.8,6.2,46,548,54,690,83.3,35,210,44.3,306,44.9,310,23.2,46.2,41.4,23.3,21.6,13.8
"Kopech, Michael",656629,2022,"25","119.1",85,15,105,57,21.3,11.5,".198",".347",".294","0.641","0.149","47","0","0","5","9","3.54","0","25",".214",".388",".286",".312",".310",".174",".342",".284","89.9","18.3",8.8,65,17.5,25.7,40.4,59.6,107,265,51.4,1033,79.2,7.7,25,1241,744,2011,82.5,111,636,48.6,978,39.4,792,24.2,44.8,35.9,35.3,18.8,10
"Weaver, Luke",596133,2022,"26","35.2",52,1,38,13,21.8,7.5,".335",".452",".391","0.843","0.117","26","0","0","1","1","6.56","0","1",".285",".458",".367",".356",".352",".173",".423",".377","91.5","11.2",10.8,75.7,16,30.8,38.9,61.1,44,113,50.9,367,88.4,6,187,435,99,721,84,43,268,49.1,354,42.2,304,22.8,52.8,40.8,18.3,36.7,4.2
"Colomé, Alex",517008,2022,"53","47.0",57,5,32,22,14.9,10.2,".300",".484",".369","0.853","0.184","30","4","3","2","7","5.74","7","0",".286",".499",".366",".368",".359",".213",".401",".343","90.2","1.4",10,71.7,11.5,26.7,38.3,60.8,46,120,56,450,81.8,8.2,0,803,0,803,88.5,29,253,44,353,40.7,327,20.1,46.5,55.6,20,23.8,0.6
"Puk, A.J.",640462,2022,"62","66.1",53,7,76,23,27,8.2,".217",".357",".310","0.667","0.140","23","4","5","4","3","3.12","20","0",".221",".369",".296",".301",".314",".148",".367",".322","86.9","11.4",8.8,66.1,20.3,27.4,52.5,47.5,74,141,47.9,514,84.1,7.6,13,662,364,1072,79.7,75,369,52.1,558,41.2,442,29.2,47.6,45,22.2,22.8,9.9