"last_name, first_name","player_id","year","p_game","p_formatted_ip","hit","home_run","strikeout","walk","k_percent","bb_percent","batting_avg","slg_percent","on_base_percent","on_base_plus_slg","isolated_power","p_earned_run","p_save","p_blown_save","p_win","p_loss","p_era","p_hold","p_starting_p","xba","xslg","woba","xwoba","xobp","xiso","xwobacon","xbacon","exit_velocity_avg","launch_angle_avg","barrel_batted_rate","z_swing_percent","z_swing_miss_percent","oz_swing_percent","oz_swing_miss_percent","oz_contact_percent","out_zone_swing_miss","out_zone_swing","out_zone_percent","out_zone","meatball_swing_percent","meatball_percent","pitch_count_offspeed","pitch_count_fastball","pitch_count_breaking","pitch_count","iz_contact_percent","in_zone_swing_miss","in_zone_swing","in_zone_percent","in_zone","edge_percent","edge","whiff_percent","swing_percent","groundballs_percent","flyballs_percent","linedrives_percent","popups_percent"
"Davis, Wade",451584,2021,"40","42.2",44,8,38,19,20,10,".270",".454",".344","0.798","0.184","32","2","1","0","3","6.75","2","0",".275",".499",".341",".372",".356",".224",".429",".355","90.4","17.1",9.2,73.2,15.4,27.2,41.6,58.4,47,113,54,415,72.4,7.5,12,606,151,769,84.6,40,259,46,354,39.1,301,23.4,48.4,35.9,30.5,26.7,6.9
"Pagán, Emilio",641941,2021,"67","63.1",56,16,69,18,26.2,6.8,".231",".512",".289","0.801","0.281","34","0","5","4","3","4.83","17","0",".222",".493",".336",".327",".281",".270",".414",".310","90.4","26.5",13.8,76.3,24.4,27.7,45,55,67,149,49,538,92.3,7.1,12,1084,2,1098,75.6,104,427,51,560,39.7,436,29.7,52.5,23,42.5,19.5,14.9
"Hill, Rich",448179,2021,"32","158.2",137,21,150,55,22.7,8.3,".235",".402",".316","0.718","0.167","68","0","0","7","8","3.86","0","31",".235",".421",".313",".324",".318",".186",".374",".317","88.3","18",8.9,64,17.3,25.4,40.1,59.9,118,294,46.3,1156,68.5,8.7,74,1306,951,2496,82.7,148,857,53.7,1340,43,1073,23.1,46.1,35.9,30.7,25.5,8
"Germán, Domingo",593334,2021,"22","98.1",89,17,98,27,23.9,6.6,".234",".426",".288","0.714","0.192","50","0","0","4","5","4.58","2","18",".234",".426",".306",".310",".289",".192",".378",".316","89.4","14.7",7.8,67.9,21.1,34.3,46.6,53.4,132,283,52.3,826,72.8,6.5,350,690,536,1579,78.9,108,511,47.7,753,42.3,668,30.2,50.3,43.1,30,19.1,7.8
"Ruiz, José",614179,2021,"59","65.0",51,8,63,25,23.2,9.2,".210",".366",".281","0.647","0.156","22","0","1","1","3","3.05","4","0",".236",".417",".281",".315",".308",".182",".375",".320","92.1","14.5",8.2,70.6,18.1,24.1,43.2,56.8,51,118,47.2,489,85.2,7.8,38,617,382,1037,81.9,70,387,52.8,548,43.4,450,24,48.7,42.1,26.8,24.6,6.6
"Kluber, Corey",446372,2021,"16","80.0",74,8,82,33,24,9.7,".247",".375",".329","0.704","0.128","34","0","0","5","3","3.83","0","16",".236",".384",".310",".312",".320",".148",".362",".322","86.9","13.9",6.8,65.7,15.2,31,51.8,48.2,115,222,53.6,717,77.9,7.1,184,761,393,1338,84.8,62,408,46.4,621,40.8,546,28.1,47.1,43.9,24.9,23.5,7.7
"Evans, Demarcus",663770,2021,"25","26.1",24,4,33,16,27.5,13.3,".238",".416",".345","0.761","0.178","15","0","2","0","2","5.13","3","0",".205",".336",".333",".295",".317",".131",".337",".300","89.5","27.6",4.3,73.9,20,25.7,46.7,53.3,35,75,55.9,292,80,5.7,0,445,77,522,80,34,170,44.1,230,39.3,205,28.2,46.9,20,41.4,28.6,10
"Heaney, Andrew",571760,2021,"30","129.2",130,29,150,41,26.9,7.3,".256",".487",".317","0.804","0.231","84","0","1","8","9","5.83","0","23",".235",".438",".341",".320",".301",".203",".408",".336","89.3","18.5",9.4,67,22,32.6,39.5,60.5,155,392,53.4,1202,78.3,6.3,406,1338,509,2330,78,155,704,46.6,1051,42.2,951,28.3,48.7,34.3,33,25.5,6.9
"Gibson, Kyle",502043,2021,"31","182.0",158,17,155,64,20.6,8.5,".234",".363",".306","0.669","0.129","75","0","0","10","9","3.71","0","30",".238",".370",".293",".302",".311",".132",".339",".308","88.8","7.4",4.9,68.3,14.1,28.5,43.7,56.3,211,483,58.9,1697,77.6,5,385,1774,710,2881,86,114,809,41.1,1184,44.2,1272,25.2,44.8,52.4,18.4,23.7,5.5
"Goudeau, Ashton",623485,2021,"16","34.1",24,4,22,17,15.6,12.1,".202",".370",".312","0.682","0.168","16","0","2","2","1","4.19","0","1",".217",".352",".294",".297",".325",".135",".299",".267","87.8","9",6,71,11.4,25.2,36.4,63.6,28,77,54.1,305,82.4,6,124,255,184,564,88.6,21,184,45.9,259,45.7,258,18.8,46.3,52,27,17,4
"Rogers, Josh",642028,2021,"6","35.2",32,7,22,14,14.6,9.3,".241",".436",".320","0.756","0.195","13","0","0","2","2","3.28","0","6",".263",".508",".326",".361",".340",".245",".384",".313","89.6","17.8",9.7,72,9.5,24.9,43.3,56.7,29,67,50.5,269,75.7,6.9,69,274,190,533,90.5,18,190,49.5,264,37,197,18.3,48.2,31.9,32.7,26.5,8.8
"Gray, Josiah",680686,2021,"14","70.2",63,19,76,33,24.8,10.7,".238",".506",".325","0.831","0.268","43","0","0","2","2","5.48","0","13",".212",".456",".348",".324",".303",".244",".391",".296","88.3","22.1",12.2,72,17.7,31.1,53.6,46.4,112,209,55.3,671,75.3,7,40,626,547,1213,82.3,69,390,44.7,542,40.1,486,30.2,49.4,32.7,33.2,19.4,14.8
"Paddack, Chris",663978,2021,"23","108.1",115,15,99,22,21.6,4.8,".269",".445",".305","0.750","0.176","61","0","1","7","7","5.07","0","22",".268",".461",".319",".330",".305",".193",".405",".348","90.5","10.7",8.6,69.7,21,27.9,34.5,65.5,87,252,48.3,903,78.6,9.3,490,1149,230,1869,79,141,673,51.7,966,42.3,791,24.6,49.5,44.5,27.3,24,4.2
"Eshelman, Thomas",664045,2021,"9","27.2",34,6,11,10,8.7,7.9,".298",".535",".357","0.892","0.237","22","0","0","0","3","7.16","1","6",".276",".466",".377",".352",".340",".191",".353",".306","88.6","19",8.7,61.2,9.7,24.5,26,74,13,50,46.3,204,72.5,9.1,63,214,164,441,90.3,14,145,53.7,237,43.3,191,13.8,44.2,37.5,31.7,23.1,7.7
"Santana, Edgar",650828,2021,"41","42.2",37,7,33,12,18.9,6.9,".228",".383",".282","0.665","0.155","17","0","0","3","0","3.59","3","0",".252",".423",".286",".314",".303",".171",".362",".316","88.1","7.8",6.2,71.3,17.9,27.3,51.9,48.1,41,79,47.4,289,79.6,8,0,396,214,610,82.1,41,229,52.6,321,43,262,26.6,50.5,50.8,20,20.8,8.5
"Helsley, Ryan",664854,2021,"51","47.1",40,4,47,27,22.8,13.1,".227",".341",".327","0.668","0.114","24","1","2","6","4","4.56","10","0",".242",".411",".295",".329",".342",".170",".379",".329","90.9","12.5",8.3,68.1,17.6,24.5,52.5,47.5,53,101,51.3,413,77.8,7.8,22,449,334,805,82.4,47,267,48.7,392,40.9,329,27.2,45.7,42.4,22,26.5,9.1
"Jackson, Jay",543351,2021,"23","21.2",15,3,28,12,31.1,13.3,".197",".382",".303","0.685","0.185","9","0","2","2","1","3.74","5","1",".198",".400",".299",".313",".307",".203",".400",".313","91.3","21.6",12,67.8,17.8,25.8,55.4,44.6,31,56,55.5,217,77.8,6.9,3,135,253,391,82.2,21,118,44.5,174,44,172,29.9,44.5,32,40,24,4
"Díaz, Miguel",622766,2021,"25","42.0",31,8,46,19,26.7,11,".204",".434",".292","0.726","0.230","17","1","0","3","1","3.64","2","2",".248",".469",".312",".347",".332",".221",".436",".356","90.5","11.7",11.2,64.4,13.3,21.2,43.8,56.2,32,73,49.5,344,78.4,7.3,361,321,13,695,86.7,30,226,50.5,351,43,299,20.7,43,42.1,25.2,28,4.7
"Greene, Shane",572888,2021,"28","23.2",25,6,24,14,21.2,12.4,".263",".505",".381","0.886","0.242","19","1","1","0","1","7.23","3","0",".204",".374",".381",".318",".331",".171",".329",".273","89.7","20.8",11.3,64.1,14.9,24.2,40,60,24,60,53,248,73.3,6.4,37,299,0,468,85.1,21,141,47,220,37.8,177,22.4,42.9,36.6,25.4,21.1,16.9
"Cabrera, Génesis",650893,2021,"71","70.0",52,3,77,36,26,12.2,".209",".309",".318","0.627","0.100","29","0","3","4","5","3.73","28","0",".204",".334",".283",".294",".318",".130",".334",".297","88.3","13.2",5.6,71.9,18.9,24.1,49.3,51.4,72,146,50.8,607,75.9,6.9,202,767,226,1195,81.1,80,423,49.2,588,42.7,510,26.7,47.6,43.3,25.3,23,8.4
"Bummer, Aaron",607481,2021,"62","56.1",42,3,75,29,31,12,".202",".250",".310","0.560","0.048","22","2","6","5","5","3.51","21","0",".178",".234",".257",".251",".293",".056",".294",".282","88.2","-10.9",2.2,60.5,17.7,26.1,63.6,36.4,82,129,51.9,495,69.9,7.7,6,665,0,962,82.3,49,277,48.1,458,39.9,380,32.1,42.4,76.9,9.7,11.2,2.2
"Castillo, Diego",650895,2021,"61","58.1",40,9,75,17,32.2,7.3,".194",".354",".268","0.622","0.160","18","16","6","5","5","2.78","11","0",".188",".319",".268",".260",".265",".131",".339",".292","88.3","10.9",8.1,65.8,17.3,33.2,58.9,41.1,99,168,54.1,506,72.6,6.6,0,314,622,936,82.7,49,283,45.9,430,39,365,32.8,48.2,51.5,25,17.6,5.9
"Leone, Dominic",608678,2021,"57","53.2",37,2,50,22,22.8,10,".195",".268",".279","0.547","0.073","9","2","2","4","5","1.51","15","4",".208",".346",".247",".286",".294",".138",".324",".284","88.5","11.4",4.1,67.6,20.1,31.4,47.7,52.3,71,149,55.8,475,67.9,6.2,0,616,235,851,79.9,51,254,44.2,376,42.4,361,30.3,47.4,49.7,25.5,18.6,6.2
"Crochet, Garrett",676979,2021,"54","54.1",42,2,65,27,28.3,11.7,".213",".289",".308","0.597","0.076","17","0","1","3","5","2.82","14","0",".212",".318",".269",".281",".308",".106",".337",".313","88.8","14.2",4.4,63.8,19.8,25.2,52.2,47.8,60,115,49.8,456,84.6,8.5,73,587,29,915,80.2,58,293,50.2,459,41.3,378,28.9,44.6,40.4,20.6,27.9,11
"Cishek, Steve",518553,2021,"74","68.1",61,2,64,41,20.8,13.3,".238",".316",".352","0.668","0.078","26","0","5","0","2","3.42","21","0",".208",".322",".299",".297",".331",".114",".308",".277","84.9","9.7",6.1,62,14.4,25,33.3,66.7,57,171,55.4,684,63.9,5.8,3,766,484,1255,85.6,49,341,44.6,550,37.9,468,20.3,41.6,50.8,21.8,18.3,9.1
"Garrett, Amir",607237,2021,"63","47.2",46,9,61,29,28.4,13.5,".249",".449",".350","0.799","0.200","32","7","4","0","4","6.04","7","0",".225",".403",".340",".317",".330",".178",".398",".336","90.4","8.9",9.6,62.2,22.4,27,57.3,42.7,67,117,52.4,434,69.1,8.2,0,405,423,828,77.6,55,245,47.6,394,40.1,332,33.7,43.7,51.2,18.4,21.6,8.8
"Smith, Joe",501925,2021,"50","39.2",47,5,34,8,19.7,4.6,".297",".462",".339","0.801","0.165","22","0","3","4","4","4.99","4","0",".238",".392",".339",".291",".284",".155",".340",".299","87.9","9.5",5.5,67.5,12.3,31.1,39.2,60.8,38,97,48,312,70.2,8.8,14,409,227,650,87.7,28,228,52,338,39.7,258,20.3,50,50,22.7,21.9,5.5
"Emanuel, Kent",592288,2021,"10","17.2",12,4,13,4,19.1,5.9,".190",".381",".250","0.631","0.191","5","0","0","1","0","2.55","1","0",".209",".381",".273",".285",".268",".172",".318",".265","86.9","10.3",6,60.3,11,24.4,20.7,79.3,6,29,49.6,119,81.8,9.2,45,127,0,240,89,8,73,50.4,121,38.3,92,13.7,42.5,50,30,14,6
"Taylor, Blake",642130,2021,"51","42.2",38,6,41,22,21.8,11.7,".233",".399",".321","0.720","0.166","15","0","5","4","4","3.16","5","0",".201",".359",".310",".285",".293",".158",".314",".265","84.5","16.7",7.2,72.9,17.2,22.6,43.2,56.8,41,95,56.1,420,79.5,5.9,0,542,206,748,82.8,41,239,43.9,328,39.3,294,24.6,44.7,41.6,27.2,17.6,13.6
"Bradley, Archie",605151,2021,"53","51.0",51,5,40,22,17.9,9.8,".258",".404",".339","0.743","0.146","21","2","3","7","3","3.71","13","0",".228",".365",".324",".305",".315",".138",".323",".287","86.9","6.7",6.3,70,13.5,27.9,26.6,73.4,37,139,54.1,498,76.2,6.8,129,649,143,921,86.5,40,296,45.9,423,42.3,390,17.7,47.2,56.6,17,19.5,6.9
"Naughton, Packy",676050,2021,"7","22.2",27,3,12,14,11.1,13,".290",".419",".389","0.808","0.129","16","0","0","0","4","6.35","0","5",".273",".418",".354",".350",".374",".144",".342",".314","86.6","4.3",4.9,68.5,14.4,31.2,31.9,68.1,22,69,57.7,221,76.9,3.4,106,218,59,383,85.6,16,111,42.3,162,43.6,167,21.1,47,51.9,14.8,28.4,4.9
"Valdez, Framber",664285,2021,"22","134.2",110,12,125,58,21.9,10.1,".220",".327",".313","0.640","0.107","47","0","0","11","6","3.14","0","22",".227",".346",".288",".302",".321",".119",".331",".303","90.8","-5.5",5.8,61.5,13.9,24.3,56.2,43.8,146,260,51.3,1072,74.5,6.7,252,1194,644,2090,86.1,87,626,48.7,1018,42.2,881,26.3,42.4,70.4,11.1,17.2,1.3
"Maton, Phil",664208,2021,"65","66.2",65,6,85,32,28.6,10.8,".256",".425",".347","0.772","0.169","35","0","4","6","0","4.73","5","1",".205",".345",".335",".295",".307",".140",".351",".306","88","12.9",7.5,67.8,24.9,31.7,54.7,45.3,105,192,51.5,605,79.3,7.8,0,661,452,1174,75.1,96,386,48.5,569,40.2,472,34.8,49.2,39.7,28.2,27,5.2
"Cousins, Jake",664776,2021,"30","30.0",16,3,44,19,35.2,15.2,".158",".267",".315","0.582","0.109","9","0","0","1","0","2.70","7","0",".177",".313",".272",".296",".330",".135",".370",".314","86.9","12.3",6.9,58.4,25.8,30.9,62.1,37.9,59,95,57.6,307,66.7,7.3,4,204,325,533,74.2,34,132,42.4,226,38.5,205,41,42.6,48.3,25.9,22.4,3.4
"Chapman, Aroldis",547973,2021,"61","56.1",36,9,97,38,39.9,15.6,".182",".359",".320","0.679","0.177","21","30","4","6","4","3.36","1","0",".171",".367",".300",".301",".313",".196",".436",".334","88","12.1",16.2,64.4,30.9,25.5,60.2,39.8,80,133,51.9,521,72.6,7.3,111,625,268,1004,69.1,96,311,48.1,483,41.5,417,39.6,44.2,43.8,24.8,23.8,7.6
"Feyereisen, J.P.",656420,2021,"55","56.0",36,5,53,33,22.6,14.1,".183",".320",".297","0.617","0.137","17","3","3","4","4","2.73","15","0",".199",".366",".278",".303",".313",".167",".325",".270","89","19.4",8.1,73.2,26.2,31.8,47.9,52.1,90,188,59.9,591,77.4,5.4,196,509,282,987,73.8,76,290,40.1,396,39.6,391,34.7,48.4,38.5,33.8,17.6,10.1
"Scherzer, Max",453286,2021,"30","179.1",119,23,236,36,34.1,5.2,".185",".331",".239","0.570","0.146","49","0","0","15","4","2.46","0","30",".192",".355",".248",".262",".246",".163",".365",".302","87.9","19.3",8,71,25.9,29.8,54.7,45.3,227,415,49.4,1394,78.3,8.2,421,1594,806,2821,74.1,262,1013,50.6,1427,42.8,1207,34.2,50.6,35,32.4,22.6,10
"Mikolas, Miles",571945,2021,"9","44.2",43,6,31,11,16.7,5.9,".253",".406",".304","0.710","0.153","21","0","0","2","3","4.23","0","9",".259",".425",".307",".323",".312",".166",".360",".317","87.7","9.8",7.7,65.7,12.9,28.3,29.7,70.3,27,91,45.3,321,82.8,8.2,51,350,307,709,87.1,33,255,54.7,388,45.3,321,17.3,48.8,53.5,21.8,18.3,6.3
"Barria, Jaime",642545,2021,"13","56.2",70,8,35,19,14,7.6,".307",".474",".364","0.838","0.167","29","0","0","2","4","4.61","0","11",".297",".477",".361",".360",".355",".180",".389",".349","90","14.2",6.2,69,13,25.7,33.9,66.1,42,124,52.6,482,80.3,6.7,77,506,334,917,87,39,300,47.4,435,40.9,375,19.1,46.2,44.3,23.2,27.8,4.6
"Brebbia, John",605154,2021,"18","18.1",25,4,22,4,25.3,4.6,".316",".557",".360","0.917","0.241","12","0","1","0","1","5.89","1","0",".240",".417",".379",".294",".290",".178",".377",".327","89.8","19.6",6.8,76.3,20,29.7,32.6,67.4,15,46,46.7,155,74.2,9.3,5,164,163,332,80,27,135,53.3,177,39.2,130,23.2,54.5,28.8,32.2,32.2,6.8
"Anderson, Ian",666120,2021,"24","128.1",105,16,124,53,23.2,9.9,".221",".371",".300","0.671","0.150","51","0","0","9","5","3.58","0","24",".232",".411",".293",".315",".310",".179",".370",".314","88.3","6.4",9.5,68.7,20.3,26.3,47.7,52.6,146,306,53.4,1162,80.6,7.6,684,1031,438,2175,79.7,141,696,46.6,1013,40.7,886,28.6,46.1,52.1,20.4,21.8,5.6
"Bowden, Ben",641386,2021,"39","35.2",44,6,42,21,23.7,11.9,".288",".503",".377","0.880","0.215","26","0","1","3","2","6.56","1","0",".235",".427",".374",".328",".331",".193",".386",".323","88.7","22.6",10.6,72.3,24.3,20.1,44.1,55.9,30,68,50.1,338,88.3,8.9,125,478,71,674,75.7,59,243,49.9,336,41.1,277,28.6,46.1,27.4,29.2,31,12.4
"Musgrove, Joe",605397,2021,"32","181.1",142,22,203,54,27.1,7.2,".213",".364",".287","0.651","0.151","64","0","0","11","9","3.18","0","31",".233",".392",".284",".305",".305",".159",".380",".331","87.8","11.6",7.2,63.4,18.5,30.9,52.8,47.4,244,462,50.9,1494,65,7.6,142,1282,1514,2938,81.7,169,915,49.1,1444,41.2,1209,30,46.9,45,26.8,22,6.1
"Feliz, Michael",593140,2021,"21","20.0",26,4,22,7,24.4,7.8,".313",".506",".367","0.873","0.193","16","1","0","0","0","7.20","0","0",".291",".538",".374",".376",".346",".247",".476",".396","91.2","21.2",9.8,66.7,20.6,29.3,49.1,50.9,26,53,48.9,181,72,6.8,28,215,127,370,79.4,26,126,51.1,189,40,148,29.1,48.4,26.2,29.5,32.8,11.5
"Wantz, Andrew",681806,2021,"21","27.1",23,5,38,11,31.7,9.2,".219",".400",".311","0.711","0.181","15","0","1","1","0","4.94","0","0",".218",".415",".308",".313",".310",".197",".416",".342","87.8","20.8",11.9,69.1,23.8,25.2,49.2,50.8,29,59,48.4,234,70.6,7,37,360,77,483,76.2,41,172,51.6,249,41.4,200,30.3,47.8,29.9,25.4,32.8,11.9
"Suarez, José",660761,2021,"23","98.1",85,11,85,36,20.6,8.7,".230",".382",".304","0.686","0.152","41","0","0","8","8","3.75","0","14",".253",".396",".299",".318",".326",".143",".362",".328","87.4","9.9",6.3,68.4,20.3,27.5,37,63,84,227,52.4,825,87.8,6.2,466,779,391,1650,79.7,104,512,47.6,748,45.3,712,25.8,47,48.6,22.6,22.6,6.3
"Gsellman, Robert",607229,2021,"17","28.2",27,3,17,7,14.3,5.9,".248",".385",".305","0.690","0.137","12","0","0","0","1","3.77","2","1",".278",".432",".302",".335",".333",".154",".361",".329","86.3","7.4",5.4,71.4,15.5,29,39.3,60.7,24,61,49.2,210,70.4,6.3,70,267,90,427,85.2,24,155,50.8,217,43.8,187,22.2,50.6,48.9,21.7,23.9,5.4
"Garza Jr., Ralph",621248,2021,"27","30.1",24,5,29,14,22.8,11,".214",".411",".307","0.718","0.197","12","1","1","1","4","3.56","2","0",".232",".412",".309",".319",".322",".180",".367",".312","88.9","11.9",7.2,65.4,15.9,28.3,40.3,59.7,29,72,52.4,254,78.6,8.7,41,278,166,485,84.1,24,151,47.6,231,39.4,191,23.8,46,38.6,27.7,26.5,7.2
"Andriese, Matt",542882,2021,"34","48.1",65,7,50,13,22.5,5.9,".323",".488",".371","0.859","0.165","28","1","3","2","3","5.21","3","0",".286",".467",".367",".347",".337",".181",".421",".374","91.3","12.2",6.5,69.8,15.8,26.2,41.1,58.9,46,112,50.1,428,83.1,6.9,290,457,108,855,84.2,47,298,49.9,427,42,359,22.7,48,44.5,25.2,25.2,5.2
"Tate, Dillon",622253,2021,"62","67.2",61,7,49,23,17.1,8,".245",".394",".319","0.713","0.149","33","3","2","0","6","4.39","8","0",".236",".365",".310",".313",".320",".129",".331",".297","87.6","0.9",6.3,63.1,17,28,35,65,50,143,49,511,75,9.2,165,871,0,1042,83.3,57,335,51,531,43.6,454,22.4,45.9,61.1,17.3,16.3,5.3
"Slegers, Aaron",642083,2021,"29","31.0",43,6,25,15,16.8,10.1,".326",".545",".399","0.944","0.219","24","0","2","2","2","6.97","2","0",".264",".429",".403",".340",".344",".165",".367",".326","88.3","5",6.5,68.6,14.9,30.8,43.3,56.7,42,97,55.3,315,73.2,7.2,52,325,189,570,85.1,26,175,44.7,255,44.7,255,25,47.7,59.3,15.7,18.5,6.5
"Anderson, Chase",502624,2021,"14","48.0",51,10,35,20,16.3,9.3,".268",".521",".346","0.867","0.253","36","0","0","2","4","6.75","0","9",".256",".490",".366",".358",".338",".234",".391",".315","85","13.5",8.9,69.2,19.7,25.8,32.8,67.2,38,116,52.7,449,72.9,5.6,251,487,114,852,80.3,55,279,47.3,403,43.7,372,23.5,46.4,37.6,30.6,22.3,9.6
"Ponce de Leon, Daniel",594965,2021,"24","33.1",32,5,24,23,15.1,14.5,".252",".465",".380","0.845","0.213","23","2","1","1","1","6.21","0","2",".232",".440",".363",".358",".369",".209",".353",".285","89.6","19.1",6.5,72.7,17.2,24.1,33.3,66.7,28,84,53.4,349,75,6.7,79,547,27,653,82.8,38,221,46.6,304,44,287,21.6,46.7,37.4,37.4,16.8,8.4
"Castillo, Luis",622491,2021,"33","187.2",181,19,192,75,23.9,9.3,".255",".402",".331","0.733","0.147","83","0","0","8","16","3.98","0","33",".229",".346",".318",".293",".309",".118",".341",".313","87.7","4.2",4.5,71,21.6,30.5,43.4,56.8,225,519,53.7,1699,76.9,6.7,964,1650,550,3164,78.4,225,1040,46.3,1465,44.9,1420,28.9,49.3,57.8,17,21.6,3.6
"Barlow, Joe",669618,2021,"31","29.0",12,2,27,12,24.3,10.8,".124",".216",".216","0.432","0.092","5","11","1","0","2","1.55","3","0",".202",".362",".200",".287",".288",".161",".328",".277","89.2","17.2",5.6,71.2,19.6,30,38.9,61.1,28,72,52.7,240,80.6,7.9,0,212,243,455,80.4,30,153,47.3,215,43.3,197,25.8,49.5,38.9,27.8,23.6,9.7
"Allen, Logan",663531,2021,"14","50.1",58,12,37,17,16.7,7.7,".291",".518",".356","0.874","0.227","35","0","0","2","7","6.26","0","11",".290",".531",".371",".380",".357",".241",".425",".355","90.2","8.8",10.4,67.1,15.8,24.6,27.4,72.6,31,113,52.6,460,86,6.5,141,383,97,874,84.2,44,278,47.4,414,42.7,373,19.2,44.7,45.1,25.6,26.8,2.4
"Castano, Daniel",641447,2021,"5","20.1",22,3,13,8,14.1,8.7,".268",".451",".341","0.792","0.183","11","0","0","0","2","4.87","0","4",".288",".494",".342",".371",".358",".206",".398",".342","85.9","13.2",10,72.9,11.6,23.7,35.1,64.9,13,37,46.8,156,86.7,9,45,171,117,333,88.4,15,129,53.2,177,42.3,141,16.9,49.8,41.4,27.1,27.1,4.3
"Heuer, Codi",676051,2021,"65","67.1",65,7,56,23,19.9,8.2,".261",".406",".325","0.731","0.145","32","2","3","7","4","4.28","18","0",".249",".385",".313",".303",".314",".136",".346",".317","87.3","12.7",4.5,72.8,18.8,31.5,49.1,50.9,82,167,50.5,530,82.8,8.9,217,589,243,1049,81.2,71,378,49.5,519,41.1,431,28.1,52,45.5,21.5,25,8
"Campbell, Paul",669294,2021,"16","26.2",32,5,26,10,21,8.1,".288",".486",".358","0.844","0.198","19","0","0","2","3","6.41","0","1",".258",".478",".363",".350",".330",".221",".408",".337","88.9","14.2",12.8,72.1,19.3,21.9,42.9,57.1,21,49,47.9,224,88.6,7.5,28,216,224,468,80.7,34,176,52.1,244,41.5,194,24.4,48.1,44.2,26.7,23.3,5.8
"Civale, Aaron",650644,2021,"21","124.1",108,23,99,31,19.9,6.2,".236",".443",".288","0.731","0.207","53","0","0","12","5","3.84","0","21",".258",".462",".311",".333",".309",".204",".389",".327","88.3","12.1",8.2,67.9,14.4,29.2,35.9,64.1,106,295,52.9,1010,76.1,7,258,1117,506,1909,85.6,88,610,47.1,899,44.1,842,21.4,47.4,45.3,25,22.8,6.9
"Loáisiga, Jonathan",642528,2021,"57","70.2",56,3,69,16,24.4,5.7,".215",".281",".267","0.548","0.066","17","5","4","9","4","2.17","18","0",".186",".256",".245",".230",".242",".069",".266",".254","84","1.5",3.1,69.4,21.3,37.4,39.4,60.6,82,208,51.2,556,71.7,8.5,200,638,247,1085,78.7,78,367,48.8,529,45.4,493,27.8,53,61.5,15.9,15.9,6.7
"Means, John",607644,2021,"26","146.2",125,30,134,26,22.7,4.4,".224",".427",".263","0.690","0.203","59","0","0","6","9","3.62","0","26",".235",".445",".294",".308",".275",".210",".378",".310","87.9","20.3",10.1,73,23.1,26.9,32.1,67.9,98,305,48.8,1135,80.4,8.5,634,1116,577,2328,76.9,201,871,51.2,1193,45,1048,25.4,50.5,33.3,30.5,23.2,12.9
"Wendelken, J.B.",605525,2021,"46","43.2",44,4,39,22,20.1,11.3,".256",".372",".340","0.712","0.116","21","2","1","4","3","4.33","6","0",".260",".420",".310",".331",".345",".160",".378",".337","87.9","11.9",6.8,70.6,18.8,23,39.3,60.7,33,84,48.7,365,81.8,7.3,72,481,196,749,81.2,51,271,51.3,384,41,307,23.7,47.4,45.9,24.1,22.6,7.5
"Rogers, Trevor",669432,2021,"25","133.0",107,6,157,46,28.5,8.4,".218",".318",".291","0.609","0.100","39","0","0","7","8","2.64","0","25",".218",".344",".270",".283",".292",".126",".356",".321","87.7","12.5",5,68.1,24.5,29.8,46.5,53.8,147,316,48.9,1060,81.3,7.4,595,1252,322,2169,75.5,185,755,51.1,1109,43.8,949,31,49.4,41.6,26.1,27.3,5
"Loup, Aaron",571901,2021,"65","56.2",37,1,57,16,26.1,7.3,".192",".238",".263","0.501","0.046","6","0","4","6","0","0.95","17","2",".225",".306",".229",".275",".296",".081",".327",".316","88.1","9.1",2.1,62.6,19.8,29.5,45.3,54.7,53,117,47.7,397,71.4,9.2,72,706,55,833,80.2,54,273,52.3,436,40.8,340,27.4,46.8,53.2,18.4,26.2,2.1
"Sanchez, Aaron",592717,2021,"9","35.1",32,2,26,15,16.7,9.6,".234",".328",".327","0.655","0.094","12","0","0","1","1","3.06","0","7",".229",".352",".296",".305",".323",".122",".309",".283","86.5","5.6",4.5,66.2,14.9,21.5,35.8,64.2,24,67,52.3,311,75,9.4,120,293,182,595,85.1,28,188,47.7,284,40.3,240,20.4,42.9,53.2,21.6,19.8,5.4
"Suero, Wander",593833,2021,"45","42.2",45,11,44,15,23.2,7.9,".266",".521",".337","0.858","0.255","30","0","3","2","3","6.33","7","0",".261",".494",".361",".353",".333",".234",".427",".349","89","18.9",10.2,70.7,21.8,27.4,35.3,64.7,36,102,48.9,372,82.7,6.8,120,577,64,761,78.2,60,275,51.1,389,43.4,330,25.5,49.5,33.1,26.8,26.8,13.4
"Hoffman, Jeff",656546,2021,"31","73.0",70,12,79,45,23.6,13.4,".248",".436",".359","0.795","0.188","37","0","0","3","5","4.56","2","11",".232",".402",".345",".329",".346",".170",".370",".319","89","15.4",7.3,68.2,20,23.9,53.7,46.3,94,175,53.8,731,75.3,7.1,169,758,433,1360,80,86,429,46.3,629,39.3,534,29.8,44.4,38.3,27.2,26.2,8.3
"Payamps, Joel",606303,2021,"37","50.1",44,6,38,14,18.5,6.8,".232",".379",".288","0.667","0.147","19","0","0","1","3","3.40","0","1",".213",".343",".286",".268",".271",".130",".299",".266","86.3","13.9",5.3,69.2,21.4,30,26.6,73.4,34,128,51.7,427,78.3,7.3,81,500,244,826,78.6,59,276,48.3,399,45,372,23,48.9,45.4,26.3,18.4,9.9
"Ureña, José",570632,2021,"26","100.2",119,14,67,42,14.7,9.2,".292",".475",".362","0.837","0.183","65","0","0","4","8","5.81","1","18",".280",".479",".360",".364",".353",".199",".390",".336","90.8","8.2",8.7,68.9,13.8,27.3,34.8,65.2,87,250,54.1,917,73.5,6.7,231,1074,390,1695,86.2,74,536,45.9,778,40.8,691,20.5,46.4,53.1,19,23.9,4.1
"Zimmermann, Bruce",669145,2021,"14","64.1",75,14,56,22,19.6,7.7,".291",".492",".349","0.841","0.201","36","0","0","4","5","5.04","0","13",".290",".532",".359",".377",".350",".242",".443",".370","91","13.7",9.8,66.4,17.7,28,42.9,57.1,69,161,52.1,576,76.3,6.9,285,466,354,1105,82.3,62,351,47.9,529,44.5,492,25.6,46.3,41,23.9,27.3,7.8
"McKenzie, Triston",663474,2021,"25","120.0",84,21,136,58,27.5,11.7,".194",".383",".293","0.676","0.189","66","0","0","5","9","4.95","0","24",".224",".414",".296",".321",".319",".190",".391",".326","90.3","21.6",9.7,69.7,17.5,30.7,47.3,52.7,157,332,54.7,1081,77.1,6.6,25,1216,734,1975,82.5,109,623,45.3,894,43.9,868,27.9,48.4,30.2,30.5,29.2,10.1
"Gant, John",607231,2021,"39","110.0",95,10,92,71,18.7,14.5,".233",".368",".352","0.720","0.135","50","0","0","5","11","4.09","2","21",".256",".402",".321",".346",".373",".146",".365",".330","89.9","10.1",5.6,67.7,17.8,22.7,41.6,58.4,101,243,54.2,1071,75.8,6.5,444,1361,170,1975,82.2,109,612,45.8,904,42.1,831,24.6,43.3,49.1,23,23.3,4.7
"Smith, Caleb",592761,2021,"45","113.2",93,20,124,63,24.8,12.6,".217",".401",".325","0.726","0.184","61","0","2","4","9","4.83","2","13",".211",".385",".317",".312",".320",".174",".356",".297","86.8","23.7",8.5,68.1,23.4,24.3,39,61.4,98,251,50,1033,84.8,8,304,995,768,2067,76.6,165,704,50,1034,43.4,897,27.5,46.2,28.8,35.3,22.9,13.1
"Woodruff, Brandon",605540,2021,"30","179.1",130,18,211,43,29.8,6.1,".200",".317",".256","0.573","0.117","51","0","0","9","10","2.56","0","30",".223",".355",".252",".280",".278",".132",".366",".329","86.2","10.6",5.8,68.5,23.2,32.1,39.8,60.2,172,432,47.9,1345,78.8,8.5,399,1698,713,2810,76.8,233,1004,52.1,1465,43.6,1224,28.2,51.1,43.4,22.6,27.5,6.5
"Kopech, Michael",656629,2021,"44","69.1",54,9,103,24,36.1,8.4,".210",".374",".277","0.651","0.164","27","0","1","4","3","3.50","15","4",".181",".330",".280",".260",".256",".149",".366",".307","88.3","18.6",8.9,63.9,27.1,26.4,48.6,51.4,67,138,46.3,522,70.9,7.6,29,726,373,1154,72.9,105,387,53.7,606,45.2,510,32.8,46.5,39.5,27.4,22.3,10.8
"Espino, Paolo",502179,2021,"35","109.2",108,19,92,25,20.2,5.5,".256",".460",".297","0.757","0.204","52","1","0","5","5","4.27","0","19",".264",".490",".319",".337",".305",".225",".404",".335","89.6","17.4",11.6,62.9,12.3,29,37.8,62.2,94,249,49.5,859,73.3,7.6,72,958,425,1735,87.7,68,551,50.5,876,44.6,774,20.3,46.1,37.7,29.1,24,9.2
"Lugo, Seth",607625,2021,"46","46.1",41,6,55,19,28.2,9.7,".237",".399",".313","0.712","0.162","18","1","4","4","3","3.50","14","0",".245",".404",".305",".314",".321",".158",".401",".355","89.2","9.7",8.3,64.5,22.1,30.4,49.6,50.4,56,113,51,372,78.2,7.5,23,394,313,730,77.9,51,231,49,358,40.3,294,31.1,47.1,41.7,24.2,29.2,5
"Taillon, Jameson",592791,2021,"29","144.1",130,24,140,44,23.2,7.3,".238",".422",".299","0.721","0.184","69","0","0","8","6","4.30","0","29",".226",".406",".309",".305",".291",".181",".362",".303","88.9","20.9",8.2,71.7,19.7,29.6,43.4,56.9,151,348,49.5,1175,77.6,7.7,141,1434,796,2372,80.4,169,858,50.5,1197,42.3,1003,26.5,50.8,34.4,32.2,22.3,11.1
"Clay, Sam",621348,2021,"58","45.0",55,4,34,22,15.9,10.3,".296",".409",".383","0.792","0.113","28","0","1","0","5","5.60","13","0",".266",".415",".342",".335",".358",".150",".358",".323","89.7","0.6",5.9,63.2,13,25.8,42.3,57.7,44,104,50.2,403,79.6,6.7,79,528,196,803,87,33,253,49.8,400,44.1,354,21.6,44.5,60.1,13.7,23.5,2.6
"Floro, Dylan",571670,2021,"68","64.0",53,2,62,25,23,9.3,".217",".287",".289","0.576","0.070","20","15","6","6","6","2.81","11","0",".230",".351",".255",".288",".301",".121",".337",".308","85.9","9.1",5.5,68.8,17.6,29.1,35.2,64.8,56,159,50.8,547,76.8,6.4,259,676,141,1076,82.4,64,364,49.2,529,44.6,480,22.9,48.6,49.2,24,21.9,4.9
"Luzardo, Jesús",666200,2021,"25","95.1",106,20,98,48,22.4,11,".280",".524",".363","0.887","0.244","70","0","0","6","9","6.61","1","18",".249",".463",".375",".348",".339",".214",".406",".335","89.5","14.3",10.1,70.4,19.5,27.5,52.1,48.3,135,259,54.5,942,79.6,6,346,883,498,1727,80.7,108,553,45.5,785,39.7,685,29.9,47,39.4,28.9,26.1,5.6
"Ottavino, Adam",493603,2021,"69","62.0",55,5,71,36,25.6,13,".239",".374",".356","0.730","0.135","29","11","6","7","3","4.21","22","0",".206",".319",".324",".298",".330",".113",".328",".296","86.1","11.8",4.9,59.9,18.2,23.1,50.7,49.3,71,140,52.8,605,70.9,6.9,19,571,8,1146,81.8,59,324,47.2,541,39.2,449,28,40.5,41.7,28.8,21.5,8
"Shaw, Bryan",543766,2021,"81","77.1",69,10,71,38,21.3,11.4,".235",".388",".324","0.712","0.153","30","2","6","6","7","3.49","20","0",".245",".402",".313",".325",".333",".157",".365",".323","88.8","8.4",7.1,71.1,17.1,28.1,45.1,54.9,92,204,53.1,725,83.8,8.1,58,1084,79,1367,82.9,78,455,46.9,640,40.3,550,25.8,48.3,46.9,21.9,25.9,5.4
"Howard, Sam",607572,2021,"54","45.0",34,7,60,33,30,16.5,".211",".379",".352","0.731","0.168","28","0","1","3","4","5.60","11","1",".193",".341",".325",".316",".342",".148",".371",".310","87.3","13.4",8.7,65.4,29.4,27.4,54.7,45.3,70,128,55.2,467,72.3,5.6,15,366,465,846,70.6,73,248,44.8,379,43.4,367,38,44.4,44.2,28.8,16.3,10.6
"Lange, Alex",656638,2021,"36","35.2",37,5,39,16,24.1,9.9,".259",".420",".346","0.766","0.161","16","1","3","1","3","4.04","6","0",".263",".492",".335",".362",".349",".229",".436",".361","93.9","11.5",13.5,69.1,17.6,33,55.4,44.6,67,121,57.4,367,63.6,6.9,97,290,252,639,82.4,33,188,42.6,272,38.2,244,32.4,48.4,44.2,22.1,27.9,5.8
"Selman, Sam",572125,2021,"25","25.0",20,3,19,12,17.3,10.9,".222",".356",".336","0.692","0.134","16","0","1","0","1","5.76","1","0",".242",".396",".305",".338",".360",".155",".346",".306","84.1","25.5",5.4,71.2,22,24.7,16.1,83.9,10,62,50.8,251,70,8.1,0,274,220,494,78,38,173,49.2,243,44.5,220,20.4,47.6,24.3,35.1,25.7,14.9
"Dobnak, Randy",677976,2021,"14","50.2",66,11,27,12,11.8,5.3,".310",".554",".348","0.902","0.244","43","1","0","1","7","7.64","0","6",".316",".545",".380",".388",".357",".229",".423",".364","91.7","2.3",10.2,69.7,5.5,26.8,45.8,54.2,49,107,52.2,399,88.5,6.8,56,455,254,765,94.5,14,255,47.8,366,38.4,294,17.4,47.3,56.7,15.5,24.1,3.7
"Jackson, Luke",592426,2021,"71","63.2",45,6,70,29,26.8,11.1,".198",".317",".292","0.609","0.119","14","0","4","2","2","1.98","31","0",".225",".389",".270",".309",".317",".164",".375",".323","90.5","6.2",8.1,70.1,20.6,28.4,51.2,48.8,83,162,54,570,71,6.5,0,376,679,1055,79.4,70,340,46,485,41.3,436,30.5,47.6,53.8,18.8,24.4,3.1
"Richards, Trevor",670950,2021,"53","64.1",40,12,78,22,31.1,8.8,".175",".364",".248","0.612","0.189","25","1","5","7","2","3.50","6","0",".213",".418",".264",".300",".282",".205",".402",".323","90.4","22",11.3,69.9,21.2,30.7,51.9,48.1,98,189,58.1,616,76.7,6.9,313,602,146,1061,78.8,66,311,41.9,445,40.2,427,32.8,47.1,28.5,35.1,25.2,11.3
"Anderson, Tyler",542881,2021,"31","167.0",170,27,134,38,19.1,5.4,".262",".452",".301","0.753","0.190","84","0","0","7","11","4.53","0","31",".254",".428",".319",".315",".296",".174",".369",".320","87","18.2",8.5,73,19.7,33.4,31.5,68.5,130,413,47.6,1238,81.2,7.1,641,1920,40,2602,80.3,196,996,52.4,1364,44.9,1167,23.1,54.2,37.7,28.5,25.3,8.5
"Patiño, Luis",672715,2021,"19","77.1",69,12,74,29,22.2,8.7,".232",".393",".303","0.696","0.161","37","0","0","5","3","4.31","0","15",".242",".437",".300",".322",".314",".195",".378",".320","89.8","20.6",8.4,72.8,19,28.6,42.2,57.8,81,192,49.2,671,87.4,8.1,68,870,427,1365,81,96,505,50.8,694,42,573,25.4,51.1,31.7,30.4,26.4,11.5
"Rasmussen, Drew",656876,2021,"35","76.0",57,5,73,25,23.8,8.1,".204",".307",".268","0.575","0.103","24","1","0","4","1","2.84","1","10",".243",".379",".252",".299",".305",".135",".360",".329","91.4","8.8",5.7,65.8,19.6,27.1,40.8,59.2,64,157,48.3,580,71.6,7.9,29,791,351,1202,80.4,80,409,51.7,622,43.1,518,25.4,47.1,48.3,22,25.4,4.3
"Anderson, Brett",474463,2021,"24","96.0",102,11,58,28,14.2,6.8,".276",".439",".327","0.766","0.163","45","0","0","4","9","4.22","0","24",".293",".473",".328",".360",".347",".181",".395",".348","90.9","3",9.3,62,7,26.3,34.1,65.9,77,226,57,860,72.2,5.2,387,812,309,1508,93,28,402,43,648,41.6,627,16.7,41.6,58.9,15.6,23.7,1.9
"Reid-Foley, Sean",656887,2021,"12","20.2",22,3,26,9,28.3,9.8,".265",".434",".337","0.771","0.169","12","0","0","2","1","5.23","0","0",".243",".423",".326",".313",".317",".181",".410",".353","90.6","14.5",10.5,70.1,22.5,23.5,47.7,52.3,21,44,50.4,187,73.3,8.1,48,234,89,371,77.5,29,129,49.6,184,41.8,155,28.9,46.6,38.6,26.3,28.1,7
"Archer, Chris",502042,2021,"6","19.1",18,3,21,8,25.3,9.6,".240",".413",".313","0.726","0.173","10","0","0","1","1","4.66","0","5",".258",".532",".316",".366",".329",".274",".459",".358","92.1","20.3",13,69.2,17.3,23.8,62.5,37.5,25,40,51.4,168,77.8,5.5,42,147,138,327,82.7,19,110,48.6,159,39.4,129,29.3,45.9,31.5,35.2,25.9,7.4
"Ellis, Chris",595939,2021,"7","29.1",21,3,23,14,19,11.6,".200",".324",".306","0.630","0.124","7","0","0","1","0","2.15","0","6",".261",".453",".284",".353",".358",".192",".386",".334","92.6","23",12.2,66.5,19.9,26.3,41.3,58.7,26,63,49.8,240,84.4,6.6,41,232,209,482,80.1,32,161,50.2,242,44.2,213,25.9,46.5,30.5,25.6,29.3,14.6
"Alcala, Jorge",660896,2021,"59","59.2",45,10,61,13,26.6,5.7,".214",".381",".263","0.644","0.167","26","1","4","3","6","3.92","11","0",".222",".402",".275",".291",".273",".179",".371",".311","86.9","11.7",9.2,72.8,22.3,34.1,45.4,54.6,64,141,47.5,413,85.3,7.8,135,380,354,869,77.7,74,332,52.5,456,43.5,378,29.2,54.4,43.1,29.4,20.3,7.2
"Vesia, Alex",681911,2021,"41","40.0",17,6,54,22,33.5,13.7,".126",".296",".255","0.551","0.170","10","1","1","3","1","2.25","10","0",".140",".318",".241",".261",".269",".178",".322",".233","87.6","23.5",10.8,72.3,33.8,24.1,51.3,48.7,40,78,49.6,323,81.6,7.5,66,471,114,651,66.2,80,237,50.4,328,43.3,282,38.1,48.4,25.3,45.8,16.9,12
"Hernández, Darwinzon",650382,2021,"48","40.0",29,5,54,31,29.7,17,".203",".343",".359","0.702","0.140","15","0","4","2","2","3.38","12","0",".206",".331",".320",".323",".364",".125",".366",".328","88.2","10.9",5.4,62.7,27.2,15.5,52.7,47.3,29,55,47.1,355,80.4,7.4,0,558,196,754,72.8,68,250,52.9,399,42.8,323,31.8,40.5,45.7,19.6,26.1,8.7
"Hudson, Daniel",543339,2021,"54","51.2",40,8,75,16,35.7,7.6,".211",".405",".267","0.672","0.194","19","0","3","5","3","3.31","16","0",".195",".407",".284",".282",".254",".213",".408",".314","90.5","19.9",13.4,76.3,24.7,28.3,60.2,39.8,74,123,50.3,435,90,9.2,24,592,249,865,75.3,81,328,49.7,430,43.4,375,34.4,52.1,29.4,40.3,23.5,6.7
"Marshall, Evan",605359,2021,"27","27.1",28,5,26,9,23,8,".277",".515",".330","0.845","0.238","17","0","4","0","2","5.60","7","0",".218",".369",".351",".290",".283",".151",".347",".294","87.3","12.9",10.3,69.2,17.5,28.7,35.3,64.7,24,68,54.5,237,66.7,4.1,153,159,123,435,82.5,24,137,45.5,198,45.7,199,23.4,47.1,42.3,24.4,24.4,9
"Rogers, Taylor",573124,2021,"40","40.1",38,4,59,8,35.5,4.8,".247",".370",".280","0.650","0.123","15","9","4","2","4","3.35","8","0",".207",".322",".275",".245",".246",".115",".366",".333","87.7","5.9",7.1,62.2,22.6,36.6,41.5,58.5,49,118,50.2,322,69.8,9.8,0,295,0,642,77.4,45,199,49.8,320,40.5,260,29.7,49.4,51.5,18.2,25.3,5.1
"Jax, Griffin",643377,2021,"18","82.0",82,23,65,29,18.1,8.1,".256",".537",".322","0.859","0.281","58","0","0","4","5","6.37","0","14",".247",".536",".358",".361",".316",".290",".408",".306","90.8","19.8",12.6,69,13.8,27.7,40.4,59.6,78,193,50.1,698,81.1,8.8,214,620,126,1394,86.3,66,480,49.9,696,41.7,581,21.4,48.3,32.2,41.8,18.8,7.3
"Sale, Chris",519242,2021,"9","42.2",45,6,52,12,28.4,6.6,".269",".419",".333","0.752","0.150","15","0","0","5","1","3.16","0","9",".232",".352",".326",".291",".299",".120",".369",".337","84.6","5.7",3.5,67.4,22.5,30.2,38.9,61.1,44,113,50.8,374,72.9,6.5,144,360,232,736,77.5,55,244,49.2,362,44.8,330,27.7,48.5,47,25.2,22.6,5.2
"Webb, Logan",657277,2021,"27","148.1",128,9,158,36,26.5,6,".234",".332",".290","0.622","0.098","50","0","0","11","3","3.03","1","26",".226",".334",".274",".278",".284",".108",".343",".319","88.1","-0.5",5.6,62,15.9,32.5,50.9,49.1,192,377,52.3,1159,68.1,6.5,522,1078,0,2214,84.1,104,654,47.7,1055,41.6,922,28.7,46.6,62.2,12.4,22.8,2.5
"Stashak, Cody",664054,2021,"15","15.2",16,2,26,10,34.7,13.3,".258",".419",".360","0.779","0.161","12","0","0","0","0","6.89","2","0",".208",".390",".339",".327",".327",".182",".444",".356","91.2","24.2",15.8,74.1,27.2,29.6,62,38,31,50,54.9,169,100,8.4,8,140,160,308,72.8,28,103,45.1,139,38,117,38.6,49.7,23.7,34.2,28.9,13.2
"Duffy, Danny",518633,2021,"13","61.0",52,6,65,22,25.8,8.7,".226",".357",".294","0.651","0.131","17","0","0","4","3","2.51","0","12",".241",".415",".284",".313",".308",".174",".388",".336","89.5","17.7",6.7,67.6,22,30.7,44,56,70,159,51.3,518,64.4,5.8,155,561,293,1009,78,73,332,48.7,491,47.1,475,29.1,48.7,33.9,24.2,30.9,10.9
"Lauer, Eric",641778,2021,"24","118.2",94,16,117,41,23.9,8.4,".215",".356",".284","0.640","0.141","42","0","0","7","5","3.19","2","20",".226",".403",".280",".304",".295",".177",".364",".308","89.8","18.2",8.2,70.4,20.8,25.5,34.3,65.7,83,242,48.6,950,81.1,8.1,221,1215,520,1956,79.2,147,708,51.4,1006,42.8,838,24.2,48.6,37.7,31.9,24.3,6.1
"Kowar, Jackson",663804,2021,"9","30.1",43,7,29,20,18.8,13,".336",".586",".422","1.008","0.250","38","0","0","0","6","11.27","0","8",".295",".531",".422",".398",".395",".235",".447",".377","92.8","14.6",11.7,68.6,16.9,20.4,46.4,53.6,32,69,53.6,338,83.3,7.6,192,349,90,631,83.1,34,201,46.4,293,35.2,222,24.4,42.8,35,29.1,32,3.9
"Hentges, Sam",656529,2021,"30","68.2",90,10,68,32,21.4,10.1,".318",".491",".385","0.876","0.173","51","0","0","1","4","6.68","0","12",".267",".480",".377",".356",".341",".213",".418",".350","89.1","10.9",9.6,66.8,12.4,27,48.4,51.6,89,184,54.1,682,80,6,6,637,617,1260,87.6,48,386,45.9,578,41.2,519,24,45.2,46.3,27.5,20.2,6
"Soto, Gregory",642397,2021,"62","63.2",46,7,76,40,27.5,14.5,".198",".319",".316","0.635","0.121","24","18","1","6","3","3.39","7","0",".197",".334",".285",".294",".317",".137",".338",".292","89.1","11.1",6.9,63.4,21.7,25.9,56.3,43.7,80,142,48.5,549,80.7,7.8,0,706,425,1131,78.3,80,369,51.5,582,40.1,453,31.3,45.2,45.9,25.8,20.1,8.2
"Pearson, Nate",663878,2021,"12","15.0",14,2,20,12,28.2,16.9,".237",".390",".366","0.756","0.153","7","0","0","1","1","4.20","0","1",".186",".305",".332",".285",".323",".119",".317",".281","92.4","23.1",7.7,62.4,27.7,19.6,51.5,48.5,17,33,55.8,168,82.1,9.3,3,189,109,301,72.3,23,83,44.2,133,46.8,141,34.5,38.5,41,35.9,12.8,10.3
"Happ, J.A.",457918,2021,"30","152.1",177,30,122,48,18.2,7.2,".288",".511",".341","0.852","0.223","98","0","0","10","8","5.79","0","30",".268",".510",".361",".356",".324",".242",".409",".334","90.2","16.4",11.6,71.9,14.3,27,31.9,68.3,123,385,53.4,1427,87.5,5.4,322,1915,437,2674,85.7,128,897,46.6,1247,43.5,1164,19.6,47.9,35.7,30.7,27.1,6.4
"Banda, Anthony",607455,2021,"30","33.2",39,6,32,13,20.9,8.5,".287",".478",".353","0.831","0.191","16","0","4","2","2","4.28","4","0",".228",".367",".353",".293",".302",".139",".328",".295","88.5","15.5",4.7,69.5,19.8,28.2,40.7,59.3,35,86,50,305,81.8,7.2,227,298,85,610,80.2,42,212,50,305,42.8,261,25.8,48.9,38.7,25.5,27.4,8.5
"Baragar, Caleb",670056,2021,"25","23.0",19,1,16,12,16.3,12.2,".235",".346",".347","0.693","0.111","4","2","1","2","1","1.57","7","0",".215",".403",".303",".317",".333",".188",".319",".263","88.1","27.2",7.5,72.8,20.6,23,26.8,73.2,11,41,49.7,178,92,7,0,290,68,358,79.4,27,131,50.3,180,42.5,152,22.1,48,22.4,37.3,23.9,16.4
"Barlow, Scott",605130,2021,"71","74.1",61,4,91,28,29.7,9.2,".223",".328",".297","0.625","0.105","20","16","6","5","3","2.42","14","0",".210",".356",".275",".282",".286",".146",".358",".311","88.3","14.6",8.1,62.9,18.5,32.5,61.2,38.8,134,219,55,673,69.9,6.8,0,408,815,1223,81.5,64,346,45,550,40.1,490,35,46.2,38.9,29.7,24.9,6.5
"Lorenzen, Michael",547179,2021,"27","29.0",26,2,21,14,16.8,11.2,".241",".343",".331","0.674","0.102","18","4","0","1","2","5.59","11","0",".246",".354",".301",".309",".335",".108",".317",".301","88.5","9.7",3.4,71.6,17.3,28.5,46.7,53.3,35,75,54.7,263,78.4,7.7,88,315,77,481,82.7,27,156,45.3,218,42.6,205,26.8,48,44.9,23.6,28.1,3.4
"Soria, Joakim",465657,2021,"41","37.1",39,6,40,12,25.2,7.5,".269",".483",".327","0.810","0.214","21","6","3","1","4","5.06","5","0",".240",".396",".344",".304",".300",".157",".370",".328","88.3","18.2",7.5,72.7,19.6,29.3,42.5,57.5,37,87,49.1,297,89.4,7.8,87,363,155,605,80.4,44,224,50.9,308,41.8,253,26,51.4,33,27.4,29.2,10.4
"Okert, Steven",595345,2021,"34","36.0",22,5,40,15,28.2,10.6,".183",".358",".291","0.649","0.175","11","0","0","3","1","2.75","2","0",".172",".355",".281",".279",".283",".183",".328",".255","86.8","24.9",7.2,70.2,25.1,25.5,44.9,55.1,35,78,50.9,306,75,8.7,0,243,358,601,74.9,52,207,49.1,295,42.4,255,30.5,47.4,33.7,34.9,15.7,15.7
"Harvey, Matt",518774,2021,"28","127.2",160,19,95,37,16.3,6.4,".299",".481",".348","0.829","0.182","89","0","0","6","14","6.27","0","28",".284",".480",".355",".352",".336",".196",".395",".345","89.5","13.3",7.9,67.8,13.1,27.1,34.9,65.1,103,295,48.7,1088,84.6,7.3,265,1224,743,2232,87,102,776,51.3,1144,41.3,922,19.1,48,44,24.3,24.5,7.2
"Parker, Blake",453284,2021,"47","43.2",43,5,37,14,20,7.6,".257",".395",".319","0.714","0.138","15","0","0","2","1","3.09","4","0",".248",".400",".310",".311",".311",".152",".352",".314","86.7","16.6",6.8,66.8,17.1,30.4,35.6,64.4,42,118,54.4,388,66.1,8.7,248,409,56,713,82.9,37,217,45.6,325,40.8,291,23.6,47,40.2,27.3,21.2,11.4
"Rodriguez, Jefry",622446,2021,"14","24.1",25,6,20,17,17.9,15.2,".266",".468",".384","0.852","0.202","16","0","0","0","0","5.92","0","1",".270",".473",".371",".375",".387",".204",".400",".343","90.4","19.9",8.1,68.2,13.1,23.7,40,60,20,50,51.2,211,80,7.3,12,309,91,412,86.9,18,137,48.8,201,42.2,174,20.3,45.4,31.1,36.5,24.3,8.1
"Sborz, Josh",622250,2021,"63","59.0",52,7,69,32,26.8,12.5,".234",".383",".327","0.710","0.149","26","1","3","4","3","3.97","9","0",".226",".375",".310",".306",".320",".149",".365",".323","91.1","15",5.1,73.6,20.4,29.4,59,41,105,178,56.2,606,79,5.7,0,588,491,1079,79.6,71,348,43.8,473,40.8,440,33.5,48.7,41.7,25.6,24.4,8.3
"Thompson, Zach",605507,2021,"26","75.0",63,6,66,28,21,8.9,".227",".374",".301","0.675","0.147","27","0","0","3","7","3.24","0","14",".220",".368",".293",".294",".297",".148",".329",".286","87.6","13.9",6.9,70.1,17.2,29.4,46.5,53.5,86,185,52.7,629,80,7.5,152,840,202,1194,82.8,68,396,47.3,565,41.6,497,26.5,48.7,45,30.3,19.3,5.5
"Richards, Garrett",572070,2021,"40","136.2",158,19,115,60,18.6,9.7,".289",".468",".361","0.829","0.179","74","3","0","7","8","4.87","2","22",".278",".468",".356",".355",".353",".190",".400",".350","91.1","10.6",8.5,71.8,14.2,24.6,48.4,51.6,134,277,48.4,1128,83.9,8.8,160,1249,920,2331,85.8,123,864,51.6,1203,41.4,965,22.5,48.9,47.6,21.1,24,7.3
"Brach, Brad",542960,2021,"35","30.0",30,5,33,18,23.7,12.9,".254",".449",".355","0.804","0.195","21","1","2","1","2","6.30","10","0",".229",".421",".343",".330",".338",".192",".385",".322","88.9","14.3",9.2,68.3,24.2,22.3,46.3,53.7,31,67,52,301,75.6,7.1,208,296,75,579,75.8,46,190,48,278,46.5,269,30,44.4,43.7,31,17.2,8
"Cobb, Alex",502171,2021,"18","93.1",85,5,98,33,24.9,8.4,".240",".336",".309","0.645","0.096","39","0","0","8","3","3.76","0","18",".254",".361",".286",".306",".322",".108",".368",".350","88.9","3",4.2,60.4,16.1,32.9,40.9,59.1,121,296,57,900,67.4,5.8,584,736,258,1579,83.9,66,410,43,679,45.4,717,26.5,44.7,54.1,15.4,27.8,2.7
"Neidert, Nick",663734,2021,"8","35.2",31,4,21,23,13.4,14.6,".246",".405",".378","0.783","0.159","18","0","0","1","2","4.54","0","7",".258",".445",".345",".370",".390",".187",".359",".307","88.9","17.9",8.3,70.4,19,19.7,19.6,80.4,11,56,47.5,284,95.6,7.5,72,282,244,598,81.4,42,221,52.5,314,40.5,242,19.1,46.3,36.1,31.5,23.1,9.3
"Keller, Kyle",664918,2021,"32","33.1",30,9,36,22,23.2,14.2,".234",".500",".368","0.868","0.266","24","0","0","1","1","6.48","2","0",".210",".426",".369",".338",".348",".215",".373",".293","90.2","23",14.1,68.8,12.7,25.7,44.2,55.8,38,86,51.1,334,83.7,7.5,0,364,290,654,87.3,28,220,48.9,320,43.7,286,21.6,46.8,30.4,39.1,22.8,7.6
"Cabrera, Edward",665795,2021,"7","26.1",24,6,28,19,23.3,15.8,".247",".505",".392","0.897","0.258","17","0","0","0","3","5.81","0","7",".276",".532",".387",".411",".415",".256",".483",".388","90.3","8.5",11.6,70,19.7,24.2,45.3,54.7,29,64,55,265,71.9,6.6,114,186,182,482,80.3,30,152,45,217,39.8,192,27.3,44.8,42,26.1,29,2.9
"Machado, Andrés",600921,2021,"40","35.2",30,4,30,15,19.5,9.7,".226",".376",".325","0.701","0.150","14","0","3","1","2","3.53","11","0",".220",".356",".307",".305",".323",".136",".321",".286","89.1","11.4",6.7,65.8,17,23,40,60,28,70,48.6,305,79.1,6.9,63,443,121,627,83,36,212,51.4,322,44.7,280,22.7,45,44.2,26,24,5.8
"Gustave, Jandel",594311,2021,"14","18.1",15,2,13,5,16.5,6.3,".224",".328",".304","0.632","0.104","7","0","1","1","2","3.44","0","0",".279",".423",".270",".335",".358",".145",".367",".338","89.1","7.3",7,69.3,11.3,24.1,35.3,64.7,12,34,48,141,90,6.8,0,219,75,294,88.7,12,106,52,153,40.5,119,17.1,47.6,45.6,24.6,28.1,1.8
"Alexander, Tyler",641302,2021,"41","106.1",106,16,87,28,19.3,6.2,".255",".429",".306","0.735","0.174","45","0","0","2","4","3.81","3","15",".246",".438",".315",".320",".299",".192",".367",".310","88.4","18",8.4,68.6,15.6,30.9,30,70,75,250,49.3,809,75,6.8,301,1182,157,1640,84.4,89,570,50.7,831,45.7,750,20,50,38.6,30.7,21.7,9
"De Jong, Chase",608328,2021,"9","43.2",49,11,39,19,19.9,9.7,".280",".589",".354","0.943","0.309","28","0","0","1","4","5.77","0","9",".268",".569",".391",".382",".343",".301",".451",".345","91.1","17.1",13.1,69.2,13.8,26.1,43.3,56.7,45,104,51.4,398,72.1,7.9,36,380,359,775,86.2,36,261,48.6,377,39.9,309,22.2,47.1,31.4,35,27.7,5.8
"Poppen, Sean",664092,2021,"24","22.2",31,2,26,9,23.6,8.2,".316",".469",".391","0.860","0.153","13","1","0","1","1","5.16","1","0",".277",".444",".367",".346",".356",".167",".421",".378","89.6","7.2",6.9,55.5,13.8,25.4,54,46,27,50,48.5,197,62.1,7.1,35,217,154,406,86.2,16,116,51.5,209,42.1,171,25.9,40.9,47.2,13.9,33.3,5.6
"Whitlock, Garrett",676477,2021,"46","73.1",64,6,81,17,27.2,5.7,".233",".349",".282","0.631","0.116","16","2","3","8","4","1.96","14","0",".223",".334",".272",".266",".273",".111",".335",".312","87.7","7.5",4.1,68.5,22.2,29.8,41.6,58.4,67,161,47,540,80.4,8.4,237,728,182,1150,77.8,93,418,53,610,42.8,492,27.6,50.3,49.7,17.8,25.9,6.6
"Singer, Brady",663903,2021,"27","128.1",146,14,131,53,22.4,9,".281",".414",".358","0.772","0.133","70","0","0","5","10","4.91","0","27",".253",".401",".338",".327",".335",".148",".377",".338","88.5","7",5.6,62,16.5,25,47.7,52.3,135,283,49.5,1132,75.4,7.7,88,1326,873,2287,83.5,118,716,50.5,1155,43.3,991,25.3,43.7,50.9,18.4,25.3,5.4
"Wood, Alex",622072,2021,"26","138.2",125,14,152,39,26,6.7,".236",".372",".308","0.680","0.136","59","0","0","10","4","3.83","0","26",".236",".378",".298",".304",".308",".142",".370",".331","89.7","7.1",5.3,64.5,18.9,30.1,46.8,53.2,152,325,49.2,1081,74.5,8.4,483,1019,693,2195,81.1,136,718,50.8,1114,43.1,945,27.6,47.5,50.8,19.3,26.5,3.4
"Taylor, Josh",657031,2021,"61","47.2",45,2,60,23,28.7,11,".246",".322",".340","0.662","0.076","18","1","1","1","0","3.40","15","0",".246",".380",".295",".316",".340",".134",".399",".366","88.5","12",8.9,72.3,21.4,28.1,64.3,35.7,74,115,51.7,409,80.4,7.1,0,386,405,791,78.6,59,276,48.3,382,38.9,308,34,49.4,44.7,22,24.4,8.9
"Wheeler, Zack",554430,2021,"32","213.1",169,16,247,46,29.1,5.4,".215",".321",".265","0.586","0.106","66","0","0","14","10","2.78","0","32",".213",".319",".257",".259",".263",".106",".335",".310","84.6","8.4",4.6,72.2,20.4,30.4,42.7,57.3,202,473,48.5,1556,81.3,8,117,2746,342,3205,79.7,243,1190,51.5,1649,44.4,1424,26.8,51.9,50.9,16.2,24.3,8.6
"Fried, Max",608331,2021,"28","165.2",139,15,158,41,23.7,6.1,".227",".353",".282","0.635","0.126","56","0","0","14","7","3.04","0","28",".230",".364",".278",".288",".286",".134",".344",".309","86.5","6.1",6.3,68.9,16.3,27.1,48.8,51.2,161,330,47.7,1219,77.1,8,55,1284,1207,2558,83.7,150,923,52.3,1339,43.8,1121,24.8,49,53.8,20.6,20.6,5
"Webb, Tyler",643778,2021,"22","16.1",22,1,14,19,15.2,20.7,".310",".437",".451","0.888","0.127","24","0","0","0","0","13.22","2","0",".263",".415",".390",".370",".418",".152",".359",".328","87.5","20.3",5.1,73.3,16.3,19.4,28.6,71.4,12,42,55.1,216,72.4,7.4,73,266,53,392,83.7,21,129,44.9,176,42.6,167,19.3,43.6,33.9,22,32.2,11.9
"Almonte, Yency",622075,2021,"48","47.2",47,9,47,29,21.7,13.4,".260",".475",".369","0.844","0.215","40","0","3","1","3","7.55","4","0",".248",".433",".361",".351",".364",".185",".392",".335","87.3","13.9",8.8,66.9,14.4,25.4,49.6,50.4,64,129,58.3,508,72.7,5.1,89,424,195,871,85.6,35,243,41.7,363,38,331,26.6,42.7,43.1,26.3,22.6,8
"Benjamin, Wes",605138,2021,"13","22.2",29,6,19,17,17,15.2,".309",".543",".411","0.954","0.234","22","0","1","0","2","8.74","0","2",".249",".455",".406",".365",".367",".206",".383",".317","90.5","20.8",9.2,71.9,20.7,23.6,21.8,78.2,12,55,50.5,233,88.9,7.8,58,332,71,461,79.3,34,164,49.5,228,42.1,194,21,47.5,28.9,35.5,26.3,9.2
"Matzek, Tyler",554431,2021,"69","63.0",40,3,77,37,29.2,14,".182",".277",".304","0.581","0.095","18","0","1","0","4","2.57","24","0",".188",".286",".261",".269",".310",".098",".312",".288","89.7","15.8",3.4,73.2,23.4,27,45.4,54.6,69,152,52.8,562,83.1,6.1,0,753,312,1065,76.6,86,368,47.2,503,39.3,419,29.8,48.8,41.9,22.3,26.4,9.5
"Yajure, Miguel",664337,2021,"4","15.0",17,6,11,7,16.2,10.3,".283",".667",".368","1.035","0.384","14","0","0","0","2","8.40","0","3",".293",".621",".428",".419",".376",".329",".468",".358","89.7","16",20.4,65.5,10.5,22,51.9,48.1,14,27,51.5,123,57.1,5.9,57,118,64,239,89.5,8,76,48.5,116,36,86,21.4,43.1,34.7,28.6,28.6,8.2
"Weaver, Luke",596133,2021,"13","65.2",58,11,62,20,22.5,7.3,".233",".470",".292","0.762","0.237","31","0","0","3","6","4.25","0","13",".247",".455",".317",".326",".307",".207",".398",".330","90.1","14.5",9.4,70.4,19.8,30.3,33.8,65.6,54,160,47.6,528,85.2,7.9,333,688,88,1109,80.2,81,409,52.4,581,43.3,480,23.7,51.3,39.3,29.3,27.2,4.2
"Toussaint, Touki",657053,2021,"11","50.0",43,11,48,22,22.2,10.2,".234",".446",".332","0.778","0.212","25","0","0","3","3","4.50","0","10",".265",".472",".334",".361",".360",".207",".421",".356","91.8","11.3",9.3,64,14.8,21.9,54.3,45.7,50,92,51.2,420,80.3,8,174,423,223,820,85.2,38,256,48.8,400,40.6,333,25.3,42.4,49.3,21.4,22.1,7.1
"Wacha, Michael",608379,2021,"29","124.2",132,23,121,31,22.9,5.9,".270",".467",".317","0.784","0.197","70","0","0","3","5","5.05","2","23",".277",".498",".334",".352",".325",".221",".436",".367","89.9","13.3",10.5,73.1,16.1,32.6,39.8,60.2,123,309,48,948,83.8,8.8,580,1270,124,1974,83.9,121,750,52,1026,41.8,825,23,53.6,42.5,25.8,25,6.7
"Lindblom, Josh",458676,2021,"8","16.2",23,5,17,10,20,11.8,".324",".662",".424","1.086","0.338","18","0","0","0","0","9.72","0","0",".291",".591",".449",".435",".405",".300",".507",".390","92","23.2",20,68.5,19.4,23.6,29.8,70.2,14,47,58.2,199,84.2,5.6,58,199,85,342,80.6,19,98,41.8,143,43.3,148,22.8,42.4,27.3,34.5,25.5,12.7
"Buchter, Ryan",488748,2021,"18","16.1",16,5,16,13,20.5,16.7,".258",".581",".397","0.978","0.323","12","0","1","0","2","6.61","0","0",".233",".536",".406",".395",".383",".302",".439",".316","90.9","22.8",14.9,71.2,14.9,21,44.1,55.9,15,34,55.1,162,60,6.8,0,184,110,294,85.1,14,94,44.9,132,44.2,130,22.7,43.5,23.4,44.7,23.4,8.5
"Farmer, Buck",571656,2021,"36","35.1",40,9,37,21,21.6,12.3,".278",".500",".386","0.886","0.222","25","0","1","0","0","6.37","2","0",".269",".508",".380",".382",".380",".239",".439",".360","91.2","14.7",10.2,69.6,21,25.5,36.9,63.1,38,103,55.6,404,73.1,7.2,175,357,194,726,79,47,224,44.4,322,39.8,289,26,45,37,32.4,24.1,6.5
"Ríos, Yacksel",605441,2021,"23","27.1",18,3,23,16,20.2,14,".189",".368",".316","0.684","0.179","13","0","0","3","0","4.28","1","0",".213",".439",".303",".340",".336",".226",".359",".279","86.5","13.6",11,64.6,15,26.6,46.3,53.7,31,67,55,252,85.3,7.4,66,279,113,458,85,20,133,45,206,38.9,178,25.5,43.7,41.1,26,19.2,13.7
"Ober, Bailey",641927,2021,"20","92.1",92,20,96,19,25.3,5,".258",".489",".296","0.785","0.231","43","0","0","3","3","4.19","0","20",".246",".463",".330",".325",".288",".217",".416",".339","89.1","19.7",9.5,69.6,15.6,31.8,43.7,56.3,104,238,50.7,749,78.2,8.1,192,856,293,1476,84.4,79,506,49.3,727,44.1,651,24.6,50.4,34.2,34.2,22.4,9.1
"Manaea, Sean",640455,2021,"32","179.1",179,25,194,41,25.7,5.4,".255",".415",".304","0.719","0.160","78","0","0","11","10","3.91","0","32",".245",".420",".310",".312",".296",".175",".393",".339","90.2","13.3",8,71.3,22.3,27.6,42,58,157,374,45.4,1353,81.2,8.9,724,1791,444,2980,77.7,259,1160,54.6,1627,42.4,1264,27.1,51.5,42.7,24.7,24.9,7.6
"García, Yimi",554340,2021,"62","57.2",49,8,60,18,25.3,7.6,".230",".408",".289","0.697","0.178","27","15","3","4","9","4.21","4","0",".247",".465",".290",".321",".305",".218",".411",".338","89.4","15.4",8.9,68.6,23.2,29.3,37,63,47,127,46,434,82.3,8.4,60,428,454,943,76.8,81,349,54,509,42.7,403,26.9,50.5,43,27.8,21.5,7.6
"Kelly, Joe",523260,2021,"48","44.0",28,3,50,15,27.5,8.2,".174",".286",".258","0.544","0.112","14","2","1","2","0","2.86","13","0",".204",".311",".242",".276",".290",".107",".331",".298","85.5","-0.1",5.3,57.5,19,25.5,50,50,44,88,48.5,345,61.1,7.6,115,290,307,712,81,40,211,51.5,367,43.5,310,28.1,42,58.4,12.4,21.2,8
"Williams, Devin",642207,2021,"58","54.0",36,5,87,28,38.5,12.4,".186",".294",".293","0.587","0.108","15","3","3","8","2","2.50","23","0",".174",".281",".268",".261",".283",".107",".352",".313","85.7","11.4",5.5,64.8,34,31.9,56.7,43.3,101,178,56.2,558,71.9,6.4,634,345,14,993,66,96,282,43.8,435,44.1,438,42.8,46.3,45.9,27.5,19.3,7.3
"Rogers, Tyler",643511,2021,"80","81.0",74,5,55,13,16.9,4,".243",".328",".283","0.611","0.085","20","13","6","7","1","2.22","30","0",".232",".304",".269",".262",".275",".071",".288",".284","85.4","4.6",2,69.1,14.8,27.9,21.7,78.3,30,138,43.8,495,80.4,9.5,0,646,483,1129,85.2,65,438,56.2,634,40.2,454,16.5,51,58.1,17,19.4,5.5
"Smyly, Drew",592767,2021,"29","126.2",133,27,117,41,21.4,7.5,".269",".480",".326","0.806","0.211","63","0","0","11","4","4.48","0","23",".263",".470",".342",".341",".322",".207",".409",".345","88.8","14.9",10.1,69.1,15.4,30.9,45.9,54.1,153,333,50.3,1076,78.9,7.8,0,1241,897,2139,84.6,113,734,49.7,1062,43.9,938,25,49.9,40.8,28.1,24.7,6.5
"Peralta, Wily",503449,2021,"19","93.2",87,12,58,38,14.4,9.5,".247",".415",".323","0.738","0.168","32","0","0","4","5","3.07","1","18",".253",".429",".319",".335",".333",".176",".350",".303","89.1","8.7",7.3,68.3,14.9,25,36.7,63.3,76,207,53.3,828,83.2,8.4,350,857,347,1554,85.1,74,496,46.7,726,42.9,667,21.3,45.2,50.8,21.6,22.9,4.7
"Lynch IV, Daniel",663738,2021,"15","68.0",80,9,55,31,17.7,10,".295",".465",".371","0.836","0.170","43","0","0","4","6","5.69","0","15",".281",".493",".360",".375",".364",".212",".417",".354","90.7","14.5",10.4,70.4,15.9,27,49.4,50.6,88,178,52.4,659,77.9,7.6,205,658,394,1257,84.1,67,421,47.6,598,44.8,563,25.9,47.7,39.8,26.7,25.3,8.1
"Bubic, Kris",663460,2021,"29","130.0",121,22,114,59,20.5,10.6,".248",".444",".336","0.780","0.196","64","0","0","6","7","4.43","0","20",".250",".455",".337",".347",".339",".205",".392",".325","88.8","9.1",9,65.4,16.6,24.4,41.5,58.5,112,270,50.3,1107,81.9,7.3,679,1144,379,2202,83.4,119,716,49.7,1095,43.7,963,23.4,44.8,47.3,22.3,24.5,5.9
"Stephenson, Robert",596112,2021,"49","46.0",42,5,52,18,26.4,9.1,".241",".408",".316","0.724","0.167","16","1","1","2","1","3.13","4","0",".227",".403",".313",".310",".305",".176",".377",".321","89.1","15.4",7.2,65.1,19.4,27.6,45.7,54.3,48,105,49.5,380,69.5,7.7,6,381,380,767,80.6,49,252,50.5,387,42.9,329,27.2,46.5,39.2,31.2,23.2,6.4
"Keller, Mitch",656605,2021,"23","100.2",131,10,92,49,19.6,10.4,".322",".477",".400","0.877","0.155","69","0","0","5","11","6.17","0","23",".285",".459",".379",".360",".369",".174",".407",".364","91.5","11.5",6.8,66.6,12.7,25.5,41.5,58.9,98,236,49.8,925,80,7.3,88,1500,270,1858,87.4,79,621,50.2,933,41.4,769,20.7,46.1,41,24.8,29.8,4.3
"Warren, Art",605521,2021,"26","21.0",11,1,34,8,41.5,9.8,".153",".236",".247","0.483","0.083","3","0","0","3","0","1.29","1","0",".135",".202",".218",".201",".231",".067",".276",".255","85.8","19.9",2.6,72.8,33,33.9,55.7,44.3,34,61,53.3,180,87.5,4.7,0,137,201,338,67,38,115,46.7,158,42.6,144,40.9,52.1,38.5,30.8,23.1,7.7
"Flaherty, Jack",656427,2021,"17","78.1",57,12,85,26,26.4,8.1,".199",".364",".278","0.642","0.165","28","0","0","9","2","3.22","0","15",".240",".462",".280",".337",".318",".222",".423",".343","89.8","13.4",9.3,67.1,18.7,24,52.4,47.6,88,168,51.7,700,83.7,6.8,24,769,560,1353,81.3,82,438,48.3,653,42.1,570,28.1,44.8,40,28.3,25.9,5.9
"Johnson, Pierce",572955,2021,"63","58.2",47,6,77,27,31.6,11.1,".220",".369",".307","0.676","0.149","21","0","2","3","4","3.22","12","2",".203",".345",".292",".286",".297",".142",".372",".320","89.1","17.4",7.2,62.5,19.4,28,53.7,46.3,80,149,51,533,71.8,8.1,0,340,705,1045,80.6,62,320,49,512,44.8,468,30.3,44.9,33.8,29.5,28.1,8.6
"Zeuch, T.J.",643615,2021,"5","15.0",21,6,8,9,10.8,12.2,".323",".677",".405","1.082","0.354","11","0","0","0","2","6.60","0","3",".326",".694",".450",".460",".411",".368",".490",".374","91.4","4.8",15.8,65,13.5,32.2,22.9,77.1,11,48,52.1,149,63.2,6.6,21,210,55,286,86.5,12,89,47.9,137,44.4,127,16.8,47.9,49.1,31.6,15.8,3.5
"Gray, Sonny",543243,2021,"26","135.1",115,19,155,50,27,8.7,".225",".385",".302","0.687","0.160","63","0","0","7","9","4.19","0","26",".212",".328",".300",".278",".292",".116",".333",".304","86.6","8.8",4.7,61.2,15.4,26.8,48.1,51.9,152,316,52.9,1179,74,6.7,74,1190,612,2228,84.6,99,642,47.1,1049,42.6,949,26.2,43,49,22.7,22.4,5.8
"Martin, Corbin",656686,2021,"5","16.0",23,5,13,14,15.1,16.3,".338",".662",".452","1.114","0.324","19","0","0","0","3","10.69","0","3",".311",".644",".461",".449",".432",".333",".488",".380","93.8","16.5",13.8,70.4,13.4,20.8,38.9,61.1,14,36,50.6,173,80.8,7.6,51,219,72,342,86.6,16,119,49.4,169,39.8,136,19.4,45.3,34.5,29.3,29.3,6.9
"Thorpe, Lewis",626929,2021,"5","15.1",14,2,6,7,9.1,10.6,".237",".390",".318","0.708","0.153","8","0","0","0","2","4.70","0","4",".264",".415",".310",".337",".342",".150",".328",".294","88.7","8.2",7.5,62.8,11.1,29.5,19.4,80.6,7,36,48.6,122,56.5,9.2,36,114,101,251,88.9,9,81,51.4,129,45,113,13.7,46.6,52.8,17,18.9,11.3
"Houck, Tanner",656557,2021,"18","69.0",57,4,87,21,30.5,7.4,".223",".313",".296","0.609","0.090","27","1","0","1","5","3.52","1","13",".209",".343",".271",".277",".283",".134",".355",".314","87.2","10",8.2,66.9,20.2,28.8,53.1,46.9,93,175,52.9,608,69.4,7.4,85,638,426,1149,79.8,73,362,47.1,541,41.6,478,30.9,46.7,49.1,20.5,22.2,8.2
"Cessa, Luis",570666,2021,"53","64.2",55,5,54,21,20.5,8,".229",".342",".291","0.633","0.113","18","0","0","5","2","2.51","4","0",".248",".377",".277",".302",".308",".130",".348",".319","86.9","8.5",6.4,65.2,15.9,29.9,49.3,50.7,73,148,52.2,495,72.5,8.4,114,297,538,949,84.1,47,296,47.8,454,43.2,410,27,46.8,52.7,16,24.5,6.9
"Saucedo, Tayler",642048,2021,"29","25.2",22,1,19,10,17.4,9.2,".229",".354",".312","0.666","0.125","13","0","2","0","0","4.56","1","0",".251",".383",".294",".322",".333",".132",".342",".312","87.9","3.4",5.1,67.5,14.5,34.6,52.7,47.3,49,93,62.3,269,70.4,6.3,45,244,143,432,85.5,16,110,37.7,163,40,173,32,47,59,10.3,23.1,7.7
"Giolito, Lucas",608337,2021,"31","178.2",145,27,201,51,28,7.1,".219",".394",".276","0.670","0.175","70","0","0","11","9","3.53","0","31",".217",".369",".288",".281",".275",".151",".357",".311","87.7","18.3",6.7,71.8,24.1,28.7,52.8,47.2,223,422,49.4,1468,77,8.6,944,1303,723,2970,75.9,260,1078,50.6,1502,41.6,1237,32.2,50.5,34.2,26.9,27.7,11.2
"Abreu, Albert",656061,2021,"28","36.2",27,8,35,19,22.4,12.2,".206",".435",".314","0.749","0.229","21","1","0","2","0","5.15","4","0",".227",".413",".320",".334",".339",".186",".376",".312","83.8","9.3",8.1,66.2,23,25.4,35.2,64.8,31,88,53.9,346,67.6,5.8,102,315,225,642,77,45,196,46.1,296,43.1,277,26.8,44.2,45.5,27.3,22.2,5.1
"Scott, Tanner",656945,2021,"62","54.0",48,6,70,37,27.9,14.7,".234",".351",".363","0.714","0.117","31","0","2","5","4","5.17","16","0",".229",".361",".321",".330",".362",".133",".386",".346","90.1","5.3",5.1,66.2,20.3,26.6,68.8,31.2,106,154,56.1,579,78,5.7,0,500,532,1032,79.7,61,300,43.9,453,38.4,396,36.8,44,52.9,14.5,27.5,5.1
"McGee, Jake",459429,2021,"62","59.2",44,7,58,10,24.3,4.2,".196",".330",".234","0.564","0.134","18","31","5","3","2","2.72","8","0",".213",".383",".242",".271",".251",".170",".336",".284","90.9","20.5",6.5,76.5,17,29.1,35,65,36,103,40.3,354,80,9.7,0,791,87,878,83,68,401,59.7,524,43.6,383,20.6,57.4,36.1,33.1,21.9,8.9
"Tepera, Ryan",572193,2021,"65","61.1",35,4,74,20,30.7,8.3,".164",".272",".245","0.517","0.108","19","2","3","0","2","2.79","22","0",".168",".286",".230",".249",".254",".119",".306",".261","87.3","14.7",8.4,70.5,21.2,31.7,59.9,40.1,100,167,55.6,527,78.2,5.8,99,418,431,948,78.8,63,297,44.4,421,41.7,395,35.1,48.9,44.8,30.1,15.4,9.8
"Arihara, Kohei",685503,2021,"10","40.2",45,11,24,13,13.5,7.3,".281",".600",".348","0.948","0.319","30","0","0","2","4","6.64","0","10",".296",".611",".395",".412",".363",".316",".449",".348","91.7","11.7",13.9,66.7,10.4,23.5,38.2,61.8,34,89,54.3,378,70.2,8.2,146,411,139,696,89.6,22,212,45.7,318,43.1,300,18.6,43.2,41.6,30.7,24.1,3.6
"Fedde, Erick",607200,2021,"29","133.1",144,23,128,48,21.7,8.1,".275",".466",".337","0.803","0.191","81","0","1","7","9","5.47","0","27",".259",".459",".340",".335",".324",".201",".402",".340","89.8","7.3",9.3,67.8,14.5,25,39.8,60.5,129,324,53.7,1294,79.9,6.6,246,1599,496,2410,85.5,110,757,46.3,1116,43.2,1040,22.1,44.9,51.3,22.2,22,4.4
"Gomber, Austin",596295,2021,"23","115.1",102,20,113,41,23.2,8.4,".232",".420",".300","0.720","0.188","58","0","0","9","9","4.53","0","23",".232",".416",".309",".310",".301",".184",".367",".311","88","11.8",9.4,64.2,17.4,26.8,49.2,50.8,116,236,47.6,882,74.1,7.5,360,753,738,1851,82.6,108,622,52.4,969,45.1,835,26.1,46.4,44.7,27.2,22.4,5.7
"Ginkel, Kevin",656464,2021,"32","28.1",30,7,31,14,24,10.9,".268",".545",".359","0.904","0.277","20","0","1","0","1","6.35","6","0",".240",".456",".383",".346",".335",".215",".409",".332","86.4","15.7",13.4,66.8,13.9,26.9,50,50,40,80,53.4,297,77.8,6.5,0,332,224,556,86.1,24,173,46.6,259,39.2,218,25.3,45.5,42.7,29.3,22,6.1
"Jefferies, Daulton",641726,2021,"5","15.0",11,1,8,4,13.8,6.9,".208",".358",".276","0.634","0.150","6","0","0","1","0","3.60","0","1",".248",".389",".278",".310",".313",".142",".322",".292","88.8","6.2",6.7,70.2,11,33.6,28.2,71.8,11,39,52.7,116,83.3,10.9,39,159,22,220,89,8,73,47.3,104,43.2,95,17,50.9,44.4,26.7,28.9,0
"Bender, Anthony",669622,2021,"60","61.1",45,5,71,20,28.7,8.1,".207",".350",".287","0.637","0.143","19","3","2","3","2","2.79","12","1",".203",".313",".275",".269",".289",".110",".331",".302","88.2","6.6",6,53.3,15.6,27.3,59.5,40.5,78,131,49.3,480,74.2,6.8,7,516,415,973,84.4,41,263,50.7,493,38.4,374,30.2,40.5,50,18,28,4
"Clippard, Tyler",461325,2021,"26","25.1",22,3,21,11,18.9,9.9,".232",".400",".327","0.727","0.168","9","6","3","1","1","3.20","3","0",".252",".502",".315",".359",".345",".250",".401",".320","88.1","23.5",11.8,74.6,21.3,18.7,35.9,64.1,14,39,51,209,69.2,6.3,202,178,30,410,78.7,32,150,49,201,42.9,176,24.3,46.1,27.6,42.1,22.4,7.9
"Coonrod, Sam",656322,2021,"42","42.1",41,5,48,15,25.9,8.1,".247",".373",".319","0.692","0.126","19","2","4","2","2","4.04","8","2",".219",".358",".303",".290",".294",".139",".348",".306","86.4","4.1",6.7,68.3,22.8,30.4,29.9,70.1,32,107,49.4,352,76.6,6.6,58,533,109,712,77.2,56,246,50.6,360,45.9,327,24.9,49.6,56.3,20.2,19.3,4.2
"Dolis, Rafael",503569,2021,"39","32.0",29,2,39,27,25,17.3,".232",".352",".378","0.730","0.120","20","3","1","2","3","5.63","3","0",".219",".346",".327",".324",".369",".128",".350",".316","87.4","13.9",5.7,61.6,19.8,22.7,48.6,51.4,36,74,53.9,326,89.7,6.4,72,394,139,605,80.2,34,172,46.1,279,42.6,258,28.5,40.7,42.5,25.3,23,9.2
"Curtiss, John",595928,2021,"41","44.1",42,6,44,12,23.5,6.4,".244",".407",".296","0.703","0.163","17","0","1","3","1","3.45","5","2",".247",".404",".303",".306",".299",".157",".371",".330","91.6","16.8",6.2,66.6,18.9,30.4,48,52,48,100,46.8,329,82.3,8.8,0,353,350,703,81.1,47,249,53.2,374,42.2,297,27.2,49.6,40,26.2,26.2,7.7
"Jansen, Kenley",445276,2021,"69","69.0",36,4,86,36,30.9,12.9,".153",".233",".268","0.501","0.080","17","38","5","4","4","2.22","0","0",".177",".273",".229",".260",".293",".096",".311",".282","84","19.8",4.6,69.3,28.8,29,45.3,54.7,67,148,47.6,510,77.8,8.4,0,906,165,1071,71.2,112,389,52.4,561,41.5,445,33.3,50.1,37.9,30.1,19,13.1
"Peterson, David",656849,2021,"15","66.2",64,11,69,29,24,10.1,".255",".454",".344","0.798","0.199","41","0","0","2","6","5.54","0","15",".273",".485",".345",".367",".360",".211",".445",".377","90.4","10.3",9.8,69.7,17.6,27,42.6,57.4,69,162,53.6,601,85.2,7.2,183,658,281,1122,82.4,64,363,46.4,521,42.1,472,25.3,46.8,50,20.1,26.6,3.3
"Wright Jr., Mike",605541,2021,"13","18.0",17,1,11,11,13.6,13.6,".254",".373",".370","0.743","0.119","11","0","0","0","1","5.50","0","0",".254",".414",".333",".363",".378",".160",".358",".309","86.8","10.1",10.5,64.4,8.3,24.4,41.9,58.1,18,43,54.2,176,75.8,10.2,30,197,98,325,91.7,8,96,45.8,149,39.1,127,18.7,42.8,47.4,29.8,19.3,3.5
"Hill, Tim",657612,2021,"78","59.2",51,9,56,23,22,9,".230",".387",".316","0.703","0.157","24","1","5","6","6","3.62","19","0",".226",".384",".301",".303",".314",".158",".348",".300","87.4","2.8",7.6,65,21.2,27.1,31.3,68.7,36,115,44.1,424,67.4,9.6,2,814,145,961,78.8,74,349,55.9,537,41.9,403,23.7,48.3,61.8,20,13.5,4.7
"Arrieta, Jake",453562,2021,"24","98.2",131,24,83,44,17.7,9.4,".320",".563",".388","0.951","0.243","81","0","0","5","14","7.39","0","24",".281",".509",".400",".372",".358",".228",".419",".350","90.9","9.1",9.2,64.3,12.3,22.7,35.2,65.3,70,199,50.1,875,72.9,7.6,142,920,684,1746,87.9,69,560,49.9,871,39.7,693,18.3,43.5,45.8,24.1,27.4,2.7
"Martin, Chris",455119,2021,"46","43.1",49,4,33,5,18.3,2.8,".290",".402",".320","0.722","0.112","19","1","4","2","4","3.95","13","0",".262",".416",".313",".309",".294",".154",".361",".324","91.2","8",5.8,74.7,16.4,28.6,37.8,62.2,31,82,43.3,287,92.2,9.7,83,475,52,663,83.6,46,281,56.7,376,45.4,301,21.2,54.8,50.4,26.6,22.3,0.7
"López, Reynaldo",625643,2021,"20","57.2",42,10,55,13,24.8,5.9,".205",".420",".248","0.668","0.215","22","0","0","4","4","3.43","0","9",".230",".415",".280",".298",".274",".184",".371",".310","89.3","13.6",9.1,68.6,19.8,28.7,37.1,62.9,49,132,49,460,80.3,7.6,35,543,360,938,80.2,65,328,51,478,43,403,24.8,49,39,28.6,25.3,7.1
"Stammen, Craig",489334,2021,"67","88.1",79,13,83,13,23.4,3.7,".235",".384",".268","0.652","0.149","30","1","1","6","3","3.06","7","4",".237",".381",".279",".285",".271",".144",".353",".314","88.4","8.1",5.9,63.9,12.7,31.7,45,55,99,220,53,693,67.6,5.4,6,916,386,1308,87.3,50,393,47,615,42.9,561,24.3,46.9,56.3,22.7,17.2,3.9
"Hale, David",571735,2021,"17","26.2",30,5,21,9,18.1,7.8,".283",".491",".345","0.836","0.208","19","0","1","0","2","6.41","0","1",".286",".525",".355",".371",".348",".239",".429",".357","89.3","11.7",11.8,74.5,16.4,25.7,28.8,71.2,19,66,55.7,257,93.1,6.3,112,256,93,461,83.6,25,152,44.3,204,42.7,197,20.2,47.3,41.2,22.4,29.4,7.1
"Crick, Kyle",605195,2021,"27","24.1",14,0,21,19,19.6,17.8,".175",".200",".358","0.558","0.025","12","0","1","1","1","4.44","6","0",".216",".323",".281",".335",".390",".107",".307",".283","84.4","16.5",3.2,56.5,20,29.7,36.7,63.3,29,79,61.3,266,45.8,5.5,2,168,264,434,80,19,95,38.7,168,41.2,179,27.6,40.1,38.7,24.2,25.8,11.3
"Guerra, Junior",448855,2021,"41","65.1",67,6,61,46,19.9,15,".262",".379",".378","0.757","0.117","44","0","2","5","2","6.06","2","1",".238",".351",".338",".324",".359",".113",".334",".311","86.7","11",4.6,64.6,17.6,25.9,47.1,52.9,82,174,54.9,672,67.6,5.6,194,686,345,1225,82.4,63,357,45.1,553,43.7,535,27.3,43.3,48.7,22.3,20.8,8.1
"Suárez, Ranger",624133,2021,"39","106.0",73,4,107,33,25.6,7.9,".194",".255",".267","0.522","0.061","16","4","3","8","5","1.36","0","12",".202",".283",".235",".253",".275",".080",".295",".282","86.7","4.4",2.6,66.7,19.8,28.4,41.4,58.6,101,244,53.2,858,73,5.5,389,1099,126,1614,80.2,100,504,46.8,756,43.9,709,26.9,46.3,59.7,19,16.8,4.4
"Romano, Jordan",605447,2021,"62","63.0",41,7,85,25,33.6,9.9,".181",".310",".266","0.576","0.129","15","23","1","7","1","2.14","5","0",".170",".298",".257",".251",".255",".128",".320",".272","89.1","12.3",9.2,70.9,22.2,29.1,54.6,45.4,83,152,50.6,522,77.2,8.9,0,652,379,1031,77.8,80,361,49.4,509,40.9,422,31.8,49.8,47.2,26.1,15.5,11.3
"Montgomery, Jordan",656756,2021,"30","157.1",150,19,162,51,24.5,7.7,".250",".380",".308","0.688","0.130","67","0","0","6","7","3.83","0","30",".245",".412",".299",".313",".304",".167",".381",".331","87.9","12.1",7.4,70.1,20.9,32,46.1,53.9,196,425,51.7,1329,79.8,6.5,626,1336,608,2570,79.1,182,870,48.3,1241,43.7,1122,29.2,50.4,43,25.1,25.1,6.7
"Rodriguez, Chris",669735,2021,"15","29.2",28,0,29,15,21.6,11.2,".243",".313",".351","0.664","0.070","12","0","1","2","1","3.64","2","2",".211",".290",".304",".286",".323",".079",".291",".282","88.2","3.6",3.5,57.1,13.3,29.5,43.4,56.6,36,83,55.6,281,55.3,7.5,24,330,151,505,86.7,17,128,44.4,224,44.8,226,25.1,41.8,54.7,19.8,24.4,1.2
"Garcia, Luis",677651,2021,"30","155.1",133,19,167,50,26.4,7.9,".232",".393",".295","0.688","0.161","60","0","0","11","8","3.48","0","28",".231",".394",".297",".303",".297",".163",".377",".326","88.1","15.9",7.3,66.5,20.8,29,51.9,48.1,195,376,51.8,1295,78.2,7,276,1654,267,2502,79.2,167,803,48.2,1207,40.7,1018,30.7,47.1,39.2,29.8,22.5,8.5
"Smith, Will",519293,2021,"71","68.0",49,11,87,28,30.7,9.9,".198",".403",".290","0.693","0.205","26","37","6","3","7","3.44","0","0",".192",".357",".297",".284",".286",".165",".357",".294","88.7","20.7",9.2,65.4,21.4,33.2,52.3,47.7,103,197,55,593,75.4,5.7,0,510,569,1079,78.6,68,318,45,486,41.1,444,33.2,47.7,31.3,29.4,27.6,11.7
"Eickhoff, Jerad",595191,2021,"5","19.2",30,9,13,10,12.5,9.6,".333",".722",".413","1.135","0.389","19","0","0","0","2","8.69","0","4",".339",".665",".462",".451",".420",".326",".491",".393","92.1","18.9",14.1,77.8,10.3,25.6,38,62,19,50,54.6,195,83.9,8.7,26,174,157,357,89.7,13,126,45.4,162,40.6,145,18.2,49.3,32.1,26.9,32.1,9
"Márquez, Germán",608566,2021,"32","180.0",165,21,176,64,23.3,8.5,".242",".389",".311","0.700","0.147","88","0","0","12","11","4.40","0","32",".247",".394",".303",".310",".316",".147",".371",".334","88.9","5.2",5.3,69.2,16.5,25.7,56.8,43.2,200,352,49.2,1371,75.5,8.5,58,1474,1256,2788,83.5,162,980,50.8,1417,40.9,1140,27.2,47.8,52.8,20.5,23.7,2.9
"Gonsolin, Tony",664062,2021,"15","55.2",41,8,65,34,27.2,14.2,".202",".369",".316","0.685","0.167","20","0","0","4","1","3.23","0","13",".200",".338",".305",".296",".315",".138",".338",".294","88.2","16.7",7.1,68.7,18.5,25.7,53.8,46.2,77,143,56.2,556,80.5,8.3,215,431,344,990,81.5,55,298,43.8,434,36.6,362,29.9,44.5,37.9,31.4,22.9,7.9
"Urquidy, José",664353,2021,"20","107.0",87,17,90,19,21.3,4.5,".218",".406",".257","0.663","0.188","43","0","0","8","3","3.62","0","20",".237",".436",".282",".304",".275",".199",".366",".305","88.6","20.6",9.3,70.6,20.6,29.5,38.5,61.5,80,208,43.2,705,83.2,9.5,297,896,120,1631,79.4,135,654,56.8,926,44,717,24.9,52.9,33.3,32.1,25,9.6
"Underwood Jr., Duane",621249,2021,"43","72.2",77,9,65,27,20.3,8.4,".270",".439",".338","0.777","0.169","35","0","0","2","3","4.33","4","0",".272",".448",".333",".345",".343",".176",".399",".351","89.3","8.8",7.6,66.1,16,24.2,45.4,54.6,64,141,49.4,582,74.2,7.6,321,554,302,1177,84,63,393,50.6,595,40,471,23.8,45.4,44.2,24.1,25.9,5.8
"Ryu, Hyun Jin",547943,2021,"31","169.0",170,24,143,37,20.4,5.3,".258",".435",".299","0.734","0.177","82","0","0","14","10","4.37","0","31",".259",".442",".313",".322",".301",".183",".383",".332","89.6","9.8",8.5,64.7,16.4,30.5,35.7,64.3,148,414,50.4,1356,76.6,5.7,680,1659,350,2689,83.6,141,862,49.6,1333,46.7,1255,22.6,47.5,47.2,22.9,24.3,5.6
"Thompson, Mason",666168,2021,"31","24.2",32,4,23,15,19,12.4,".311",".476",".403","0.879","0.165","11","0","3","1","3","4.01","7","0",".256",".402",".380",".334",".356",".147",".362",".329","86.6","9.1",6.1,63.3,12.9,24.1,41.8,58.2,23,55,53.8,228,66.7,9.9,5,361,58,424,87.1,16,124,46.2,196,42.2,179,21.8,42.2,52.4,15.9,23.2,8.5
"Rodríguez, Manuel",655889,2021,"20","17.2",18,3,16,12,19.3,14.5,".257",".443",".373","0.816","0.186","12","1","1","3","3","6.11","1","0",".247",".394",".353",".338",".365",".148",".359",".320","86.1","5.8",7.4,61.5,17.6,28.9,40.9,59.1,18,44,50.7,152,85.2,9,0,215,85,300,82.4,16,91,49.3,148,42,126,25.2,45,53.7,16.7,20.4,9.3
"Sánchez, Miguel",667376,2021,"28","26.0",27,4,23,14,19.2,11.7,".267",".446",".361","0.807","0.179","12","0","1","2","1","4.15","0","0",".268",".464",".343",".362",".368",".195",".409",".347","89.6","11.3",8.6,77.8,19,33,46.6,53.4,41,88,56.8,267,89.3,6,241,178,51,470,81,30,158,43.2,203,42.6,200,28.9,52.3,40.7,24.7,29.6,4.9
"Valdez, César",491624,2021,"39","46.0",62,8,45,14,21.4,6.7,".320",".526",".367","0.893","0.206","30","8","5","2","2","5.87","0","0",".293",".462",".376",".346",".343",".170",".420",".380","89.9","8.2",6.7,67.2,18.4,38.3,45,55,68,151,52,394,67.3,6.5,567,151,39,757,81.6,45,244,48,363,45.6,345,28.6,52.2,47.3,17.3,32,3.3
"Winkler, Dan",595465,2021,"47","39.2",32,5,40,30,21.1,15.8,".213",".373",".374","0.747","0.160","23","0","1","1","3","5.22","6","0",".220",".339",".336",".333",".381",".118",".328",".301","84.6","12.6",8.1,72.9,23.3,34.3,29.2,70.8,50,171,63.4,499,80.6,4.6,0,731,56,787,76.7,49,210,36.6,288,43.5,342,26,48.4,45,24.3,22.5,8.1
"Tomlin, Josh",458708,2021,"35","49.1",69,10,37,5,17,2.3,".327",".550",".344","0.894","0.223","36","0","0","4","0","6.57","1","0",".291",".496",".377",".345",".310",".205",".407",".352","89.1","18.1",8.6,72.4,15.6,38.3,36.6,63.4,60,164,53,428,76.4,6.8,12,563,233,808,84.4,43,275,47,380,43.6,352,23.5,54.3,34.3,30.9,26.9,8
"Eovaldi, Nathan",543135,2021,"32","182.1",182,15,195,35,25.5,4.6,".253",".402",".294","0.696","0.149","76","0","0","11","9","3.75","0","32",".235",".373",".298",".285",".278",".137",".359",".323","88","12.8",6.3,69,18.2,30.4,47.4,52.6,190,401,45,1318,75.7,8.2,371,1605,951,2927,81.8,202,1110,55,1609,44,1288,25.9,51.6,42.7,23.1,25.6,8.5
"Tapia, Domingo",593619,2021,"34","33.2",25,1,26,15,19.3,11.1,".208",".275",".296","0.571","0.067","10","0","3","4","1","2.67","7","0",".252",".358",".255",".305",".336",".106",".336",".323","90","9.2",4.3,64.1,12.7,24.8,38,62,27,71,55,286,75,7.7,32,388,100,520,87.3,19,150,45,234,43.1,224,20.8,42.5,46.8,19.1,27.7,6.4
"Bundy, Dylan",605164,2021,"23","90.2",89,20,84,34,21.2,8.6,".253",".491",".327","0.818","0.238","61","0","0","2","9","6.06","0","19",".241",".456",".348",".334",".318",".215",".385",".316","89.2","14.9",10.3,61.7,14.7,27.7,42.7,57.3,90,211,50,762,69.1,7.2,209,783,530,1524,85.3,69,470,50,762,43.6,664,23.3,44.7,41.4,30.8,22.7,5.1
"Peralta, Wandy",593974,2021,"56","51.0",49,6,43,21,19.6,9.6,".251",".385",".324","0.709","0.134","19","5","1","5","4","3.35","5","1",".237",".377",".309",".309",".315",".141",".343",".305","85.7","4.7",7.8,69.7,22.6,35.5,43.1,56.9,69,160,57.7,451,77.3,5.6,376,293,112,808,77.4,52,230,42.3,330,44.8,350,32.3,50.1,57.8,14.9,22.7,4.5
"Hernández, Elieser",622694,2021,"11","51.2",54,13,53,14,23.6,6.2,".265",".529",".318","0.847","0.264","24","0","0","1","3","4.18","0","11",".245",".472",".353",".328",".302",".228",".406",".329","90.2","17.5",11,69.8,18.1,28.5,44,58,44,100,42.9,351,76.9,9.5,100,436,282,818,81.9,59,326,57.1,467,41.2,337,24.2,52.1,40.6,32.9,18.7,7.7
"Nolin, Sean",543594,2021,"10","26.2",32,4,20,13,16.3,10.6,".302",".500",".385","0.885","0.198","13","0","0","0","2","4.39","0","5",".230",".388",".379",".313",".323",".158",".319",".281","89","14.9",4.5,71.5,14,21.6,42.6,57.4,23,54,50.1,250,90.9,6.6,78,350,69,499,86,25,178,49.9,249,43.1,215,20.7,46.5,37.5,31.8,26.1,4.5
"Wieck, Brad",623364,2021,"15","17.0",10,0,28,10,39.4,14.1,".164",".213",".282","0.495","0.049","0","0","0","0","0","0.00","1","0",".162",".273",".237",".255",".280",".111",".339",".299","91.6","16.5",6.1,58.3,22,19.7,48.1,51.9,13,27,46.8,137,70.8,8.2,0,248,45,293,78,20,91,53.2,156,42,123,28,40.3,30.3,39.4,27.3,3
"Rodríguez, Richard",593144,2021,"64","64.1",50,8,42,10,16.7,4,".209",".372",".247","0.619","0.163","21","14","3","5","4","2.94","8","0",".240",".480",".264",".320",".277",".240",".367",".292","91.5","22.9",9.1,74.3,14.6,26.9,39.1,60.9,45,115,45.2,427,85,8.5,0,813,131,944,85.4,56,384,54.8,517,41.5,392,20.2,52.9,31,41.1,18.8,9.1
"Diplán, Marcos",650959,2021,"23","30.0",22,6,24,15,19.5,12.2,".206",".411",".301","0.712","0.205","15","0","0","2","0","4.50","1","0",".222",".421",".308",".321",".316",".199",".346",".283","90.4","15.7",8.3,68.5,20.5,23.1,39,61,23,59,49.8,255,80,7.8,54,319,139,512,79.5,36,176,50.2,257,41,210,25.1,45.9,41.7,31,17.9,9.5
"Keller, Brad",641745,2021,"26","133.2",158,18,120,64,19.6,10.4,".297",".457",".374","0.831","0.160","80","0","0","8","12","5.39","0","26",".284",".504",".358",".377",".367",".221",".432",".364","90","7.9",10.9,66.9,14.5,24.6,42.2,57.8,127,301,52.2,1226,77,7,153,1377,818,2348,85.5,109,751,47.8,1122,41.1,966,22.4,44.8,49.1,22.3,24.9,3.8
"Graveman, Kendall",608665,2021,"53","56.0",35,3,61,20,27.5,9,".180",".253",".284","0.537","0.073","11","10","5","5","1","1.77","11","0",".225",".328",".248",".295",".323",".104",".348",".328","87.4","6.2",5.3,64.5,15.2,30,43.2,56.8,64,148,56.7,494,78.8,7.6,60,623,188,871,84.8,37,243,43.3,377,40.9,356,25.8,44.9,54.9,16.5,23.3,5.3
"Bickford, Phil",641360,2021,"57","51.1",36,7,59,19,28.5,9.2,".197",".350",".280","0.630","0.153","16","1","2","4","2","2.81","10","0",".206",".355",".263",".272",".290",".149",".350",".302","90.4","12.1",7.9,70.9,21.8,25.1,58.1,41.9,50,86,44.2,343,73.3,11.1,3,499,274,776,78.2,67,307,55.8,433,42,326,29.8,50.6,46.8,25.4,19,8.7
"Berríos, José",621244,2021,"32","192.0",159,22,204,45,26.1,5.8,".223",".380",".281","0.661","0.157","75","0","0","12","9","3.52","0","32",".238",".412",".286",".312",".298",".173",".390",".335","88.4","12.4",9.1,63.7,16.5,31.1,37.6,62.4,183,487,51.4,1564,67.9,8,402,1712,0,3043,83.5,155,942,48.6,1479,42.3,1286,23.7,47,43.7,23.4,26.9,6
"Crichton, Stefan",592233,2021,"31","23.1",33,3,17,12,14.5,10.3,".333",".495",".419","0.914","0.162","19","4","0","0","4","7.33","5","0",".256",".395",".386",".349",".366",".139",".365",".320","90.5","15.1",6,68.7,11.9,19.7,26.8,73.2,11,41,51.6,208,81.1,9.2,16,274,112,403,88.1,16,134,48.4,195,39.7,160,15.4,43.4,44,21.4,20.2,14.3
"Ramirez, Nick",598286,2021,"13","20.1",23,2,14,7,15.4,7.7,".277",".410",".330","0.740","0.133","13","0","0","1","1","5.75","0","0",".254",".374",".312",".299",".313",".120",".331",".307","87.9","10.5",4.3,69.3,13.2,28,40,60,18,45,51.3,161,85.7,6.7,124,153,37,314,86.8,14,106,48.7,153,44.3,139,21.2,48.1,47.1,21.4,28.6,2.9
"Boxberger, Brad",502202,2021,"71","64.2",44,8,83,25,31.2,9.4,".192",".332",".286","0.618","0.140","24","4","5","5","4","3.34","23","0",".200",".353",".274",".287",".294",".153",".366",".311","88.3","19.2",6.6,68.7,29.4,21.9,40.9,59.1,47,115,48.9,525,81.4,9.5,217,602,255,1074,70.6,111,377,51.1,549,42.8,460,32.1,45.8,39.7,25.8,22.5,11.9
"Kintzler, Brandon",445213,2021,"29","29.2",45,7,22,8,15.6,5.7,".344",".580",".383","0.963","0.236","21","0","2","2","1","6.37","2","1",".312",".526",".402",".378",".356",".214",".434",".375","91.7","3.1",7.3,68,10,24.6,31.3,68.8,20,64,51,260,78.1,6.3,56,383,71,510,90,17,170,49,250,42.2,215,15.8,45.9,58.2,14.5,24.5,2.7
"Smith, Burch",572143,2021,"31","43.1",49,5,28,11,14.9,5.9,".280",".440",".324","0.764","0.160","26","0","1","1","1","5.40","4","0",".280",".457",".328",".336",".324",".177",".370",".331","91.1","15.5",5.4,70.2,17.3,20.4,32.8,67.2,20,61,44.1,299,82.8,9.4,92,468,118,678,82.7,46,266,55.9,379,43.5,295,20.2,48.2,37.8,28.4,28.4,5.4
"Crismatt, Nabil",622503,2021,"45","81.1",87,10,71,24,20.2,6.8,".274",".420",".341","0.761","0.146","34","0","1","3","1","3.76","3","0",".246",".400",".330",".314",".315",".154",".357",".317","88.9","10",6.9,66.4,16.4,31,42.6,57.4,98,230,55.4,741,75,7.2,685,337,315,1337,83.6,65,396,44.6,596,43.9,587,26,46.8,52.8,23,19.8,4.4
"Greene, Conner",641632,2021,"24","25.1",32,1,26,12,21.5,9.9,".308",".423",".388","0.811","0.115","20","0","4","1","3","7.11","1","1",".244",".395",".352",".318",".334",".151",".356",".318","89.5","14.8",5,69.6,18.1,32.6,52.6,47.4,40,76,52.1,233,70.3,8.3,40,215,192,447,81.9,27,149,47.9,214,40.3,180,29.8,50.3,38.8,30,25,6.3
"Fulmer, Michael",605242,2021,"52","69.2",69,7,73,20,24.6,6.7,".256",".378",".316","0.694","0.122","23","14","4","5","6","2.97","9","4",".239",".389",".301",".302",".302",".150",".367",".325","86.7","12.1",6.5,69,19.7,32.2,47.1,52.9,98,208,54.5,645,72.3,5.5,133,1012,36,1183,80.3,73,371,45.5,538,41,485,29.5,48.9,45.7,19.6,25.6,9
"Doolittle, Sean",448281,2021,"56","49.2",50,7,53,23,23.8,10.3,".258",".454",".339","0.793","0.196","25","1","4","3","1","4.53","5","0",".237",".415",".336",".317",".322",".179",".377",".323","90.9","26.4",6.9,75.6,22.3,27.9,32.4,67.6,36,111,46,398,84.4,8.9,39,702,125,866,77.7,79,354,54,468,42.7,370,24.7,53.7,20.7,34.5,29,15.9
"Borucki, Ryan",621366,2021,"24","23.2",18,5,21,11,21.4,11.2,".214",".429",".309","0.738","0.215","13","0","1","3","1","4.94","1","0",".229",".414",".318",".325",".322",".185",".362",".301","89.1","6",7.7,58.7,19,27.4,50,50,26,52,51.5,190,63,7.3,33,215,121,369,81,20,105,48.5,179,40.7,150,29.3,42.5,63.1,24.6,7.7,4.6
"Doval, Camilo",666808,2021,"29","27.0",19,4,37,9,33.9,8.3,".192",".333",".266","0.599","0.141","9","3","3","5","1","3.00","6","0",".195",".330",".257",".259",".269",".136",".359",".313","87.5","9.6",8.1,62.1,17.6,28.8,65.7,34.3,44,67,51.5,233,72.5,8.8,0,188,264,452,82.4,24,136,48.5,219,39.8,180,33.5,44.9,50,25.8,19.4,4.8
"Díaz, Yennsy",660546,2021,"20","25.0",25,5,21,13,18.6,11.5,".255",".449",".345","0.794","0.194","15","0","0","0","2","5.40","0","0",".241",".408",".340",".324",".334",".167",".349",".304","89.8","20.5",6.4,70.5,19.6,18.8,38.1,61.9,16,42,49.9,223,82.8,6.5,126,287,34,447,80.4,31,158,50.1,224,43.2,193,23.5,44.7,32.1,34.6,20.5,12.8
"Cahill, Trevor",502239,2021,"9","37.0",42,4,32,14,19.3,8.4,".286",".422",".345","0.767","0.136","27","0","0","1","5","6.57","0","8",".263",".441",".332",".334",".327",".178",".379",".330","88.3","6.9",6.7,63.6,14.9,26.4,40.2,59.8,37,92,52.5,349,70.2,7.1,159,362,144,665,85.1,30,201,47.5,316,41.7,277,22.9,44.1,57.1,20.2,17.6,5
"Bukauskas, J.B.",656266,2021,"21","17.1",24,4,14,7,17.3,8.6,".333",".583",".388","0.971","0.250","15","0","1","2","2","7.79","1","0",".268",".514",".404",".361",".332",".246",".413",".331","89.9","9.8",11.7,67.2,8.7,31.5,57.4,42.6,27,47,52.1,149,76.5,5.9,31,135,120,286,91.3,8,92,47.9,137,39.9,114,25.2,48.6,50,25,23.3,1.7
"Strickland, Hunter",519326,2021,"57","58.2",46,8,58,22,24,9.1,".213",".380",".290","0.670","0.167","17","0","0","3","2","2.61","4","0",".209",".395",".292",".298",".287",".186",".347",".284","86.9","20.3",8.8,71.7,22.3,26.7,41.5,58.5,54,130,49.6,487,75.9,8.1,20,560,400,981,77.7,79,354,50.4,494,41.5,407,27.5,49.3,35,28.7,22.5,13.8
"De León, José",592254,2021,"9","18.1",22,4,33,11,36.3,12.1,".289",".513",".385","0.898","0.224","17","0","0","0","1","8.35","0","2",".225",".437",".381",".337",".335",".212",".480",".389","89","14.6",15.6,67.4,27.4,23.9,51.3,48.7,20,39,47,163,69.2,11.2,78,218,0,347,72.6,34,124,53,184,38.9,135,33.1,47,33.3,24.4,33.3,8.9
"Hendrix, Ryan",641682,2021,"36","31.2",33,8,35,16,24.6,11.3,".268",".528",".352","0.880","0.260","21","0","1","5","1","5.97","3","0",".266",".473",".366",".349",".350",".208",".427",".364","91.8","13.7",11.1,65.4,20.6,21.1,62.5,37.5,40,64,56.1,303,72.2,6.7,0,242,298,540,79.4,32,155,43.9,237,41.7,225,32.9,40.6,42.2,26.7,26.7,4.4
"Odorizzi, Jake",543606,2021,"24","104.2",97,16,91,34,20.6,7.7,".243",".429",".307","0.736","0.186","49","0","0","6","7","4.21","0","23",".248",".452",".316",".329",".311",".204",".383",".321","89.7","17.2",9.3,72.1,15.9,26.5,37.8,62.2,94,249,50.8,938,81.5,6.7,406,1223,218,1847,84.1,104,655,49.2,909,44.9,829,21.9,48.9,36.7,31.9,23.3,8
"Neris, Héctor",593576,2021,"74","74.1",55,12,98,32,31.6,10.3,".202",".382",".294","0.676","0.180","30","12","7","4","7","3.63","11","0",".183",".328",".292",".270",".280",".145",".341",".288","86.6","11.7",6.3,68.5,28.1,32.9,45.7,54.3,100,219,53.6,666,84.5,6.8,505,694,44,1243,71.9,111,395,46.4,577,44.6,554,34.4,49.4,50,25,18.2,6.8
"Workman, Brandon",519443,2021,"29","28.0",36,4,25,21,18.4,15.4,".313",".487",".419","0.906","0.174","17","0","0","1","2","5.46","4","0",".307",".510",".389",".397",".414",".203",".445",".392","93.1","7.8",11.1,61.1,16.8,22.8,40.6,59.4,26,64,54.6,281,68.4,7.4,0,253,262,515,83.2,24,143,45.4,234,42.7,220,24.2,40.2,44.4,26.7,26.7,2.2
"Pop, Zach",647315,2021,"50","54.2",54,3,51,24,20.7,9.8,".254",".362",".351","0.713","0.108","25","0","1","1","0","4.12","3","0",".227",".351",".316",".306",".328",".124",".329",".298","86.1","3.7",6.1,66.7,18.2,32,39.3,60.7,68,173,57.7,540,64.1,6.8,0,637,299,936,81.8,48,264,42.3,396,42.2,395,26.5,46.7,58.3,17.8,19,4.9
"Alvarado, José",621237,2021,"64","55.2",42,5,68,47,27.1,18.7,".213",".325",".382","0.707","0.112","26","5","3","7","1","4.20","16","0",".199",".306",".322",".313",".372",".107",".333",".305","87.5","1.1",3.9,58.9,19.7,23.3,63.6,36.4,82,129,52.9,553,69.6,7.6,0,1010,35,1045,80.3,57,290,47.1,492,40.5,423,33.2,40.1,55.8,19.4,23.3,1.6
"Kelly, Merrill",518876,2021,"27","158.0",163,21,130,41,19.5,6.1,".266",".433",".315","0.748","0.167","78","0","0","7","11","4.44","0","27",".266",".436",".319",".324",".315",".170",".379",".336","89","12.9",6.3,70.3,13,26.9,41.5,58.8,132,318,48.7,1182,80.3,7.8,422,1565,438,2425,87,114,874,51.3,1243,44.7,1084,20.6,49.2,44.7,24.2,25.2,5.9
"Greinke, Zack",425844,2021,"30","171.0",164,30,120,36,17.2,5.2,".252",".434",".291","0.725","0.182","79","0","0","11","6","4.16","1","29",".263",".436",".309",".321",".304",".173",".367",".323","88.3","10.6",6.5,66.4,12.4,28.8,40.4,59.6,162,401,54.1,1394,76.2,6.7,573,1175,812,2577,87.6,97,785,45.9,1183,42.9,1106,21.8,46,45.6,23.9,25,5.4
"Junis, Jakob",596001,2021,"16","39.1",43,7,41,12,24.4,7.1,".279",".461",".327","0.788","0.182","23","0","2","2","4","5.26","0","6",".276",".509",".336",".356",".326",".232",".448",".372","91.2","11.6",12.2,62.9,19.3,27.4,39.5,60.5,34,86,50.1,314,69,9.3,21,353,253,627,80.7,38,197,49.9,313,41.3,259,25.4,45.1,43.5,27,24.3,5.2
"Brogdon, Connor",641401,2021,"56","57.2",47,6,50,18,21.3,7.7,".221",".362",".282","0.644","0.141","22","1","4","5","4","3.43","11","1",".210",".334",".277",".265",".273",".125",".301",".271","85.9","15.5",5.4,76.4,25.4,29.7,38.4,62.3,53,138,50.4,465,80,7.6,329,594,0,923,74.6,89,350,49.6,458,42.5,392,29.1,52.9,47,25.3,16.9,10.8
"Morgan, Adam",605388,2021,"34","25.1",22,6,28,12,25.9,11.1,".237",".505",".324","0.829","0.268","12","2","2","2","1","4.26","4","0",".199",".391",".348",".306",".298",".191",".358",".286","87.2","9.3",9,60,19.2,32.2,53.8,46.2,42,78,54.8,242,70.8,5.4,33,154,255,442,80.8,23,120,45.2,200,40.7,180,32.8,44.8,47.8,29.9,16.4,6
"Brothers, Rex",571521,2021,"57","53.0",41,9,75,35,31.8,14.8,".212",".399",".347","0.746","0.187","31","1","1","3","2","5.26","8","0",".232",".440",".327",".351",".364",".207",".457",".375","91.5","15.8",11.7,68.4,21.9,25.1,57.9,42.1,84,145,57.8,577,71.2,5.9,0,654,344,998,78.1,63,288,42.2,421,40.7,406,33.9,43.4,35,33.3,26.7,5
"Stroman, Marcus",573186,2021,"33","179.0",161,17,158,43,21.7,5.9,".242",".362",".292","0.654","0.120","60","0","0","10","13","3.02","0","33",".258",".420",".284",".318",".309",".162",".381",".337","89.1","6.3",6.5,66.3,16.3,31.6,48,52,213,444,51.3,1405,79.8,6.9,441,1646,55,2741,83.7,144,886,48.7,1336,42.2,1156,26.8,48.5,52.6,20,24.6,2.9
"Mazza, Chris",607391,2021,"14","27.1",26,3,21,7,18.8,6.3,".257",".406",".313","0.719","0.149","14","1","0","0","0","4.61","1","0",".238",".412",".306",".307",".297",".174",".348",".297","85.5","18.2",8.5,70.4,18.1,32.3,48.6,51.4,34,70,52.5,217,86.1,8.7,8,285,120,413,81.9,25,138,47.5,196,40.7,168,28.4,50.4,36.6,24.4,20.7,18.3
"Falter, Bailey",663559,2021,"22","33.2",34,5,34,6,24.5,4.3,".262",".423",".302","0.725","0.161","21","0","0","2","1","5.61","2","1",".244",".381",".311",".292",".287",".137",".360",".329","88.9","15.4",6.2,69.6,20.4,22.1,34.5,65.5,19,55,45.1,249,86,7.8,32,376,144,552,79.6,43,211,54.9,303,44,243,23.3,48.2,37.1,26.8,25.8,10.3
"Dunning, Dane",641540,2021,"27","117.2",126,13,114,43,22.3,8.4,".275",".427",".345","0.772","0.152","59","0","0","5","10","4.51","0","25",".259",".419",".336",".331",".332",".161",".387",".345","89.2","6.7",8.1,64.1,15.5,29.2,39.3,60.7,112,285,51.1,975,75,7.3,249,1158,502,1909,84.5,93,599,48.9,934,42.5,812,23.2,46.3,54.2,18.4,22.5,4.9
"Kuhl, Chad",641771,2021,"28","80.1",73,13,75,42,21.5,12,".252",".445",".357","0.802","0.193","43","0","2","5","7","4.82","4","14",".236",".401",".347",".331",".345",".165",".359",".311","88.6","11.5",7.2,64.2,19.8,22.3,45.1,54.9,78,173,54,776,75.4,8.2,62,551,823,1436,80.2,84,424,46,660,37.5,538,27.1,41.6,45.3,25.6,24.7,4.5
"Duffey, Tyler",608648,2021,"64","62.1",48,4,61,28,24,11,".216",".311",".308","0.619","0.095","22","3","2","3","3","3.18","22","0",".226",".366",".278",".303",".317",".141",".348",".309","91.4","10.3",5.5,64.7,15.2,24.3,43.7,56.3,59,135,52.7,555,78.8,6.3,0,513,496,1053,84.8,49,322,47.3,498,43.7,460,23.6,43.4,46,27.6,22.7,3.7
"Peters, Dillon",596071,2021,"6","26.2",26,2,23,10,19.7,8.5,".245",".415",".316","0.731","0.170","11","0","0","1","2","3.71","0","6",".242",".422",".316",".321",".313",".180",".360",".309","88.6","10.7",9.6,69.2,21,32.1,32.8,67.2,22,67,47.2,209,84.2,8.6,142,229,72,443,79,34,162,52.8,234,42.2,187,24.5,51.7,48.2,20.5,25.3,6
"Plesac, Zach",668676,2021,"25","142.2",137,23,100,34,16.7,5.7,".248",".437",".299","0.736","0.189","74","0","0","10","6","4.67","0","25",".251",".465",".314",".327",".301",".214",".367",".304","90.6","12.1",9.4,73.6,16.9,27.5,40.3,59.7,120,298,49.1,1082,85.6,8.2,527,928,750,2205,83.1,140,826,50.9,1123,43.9,969,23.1,51,44.7,27.9,22.1,5.3
"Graterol, Brusdar",660813,2021,"34","33.1",34,2,27,13,18,8.7,".260",".389",".349","0.738","0.129","17","0","2","3","0","4.59","4","1",".261",".360",".312",".307",".351",".099",".341",".329","86.2","-1.2",2.9,67.1,13.6,28.7,37.1,62.9,23,62,41.3,216,77.6,11.1,0,359,164,523,86.4,28,206,58.7,307,41.7,218,19,51.2,58.7,7.7,26.9,6.7
"Claudio, Alex",592222,2021,"41","32.2",37,6,30,15,20.3,10.1,".278",".489",".351","0.840","0.211","20","1","0","1","2","5.51","2","0",".259",".431",".358",".333",".334",".172",".382",".334","88","6.2",6.8,62,15.3,29.6,41.2,58.8,42,102,58.8,345,76.2,7.2,143,285,159,587,84.7,23,150,41.2,242,42.2,248,25.8,42.9,51.5,18.4,28.2,1.9
"Overton, Connor",656818,2021,"9","15.1",14,2,15,5,23.8,7.9,".250",".411",".302","0.713","0.161","8","0","0","0","1","4.70","0","3",".255",".433",".303",".322",".312",".179",".391",".341","88.5","15.8",2.3,70.5,14,33.8,45.8,54.2,22,48,51.8,142,88.9,6.6,66,144,63,274,86,13,93,48.2,132,42.3,116,24.8,51.5,34.9,25.6,32.6,7
"Nance, Tommy",667297,2021,"27","28.2",25,5,30,13,23.6,10.2,".227",".418",".323","0.741","0.191","23","0","0","1","1","7.22","5","0",".255",".423",".322",".343",".348",".168",".400",".349","88.1","1.9",7.4,61.1,15.1,23.5,51,49,26,51,47.6,217,64.9,8.1,0,283,173,456,85.6,22,146,52.4,239,41.2,188,24.4,43.2,58,16,23.5,2.5
"Kinley, Tyler",641755,2021,"70","70.1",59,12,68,26,23.1,8.8,".223",".424",".296","0.720","0.201","37","0","4","3","2","4.73","10","0",".231",".399",".308",".306",".303",".168",".359",".309","89.2","18",6.5,74.1,20.3,28.4,52.5,47.5,85,162,50,571,84,8.2,46,495,601,1143,79.7,86,424,50,572,41.6,476,29.2,51.3,39.2,27.6,23.1,10.1
"Walker, Taijuan",592836,2021,"30","159.0",133,26,146,55,22.3,8.4,".225",".400",".294","0.694","0.175","79","0","0","7","11","4.47","0","29",".240",".444",".301",".327",".309",".204",".386",".318","89.1","12.4",10,64.8,19.3,26,35.2,64.8,112,318,48,1222,69.3,7.5,365,1458,724,2547,80.7,166,859,52,1325,43.1,1097,23.6,46.2,43.2,28.1,21.8,6.9
"Melancon, Mark",453343,2021,"64","64.2",54,4,59,25,22.3,9.4,".228",".316",".302","0.618","0.088","16","39","6","4","3","2.23","0","0",".258",".387",".270",".315",".332",".129",".373",".345","86.6","-0.5",6.1,66.2,12.6,25.7,41.3,58.7,57,138,50.9,536,77.9,7.3,1,689,363,1053,87.4,43,342,49.1,517,44.8,472,20.8,45.6,57.2,13.9,26.7,2.2
"Matz, Steven",571927,2021,"29","150.2",158,18,144,43,22.3,6.6,".265",".405",".320","0.725","0.140","64","0","0","14","7","3.82","0","29",".249",".398",".315",".309",".306",".149",".366",".328","87.8","9.6",7,65.5,16.5,25.4,39.4,60.6,119,302,46.5,1189,74.8,8.4,594,1328,635,2557,83.5,148,896,53.5,1368,44.6,1140,22.3,46.9,46.3,24.4,24,5.3
"Moore, Matt",519043,2021,"24","73.0",78,15,63,38,18.9,11.4,".274",".509",".362","0.871","0.235","51","0","0","2","4","6.29","1","13",".245",".447",".368",".337",".337",".203",".375",".313","89.5","16",8.7,70.3,16.9,25.9,35.8,64.2,59,165,50.9,638,82.1,7.6,242,820,192,1254,83.1,73,433,49.1,616,44.3,556,22.1,47.7,41.1,29,23.4,6.5
"de Geus, Brett",676969,2021,"47","50.0",62,6,41,25,17.2,10.5,".308",".478",".401","0.879","0.170","42","0","2","3","2","7.56","3","0",".280",".428",".379",".359",".380",".148",".383",".350","89.7","5",6.1,66,10.1,23.8,35.9,64.1,42,117,53.9,491,78.2,6,4,733,174,911,89.9,28,277,46.1,420,43.6,397,17.8,43.2,52.4,20.1,25.6,1.8
"Holloway, Jordan",656548,2021,"13","36.0",23,3,36,26,22.8,16.5,".177",".315",".310","0.625","0.138","16","0","0","2","3","4.00","0","4",".199",".362",".284",".311",".330",".163",".325",".272","88.5","15.2",8.3,61.2,18.8,20.8,50.7,49.3,36,71,51.5,342,70.5,6.6,18,303,343,664,81.2,37,197,48.5,322,39.6,263,27.2,40.4,42.7,25,21.9,10.4
"Romo, Sergio",489265,2021,"66","61.2",56,9,60,21,23.2,8.1,".238",".404",".305","0.709","0.166","32","3","4","1","1","4.67","12","0",".216",".371",".305",".289",".288",".155",".339",".293","84.9","17.4",7.4,61.7,20.4,30.1,43.3,56.7,78,180,57.4,599,72.6,5.9,114,348,581,1043,79.6,56,274,42.6,444,37.4,390,29.5,43.5,37.5,30.1,22.2,10.2
"Britton, Zack",502154,2021,"22","18.1",17,2,16,13,19.8,16,".262",".400",".395","0.795","0.138","12","1","3","0","1","5.89","11","0",".183",".285",".355",".295",".336",".102",".268",".241","84.7","-3.4",4,68.4,16.3,29.5,37.1,62.9,23,62,64.2,210,56.3,4.9,0,274,53,337,83.8,13,80,35.8,117,42.8,140,24.8,43,68,14,16,2
"Mayza, Tim",641835,2021,"61","53.0",40,5,57,13,27,6.2,".206",".309",".267","0.576","0.103","20","1","3","5","2","3.40","19","0",".224",".321",".256",".272",".283",".097",".336",".318","86","2.6",3.6,63.8,14.5,28.6,47.6,52.4,60,126,52.3,440,75,7.6,0,600,241,841,85.5,37,256,47.7,401,42.4,357,25.4,45.4,58,13.8,23.2,5.1
"Long, Sam",669674,2021,"12","40.2",37,5,38,15,21.6,8.5,".237",".410",".313","0.723","0.173","25","0","0","2","1","5.53","0","5",".232",".400",".313",".314",".310",".169",".356",".304","88.7","15.1",5.8,67.4,14.3,26.4,41.3,58.7,38,92,47.7,349,63.1,8.9,150,316,266,732,85.7,37,258,52.3,383,42.3,310,21.4,47.8,39.2,35.8,20.8,4.2
"Martin, Brett",656685,2021,"66","62.1",67,5,42,14,15.9,5.3,".272",".374",".312","0.686","0.102","22","0","2","4","4","3.18","11","0",".260",".368",".293",".290",".300",".108",".330",".314","88","5.9",3.4,74.1,14.5,30.3,44.7,55.3,59,132,47.4,435,80.3,8.3,0,499,419,918,85.5,52,358,52.6,483,43.1,396,22.7,53.4,58.2,19.7,19.2,2.9
"Otto Jr., Glenn",657248,2021,"6","23.1",32,2,28,8,25.2,7.2,".320",".490",".382","0.872","0.170","24","0","0","0","3","9.26","0","6",".275",".451",".375",".344",".340",".177",".428",".381","88.8","9.8",8.2,68.5,18,27.4,35.2,64.8,19,54,44,197,81.6,10.9,16,230,44,448,82,31,172,56,251,40.6,182,22.1,50.4,45.2,17.8,32.9,4.1
"Raley, Brooks",548384,2021,"58","49.0",43,6,65,16,31.7,7.8,".232",".362",".304","0.666","0.130","26","2","3","2","3","4.78","10","0",".226",".380",".294",".301",".298",".154",".401",".349","83","10.3",8.3,65.9,25,30.1,47.1,52.9,64,136,52.3,452,73.2,6.5,33,472,113,865,75,68,272,47.7,413,41.4,358,32.4,47.2,47.1,22.3,24,6.6
"Stanek, Ryne",592773,2021,"72","68.1",46,8,83,37,28.6,12.8,".186",".312",".303","0.615","0.126","26","2","2","3","5","3.42","21","0",".200",".385",".276",".307",".315",".185",".369",".299","91","18.6",9.7,72.2,26.6,25,48.4,51.6,74,153,52.6,613,82.6,7.4,254,696,216,1166,73.4,106,399,47.4,553,43.6,508,32.6,47.3,33.3,35.2,22.4,9.1
"Akin, Keegan",669211,2021,"24","95.0",110,17,82,40,19.2,9.4,".290",".491",".357","0.848","0.201","70","0","0","2","10","6.63","0","17",".259",".474",".361",".348",".331",".216",".396",".328","89.8","17.8",9.6,70.1,18.1,25.4,33,67,69,209,46.5,823,85.4,7.7,344,1011,413,1768,81.9,120,662,53.5,945,41.6,735,21.7,49.3,37.3,33,22.1,7.6
"Canning, Griffin",656288,2021,"14","62.2",65,14,62,28,22.4,10.1,".264",".500",".341","0.841","0.236","39","0","0","5","4","5.60","0","13",".248",".441",".358",".334",".328",".193",".390",".332","89.6","16.8",9.2,74,22.1,26.9,51,49,77,151,51.9,561,84.1,7.6,230,436,410,1080,77.6,85,384,48.1,519,42.7,461,30.3,49.5,36.2,31.4,23.2,9.2
"Vest, Will",676684,2021,"32","35.0",38,2,27,18,17.3,11.5,".288",".432",".381","0.813","0.144","24","0","1","1","0","6.17","6","0",".285",".416",".355",".352",".378",".132",".373",".351","89.9","10",5.6,71.5,20.9,24.8,27.8,72.2,22,79,52.6,319,82.1,6.4,120,345,142,607,79.1,43,206,47.4,288,40,243,22.8,47,41.7,22.2,32.4,3.7
"Ponce, Cody",664074,2021,"15","38.1",56,8,36,11,20.1,6.1,".344",".613",".382","0.995","0.269","30","0","0","0","6","7.04","0","2",".263",".483",".413",".346",".315",".221",".412",".339","88.3","11.6",10.7,66.4,13.2,32.4,40.5,59.5,47,116,50.3,358,72.2,7.6,59,434,219,712,86.8,31,235,49.7,354,42.8,305,22.2,49.3,43.5,26.7,25.2,4.6
"Sewald, Paul",623149,2021,"62","64.2",42,10,104,24,39.4,9.1,".176",".339",".251","0.590","0.163","22","11","5","10","3","3.06","16","0",".178",".368",".250",".263",".253",".190",".406",".315","88.3","21.1",12.6,67.9,29.4,30,54.1,45.9,85,157,47.5,524,75,9.1,1,644,0,1104,70.6,116,394,52.5,580,41,453,36.5,49.9,26.7,36.3,25.2,11.9
"Colomé, Alex",517008,2021,"67","65.0",68,8,58,23,20,7.9,".264",".411",".329","0.740","0.147","30","17","7","4","4","4.15","5","0",".248",".448",".319",".333",".318",".200",".382",".319","90.6","4.4",8.8,70.9,16.1,31.8,46.4,53.6,90,194,55.4,611,75.7,6.7,0,1102,0,1102,83.9,56,348,44.6,491,41.3,455,26.9,49.2,54.1,21.5,22,2.4
"Manoah, Alek",666201,2021,"20","111.2",77,12,127,40,27.7,8.7,".192",".314",".290","0.604","0.122","40","0","0","9","2","3.22","0","20",".197",".325",".273",".283",".296",".128",".329",".289","86.8","16.3",5.8,69.5,23.7,27.9,44.3,55.7,117,264,51.3,947,83,7.3,173,1160,512,1845,76.3,148,624,48.7,898,42.3,781,29.8,48.1,39.5,29.3,22.5,8.7
"Steckenrider, Drew",608716,2021,"62","67.2",52,5,58,17,21.7,6.4,".214",".333",".274","0.607","0.119","15","14","3","5","2","2.00","7","0",".228",".370",".264",".287",".288",".142",".334",".298","90.7","16.5",5.3,69.3,16,28.8,32.1,67.9,45,140,48.2,486,83.5,9,160,664,184,1008,84,58,362,51.8,522,42.9,432,20.5,49.8,38.8,29.3,22.3,9.6
"García, Jarlín",606424,2021,"58","68.2",48,9,68,18,25.3,6.7,".196",".380",".256","0.636","0.184","20","1","2","6","3","2.62","11","0",".217",".371",".269",".281",".277",".154",".348",".301","89.7","12.6",7.2,65.5,16.7,22.4,45.4,54.6,44,97,43.3,434,84,9.4,246,501,255,1002,83.3,62,372,56.7,568,41.1,412,22.6,46.8,41.4,27.6,26,5
"Misiewicz, Anthony",664948,2021,"66","54.2",61,7,53,15,22.5,6.4,".280",".431",".328","0.759","0.151","28","0","5","5","5","4.61","19","0",".250",".432",".324",".314",".301",".182",".383",".329","90.7","13.1",7.8,72.9,18.2,31.5,44.7,55.3,63,141,50.1,448,77.6,8.5,0,615,279,894,81.8,59,325,49.9,446,38.7,346,26.2,52.1,44.3,26.9,23.4,5.4
"McCullers Jr., Lance",621121,2021,"28","162.1",122,13,185,76,27,11.1,".205",".324",".305","0.629","0.119","57","0","0","13","5","3.16","0","28",".205",".314",".283",".284",".305",".109",".325",".297","89.8","5.1",5.3,59.4,16.6,26.1,57.2,42.8,222,388,53.4,1489,69.2,7.6,383,996,1409,2788,83.4,128,771,46.6,1299,38.7,1078,30.2,41.6,56.9,19.9,19.9,3.4
"Pineda, Michael",501381,2021,"22","109.1",114,17,88,21,19.2,4.6,".265",".453",".301","0.754","0.188","44","0","0","9","8","3.62","0","21",".277",".477",".320",".337",".313",".200",".401",".347","91.2","15.3",8.9,69.2,13.3,34.3,39.8,60.2,117,294,50.2,857,86.4,7.3,288,925,494,1707,86.7,78,588,49.8,850,42.9,733,22.1,51.7,40.9,26.5,25.6,6.9
"Bard, Daniel",453268,2021,"67","65.2",69,8,80,36,26.3,11.8,".265",".431",".370","0.801","0.166","38","20","8","7","8","5.21","4","0",".231",".355",".350",".314",".340",".125",".364",".334","88.6","12.7",5.5,68.1,22.6,24.4,50.7,49.3,75,148,49.8,606,75.7,9.1,63,592,561,1217,77.4,94,416,50.2,611,40.6,494,30,46.3,42.5,22.1,27.1,8.3
"Carrasco, Carlos",471911,2021,"12","53.2",59,12,50,18,21.1,7.6,".272",".502",".325","0.827","0.230","36","0","0","1","5","6.04","0","12",".252",".466",".350",".335",".308",".214",".396",".326","89","10.4",8.3,74,20.9,31.6,41.1,58.9,60,146,52,462,83.6,7.5,219,450,220,889,79.1,66,316,48,427,43,382,27.3,52,43.8,27.2,26,3
"Megill, Trevor",656730,2021,"28","23.2",36,7,30,8,26.1,7,".343",".619",".395","1.014","0.276","22","0","0","1","2","8.37","1","0",".270",".482",".424",".345",".327",".212",".446",".378","91.3","16.7",10.5,69.9,14.4,26.1,52.4,47.6,33,63,52.4,241,81.6,8.3,0,306,154,460,85.6,22,153,47.6,219,44.8,206,25.5,47,39.5,23.7,27.6,9.2
"Gausman, Kevin",592332,2021,"33","192.0",150,20,227,50,29.3,6.5,".210",".345",".264","0.609","0.135","60","0","0","14","6","2.81","0","33",".228",".388",".265",".291",".281",".160",".383",".333","89.1","12.1",7.1,71.4,22.4,32.7,51.4,48.6,249,484,49.2,1478,82.2,8.8,1233,1583,186,3002,77.6,244,1088,50.8,1524,43.6,1308,31.4,52.4,42.7,28.1,23.3,5.9
"Castro, Anthony",621593,2021,"25","24.2",23,4,32,8,29.4,7.3,".237",".433",".312","0.745","0.196","13","1","1","1","2","4.74","2","0",".209",".381",".314",".294",".296",".172",".382",".322","89.8","13.9",12.1,60.3,19,30.9,43.4,56.6,33,76,54.1,246,73,8.1,5,234,215,455,81,24,126,45.9,209,43.7,199,28.2,44.4,50,19.7,18.2,12.1
"González, Victor",624647,2021,"44","35.1",32,3,33,19,21.3,12.3,".244",".359",".351","0.710","0.115","14","1","1","3","1","3.57","17","1",".251",".372",".313",".324",".356",".122",".356",".332","82.4","3.3",6,63,16.7,30.7,50,50,46,92,53.9,300,73.2,7.4,0,308,249,557,84,27,162,46.1,257,41.5,231,28.7,45.6,56,18,22,4
"Gutierrez, Vladimir",661269,2021,"22","114.0",115,20,88,46,17.7,9.3,".263",".469",".336","0.805","0.206","60","0","0","9","6","4.74","0","22",".245",".425",".345",".327",".321",".180",".356",".305","88.9","13.7",8.4,68,16.9,25.1,41.4,58.6,96,232,50.5,924,78.2,6.8,224,868,739,1831,83.3,104,617,49.5,907,43,788,23.6,46.4,44.8,29.1,19.3,6.7
"Familia, Jeurys",544727,2021,"65","59.1",57,10,72,27,27.5,10.3,".248",".435",".332","0.767","0.187","26","1","6","9","4","3.94","12","0",".225",".356",".330",".297",".312",".131",".364",".328","88.1","4.9",6.3,66.9,17,28.6,55.2,44.8,80,145,49.9,507,73.4,7.8,31,747,239,1017,83,58,341,50.1,510,40.6,413,28.4,47.8,51.9,20,23.8,4.4
"Barnes, Charlie",656212,2021,"9","38.0",46,4,20,16,11.4,9.1,".303",".454",".382","0.836","0.151","25","0","0","0","3","5.92","0","8",".282",".499",".364",".373",".364",".217",".380",".323","90.5","16.1",6.7,68,11.1,23.2,33.3,66.7,26,78,51.3,336,84.6,7.9,191,289,175,655,88.9,24,217,48.7,319,43.1,282,16.9,45,39.3,31.9,24.4,4.4
"Strasburg, Stephen",544931,2021,"5","21.2",16,4,21,14,22.1,14.7,".200",".388",".326","0.714","0.188","11","0","0","1","2","4.57","0","5",".243",".453",".308",".352",".364",".210",".402",".331","91.9","13.9",10.2,57.6,16.5,19.6,57.5,42.5,23,40,56.4,204,69.2,7.2,58,195,109,362,83.5,15,91,43.6,158,37.6,136,29,36.2,37.3,30.5,28.8,3.4
"Widener, Taylor",642203,2021,"23","70.1",65,14,73,37,22.9,11.6,".241",".456",".345","0.801","0.215","34","0","0","2","1","4.35","1","13",".244",".484",".343",".357",".349",".239",".417",".333","89.9","17.8",9.4,69.2,17.6,22.8,41,59,57,139,50.1,610,77.8,8.1,195,810,212,1217,82.4,74,420,49.9,607,42.6,519,23.4,45.9,35.1,34.2,22.8,7.9
"Skubal, Tarik",669373,2021,"31","149.1",141,35,164,47,25.9,7.4,".245",".476",".306","0.782","0.231","72","0","0","8","12","4.34","0","29",".261",".508",".332",".354",".322",".248",".451",".362","90.5","14.1",13.9,70.1,21.7,23.8,43.9,56.1,122,278,45.9,1168,77.7,8.8,364,1427,756,2547,78.3,210,967,54.1,1379,42.5,1083,26.7,48.9,39.3,30,23.7,7
"Abbott, Cory",676265,2021,"7","17.1",20,7,12,11,14.6,13.4,".286",".643",".383","1.026","0.357","13","0","0","0","0","6.75","0","1",".262",".558",".426",".392",".362",".296",".416",".316","92.3","17",10.2,71.1,15.9,23.8,30.4,69.6,14,46,54.8,193,93.1,8.2,22,208,122,352,84.1,18,113,45.2,159,40.6,143,20.1,45.2,39,32.2,20.3,8.5
"González, Chi Chi",592346,2021,"24","101.2",127,18,56,28,12.5,6.3,".311",".538",".362","0.900","0.227","73","0","0","3","7","6.46","0","18",".305",".544",".381",".385",".358",".238",".416",".353","90.2","11.7",8.9,71.6,12.6,22.4,30.2,69.8,52,172,47,768,86.6,7.8,159,998,477,1635,87.4,78,621,53,867,43.6,713,16.4,48.5,40.5,22.9,30.4,6.1
"Fairbanks, Pete",664126,2021,"47","42.2",40,2,56,21,29.6,11.1,".241",".331",".328","0.659","0.090","17","5","2","3","6","3.59","14","0",".192",".306",".294",".268",".287",".114",".323",".290","87.9","12.5",7.2,64.8,25.3,28.5,42.3,57.7,47,111,50.4,390,83.9,7.2,2,446,326,774,74.7,63,249,49.6,384,45.3,351,30.6,46.5,42.3,25.2,24.3,8.1
"Maeda, Kenta",628317,2021,"21","106.1",106,16,113,32,24.9,7.1,".258",".433",".322","0.755","0.175","55","0","0","6","5","4.66","0","21",".229",".385",".325",".298",".295",".156",".359",".315","87.7","15",6.3,70.7,19.4,32.2,47.6,52.4,149,313,54.8,973,75.6,6.9,505,554,705,1775,80.6,110,567,45.2,802,39.5,701,29.4,49.6,40,25.3,25.7,9
"Sampson, Adrian",592716,2021,"10","35.1",30,8,28,8,19.3,5.5,".231",".462",".306","0.768","0.231","11","0","0","1","2","2.80","0","5",".236",".474",".329",".339",".310",".238",".381",".301","89.1","14.2",11.7,73.8,13.5,27.2,41.6,58.4,32,77,51.1,283,86,7.8,135,347,72,554,86.5,27,200,48.9,271,41.2,228,21.3,50,44.7,28.2,23.3,3.9
"Snell, Blake",605483,2021,"27","128.2",101,16,170,69,30.9,12.5,".214",".375",".317","0.692","0.161","60","0","0","7","6","4.20","0","27",".226",".431",".305",".334",".329",".205",".437",".354","89.3","12.5",11,66.9,19.7,25.8,57.5,42.5,191,332,54.8,1287,73.9,7,231,1233,883,2347,80.3,140,709,45.2,1060,40.2,943,31.8,44.4,41.6,29.2,24.4,4.9
"Norris, Daniel",596057,2021,"56","57.0",55,9,58,30,23.4,12.1,".256",".428",".352","0.780","0.172","39","1","3","2","3","6.16","7","0",".231",".394",".340",".320",".330",".163",".364",".316","92.3","10.2",6.3,68.3,15,25.5,55.6,44.4,75,135,53.6,530,84.1,7,295,469,224,989,85,47,313,46.4,458,39.1,386,27.2,45.3,47.5,22.8,24.7,5.1
"Smith, Riley",642092,2021,"24","67.1",86,10,36,15,12,5,".308",".523",".350","0.873","0.215","45","1","0","1","4","6.01","0","6",".281",".483",".368",".347",".326",".202",".373",".321","89.3","10",7.3,68,11.5,22.3,22.2,77.8,24,108,45.2,484,81.8,8.2,182,725,163,1071,88.5,46,399,54.8,587,44.4,475,13.8,47.3,44.3,25.6,26,4.1
"Sadler, Casey",594987,2021,"42","40.1",19,1,37,10,25.5,6.9,".143",".195",".207","0.402","0.052","3","0","0","0","1","0.67","16","0",".196",".277",".185",".243",".256",".081",".285",".270","85.4","3.5",3.1,59.3,10.5,30.8,46.3,53.7,44,95,53,308,64.6,8.3,2,396,183,581,89.5,17,162,47,273,39.2,228,23.7,44.2,63.9,15.5,13.4,7.2
"Velasquez, Vince",592826,2021,"25","94.1",91,23,101,49,24.2,11.8,".251",".525",".347","0.872","0.274","66","0","0","3","9","6.30","0","21",".238",".479",".368",".349",".335",".241",".417",".330","90.8","20.6",12.2,69.7,22,24.7,42.2,58.7,92,218,50.5,883,76,9.8,267,951,532,1750,78,133,604,49.5,867,42.3,741,27.4,47,32.8,32.1,25.2,9.9
"Chargois, JT",608638,2021,"56","53.2",38,5,53,20,24.5,9.3,".202",".346",".296","0.642","0.144","15","0","5","6","1","2.52","15","0",".220",".370",".279",".298",".313",".150",".347",".304","89.2","12.2",7.3,68.3,16.6,27.3,49.6,50.4,65,131,54.7,479,79.3,6.6,0,353,522,876,83.4,45,271,45.3,397,41.1,360,27.4,45.9,44.5,26.3,23.4,5.8
"Clase, Emmanuel",661403,2021,"71","69.2",51,2,74,16,26.5,5.7,".195",".240",".241","0.481","0.045","10","24","5","4","5","1.29","6","0",".203",".270",".212",".230",".249",".067",".289",".282","86.4","-0.2",1.6,74.1,21,36.6,57.9,42.1,113,195,51.2,533,85.7,6.7,0,741,315,1057,79,79,377,48.8,509,42.4,442,33.2,55,68.3,12.7,16.4,2.6
"Bielak, Brandon",656232,2021,"28","50.0",48,5,46,21,21.1,9.6,".254",".381",".333","0.714","0.127","25","1","1","3","4","4.50","2","2",".242",".369",".314",".308",".324",".127",".341",".315","87.2","10.4",4.7,68.6,15.4,26.2,50,50,56,112,51.1,427,76.7,8.7,96,511,138,835,84.6,43,280,48.9,408,42.5,355,25.3,46.9,46.6,21.6,26.4,5.4
"Clarke, Taylor",664199,2021,"43","43.1",52,4,39,14,20.1,7.2,".291",".436",".340","0.776","0.145","24","0","1","1","3","4.98","7","0",".258",".443",".331",".322",".311",".185",".380",".329","91.9","15.8",7.8,76.4,18.2,28.4,33.9,66.1,38,112,52.3,394,87.2,5.2,118,402,233,754,81.8,50,275,47.7,360,44.6,336,22.7,51.3,38.3,27.7,27.7,6.4
"Wisler, Matt",605538,2021,"48","48.2",41,6,62,11,31.8,5.6,".228",".400",".272","0.672","0.172","20","1","3","3","5","3.70","10","0",".200",".330",".284",".254",".250",".130",".344",".304","86.8","24",5.8,60.4,22.6,26.2,54.5,45.5,55,101,48.9,385,71.1,9.7,0,72,715,787,77.4,55,243,51.1,402,40.4,318,32,43.7,25.6,34.7,28.1,11.6
"Middleton, Keynan",641871,2021,"32","31.0",30,2,24,19,17.1,13.6,".252",".370",".364","0.734","0.118","17","4","0","1","2","4.94","3","1",".244",".418",".327",".341",".358",".173",".352",".306","88.9","18.1",9.5,75.6,26.3,30.5,40.5,59.5,32,79,48.9,259,86.8,7.2,64,306,160,530,73.7,54,205,51.1,271,42.8,227,30.3,53.6,31.6,25.3,27.4,15.8
"Davidson, Tucker",656353,2021,"4","20.0",15,3,18,8,21.7,9.6,".205",".384",".280","0.664","0.179","8","0","0","0","0","3.60","0","4",".268",".513",".287",".362",".338",".245",".432",".352","89.2","10",12.3,70.5,18.1,30.5,48.9,51.1,23,47,50.8,154,81.5,8.9,2,151,150,303,81.9,19,105,49.2,149,40.6,123,27.6,50.2,43.9,31.6,19.3,5.3
"Springs, Jeffrey",605488,2021,"43","44.2",35,9,63,14,35.2,7.8,".216",".444",".275","0.719","0.228","17","2","2","5","1","3.43","10","0",".204",".382",".302",".281",".267",".178",".404",".332","87.6","13.8",13.7,62.9,25.7,32.4,55,45,71,129,53,398,70.2,6.3,209,315,227,751,74.3,57,222,47,353,42.3,318,36.5,46.7,35.3,29.4,26.5,8.8
"Darvish, Yu",506433,2021,"30","166.1",138,28,199,44,29.2,6.5,".222",".429",".279","0.708","0.207","78","0","0","8","11","4.22","0","30",".203",".374",".301",".280",".265",".171",".361",".299","88.2","16.6",8.8,66.6,19.5,26.2,49.9,50.1,170,341,47.1,1304,75.3,8.9,135,911,1091,2769,80.5,190,976,52.9,1465,43.9,1216,27.3,47.6,37.9,30.5,22.8,8.8
"Díaz, Edwin",621242,2021,"63","62.2",43,3,89,23,34.6,8.9,".195",".285",".295","0.580","0.090","24","32","6","5","6","3.45","0","0",".172",".270",".264",".253",".276",".098",".317",".287","87.6","17.2",5.1,70.2,24.4,31.3,57.8,42.2,93,161,51.6,515,76.1,7.1,0,621,378,999,75.6,83,340,48.4,484,43,430,35.1,50.2,34.6,27.9,28.7,8.8
"Rodón, Carlos",607074,2021,"24","132.2",91,13,185,36,34.6,6.7,".189",".306",".255","0.561","0.117","35","0","0","13","5","2.37","0","24",".187",".316",".247",".254",".254",".130",".346",".301","89.2","18.7",6.6,70.8,24.4,30.5,53.4,46.6,182,341,50.4,1118,78.9,7.3,275,1302,642,2219,75.6,190,780,49.6,1101,42.9,951,33.2,50.5,38.8,29.9,21.1,10.2
"Brubaker, JT",664141,2021,"24","124.1",123,28,129,37,24,6.9,".254",".480",".318","0.798","0.226","74","0","0","5","13","5.36","0","24",".245",".439",".340",".326",".312",".194",".397",".336","88.9","12.6",8.8,68.2,17.1,28.4,50.3,50,144,286,51.9,1008,79.2,6.7,123,954,867,1944,82.9,109,638,48.1,936,42.1,819,27.4,47.5,44.5,24.9,23.8,6.6
"Peralta, Freddy",642547,2021,"28","144.1",84,14,195,56,33.6,9.7,".165",".300",".261","0.561","0.135","45","0","0","10","5","2.81","0","27",".171",".296",".252",".255",".267",".125",".319",".276","86.6","21.4",6,66.6,26.3,26.5,52.1,47.9,171,328,52.5,1236,73.1,7.9,229,1249,878,2356,73.7,196,746,47.5,1120,39.5,930,34.2,45.6,34,32.4,22,11.6
"Muller, Kyle",666205,2021,"9","36.2",26,2,37,20,23.9,12.9,".202",".295",".314","0.609","0.093","17","0","0","2","4","4.17","0","8",".210",".358",".275",".304",".324",".147",".336",".293","91.1","16",7.3,66.9,20.9,27.6,51,49,52,102,54.5,369,67.3,7.7,13,287,377,677,79.1,43,206,45.5,308,37.1,251,30.8,45.5,40.6,25,29.2,5.2
"Kremer, Dean",665152,2021,"13","53.2",63,17,47,25,19.2,10.2,".292",".588",".363","0.951","0.296","45","0","0","0","7","7.55","0","13",".270",".544",".397",".376",".345",".274",".431",".340","93.1","21.2",14,67.6,14.1,21,42.4,57.6,42,99,47.8,471,82.3,8,74,753,156,986,85.9,49,348,52.2,515,43.4,428,20.4,45.3,30.2,29.7,25.6,14.5
"deGrom, Jacob",594798,2021,"15","92.0",40,6,146,11,45.1,3.4,".129",".242",".160","0.402","0.113","11","0","0","7","2","1.08","0","15",".143",".253",".174",".191",".178",".111",".324",".275","87.7","13.7",6.6,75,29.4,39.4,61.7,38.3,161,261,54.1,663,80.9,5.5,109,704,413,1226,70.6,124,422,45.9,563,45.5,558,41.7,55.7,44.6,25.9,19.9,9.6
"Bassitt, Chris",605135,2021,"27","157.1",127,15,159,39,25,6.1,".218",".348",".278","0.626","0.130","55","0","0","12","4","3.15","0","27",".224",".365",".274",".286",".285",".141",".346",".307","87.6","12.5",6.5,65,18.7,27.2,38.4,61.6,114,297,45.9,1092,76.2,9.4,243,1739,212,2381,81.3,157,838,54.1,1289,43.3,1030,23.9,47.7,42.1,26.9,24.5,6.5
"Kennedy, Ian",453178,2021,"55","56.1",45,12,62,17,27.2,7.5,".216",".418",".282","0.700","0.202","20","26","4","3","1","3.20","0","0",".222",".425",".296",".302",".287",".203",".387",".316","90.8","26.7",8.8,75.6,22.7,28.8,40.8,59.2,49,120,46.3,416,84.4,8.6,77,753,69,899,77.3,83,365,53.7,483,44.2,397,27.2,53.9,25.2,38.1,23.1,13.6
"Minor, Mike",501985,2021,"28","158.2",156,26,149,41,22.3,6.1,".252",".447",".303","0.750","0.195","89","0","0","8","12","5.05","0","28",".241",".449",".321",".319",".293",".208",".383",".316","88.5","16.5",9.3,68.4,18.1,30.4,37.3,62.7,155,415,52,1363,80.4,6,511,1126,984,2621,81.9,156,861,48,1258,45.7,1199,24.4,48.7,39.2,27.2,23,10.5
"Kay, Anthony",641743,2021,"11","33.2",38,7,39,18,25,11.5,".281",".519",".378","0.897","0.238","21","0","0","1","2","5.61","0","5",".249",".432",".384",".344",".350",".182",".406",".351","86.7","7.3",8.3,72.3,18.7,26.6,42.4,57.6,39,92,53.3,346,86,7.7,74,449,126,649,81.3,41,219,46.7,303,42.4,275,25.7,47.9,47.9,21.9,27.1,3.1
"Sherfy, James",642073,2021,"14","15.0",12,3,12,4,19,6.3,".218",".382",".290","0.672","0.164","7","0","0","2","1","4.20","0","0",".241",".416",".293",".317",".311",".175",".351",".303","87.3","16.1",6.7,57.3,16.4,25.7,37.9,62.1,11,29,49.1,113,52.9,7.4,2,81,147,230,83.6,11,67,50.9,117,41.3,95,22.9,41.7,44.4,28.9,17.8,8.9
"McHugh, Collin",543521,2021,"37","64.0",48,3,74,12,30,4.9,".207",".289",".252","0.541","0.082","11","1","2","6","1","1.55","6","7",".201",".289",".236",".234",".246",".089",".310",".295","86.7","15.6",2.5,64,23.2,32.3,49,51,74,151,48,467,66.2,7.3,1,427,28,972,76.8,75,323,52,505,42.4,412,31.4,48.8,43.4,28.3,20.1,8.2
"Miley, Wade",489119,2021,"28","163.0",166,17,125,50,18.1,7.2,".265",".408",".321","0.729","0.143","61","0","0","12","7","3.37","0","28",".249",".401",".317",".312",".307",".153",".349",".311","85.7","8",6.1,70.4,18.8,30.7,32.5,67.5,149,458,57.6,1494,81.1,4.1,707,1658,226,2592,81.2,145,773,42.4,1098,46.6,1208,23.9,47.5,50.8,18.9,26,4.3
"Lynn, Lance",458681,2021,"28","157.0",123,18,176,45,27.5,7,".209",".338",".267","0.605","0.129","47","0","0","11","6","2.69","0","28",".194",".326",".264",".256",".255",".132",".320",".279","87.7","16",5.8,73.3,20.8,27.6,41.8,57.9,145,347,50.3,1258,82,7.1,113,2314,76,2608,79.2,190,913,49.7,1245,41.3,1033,26.3,50.2,39.9,30,20.9,9.1
"Karinchak, James",675916,2021,"60","55.1",35,9,78,32,33.2,13.6,".176",".352",".294","0.646","0.176","25","11","5","7","4","4.07","13","0",".181",".337",".287",".292",".302",".156",".366",".300","90.1","18.3",8.9,66,26.9,24.1,44.9,55.1,57,127,52.4,528,71.4,7.6,0,696,332,1032,73.1,85,316,47.6,479,38.6,389,31.7,43.7,40.7,26,22,11.4
"Bauer, Trevor",545333,2021,"17","107.2",71,19,137,37,31.7,8.6,".182",".374",".258","0.632","0.192","31","0","0","8","5","2.59","0","17",".193",".390",".274",".286",".268",".196",".378",".298","90.3","19.2",10.6,63.5,18.9,29.5,52.5,47.5,145,276,52.4,936,78.9,7.9,47,1208,200,1787,81.1,102,540,47.6,851,41.3,738,30.3,45.7,34.1,35.3,20.8,9.8
"Estévez, Carlos",608032,2021,"64","61.2",71,8,60,21,22.2,7.8,".293",".455",".349","0.804","0.162","30","11","6","3","5","4.38","15","0",".251",".413",".345",".318",".313",".162",".375",".330","90.5","12.9",7.5,74.2,19.8,22,43.7,56.3,45,103,46.6,469,86.4,8,194,663,150,1007,80.2,79,399,53.4,538,43,433,24.7,49.9,47.1,29.9,20.3,2.7
"Kranick, Max",668820,2021,"9","38.2",47,4,32,19,17.6,10.4,".301",".468",".387","0.855","0.167","27","0","0","2","3","6.28","0","9",".257",".399",".364",".328",".352",".142",".353",".323","88.2","21.4",2.4,77,21.6,31.5,35.7,64.3,40,112,52.8,356,80,8.2,50,327,297,674,78.4,53,245,47.2,318,42,283,26.1,53,34.6,28.3,26.8,10.2
"Gray, Jon",592351,2021,"29","149.0",140,21,157,58,24.4,9,".245",".420",".321","0.741","0.175","76","0","0","8","12","4.59","0","29",".231",".380",".320",".306",".310",".150",".361",".318","89","9.5",6.9,66.4,18.4,22.8,53.4,46.6,149,279,48.3,1226,79.5,8.5,203,1208,1126,2537,81.6,160,871,51.7,1311,41.9,1062,26.9,45.3,49.2,24.9,21.6,4.3
"Sulser, Cole",642121,2021,"60","63.1",48,5,73,23,28.4,8.9,".207",".319",".277","0.596","0.112","19","8","3","5","4","2.70","6","0",".203",".339",".264",".272",".274",".136",".335",".294","88.1","14.9",8.1,70.5,22.6,31.4,46.8,53.2,80,171,50.8,544,73,6.9,355,547,168,1070,77.4,84,371,49.2,526,42.6,456,30.3,50.7,41,28.6,22.4,8.1
"Gallen, Zac",668678,2021,"23","121.1",108,19,139,49,26.6,9.4,".233",".413",".312","0.725","0.180","58","0","0","4","10","4.30","0","23",".227",".387",".313",".307",".307",".160",".374",".324","89.2","12.3",7.9,64.9,14.8,25.6,43.8,56.2,124,283,52.5,1104,79.1,5.2,350,1313,439,2102,85.2,96,648,47.5,998,43.1,905,23.6,44.3,44.8,25.8,23.3,6.1
"Hutchison, Drew",571800,2021,"9","21.1",20,1,10,11,11,12.1,".260",".338",".344","0.682","0.078","5","0","1","3","1","2.11","1","2",".284",".407",".305",".362",".382",".122",".361",".338","91.1","12.3",5.7,73,13.4,25,50,50,22,44,51.9,176,88.9,10.6,39,179,121,339,86.6,16,119,48.1,163,40.1,136,23.3,48.1,50,24.3,17.1,8.6
"Cueto, Johnny",456501,2021,"22","114.2",127,15,98,30,20,6.1,".285",".465",".335","0.800","0.180","52","0","0","7","7","4.08","0","21",".276",".457",".342",".339",".327",".181",".401",".354","88.6","14.1",6.4,73.8,18.2,28,34.6,65.4,93,269,51.2,961,83.4,7.7,444,994,439,1878,81.8,123,677,48.8,917,44.5,836,22.8,50.4,41.1,25.1,27.1,6.7
"Quijada, José",650671,2021,"26","25.2",20,2,38,15,34.5,13.6,".213",".330",".327","0.657","0.117","13","0","0","0","2","4.56","5","0",".227",".379",".294",".318",".340",".151",".434",".381","86","14.4",10.7,68.6,24.2,25.6,49.3,50.7,34,69,54.1,270,85.3,6.8,68,366,65,499,75.8,38,157,45.9,229,45.3,226,31.9,45.3,39.3,28.6,25,7.1
"McClanahan, Shane",663556,2021,"25","123.1",120,14,141,37,27.3,7.2,".252",".389",".309","0.698","0.137","47","0","0","10","6","3.43","0","25",".256",".436",".304",".326",".313",".180",".420",".365","91.7","8.5",10.7,68.6,19.4,30.5,62.6,37.4,181,289,48.4,946,85.9,7.3,157,799,998,1954,80.6,134,691,51.6,1008,41.8,816,32.1,50.2,47.2,21.1,27.3,4.5
"Bieber, Shane",669456,2021,"16","96.2",84,11,134,33,33.1,8.1,".229",".373",".299","0.672","0.144","34","0","0","7","4","3.17","0","16",".219",".385",".294",".296",".290",".167",".402",".344","89.7","9.6",9,65.7,21.5,31.5,65.5,34.5,167,255,52,810,74.3,7.2,68,607,884,1559,78.5,106,492,48,749,40.5,631,36.5,47.9,44.9,21.4,27.4,6.4
"Newcomb, Sean",656794,2021,"32","32.1",28,1,43,27,28.7,18,".235",".336",".383","0.719","0.101","17","1","1","2","0","4.73","2","0",".224",".329",".327",".325",".375",".106",".373",".348","87.1","10.4",2.6,71.3,18.6,23.4,47.1,52.9,40,85,53.9,363,88.6,6.5,6,562,105,673,81.4,41,221,46.1,310,41,276,26.5,45.5,38.5,24.4,30.8,6.4
"Manning, Matt",666159,2021,"18","85.1",96,10,57,33,14.8,8.6,".279",".445",".344","0.789","0.166","55","0","0","4","7","5.80","0","18",".281",".465",".340",".352",".348",".184",".379",".336","91.4","11.8",7.9,66.9,13,25.1,28.9,71.1,48,166,46.6,662,81.3,9,181,864,376,1421,87,66,508,53.4,759,44.8,636,16.9,47.4,44.7,25.4,24.4,5.5
"Ryan, Joe",657746,2021,"5","26.2",16,4,30,5,30,5,".168",".347",".210","0.557","0.179","12","0","0","2","1","4.05","0","5",".192",".399",".238",".270",".232",".207",".363",".281","87.1","24.6",10.8,73.5,19.5,28.6,35.2,64.8,19,54,45.9,189,78.8,8,43,271,98,412,80.5,32,164,54.1,223,45.9,189,23.4,52.9,27.7,43.1,23.1,6.2
"Antone, Tejay",622088,2021,"23","33.2",17,3,42,12,33.1,9.4,".152",".250",".252","0.502","0.098","8","3","4","2","0","2.14","8","0",".190",".344",".232",".283",".286",".154",".363",".304","87.7","12.1",10,54.9,26.6,24.9,51.7,48.3,31,60,45.6,241,57.4,8.9,0,170,359,529,73.4,42,158,54.4,288,42.9,227,33.5,41.2,47.1,21.4,22.9,8.6
"Houser, Adrian",605288,2021,"28","142.1",118,12,105,64,17.5,10.7,".228",".340",".323","0.663","0.112","51","0","0","10","6","3.22","0","26",".236",".360",".297",".312",".330",".124",".323",".296","87.1","1.4",5,65.5,11.6,27.1,34.4,66.5,120,349,54.8,1290,77.5,5.9,257,1586,509,2352,88.5,81,696,45.2,1062,42.8,1007,19.2,44.4,60.5,15.2,21.2,3.1
"Romano, Sal",607219,2021,"19","25.0",31,5,17,11,14.4,9.3,".292",".491",".364","0.855","0.199","17","0","0","0","2","6.12","1","0",".284",".521",".362",".371",".357",".237",".406",".338","89.4","12.3",9,64.3,9.9,19.9,23.3,76.7,10,43,49.4,216,79.4,7.8,0,273,164,437,90.1,14,142,50.6,221,42.6,186,13,42.3,40.4,30.3,23.6,5.6
"Boyd, Matthew",571510,2021,"15","78.2",77,9,67,23,19.9,6.8,".255",".397",".318","0.715","0.142","34","0","0","3","8","3.89","0","15",".238",".415",".311",".313",".305",".177",".353",".303","87.8","17.1",7.9,69.1,18.4,31.3,32.8,67.2,63,192,48.2,613,71.3,6.8,286,605,382,1273,81.6,84,456,51.8,660,44,560,22.7,50.9,39.6,29.2,21.3,10
"Glasnow, Tyler",607192,2021,"14","88.0",55,10,123,27,36.2,7.9,".176",".319",".241","0.560","0.143","26","0","0","5","2","2.66","0","14",".183",".333",".246",".256",".248",".150",".360",".302","91.5","13",8.9,68.3,24.9,28.5,67.9,32.1,125,184,48.2,646,76.2,7.8,34,691,614,1339,75.1,118,473,51.8,693,37.9,508,37,49.1,45.3,25.8,22.6,6.3
"Anderson, Drew",623454,2021,"9","22.0",20,1,9,6,9.9,6.6,".238",".298",".297","0.595","0.060","8","0","0","1","1","3.27","0","1",".250",".411",".267",".313",".307",".161",".314",".280","89.7","17.4",5.3,69.9,12.2,22.2,41,59,16,39,50,176,81.5,7.7,50,174,128,352,87.8,15,123,50,176,43.5,153,19.1,46,40,22.7,25.3,12
"Thielbar, Caleb",573204,2021,"59","64.0",55,8,77,20,28.9,7.5,".232",".401",".297","0.698","0.169","23","0","0","7","0","3.23","12","0",".218",".433",".300",".307",".284",".215",".399",".318","88.4","20.8",12,68.7,21.5,26.6,41.8,58.2,56,134,45.5,503,82.2,9.1,3,542,180,1106,78.5,89,414,54.5,603,41.1,455,26.5,49.5,33.7,33.1,23.5,9.6
"Freeland, Kyle",607536,2021,"23","120.2",133,20,105,38,20.4,7.4,".284",".471",".342","0.813","0.187","58","0","0","7","8","4.33","0","23",".242",".420",".349",".315",".304",".178",".363",".311","88.4","11.4",8.2,68.1,13,27,40.4,59.6,110,272,53.4,1007,78.6,5.5,317,1194,375,1886,87.3,78,599,46.6,879,44.6,842,21.6,46.2,45.7,23.4,24.2,6.8
"Sandoval, Patrick",663776,2021,"17","87.0",69,11,94,36,25.9,9.9,".215",".349",".300","0.649","0.134","35","1","0","3","6","3.62","0","14",".216",".343",".288",".291",".303",".127",".340",".305","85.4","6.3",6.1,66.5,24.2,30.3,51.2,48.8,123,240,54.9,793,75.3,6.4,427,621,392,1444,75.8,105,433,45.1,651,41.6,601,33.9,46.6,51.1,20.1,22.3,6.6
"Hendricks, Kyle",543294,2021,"32","181.0",200,31,131,44,16.7,5.6,".278",".481",".330","0.811","0.203","96","0","0","14","7","4.77","0","32",".270",".458",".345",".338",".323",".188",".380",".330","86.3","11.1",8.4,65.8,15.3,32.5,29.4,70.6,138,470,51.5,1448,79.9,6.7,778,1702,329,2809,84.7,137,896,48.5,1361,48,1347,20.1,48.6,44.6,22.3,25.3,7.9
"Wilson, Bryse",669060,2021,"16","74.0",85,15,46,22,14.3,6.8,".290",".505",".338","0.843","0.215","44","0","0","3","7","5.35","0","16",".282",".516",".353",".361",".332",".235",".401",".332","89","14.1",9.9,70.7,14.6,31.4,30.5,69.5,54,177,49.6,563,83.3,7.4,210,739,187,1136,85.4,59,405,50.4,573,46.1,524,19.4,51.2,37.2,25.3,29.6,7.9
"Detwiler, Ross",446321,2021,"53","52.1",44,10,62,20,27.1,8.7,".222",".449",".314","0.763","0.227","27","0","0","3","1","4.64","1","5",".216",".392",".326",".315",".313",".176",".381",".314","88.3","15.3",12.2,65.9,16.5,26.2,41,59,50,122,52.5,466,81,7.1,39,782,67,888,83.5,46,278,47.5,422,44.9,399,24,45,39.6,31.7,18.7,10.1
"Iglesias, Raisel",628452,2021,"65","70.0",53,11,103,12,37.7,4.4,".207",".367",".243","0.610","0.160","20","34","5","7","5","2.57","0","0",".186",".334",".261",".244",".224",".148",".368",".307","86.2","13.9",8.9,70.9,34,35.3,55.5,44.5,101,182,48.7,516,70.2,7.9,261,472,326,1059,66,131,385,51.3,543,44.3,469,40.9,53.5,40.8,31.2,22.9,5.1
"Stripling, Ross",548389,2021,"24","101.1",99,23,94,30,21.8,7,".251",".489",".305","0.794","0.238","54","0","0","5","7","4.80","0","19",".251",".467",".335",".337",".310",".216",".405",".334","90","17.2",10.2,69.2,18.1,24.8,41.1,58.9,85,207,49.4,833,82.1,8.3,256,859,569,1686,81.9,107,590,50.6,853,42.1,710,24.1,47.3,36.7,30.8,23.9,8.5
"Pivetta, Nick",601713,2021,"31","155.0",137,24,175,65,26.5,9.8,".234",".417",".314","0.731","0.183","78","1","0","9","8","4.53","0","30",".215",".388",".316",".300",".298",".173",".362",".305","89.7","16.7",8.2,70,17.1,25.7,45.1,54.9,158,350,49.5,1360,79.2,8.2,74,1435,1235,2745,82.9,166,969,50.5,1385,42.5,1166,24.6,48.1,38.9,31,21.4,8.7
"Megill, Tylor",656731,2021,"18","89.2",88,19,99,27,26.1,7.1,".255",".467",".311","0.778","0.212","45","0","0","4","6","4.52","0","18",".216",".410",".332",".301",".277",".194",".375",".304","89.7","13.7",10,72.5,20.3,25.2,44.6,55.9,83,186,47.6,739,82.4,8,325,895,334,1554,79.7,120,591,52.4,815,41.3,642,26.1,50,44.4,29.6,18.4,7.6
"May, Dustin",669160,2021,"5","23.0",16,4,35,5,38,5.4,".186",".349",".239","0.588","0.163","7","0","0","1","1","2.74","0","5",".200",".358",".255",".268",".252",".159",".402",".336","89","2.6",7.8,65.6,22.7,24.9,58.1,41.9,25,43,47,173,75.8,9,0,284,18,368,77.3,29,128,53,195,42.1,155,31.6,46.5,56.9,19.6,21.6,2
"Yardley, Eric",642233,2021,"17","18.2",24,3,5,10,5.6,11.2,".324",".554",".420","0.974","0.230","14","0","1","0","0","6.75","1","0",".274",".467",".408",".365",".379",".193",".338",".291","85.6","0.5",7,64.7,5.6,20.5,27.8,72.2,10,36,55.9,176,90.9,7,20,230,65,315,95.6,5,90,44.1,139,37.1,117,11.9,40,59.2,19.7,18.3,2.8
"Cease, Dylan",656302,2021,"32","165.2",139,20,226,68,31.9,9.6,".223",".364",".306","0.670","0.141","72","0","0","13","7","3.91","0","32",".206",".368",".295",".295",".293",".163",".384",".323","89.2","18.5",9.9,67,25.9,28.8,52.5,47.5,237,451,52.9,1565,72.3,6.8,213,1388,1343,2957,74.1,241,932,47.1,1392,40,1183,34.6,46.8,34.6,31.4,24.4,9.6
"Cole, Gerrit",543037,2021,"30","181.1",151,24,243,41,33.5,5.6,".223",".372",".267","0.639","0.149","65","0","0","16","8","3.23","0","30",".205",".369",".276",".272",".252",".164",".381",".318","88.7","12.5",9.8,66.8,24.7,32,46,54,225,489,51.4,1527,77.1,8.4,421,1424,1124,2969,75.3,238,963,48.6,1442,42.4,1260,31.9,48.9,42.7,28.2,22.5,6.6
"De Los Santos, Enyel",660853,2021,"33","35.1",43,8,48,18,27.7,10.4,".291",".534",".382","0.916","0.243","25","0","2","2","1","6.37","2","0",".236",".444",".384",".332",".335",".208",".426",".350","88.9","17.6",13.6,76.1,28.9,28.4,41.3,58.7,38,92,46.5,324,82.8,9.2,77,477,143,697,71.1,82,284,53.5,373,44.6,311,31.9,53.9,41.7,26.2,23.3,8.7
"Miller, Andrew",453192,2021,"40","36.0",41,5,40,16,24.4,9.8,".293",".486",".383","0.869","0.193","19","0","0","0","0","4.75","5","0",".238",".414",".372",".335",".337",".176",".395",".333","86.3","10.1",8.7,62.8,18,25.1,46.3,53.8,37,80,51.5,319,70,8.1,0,219,401,620,82,34,189,48.5,301,39.5,245,26.4,43.4,44.7,31.1,20.4,3.9
"Barnes, Matt",598264,2021,"60","54.2",41,8,84,20,37.8,9,".206",".357",".284","0.641","0.151","23","24","6","6","5","3.79","0","0",".174",".326",".278",".255",".255",".152",".364",".299","89.8","18",9.5,63.1,18.9,32.1,61.2,38.8,93,152,51.6,474,82.5,6.9,16,458,445,919,81.1,53,281,48.4,445,40,368,33.7,47.1,42.2,29.3,15.5,12.9
"Howard, Spencer",675921,2021,"19","49.2",53,7,52,27,22.7,11.8,".269",".452",".362","0.814","0.183","41","0","0","0","5","7.43","0","15",".245",".404",".352",".330",".343",".160",".373",".330","88.2","16.7",7.5,66.7,22.7,22.9,32.7,67.3,35,107,49.9,467,80,6.4,84,708,112,936,77.3,71,313,50.1,469,41.2,386,25.2,44.9,36.7,27.9,27.9,7.5
"Sims, Lucas",608371,2021,"47","47.0",34,6,76,18,39,9.2,".200",".371",".287","0.658","0.171","23","7","3","5","3","4.40","9","0",".166",".303",".281",".247",".258",".137",".352",".293","86.5","20.4",6.2,59.4,24.5,29.1,56.1,43.9,69,123,51.9,423,61.9,7.7,3,336,476,815,75.5,57,233,48.1,392,40,326,35.4,43.7,28.9,30.9,27.8,12.4
"Armstrong, Shawn",542888,2021,"31","36.0",39,10,44,15,26.7,9.1,".265",".531",".339","0.870","0.266","27","0","1","1","0","6.75","2","0",".239",".491",".367",".345",".317",".252",".435",".339","90.6","19.4",14.4,71.7,24.4,27.8,51.6,48.4,49,95,49.9,342,82.3,9.1,0,605,0,685,75.6,60,246,50.1,343,41.2,282,32,49.8,31.7,29.8,27.9,10.6
"Alcantara, Sandy",645261,2021,"33","205.2",171,21,201,50,24,6,".223",".365",".278","0.643","0.142","73","0","0","9","15","3.19","0","33",".228",".374",".279",".289",".284",".146",".350",".308","87.6","4.5",6.1,71.4,19.5,33.9,45.4,54.6,230,507,48.3,1495,80.5,7.9,728,2285,82,3095,80.5,223,1143,51.7,1600,43.6,1349,27.5,53.3,54,20.5,21.2,4.3
"Murphy, Patrick",641907,2021,"25","28.0",31,3,29,10,22.7,7.8,".272",".412",".352","0.764","0.140","16","0","0","0","3","5.14","5","0",".264",".412",".336",".337",".345",".148",".392",".356","90.6","6.9",7.1,68.7,14,22.8,50,50,27,54,48.8,237,87,9.5,7,319,160,486,86,24,171,51.2,249,39.9,194,22.7,46.3,45.9,18.8,27.1,8.2
"Sheffield, Jordan",642068,2021,"30","29.1",19,2,20,13,17.2,11.2,".190",".270",".293","0.563","0.080","11","0","0","0","0","3.38","4","0",".212",".350",".260",".300",".314",".138",".301",".265","88.6","13.9",6.2,73.7,16.2,20.6,45.1,54.9,23,51,54.2,247,82.9,7.7,77,295,84,456,83.8,25,154,45.8,209,43.2,197,23.4,45,44.4,28.4,17.3,9.9
"Mills, Alec",621219,2021,"32","119.0",137,16,87,34,16.8,6.6,".291",".451",".347","0.798","0.160","67","1","0","6","7","5.07","0","20",".277",".431",".343",".334",".334",".154",".372",".339","88.3","7.8",4.9,64.2,11.8,28.3,33.7,66.3,94,279,50.9,985,70.7,6,326,1164,446,1936,88.4,72,611,49.1,951,44.9,870,18.7,46,52.2,20.3,23.7,3.9
"Steele, Justin",657006,2021,"20","57.0",50,12,59,27,23.8,10.9,".233",".437",".332","0.769","0.204","27","0","0","4","4","4.26","1","9",".223",".372",".332",".309",".324",".149",".351",".308","87.9","8.3",5.7,63.1,20.1,26.3,45,55,58,129,50.8,490,71.3,8.3,20,635,309,964,79.9,60,299,49.2,474,40.9,394,27.6,44.4,52.2,23.6,19.7,4.5
"Warren, Austin",681810,2021,"16","20.1",16,0,20,5,23.8,6,".205",".282",".262","0.544","0.077","4","1","0","3","0","1.77","2","0",".188",".295",".243",".242",".246",".107",".278",".253","88.2","9.9",5.2,64.2,12.5,28.9,55.8,44.2,24,43,52.1,149,76,8.7,9,169,128,306,87.5,11,88,47.9,137,38.5,110,27.9,45.8,53.4,20.7,17.2,8.6
"Keuchel, Dallas",572971,2021,"32","162.0",189,25,95,59,13.2,8.2,".290",".472",".355","0.827","0.182","95","0","0","9","9","5.28","0","30",".297",".499",".356",".373",".361",".202",".399",".347","88.3","5",9,66.2,13.1,28.2,34.7,65.3,154,444,57.9,1577,75.4,4.2,779,1755,192,2726,86.9,100,761,42.1,1149,43.8,1195,21.1,44.2,54.8,18.8,22.4,3.9
"Chatwood, Tyler",543022,2021,"32","32.0",26,2,38,21,26.2,14.5,".217",".317",".352","0.669","0.100","20","1","1","1","3","5.63","11","0",".221",".356",".308",".324",".356",".135",".361",".325","90.2","6.1",8.5,63,17.3,26.1,54.3,45.7,50,92,59.7,353,82.9,5.9,21,533,37,591,82.7,26,150,40.3,238,38.4,227,31.4,40.9,50,14.6,31.7,3.7
"Garza, Justin",621057,2021,"21","28.2",27,5,29,18,22.7,14.1,".250",".435",".354","0.789","0.185","15","0","1","2","1","4.71","0","0",".276",".531",".344",".390",".380",".255",".464",".378","92.1","12.6",13.6,65.7,22.1,20.4,36.5,63.5,19,52,50.7,255,73.8,8.3,41,416,46,503,77.9,36,163,49.3,248,40,201,25.6,42.7,37,21,35.8,6.2
"Foltynewicz, Mike",592314,2021,"28","139.0",139,35,97,36,16.6,6.1,".260",".527",".316","0.843","0.267","84","0","0","2","12","5.44","0","24",".261",".500",".355",".351",".319",".239",".393",".320","89.8","16.1",9.2,69.4,13.5,24,33.1,66.9,86,260,48.5,1084,78.1,8.8,284,1143,809,2236,86.5,108,800,51.5,1152,43.2,965,18.3,47.4,38.5,28.8,25.2,7.4
"Abad, Fernando",472551,2021,"16","17.2",23,1,10,7,12.2,8.5,".307",".453",".366","0.819","0.146","11","0","0","0","0","5.60","2","0",".279",".408",".350",".327",".340",".129",".343",".322","87.6","10.5",4.6,63.9,9.6,24.3,24.3,75.7,9,37,50.8,152,72,8.4,47,174,78,299,90.4,9,94,49.2,147,42.8,128,13.7,43.8,49.2,18.5,26.2,6.2
"Cisnero, José",542585,2021,"67","61.2",51,6,62,31,23.4,11.7,".226",".345",".327","0.672","0.119","25","4","5","4","4","3.65","18","0",".223",".375",".300",".312",".325",".152",".349",".305","87.1","14",6.5,66.3,21.7,22.5,29.7,70.3,35,118,49.1,524,67.4,8.1,64,874,129,1067,78.3,78,360,50.9,543,40.3,430,23.6,44.8,47,20.8,22,10.1
"Finnegan, Kyle",640448,2021,"68","66.0",64,9,68,34,23.1,11.6,".251",".404",".344","0.748","0.153","26","11","4","5","9","3.55","13","0",".217",".366",".324",".300",".315",".148",".342",".298","88.9","9",7.4,66.3,18.3,27.3,42.8,57.2,68,159,48.1,582,71.4,8.7,147,827,235,1209,81.7,76,416,51.9,627,45.7,552,25,47.6,49.7,23.8,20.1,6.3
"Zuber, Tyler",676604,2021,"31","27.1",26,6,25,17,20.3,13.8,".250",".462",".358","0.820","0.212","19","0","0","0","3","6.26","4","0",".285",".558",".351",".403",".389",".274",".468",".373","90.3","19.9",13.8,71,20.7,20.9,44.6,55.4,25,56,53,268,81.1,7.3,32,293,116,506,79.3,35,169,47,238,40.5,205,26.7,44.5,33.8,26.3,27.5,12.5
"Zimmer, Kyle",622092,2021,"52","54.0",46,7,46,30,20.6,13.5,".243",".397",".341","0.738","0.154","29","2","1","4","1","4.83","10","2",".227",".404",".321",".335",".335",".177",".369",".304","89.1","10.7",9.5,64.5,17.5,25.6,41.4,58.6,53,128,53.5,500,73.8,6.5,21,474,439,934,82.5,49,280,46.5,434,40.1,375,25,43.7,51.7,26.5,16.3,4.8
"Gilbreath, Lucas",656458,2021,"47","42.2",33,5,44,23,23.8,12.4,".208",".327",".308","0.635","0.119","16","1","0","3","2","3.38","4","1",".195",".318",".285",".286",".301",".123",".311",".271","84.2","13.6",4.3,67.7,21.8,23.9,51.7,48.3,46,89,50.9,372,84.6,7.1,12,461,258,731,78.2,53,243,49.1,359,40.9,299,29.8,45.4,45.3,29.1,18.8,6.8
"Guenther, Sean",674944,2021,"14","20.1",31,1,15,10,14.6,9.7,".348",".494",".426","0.920","0.146","21","0","0","0","1","9.30","0","0",".268",".418",".396",".338",".355",".150",".353",".323","89.3","10.6",6.6,65.9,12.5,28.1,42,58,21,50,49.4,178,92,6.9,32,205,123,360,87.5,15,120,50.6,182,41.7,150,21.2,47.2,50,22.4,22.4,5.3
"Miller, Justin",502522,2021,"23","19.0",20,5,13,6,15.7,7.2,".278",".528",".346","0.874","0.250","13","1","0","1","0","6.16","2","0",".311",".598",".369",".410",".376",".286",".460",".374","91.7","19.1",9.7,72.2,11.5,28.5,37.2,62.8,16,43,51.2,151,90.6,10.8,0,213,82,295,88.5,12,104,48.8,144,42,124,19,49.8,33.9,33.9,24.2,8.1
"Buehler, Walker",621111,2021,"33","207.2",149,19,212,52,26,6.4,".199",".329",".256","0.585","0.130","57","0","0","16","4","2.47","0","33",".213",".347",".255",".271",".270",".134",".335",".297","88.2","11.1",6.8,67.2,17.7,30.2,47,53,218,464,48.7,1536,78.2,7.6,151,2147,416,3152,82.4,192,1086,51.3,1616,43.9,1385,26.5,49.2,46.2,25.1,21.8,6.8
"Diekman, Jake",518617,2021,"67","60.2",47,10,83,34,31.7,13,".211",".390",".324","0.714","0.179","26","7","7","3","3","3.86","14","0",".213",".395",".312",".319",".329",".182",".411",".342","90","16.6",10.6,64.3,24.3,25.3,59.7,40.3,89,149,52.6,588,76.5,7.2,8,748,0,1118,75.7,83,341,47.4,530,40.4,452,35.1,43.8,36.2,29.8,26.2,7.8
"Woodford, Jake",663765,2021,"26","67.2",66,7,50,25,17.1,8.5,".261",".403",".338","0.741","0.142","30","0","0","3","4","3.99","0","8",".261",".404",".322",".330",".342",".143",".351",".320","90.3","13.2",5.7,67.2,14.5,20.9,39.3,60.7,48,122,50.4,583,73.3,8.7,69,682,190,1156,85.5,56,385,49.6,573,43.8,506,20.5,43.9,42.4,24.3,25.7,7.6
"Petit, Yusmeiro",433589,2021,"78","78.0",69,12,37,12,11.8,3.8,".233",".395",".264","0.659","0.162","34","2","6","8","3","3.92","22","0",".261",".458",".280",".320",".292",".197",".348",".298","86.5","19.7",8.4,75.3,18.6,29.5,26.8,73.2,44,164,51.3,555,88.2,6.3,191,743,147,1082,81.4,74,397,48.7,527,43.3,469,21,51.8,37.6,26.2,23.2,12.9
"Littell, Zack",641793,2021,"63","61.2",46,7,63,24,25,9.5,".207",".374",".288","0.662","0.167","20","2","4","4","0","2.92","7","2",".218",".396",".287",".302",".297",".179",".360",".300","90.4","12",8,76,23.3,26.5,44.1,55.9,56,127,48.3,480,85.5,7.7,50,574,369,993,76.7,91,390,51.7,513,45.1,448,28.4,52.1,48.5,28.8,17.8,4.9
"Senzatela, Antonio",622608,2021,"28","156.2",178,12,105,32,15.7,4.8,".287",".421",".328","0.749","0.134","77","0","0","4","10","4.42","0","28",".268",".418",".323",".319",".313",".150",".354",".321","90.4","8.1",5.9,70.5,13.9,23.3,39.2,60.8,104,265,47.4,1139,80.5,9.1,149,1350,906,2405,86.1,124,893,52.6,1266,43.6,1049,19.7,48.1,52.3,19.8,23.9,4
"Chafin, Andrew",605177,2021,"71","68.2",45,4,64,19,24.1,7.1,".186",".273",".248","0.521","0.087","14","5","3","2","4","1.83","22","0",".204",".340",".231",".272",".268",".136",".322",".278","87.7","12.7",6.1,69.5,16.5,32.2,44.7,55.3,71,159,52.2,494,78.8,7,1,696,250,947,83.5,52,315,47.8,453,45.6,432,25.9,50.1,45.9,28.2,19.3,6.6
"Martinez, Carlos",593372,2021,"16","82.1",77,8,57,36,15.7,9.9,".246",".390",".343","0.733","0.144","57","0","0","4","9","6.23","0","16",".273",".469",".321",".367",".369",".196",".391",".336","89.8","8.4",8.5,66.5,11.8,24.6,38.8,61.2,59,152,48.3,619,74.5,7.7,173,802,306,1281,88.2,52,440,51.7,662,42.1,539,18.8,46.2,51.7,22.4,20.8,5
"Plutko, Adam",592644,2021,"38","56.1",65,17,44,27,17.3,10.6,".295",".614",".374","0.988","0.319","42","1","3","1","2","6.71","5","1",".273",".545",".408",".379",".356",".272",".420",".335","91.3","23.2",11.6,75.4,19.8,26.8,33.5,66.5,52,155,57.1,579,83.6,7.2,0,841,173,1014,80.2,65,328,42.9,435,40.7,413,24.2,47.6,30.4,38.1,23.8,7.7
"Yang, Hyeon-Jong",660365,2021,"12","35.1",42,9,25,16,15.6,10,".296",".535",".369","0.904","0.239","22","0","0","0","3","5.60","0","4",".286",".575",".383",".396",".361",".289",".437",".345","89.7","13.6",14.4,71.8,12.8,26.1,41.3,58.7,31,75,48.5,287,76.9,6.6,162,271,159,592,87.2,28,219,51.5,305,38.7,229,20.1,49.7,43.2,24.6,25.4,6.8
"Staumont, Josh",622251,2021,"64","65.2",43,6,72,27,27.3,10.2,".183",".294",".273","0.567","0.111","21","5","0","4","3","2.88","16","0",".219",".392",".254",".304",".305",".173",".373",".316","91.7","18",8.6,64.7,19,23.1,47.3,52.7,61,129,50.9,558,74.4,7.8,0,716,380,1096,81,66,348,49.1,538,40.7,446,26.6,43.5,38.7,31.3,22.7,7.4
"Flexen, Chris",623167,2021,"31","179.2",185,19,125,40,16.9,5.4,".268",".414",".309","0.723","0.146","72","0","0","14","6","3.61","0","31",".258",".433",".311",".319",".301",".175",".360",".314","89.5","11.5",6.3,71.7,14.1,28.7,32,68,131,410,50.9,1431,81.6,7.3,431,1950,430,2811,85.9,139,989,49.1,1380,43.5,1222,19.3,49.8,43,28.1,24.1,4.7
"Rodriguez, Eduardo",593958,2021,"32","157.2",172,19,185,47,27.4,7,".277",".437",".328","0.765","0.160","83","0","0","13","8","4.74","0","31",".229",".369",".330",".288",".285",".140",".364",".326","86.5","12.3",6.8,69,20.1,29.2,40.4,59.6,164,406,51,1389,74.7,6.2,628,1873,220,2721,79.9,185,919,49,1332,45.6,1241,26.3,48.7,44.9,22.9,24.9,7.3
"Conley, Adam",543045,2021,"17","19.2",14,2,16,6,21.1,7.9,".212",".364",".289","0.653","0.152","5","0","0","0","0","2.29","2","0",".212",".333",".284",".288",".294",".121",".314",".276","86.5","14.6",7.7,63.3,16.8,37,42.6,57.4,23,54,49.3,146,78.9,6.4,85,160,51,296,83.2,16,95,50.7,150,36.1,107,26.2,50.3,48.1,21.2,19.2,11.5
"Green, Chad",643338,2021,"67","83.2",57,14,99,17,31.4,5.4,".193",".386",".236","0.622","0.193","29","6","6","10","7","3.12","18","0",".210",".403",".262",".279",".252",".193",".387",".314","89.1","24.9",11.1,73.4,26.2,30.3,47.1,52.9,90,191,48.1,631,78,7.6,0,859,221,1312,73.8,131,500,51.9,681,41.5,544,32,52.7,27.6,33.7,22.1,16.6
"Santana, Ervin",429722,2021,"38","65.1",65,9,52,22,18.8,7.9,".259",".446",".321","0.767","0.187","34","0","0","2","2","4.68","1","2",".269",".528",".328",".364",".332",".259",".420",".338","90.2","13.8",10.9,69,13.5,30.4,46,54,81,176,54.5,579,85.9,7.3,35,479,549,1063,86.5,45,334,45.5,484,40,425,24.7,48,36.8,30.8,27.4,5
"Kim, Kwang Hyun",547942,2021,"27","106.2",98,12,80,39,17.7,8.6,".242",".373",".313","0.686","0.131","41","1","0","7","7","3.46","0","21",".249",".427",".300",".326",".320",".179",".359",".309","88","9.2",7,65.1,14.8,26.2,37.2,62.8,94,253,54.1,965,75.2,7.5,210,745,829,1784,85.2,79,533,45.9,819,42.5,759,22,44.1,48,24,21.9,6.1
"Kershaw, Clayton",477132,2021,"22","121.2",103,15,144,21,29.5,4.3,".224",".374",".262","0.636","0.150","48","0","0","10","8","3.55","0","22",".217",".376",".274",".275",".256",".159",".369",".317","88.1","9.8",6.9,69.1,22.8,32.5,59.9,40.1,176,294,50.2,906,78.1,8.6,11,664,1131,1806,77.2,142,622,49.8,900,43.6,787,34.7,50.7,50.5,22.9,19.4,7.2
"Quantrill, Cal",615698,2021,"40","149.2",129,16,121,47,19.6,7.6,".234",".373",".302","0.675","0.139","48","0","0","8","3","2.89","1","22",".240",".390",".296",".308",".308",".151",".344",".305","87.6","12.2",6.8,68.5,17.4,27.6,32.2,67.8,107,332,53.2,1203,79.2,6.6,321,1806,207,2357,82.6,126,726,46.8,1060,42.4,959,22.1,47,44.2,23.9,24.6,7.3
"Price, David",456034,2021,"39","73.2",79,8,58,26,17.8,8,".272",".428",".339","0.767","0.156","33","1","0","5","2","4.03","2","11",".252",".385",".330",".312",".322",".133",".344",".315","86.8","8.3",5.1,69.8,18.6,23.4,30.6,69.4,38,124,45,530,74.4,10.3,295,860,23,1178,81.4,84,452,55,648,40.3,475,21.2,48.9,50.6,16.5,26.2,6.8
"Davies, Zach",605200,2021,"32","148.0",162,25,114,75,17.1,11.2,".281",".485",".367","0.852","0.204","95","0","0","6","12","5.78","0","32",".287",".489",".366",".373",".373",".203",".411",".357","89.8","11",9.1,66.8,14.2,25.9,37.5,62.5,144,384,57.6,1484,84.5,4.3,838,1545,194,2577,85.8,104,730,42.4,1093,47.3,1220,22.3,43.2,44,23.3,27.3,5.5
"Jiménez, Joe",641729,2021,"52","45.1",34,6,57,35,27.1,16.7,".206",".388",".367","0.755","0.182","30","1","1","6","1","5.96","5","0",".164",".331",".336",".306",".335",".167",".315",".248","89.2","22.6",7.3,71.6,22.1,24.6,56.9,43.1,62,109,51.2,443,93.1,8.3,113,468,285,866,77.9,67,303,48.8,423,40.1,347,31.3,47.6,35.5,34.5,15.5,14.5
"King, Michael",650633,2021,"22","63.1",57,6,62,24,22.5,8.7,".236",".355",".319","0.674","0.119","25","0","0","2","4","3.55","3","6",".252",".422",".298",".333",".336",".170",".388",".342","88.7","7.6",7.7,66.1,21.7,26.3,33.6,66.4,43,128,48.3,487,70,8.9,126,777,3,1009,78,75,345,51.7,522,43.8,442,24.9,46.9,46.2,19.8,30.2,4.4
"Bleier, Richard",542947,2021,"68","58.0",51,4,44,6,19.6,2.7,".241",".335",".268","0.603","0.094","19","0","6","3","2","2.95","20","0",".239",".340",".256",".269",".272",".101",".324",".303","88","-5.2",4.1,71.5,14.1,36.7,37.3,62.7,38,102,40.6,278,71.8,10.4,9,590,86,685,85.9,41,291,59.4,407,43.8,300,20.1,57.4,68,11,18,2.9
"Oviedo, Johan",670912,2021,"14","62.1",61,8,51,37,17.7,12.8,".251",".412",".362","0.774","0.161","34","0","0","0","5","4.91","0","13",".268",".453",".339",".362",".376",".185",".387",".337","87.7","7.1",7.7,67.1,15.9,24.7,51.1,48.9,72,141,52.5,570,71.7,8.5,117,582,387,1086,84.1,55,346,47.5,516,39.5,429,26.1,44.8,50.5,25.3,20.6,3.6
"Brentz, Jake",641394,2021,"72","64.0",45,7,76,37,27.3,13.3,".197",".345",".320","0.665","0.148","26","2","5","5","2","3.66","16","0",".215",".369",".297",".321",".338",".155",".376",".320","89.4","7.5",8.2,65.8,20,23.2,57.1,42.9,76,133,51.9,573,72.7,7,140,657,308,1106,80,70,350,48.1,532,41.3,456,30.2,43.7,50,24.7,22.2,3.2
"Mize, Casey",663554,2021,"30","150.1",130,24,118,41,19.3,6.7,".234",".418",".298","0.716","0.184","62","0","0","7","9","3.71","0","30",".251",".467",".308",".339",".316",".216",".388",".320","89.1","9.3",10,66.5,16.2,24.9,39.7,60.3,116,292,49.7,1172,77.6,9.3,312,1225,820,2357,83.8,128,788,50.3,1185,40.9,965,22.6,45.8,48.6,27.4,19.2,4.8
"Holland, Greg",518813,2021,"57","55.2",49,9,53,26,21.8,10.7,".229",".407",".314","0.721","0.178","30","8","4","3","5","4.85","8","0",".250",".492",".310",".356",".335",".242",".421",".334","88.8","12.1",14.1,67.6,19.4,29.2,47.7,52.3,74,155,53.3,531,71.1,8.3,0,402,595,997,80.6,61,315,46.7,466,39.5,394,28.7,47.1,42.9,27.6,23.3,6.1
"Voth, Austin",608723,2021,"49","57.1",57,10,59,28,23.8,11.3,".266",".467",".351","0.818","0.201","34","0","6","4","1","5.34","7","1",".278",".500",".345",".367",".364",".223",".455",".383","88.6","15.4",11.3,72.5,17.6,27.2,42.6,57.4,63,148,53.3,544,83.6,6,3,746,272,1021,82.4,61,346,46.7,477,42.9,438,25.1,48.4,41.3,25,26.3,7.5
"Ross, Joe",605452,2021,"20","108.0",98,17,109,34,23.7,7.4,".237",".402",".306","0.708","0.165","50","0","0","5","9","4.17","0","19",".242",".416",".305",".315",".312",".174",".380",".328","87.6","12.2",8.4,65,20.7,26.4,37.8,62.2,82,217,48.4,823,73.4,8.4,104,1064,532,1700,79.3,118,570,51.6,877,46.5,791,25.4,46.3,44.7,30.7,21.4,3.2
"Thompson, Keegan",624522,2021,"32","53.1",48,9,55,31,22.6,12.8,".233",".408",".338","0.746","0.175","20","1","1","3","3","3.38","1","6",".248",".445",".326",".350",".354",".197",".404",".342","90.1","12.9",9.1,69.6,16.6,22.7,47.7,52.3,51,107,48.9,472,76.5,8.8,22,722,222,966,83.4,57,344,51.1,494,39.6,383,23.9,46.7,43.5,26,22.7,7.8
"LeBlanc, Wade",453281,2021,"18","49.0",56,8,29,17,13.1,7.7,".283",".480",".352","0.832","0.197","24","0","0","0","2","4.41","0","9",".284",".489",".353",".359",".353",".206",".385",".333","87.8","16.7",8.8,66.8,17.1,28.7,27.5,72.5,33,120,52.6,418,71.7,7.6,177,531,86,794,82.9,43,251,47.4,376,43.5,345,20.5,46.7,37.4,25.7,28.7,8.2
"Stephan, Trevor",663986,2021,"43","63.1",58,15,75,31,26.6,11,".235",".470",".326","0.796","0.235","31","1","0","3","1","4.41","3","0",".236",".476",".340",".347",".330",".240",".431",".341","89.7","16.5",15.6,70.3,24.5,23.2,48.2,51.8,66,137,48.8,590,80.5,7.2,98,723,389,1210,75.5,107,436,51.2,620,44.9,543,30.2,47.4,33.5,32.4,26.6,7.5
"Knebel, Corey",608349,2021,"27","25.2",16,2,30,9,29.7,8.9,".176",".275",".248","0.523","0.099","7","3","2","4","0","2.45","7","4",".195",".314",".229",".259",".270",".119",".329",".295","90.1","12.2",4.8,71.6,25,22.1,55,47.5,22,40,45.4,181,74.4,9.8,0,232,167,399,75,39,156,54.6,218,43.9,175,31.1,49.1,45.2,21,24.2,8.1
"Allard, Kolby",663465,2021,"32","124.2",128,29,104,31,19.5,5.8,".258",".474",".305","0.779","0.216","75","0","0","3","12","5.41","1","17",".261",".481",".331",".341",".310",".220",".400",".331","89.8","15.2",10.6,70.4,14.8,24.3,35.7,64.3,85,238,47.6,978,81.7,8.8,346,1481,227,2054,85.2,112,757,52.4,1076,42.6,876,19.8,48.4,40,31.6,24.1,4.3
"Holmes, Clay",605280,2021,"69","70.0",53,5,78,29,26.7,9.9,".206",".284",".296","0.580","0.078","28","0","2","8","4","3.60","12","0",".195",".292",".262",".264",".286",".098",".304",".278","87.1","-6.5",3.9,60.1,18.3,22.3,57,43.8,69,121,48.3,543,65.2,7.9,0,663,461,1124,81.7,64,349,51.7,581,41.9,471,28.3,41.8,68.5,13.3,14.4,3.9
"White, Mitch",669952,2021,"21","46.2",38,6,49,17,24.9,8.6,".215",".356",".281","0.637","0.141","19","0","2","1","3","3.66","0","4",".243",".379",".276",".300",".306",".136",".365",".332","88.7","9.3",7.6,68.3,16.5,27.7,41.6,58.4,42,101,47.8,364,79.4,8.9,10,402,242,762,83.5,45,272,52.2,398,45.7,348,23.3,49,48.1,25.2,22.1,4.6
"Lucchesi, Joey",664192,2021,"11","38.1",34,4,41,11,26.1,7,".245",".417",".305","0.722","0.172","19","0","0","1","4","4.46","0","8",".218",".384",".310",".297",".285",".166",".367",".309","90.5","16.5",8.8,68.6,17.5,22.1,43.7,56.3,31,71,49.7,321,85.5,8.5,11,409,226,646,82.5,39,223,50.3,325,38.2,247,23.8,45.5,42.2,29.4,20.6,7.8
"Davis, Austin",656354,2021,"29","26.1",24,4,28,12,23.9,10.3,".235",".431",".316","0.747","0.196","15","0","3","1","2","5.13","4","0",".244",".398",".314",".320",".329",".154",".384",".335","85.2","14.4",9.2,65.3,20.3,25.6,40,60,26,65,53.7,254,62.2,7.8,47,246,180,473,79.7,29,143,46.3,219,39.3,186,26.4,44,46.1,21.1,18.4,14.5
"Foster, Matt",641582,2021,"37","39.0",43,9,40,13,23,7.5,".274",".478",".333","0.811","0.204","26","1","1","2","1","6.00","2","0",".271",".506",".346",".360",".333",".235",".439",".361","90.3","21.3",9.2,72.8,19,22.8,40.5,59.5,32,79,47.5,346,75.5,6.7,164,488,77,729,81,53,279,52.5,383,42.4,309,23.7,49.1,29.4,40.3,24.4,5.9
"Mejía, J.C.",650496,2021,"17","52.1",60,13,47,24,19.7,10.1,".286",".538",".367","0.905","0.252","48","0","0","1","7","8.25","0","11",".281",".485",".385",".369",".363",".204",".422",".363","91","8",8.5,68.9,13.4,24.6,39.4,60.6,50,127,52.5,516,73.2,7.2,113,572,297,982,86.6,43,321,47.5,466,41.5,408,20.8,45.6,48.2,24.4,22,5.5
"DeSclafani, Anthony",543101,2021,"31","167.2",141,19,152,42,22.5,6.2,".225",".358",".276","0.634","0.133","59","0","0","13","7","3.17","0","31",".237",".416",".276",".305",".288",".178",".368",".314","88.9","11.6",8.1,68.5,16.2,27.7,45.7,54.5,156,341,48.1,1230,77.1,8.5,269,1168,1121,2558,83.8,147,910,51.9,1328,41.8,1068,24.2,48.9,45,25.8,22.5,6.7
"Hess, David",605276,2021,"15","20.0",32,10,18,11,17.6,10.8,".364",".784",".431","1.215","0.420","22","0","2","2","2","9.90","2","1",".304",".626",".491",".430",".388",".323",".497",".383","94.7","21.2",15.3,77.3,20,22,34.1,65.9,14,41,50.7,186,78.8,9,13,213,141,367,80,28,140,49.3,181,39.2,144,23.2,49.3,25,44.4,27.8,2.8
"Wainwright, Adam",425794,2021,"32","206.1",168,21,174,50,21,6,".220",".352",".275","0.627","0.132","70","0","0","17","7","3.05","0","32",".247",".392",".273",".302",".300",".145",".354",".319","88.2","10",6.2,60.7,12.2,27.3,37.7,62.8,159,422,50.5,1548,65.7,7.9,195,1826,1035,3068,87.9,113,923,49.5,1520,45.5,1395,20.2,43.8,48.7,21.5,25.4,4.4
"Pérez, Cionel",672335,2021,"25","24.0",21,5,25,20,22.5,18,".233",".444",".369","0.813","0.211","17","0","0","1","2","6.38","0","0",".205",".362",".351",".317",".347",".157",".329",".281","89.6","11.3",6.1,63,22.8,17.6,54.8,45.2,23,42,52.4,238,72.2,7.9,35,292,0,454,77.2,31,136,47.6,216,37.7,171,30.3,39.2,51.5,27.3,12.1,9.1
"Cleavinger, Garrett",664076,2021,"22","18.0",20,4,21,13,24.7,15.3,".290",".493",".405","0.898","0.203","6","0","1","2","4","3.00","0","1",".223",".406",".384",".340",".354",".183",".391",".320","89.2","9.7",6,55.6,12.1,23,58.5,41.5,24,41,50,178,70.8,6.7,0,194,162,356,87.9,12,99,50,178,38.8,138,25.7,39.3,50,24,20,6
"Kaprielian, James",621076,2021,"24","119.1",105,19,123,41,24.5,8.2,".233",".430",".302","0.732","0.197","54","0","0","8","5","4.07","0","21",".234",".445",".314",".324",".305",".212",".393",".321","90.1","19",9.3,67.8,21.9,25.7,39.9,60.1,109,273,52.5,1062,78.2,7.3,320,1191,513,2024,78.1,143,652,47.5,962,41.2,834,27.2,45.7,34.8,31.5,22.8,10.8
"Rucker, Michael",621074,2021,"20","28.1",32,5,30,11,23.8,8.7,".286",".482",".357","0.839","0.196","22","1","1","0","0","6.99","0","0",".263",".490",".360",".354",".338",".227",".428",".357","90.8","11.9",10.8,72.1,19.4,31.3,51.2,48.8,43,84,54.7,268,87.1,6.3,36,303,151,490,80.6,31,160,45.3,222,37.6,184,30.3,49.8,45.8,27.7,22.9,3.6
"Cotton, Jharel",605194,2021,"23","30.2",28,2,30,15,21.9,10.9,".237",".331",".328","0.659","0.094","12","0","0","2","0","3.52","3","0",".180",".318",".296",".271",".279",".138",".281",".236","85.8","26",5.6,73.4,21.8,25.5,40.8,59.2,29,71,51.4,278,83.8,6.8,164,257,120,541,78.2,42,193,48.6,263,41.8,226,26.9,48.8,32.2,33.3,15.6,18.9
"King, John",667463,2021,"27","46.0",41,3,40,12,20.7,6.2,".233",".330",".297","0.627","0.097","18","0","1","7","5","3.52","4","0",".227",".335",".276",".280",".292",".107",".315",".294","88.5","-0.9",3.6,69.1,17.7,34.1,41.3,58.7,52,126,53,369,74.4,5.6,136,463,58,696,82.3,40,226,47,327,44.7,311,26.1,50.6,59.1,12.4,24.8,3.6
"McGowin, Kyle",641851,2021,"27","30.0",21,5,35,14,27.3,10.9,".188",".357",".289","0.646","0.169","14","0","0","0","0","4.20","1","0",".196",".330",".283",".280",".296",".135",".327",".285","85.8","20.2",6.5,63.7,19.9,29.8,43.2,56.8,35,81,52.6,272,65.8,7.4,0,162,355,517,80.1,31,156,47.4,245,40.2,208,27.8,45.8,35.1,28.6,22.1,14.3
"Robles, Hansel",570663,2021,"72","69.0",58,8,76,37,25.6,12.5,".228",".398",".338","0.736","0.170","34","14","2","3","5","4.43","17","0",".224",".422",".321",".330",".334",".198",".390",".320","91.1","11.9",11.2,71.4,20.5,25.4,34.5,65.5,51,148,49.2,583,81,8.9,352,661,172,1185,79.5,88,430,50.8,602,42.7,506,24,48.8,43.6,24,25.7,6.7
"Ohtani, Shohei",660271,2021,"23","130.1",98,15,156,44,29.3,8.3,".207",".351",".286","0.637","0.144","46","0","0","9","2","3.18","0","23",".202",".348",".279",".282",".285",".145",".351",".302","88.4","11.7",7.1,69.2,20.2,25.5,53.8,46.2,135,251,48.5,983,82.3,9.2,367,1141,75,2027,79.8,146,722,51.5,1044,39.8,807,28.9,48,46.4,23.8,22.3,7.4
"Mantiply, Joe",573009,2021,"57","39.2",45,1,38,17,21.5,9.6,".292",".448",".358","0.806","0.156","15","0","2","0","3","3.40","11","0",".245",".380",".338",".305",".322",".134",".354",".322","86.6","7.7",5.8,61.7,19.4,33.9,45,55,45,100,47.5,295,75.4,9.2,114,319,188,621,80.6,39,201,52.5,326,42.4,263,27.9,48.5,47.1,17.4,28.9,6.6
"Ramírez, Yohan",670990,2021,"25","27.2",18,6,35,12,30.7,10.5,".188",".396",".297","0.693","0.208","12","2","0","1","3","3.90","0","0",".175",".331",".304",".279",".286",".156",".336",".275","86.9","20.2",6.3,66,26.4,25.9,58.6,41.4,34,58,51.4,224,66.7,8.3,0,237,0,436,73.6,37,140,48.6,212,37.8,165,35.9,45.4,37.5,29.7,18.8,14.1
"López, Pablo",641154,2021,"20","102.2",89,11,115,26,27.5,6.2,".233",".385",".293","0.678","0.152","35","0","0","5","5","3.07","0","20",".224",".377",".293",".290",".285",".153",".365",".319","86.7","9.2",7.4,68.1,19.7,33.5,38,62,106,279,49.9,833,74.2,5.8,543,966,159,1669,80.3,112,569,50.1,836,44.3,740,25.7,50.8,47,20.7,26.7,5.6
"Alvarez, Jose",501625,2021,"67","64.2",53,2,42,19,15.8,7.1,".217",".279",".273","0.552","0.062","17","0","0","5","2","2.37","8","1",".247",".342",".245",".287",".301",".095",".310",".298","86.4","8.3",2.5,66.1,15.2,27.4,34.9,65.1,45,129,48.6,471,72,10.3,272,599,99,970,84.8,50,330,51.4,499,40.5,393,20.7,47.3,51,16.2,23.5,9.3
"Thompson, Ryan",657044,2021,"36","34.0",26,3,37,9,27.6,6.7,".211",".366",".276","0.642","0.155","9","0","4","3","2","2.38","11","0",".218",".404",".274",".293",".283",".186",".377",".312","86.1","7.2",10.5,65.9,22,32.9,38.7,61.3,29,75,47.2,228,71.2,10.8,6,293,184,483,78,37,168,52.8,255,42,203,27.2,50.3,48.8,20.9,24.4,5.8
"McFarland, T.J.",519008,2021,"38","38.2",32,3,21,9,14.6,6.3,".237",".370",".285","0.655","0.133","11","0","1","4","1","2.56","15","0",".243",".399",".282",".299",".291",".155",".327",".289","90.8","-0.1",7,74.1,8.4,30.2,34.5,65.5,30,87,56.3,288,86.7,5.9,118,352,39,512,91.6,14,166,43.8,224,46.3,237,17.4,49.4,63.2,14.9,21.1,0.9
"Weathers, Ryan",677960,2021,"30","94.2",101,20,72,30,18,7.5,".279",".497",".338","0.835","0.218","56","1","0","4","7","5.32","0","18",".269",".473",".356",".346",".330",".204",".394",".335","90.3","12",8.4,68.7,15.2,20.7,31.1,68.9,52,167,49.8,805,81.3,8.9,122,1001,494,1617,84.8,85,558,50.2,812,43.4,702,18.9,44.8,45.9,22.3,23.3,8.4
"Mejía, Humberto",650668,2021,"5","22.1",32,5,20,9,19,8.6,".340",".702",".394","1.096","0.362","18","0","0","0","3","7.25","0","5",".295",".498",".447",".360",".354",".203",".421",".370","90","17.1",7.9,75.7,15.7,25.6,38.9,61.1,21,54,50.1,211,85.7,6.7,67,266,88,421,84.3,25,159,49.9,210,43.5,183,21.6,50.6,31.6,27.6,34.2,6.6
"Williams, Trevor",592866,2021,"23","91.0",105,11,90,31,22.2,7.7,".287",".462",".347","0.809","0.175","44","0","0","4","2","4.35","0","15",".259",".420",".348",".325",".321",".161",".385",".343","89.2","10.8",7.1,67.4,17.8,30.5,38,62,89,234,50,768,80.8,6.4,153,929,455,1537,82.2,92,518,50,769,45.7,702,24.1,48.9,47.1,21.1,27.1,4.6
"Junk, Janson",676083,2021,"4","16.1",20,5,10,2,14.1,2.8,".294",".529",".314","0.843","0.235","7","0","0","0","1","3.86","0","4",".290",".565",".357",".371",".310",".275",".423",".340","88.3","13.9",11.9,67.7,8.1,30,38.9,61.1,14,36,48.6,120,100,6.9,8,128,54,247,91.9,7,86,51.4,127,44.1,109,17.2,49.4,39,33.9,20.3,6.8
"Fry, Paul",643316,2021,"52","47.1",37,3,60,35,27.9,16.3,".213",".282",".355","0.637","0.069","32","2","2","4","5","6.08","11","0",".213",".304",".300",".311",".358",".091",".343",".326","88.4","11",6,62.2,16.9,21,48.5,51.5,47,97,53,462,71.9,7.3,5,475,392,872,83.1,43,255,47,410,43.3,378,25.6,40.4,50,18.1,25,6.9
"Barnes, Jacob",606930,2021,"29","28.2",31,7,33,11,25.8,8.6,".270",".504",".339","0.843","0.234","20","2","0","1","2","6.28","1","0",".226",".437",".359",".319",".299",".211",".392",".317","90","10.3",9.6,68.3,16.9,30.8,45.9,54.1,45,98,55.8,318,77.3,3.9,42,523,5,570,83.1,29,172,44.2,252,44,251,27.4,47.4,44.6,27.7,21.7,6
"Gilbert, Logan",669302,2021,"24","119.1",112,17,128,28,25.4,5.6,".241",".425",".291","0.716","0.184","62","0","0","6","5","4.68","0","24",".237",".434",".305",".310",".289",".196",".391",".327","90.1","19.2",8.8,75.2,22.4,26.3,40.8,59.2,113,277,49.6,1054,82.4,9.1,171,1307,647,2125,77.6,180,805,50.4,1071,38.5,818,27.1,50.9,33.4,32.8,25.8,7.9
"Corbin, Patrick",571578,2021,"31","171.2",192,37,143,60,19,8,".286",".510",".345","0.855","0.224","111","0","0","9","16","5.82","0","31",".277",".497",".362",".358",".338",".220",".415",".350","89.4","9",9.2,67,12.4,32.1,46.5,53.7,225,484,54.9,1509,76.4,6.6,116,1550,1084,2750,87.6,103,832,45.1,1241,43,1183,24.9,47.9,48.3,23.9,24.1,3.7
"Detmers, Reid",672282,2021,"5","20.2",26,5,19,11,18.8,10.9,".295",".534",".386","0.920","0.239","17","0","0","1","3","7.40","0","5",".255",".473",".390",".355",".351",".218",".393",".326","88.8","18.4",11.6,69.4,22.1,25.7,40.4,59.6,19,47,48.3,183,81.6,10,18,171,190,379,77.9,30,136,51.7,196,41.4,157,26.8,48.3,34.8,31.9,26.1,7.2
"Minaya, Juan",573668,2021,"29","40.0",27,4,43,20,25.7,12,".189",".329",".295","0.624","0.140","11","0","0","2","1","2.48","7","0",".195",".341",".280",".293",".303",".146",".330",".279","89.5","6",5.9,72.7,19.5,30,38.7,61.3,43,111,56.1,370,83,7.1,296,339,24,659,80.5,41,210,43.9,289,38.8,256,26.2,48.7,56.9,25.5,14.7,2.9
"Montero, Rafael",606160,2021,"44","49.1",59,4,42,17,18.7,7.6,".296",".422",".362","0.784","0.126","35","7","6","5","4","6.39","4","0",".228",".334",".340",".291",".306",".106",".315",".290","86.7","5.9",5,72.3,18,30.6,34.3,65.7,48,140,52.4,457,83.9,7.1,167,535,170,872,82,54,300,47.6,415,45.8,399,23.2,50.5,55.9,19.3,19.9,5
"Faria, Jake",607188,2021,"23","32.2",39,5,32,13,20.8,8.4,".285",".489",".353","0.842","0.204","20","0","0","0","0","5.51","0","3",".228",".429",".359",".317",".303",".201",".359",".296","90.1","14.8",9.3,65.8,16.3,21.1,42.9,57.1,30,70,52,332,84.6,6.1,131,359,149,639,83.7,33,202,48,307,40.1,256,23.2,42.6,41.1,32.7,21.5,4.7
"Montas, Frankie",593423,2021,"32","187.0",164,20,207,57,26.6,7.3,".232",".372",".294","0.666","0.140","70","0","0","13","9","3.37","0","32",".231",".404",".290",".305",".295",".174",".382",".326","89.3","11.6",8.7,70.2,20.9,32.5,46.6,53.4,240,515,52.3,1583,80.4,7.2,676,1987,365,3028,79.1,212,1014,47.7,1445,43.6,1321,29.6,50.5,43.5,25.3,26.1,5.1
"Young, Alex",622065,2021,"40","52.0",65,12,43,27,17.5,11,".307",".538",".389","0.927","0.231","38","0","2","2","6","6.58","4","2",".280",".481",".389",".364",".369",".202",".405",".351","90.2","9.9",9.2,70.3,17.3,29.5,48.6,51.4,68,140,52.1,475,82.1,7.3,175,564,173,912,82.7,53,307,47.9,437,43.1,393,27.1,49,46.2,25.4,24.3,4
"Holland, Derek",502706,2021,"39","49.2",58,6,51,20,22.7,8.9,".287",".455",".351","0.806","0.168","28","0","0","3","2","5.07","4","1",".243",".401",".345",".311",".313",".158",".364",".322","89.1","11.2",6.5,66.2,20,27,36.4,63.6,39,107,47.5,397,78.3,8.3,80,473,282,835,80,58,290,52.5,438,48.4,404,24.4,47.5,45.8,24.2,24.2,5.9
"Watson, Tony",453265,2021,"62","57.1",40,4,44,18,19.6,8,".193",".285",".258","0.543","0.092","25","0","3","7","4","3.92","19","0",".221",".372",".241",".287",".283",".151",".323",".281","86","10.5",6.1,65.7,21.3,32.3,35.1,64.9,52,148,52.9,458,75.9,6.2,288,369,209,866,78.7,57,268,47.1,408,44.2,383,26.2,48,47.9,24.5,21.5,6.1
"Hembree, Heath",592390,2021,"60","58.0",45,12,83,24,34.2,9.9,".207",".419",".292","0.711","0.212","36","9","2","2","7","5.59","7","0",".185",".354",".306",".276",".273",".169",".369",".301","89.2","23.4",10.4,67.9,20.2,30.2,43.3,56.7,74,171,51.9,566,78.9,6.5,0,570,520,1090,79.8,72,356,48.1,524,40.5,441,27.7,48.3,27.6,33.6,23.9,14.9
"Mears, Nick",683232,2021,"30","23.1",25,5,23,13,21.5,12.1,".269",".462",".355","0.817","0.193","13","0","5","1","0","5.01","3","0",".246",".424",".349",".336",".343",".178",".385",".334","86.6","16.2",7,69.3,21.8,28.3,32.4,67.6,22,68,53.1,240,79.2,5.3,0,290,162,452,78.2,32,147,46.9,212,42.7,193,25.1,47.6,39.4,31,22.5,7
"Valdez, Phillips",570488,2021,"28","40.0",35,4,35,19,19.8,10.7,".238",".354",".347","0.701","0.116","26","1","0","2","0","5.85","2","0",".247",".384",".312",".330",".355",".138",".350",".316","88.3","5",6,64.3,18.5,23.3,33.3,66.7,29,87,54.5,373,74.1,7.9,336,276,72,684,81.5,37,200,45.5,311,38.9,266,23,42,59.5,22.4,16.4,1.7
"Dugger, Robert",667498,2021,"12","25.2",34,4,19,12,15.7,9.9,".324",".533",".392","0.925","0.209","21","0","0","0","2","7.36","0","4",".292",".467",".391",".361",".366",".175",".389",".351","91.2","16.2",5.7,65.4,19,26.4,36.7,63.3,22,60,49.2,227,75.9,6.3,18,196,247,461,81,29,153,50.8,234,48.6,224,23.9,46.2,37.5,23.9,33,5.7
"Lovelady, Richard",663992,2021,"20","20.2",16,3,23,6,27.4,7.1,".211",".342",".274","0.616","0.131","8","1","0","2","0","3.48","4","0",".189",".300",".265",".260",".262",".111",".322",".277","89.2","6.9",3.7,61.8,13.6,29.2,70,30,28,40,43.5,137,81.8,7,0,158,157,315,86.4,15,110,56.5,178,43.2,136,28.7,47.6,55.6,16.7,22.2,5.6
"Wilson, Justin",458677,2021,"42","34.0",32,6,29,16,19.5,10.7,".244",".435",".331","0.766","0.191","20","0","1","1","1","5.29","4","0",".231",".417",".332",".324",".320",".186",".354",".297","86.9","16",7.8,68.9,19.1,23.3,26.5,73.5,18,68,48.3,292,88.6,7.3,0,567,37,604,80.9,41,215,51.7,312,46,278,20.8,46.9,47.1,31.4,9.8,11.8
"Mayers, Mike",594577,2021,"72","75.0",71,11,90,26,28.6,8.3,".250",".430",".318","0.748","0.180","32","2","3","5","5","3.84","18","2",".218",".402",".323",".303",".291",".184",".384",".319","91","16",8.2,68.2,23.5,29.3,41.5,58.5,78,188,51.9,642,87.2,6.3,2,846,388,1236,76.5,95,405,48.1,594,45.1,557,29.2,48,38.8,31.1,23,7.1
"Fernández, Junior",658551,2021,"18","20.2",25,2,15,14,15.6,14.6,".305",".451",".406","0.857","0.146","13","0","0","1","0","5.66","0","0",".294",".427",".373",".363",".397",".133",".381",".359","89.4","7.4",3,76.1,26.3,27.2,37.3,62.7,22,59,58.3,217,77.1,9.4,117,176,79,372,73.7,31,118,41.7,155,37.4,139,29.9,47.6,44.8,11.9,38.8,4.5
"Watkins, Spenser",657093,2021,"16","54.2",74,14,35,19,13.7,7.5,".322",".596",".374","0.970","0.274","49","0","0","2","7","8.07","0","10",".294",".562",".405",".389",".353",".268",".425",".347","90.7","17.1",11.1,69.7,11.9,25.3,32.3,67.7,42,130,53.5,514,74.6,6.1,56,746,158,960,88.1,37,311,46.5,446,45.9,441,17.9,45.9,34.2,30.7,29.1,6
"Minter, A.J.",621345,2021,"61","52.1",44,2,57,20,25.8,9,".226",".349",".295","0.644","0.123","22","0","6","3","6","3.78","23","0",".208",".323",".282",".269",".280",".115",".314",".287","86.7","11.8",4.2,69.6,23.6,27.7,52.6,47.4,61,116,47.8,419,77.9,8.8,117,759,0,876,76.4,75,318,52.2,457,41.3,362,31.3,49.5,47.9,22.5,21.8,7.7
"Guerra, Deolis",500610,2021,"53","65.2",53,8,62,20,23,7.4,".218",".358",".287","0.645","0.140","30","0","0","4","1","4.11","3","0",".200",".348",".283",".272",".271",".149",".309",".267","85.6","22",7.1,70.7,18.5,30.8,46.3,53.7,87,188,56.3,611,81.5,6,336,494,256,1086,81.5,62,336,43.7,475,43.4,471,28.4,48.3,35.5,32.2,18.6,13.7
"Fulmer, Carson",608334,2021,"20","25.2",26,3,24,13,20.7,11.2,".265",".429",".365","0.794","0.164","19","0","0","0","0","6.66","1","0",".232",".421",".347",".334",".337",".189",".364",".304","89.3","7.8",11.8,64.5,18.3,26.3,52.2,47.8,36,69,58.5,262,82.8,6.5,67,291,90,448,81.7,22,120,41.5,186,41.3,185,30.7,42.2,48.7,26.3,19.7,5.3
"Rodríguez, Joely",570257,2021,"52","46.1",53,4,47,18,22.7,8.7,".294",".389",".350","0.739","0.095","24","1","2","2","3","4.66","14","0",".243",".358",".320",".300",".310",".116",".356",".326","87.3","1",5,63.7,22.2,34.6,44.6,55.4,66,148,56.2,428,66,7,285,447,29,775,77.8,47,212,43.8,333,40.6,309,31.3,47.4,60,13.6,21.4,5
"Ramirez, Noé",598287,2021,"38","36.0",23,3,29,12,19.7,8.2,".178",".287",".260","0.547","0.109","12","1","2","0","2","3.00","10","0",".190",".309",".246",".265",".275",".119",".277",".246","88.4","24.9",4.9,64.8,18.5,28.5,36.9,63.1,31,84,50.9,295,71.7,7.9,173,217,189,579,81.5,34,184,49.1,284,39.4,228,24.3,46.3,32,32,20.4,15.5
"Blackburn, Paul",621112,2021,"9","38.1",52,8,26,10,14.9,5.7,".319",".534",".366","0.900","0.215","25","0","0","1","4","5.87","0","9",".295",".474",".383",".353",".343",".179",".389",".351","90.5","9.7",8.8,65,7.9,25.3,31.6,68.4,31,98,56.8,387,73.7,5.6,97,490,94,681,92.1,15,191,43.2,294,43.5,296,15.9,42.4,51.8,19.7,24.1,4.4
"Bass, Anthony",542914,2021,"70","61.1",55,11,58,24,22.3,9.2,".241",".425",".318","0.743","0.184","26","0","4","3","9","3.82","19","1",".251",".444",".312",".331",".329",".193",".397",".335","88.9","10.7",8.6,64,15,27.6,54.1,45.9,73,135,51.1,490,68.7,8.7,8,472,479,959,85,45,300,48.9,469,40,384,27.1,45.4,45.1,26.3,22.9,5.7
"Yarbrough, Ryan",642232,2021,"30","155.0",163,25,117,27,17.9,4.1,".267",".457",".307","0.764","0.190","88","0","0","9","7","5.11","0","21",".266",".436",".325",".321",".307",".170",".370",".329","84.8","17.3",7.8,67,16,31.8,31.1,68.9,127,408,51.6,1283,80.5,6.2,697,1343,0,2488,84,129,807,48.4,1205,44.2,1099,21.1,48.8,36.8,25.2,28.2,9.8
"Nola, Aaron",605400,2021,"32","180.2",165,26,223,39,29.8,5.2,".237",".405",".286","0.691","0.168","93","0","0","9","9","4.63","0","32",".220",".383",".297",".285",".270",".163",".378",".323","88.9","14.4",7.1,66.5,20,30.9,45.9,54.1,205,447,48.7,1446,73.1,7.5,589,1581,801,2971,80,203,1014,51.3,1525,45.2,1342,27.9,49.2,41.6,27,24.1,7.3
"Sandlin, Nick",680704,2021,"34","33.2",21,2,48,17,34,12.1,".176",".286",".298","0.584","0.110","11","0","1","1","1","2.94","5","0",".157",".274",".269",".262",".283",".117",".309",".263","84","12.6",4.2,57.4,24.1,24.4,52,48,39,75,50.9,307,56.4,6.5,13,310,280,603,75.9,41,170,49.1,296,38.5,232,32.7,40.6,41.7,27.8,19.4,11.1
"Gallegos, Giovanny",606149,2021,"73","80.1",51,6,95,20,30.6,6.5,".183",".302",".249","0.551","0.119","27","14","8","6","5","3.02","24","0",".202",".345",".240",".270",".268",".143",".352",".303","89","20.7",10.1,71.3,21.2,34.2,58.8,41.2,133,226,53.5,661,84.3,6.7,57,653,526,1236,78.8,87,410,46.5,575,42.6,526,34.6,51.5,33.3,31.7,23.8,11.1
"Bednar, David",670280,2021,"61","60.2",40,5,77,19,32.5,8,".185",".324",".253","0.577","0.139","15","3","2","3","1","2.23","13","0",".187",".304",".249",".246",".255",".118",".323",".288","87.2","15.4",5.7,72.9,24.2,31.4,54.7,45.3,75,137,46.7,436,84.8,10.6,193,521,220,934,75.8,88,363,53.3,498,42.1,393,32.6,53.5,42.1,25.7,23.6,8.6
"Trivino, Lou",642152,2021,"71","73.2",58,5,67,34,21.6,11,".216",".310",".313","0.623","0.094","26","22","4","7","8","3.18","8","0",".229",".403",".280",".320",".325",".174",".360",".306","87.4","9.8",7.8,72,18.2,23,39.7,60.3,56,141,52.1,613,76.6,6.5,146,896,135,1177,81.8,74,406,47.9,564,43.8,515,23.8,46.5,48.5,24.5,21.1,5.9
"Enns, Dietrich",608650,2021,"9","22.1",17,1,25,6,28.4,6.8,".207",".305",".261","0.566","0.098","7","2","0","2","0","2.82","1","0",".210",".306",".250",".253",".263",".097",".318",".301","85.4","23.4",1.8,76.2,17.7,34.7,39.7,60.3,23,58,46.4,167,81.6,10.6,9,344,7,360,82.3,26,147,53.6,193,38.9,140,23.9,56.9,28.1,29.8,28.1,14
"Oviedo, Luis",665854,2021,"22","29.2",33,4,31,26,21.1,17.7,".282",".470",".415","0.885","0.188","29","0","0","1","2","8.80","0","1",".249",".444",".383",".369",".393",".194",".398",".338","89.4","10.5",9.1,64.8,17.2,20.7,54.5,45.5,36,66,55,319,71.4,6,36,293,251,580,82.8,29,169,45,261,38.1,221,27.7,40.5,43.2,26.1,27.3,3.4
"Bumgarner, Madison",518516,2021,"26","146.1",134,24,124,39,20.2,6.4,".242",".439",".302","0.741","0.197","76","0","0","7","10","4.67","0","26",".241",".437",".315",".319",".303",".196",".368",".309","88.8","18.5",7.5,67.6,16,27.9,37.3,62.7,112,300,46.9,1075,77.6,8.5,179,1618,493,2294,84.1,132,824,53.1,1219,42,963,21.7,49,33.9,30.3,25.7,10
"Burr, Ryan",621114,2021,"34","36.2",28,3,33,21,21.9,13.9,".224",".320",".336","0.656","0.096","10","0","1","2","1","2.45","3","1",".223",".330",".298",".308",".341",".107",".326",".306","91.1","5",3.1,67.1,13,22.5,55.1,44.9,38,69,51.8,307,76.5,8.6,0,531,62,593,87,25,192,48.2,286,41.5,246,24.1,44,58.3,18.8,16.7,6.3
"Javier, Cristian",664299,2021,"36","101.1",67,16,130,53,30.7,12.5,".186",".355",".300","0.655","0.169","40","2","2","4","1","3.55","5","9",".217",".418",".291",".326",".328",".202",".416",".338","90.6","22.5",9.8,71.3,24.5,24.5,48.2,51.8,118,245,55.9,1002,77.8,6.5,105,1065,158,1792,75.5,138,563,44.1,790,40.5,725,31.7,45.1,28.2,33.8,26.5,11.5
"Sheffield, Justus",656954,2021,"21","80.1",105,14,63,43,16.4,11.2,".316",".515",".398","0.913","0.199","61","0","0","7","8","6.83","0","15",".296",".529",".390",".394",".384",".233",".433",".365","92.9","10.2",11.7,66,11.3,24.7,40.3,59.7,77,191,52.6,773,83.8,8,306,692,472,1470,88.7,52,460,47.4,697,41.3,607,19.8,44.3,47.1,22.6,26.3,4
"Uceta, Edwin",670955,2021,"14","20.1",19,3,25,12,27.2,13,".253",".413",".344","0.757","0.160","15","0","1","0","3","6.64","0","1",".229",".409",".323",".325",".331",".180",".403",".335","89.9","23.1",10.9,67.2,18.8,29.9,48.2,51.8,27,56,51.8,187,76.5,9.4,149,160,52,361,81.2,22,117,48.2,174,42.1,152,28.3,47.9,34.5,32.7,20,12.7
"Abreu, Bryan",650556,2021,"31","36.0",35,4,36,18,22.4,11.2,".254",".406",".348","0.754","0.152","23","1","4","3","3","5.75","7","0",".244",".396",".330",".332",".343",".152",".373",".329","89.7","11.7",6.7,71.2,20,24.2,57.6,42.4,53,92,55.2,380,65.9,6.4,0,312,377,689,80,44,220,44.8,309,39.9,275,31.1,45.3,48.1,25,19.2,7.7
"Crowe, Wil",640444,2021,"26","116.2",126,25,111,57,21.2,10.9,".276",".501",".363","0.864","0.225","71","0","0","4","8","5.48","0","25",".249",".455",".369",".345",".340",".206",".393",".329","88.8","13.7",9.4,67.8,15.7,25.9,46.6,53.4,144,309,55,1195,79.7,6.6,395,1013,763,2171,84.3,104,662,45,976,40,869,25.5,44.7,44,28,21.4,6.6
"Chavez, Jesse",445926,2021,"30","33.2",23,0,36,11,27.1,8.3,".192",".267",".256","0.523","0.075","8","0","1","3","2","2.14","2","4",".208",".350",".230",".271",".272",".142",".335",".292","90.9","10.4",5.8,61.8,13.3,23.8,30.5,69.5,18,59,47,248,76.7,8.1,52,430,46,528,86.7,23,173,53,280,41.7,220,17.7,43.9,43,29.1,26.7,1.2
"Scrubb, Andre",668687,2021,"18","19.2",15,5,21,14,24.4,16.3,".214",".443",".337","0.780","0.229","11","0","2","1","1","5.03","2","0",".249",".507",".336",".376",".370",".258",".445",".349","89","22.3",13.7,54.8,19.8,21.8,46.5,53.5,20,43,55.6,197,47.8,6.5,0,191,163,354,80.2,17,86,44.4,157,43.8,155,28.7,36.4,33.3,41.2,13.7,11.8
"Adams, Austin",613534,2021,"65","52.2",28,1,76,35,31.5,14.5,".159",".244",".366","0.610","0.085","24","0","1","3","2","4.10","11","0",".161",".263",".297",".310",".372",".102",".320",".286","85.7","20.1",5.7,60,20.4,25.5,59,41,82,139,56.7,545,65.7,7.3,0,124,838,962,79.6,51,250,43.3,417,37.1,357,34.2,40.4,35.8,34,21.7,8.5
"Sawamura, Hirokazu",617228,2021,"55","53.0",45,9,61,31,26.3,13.4,".227",".429",".336","0.765","0.202","18","0","1","5","1","3.06","10","0",".214",".394",".324",".312",".327",".180",".375",".311","89.5","11.3",10.9,73.2,21,30.4,56.3,43.8,99,176,61.3,579,87.8,5.2,371,429,144,945,79,56,267,38.7,365,41.7,394,35,46.9,51.4,22.5,18.8,7.2
"Alzolay, Adbert",640470,2021,"29","125.2",112,25,128,34,24.7,6.6,".236",".439",".294","0.733","0.203","64","1","0","5","13","4.58","0","21",".244",".451",".312",".324",".302",".207",".404",".335","89.3","10.8",9.9,67.3,19.6,30.1,45.3,54.7,129,285,48.4,947,72.8,8.3,138,1016,800,1955,80.4,133,678,51.6,1008,42,822,27.2,49.3,47.2,25.6,22.7,4.5
"Krol, Ian",571871,2021,"18","18.2",23,2,18,8,20.9,9.3,".303",".474",".365","0.839","0.171","9","0","0","0","0","4.34","0","0",".260",".375",".358",".315",".327",".115",".360",".336","86.6","9.7",5,70.2,18.6,27.6,36,64,18,50,51.9,181,77.3,6.3,47,126,176,349,81.4,22,118,48.1,168,42.4,148,23.8,48.1,46.7,28.3,23.3,1.7
"Rainey, Tanner",663432,2021,"38","31.2",29,6,42,25,27.8,16.6,".238",".459",".377","0.836","0.221","26","3","3","1","3","7.39","10","0",".203",".434",".361",".342",".349",".231",".401",".305","91.9","23.4",12.3,71.5,26.4,27.8,54.5,45.5,55,101,54.6,363,76,7.5,1,430,234,665,73.6,57,216,45.4,302,39.5,263,35.3,47.7,24.7,43.2,21,11.1
"Harper, Ryne",607560,2021,"34","35.2",28,6,31,14,20.9,9.5,".214",".389",".297","0.686","0.175","16","0","1","0","2","4.04","3","0",".224",".354",".297",".293",".307",".131",".324",".291","83.7","13.9",6.9,64.4,16,29.1,37.5,62.5,30,80,48.5,275,62.7,9,0,124,386,567,84,30,188,51.5,292,42.7,242,22.4,47.3,43.6,25.7,19.8,10.9
"Mahle, Tyler",641816,2021,"33","180.0",158,24,210,64,27.7,8.4,".234",".396",".309","0.705","0.162","75","0","0","13","6","3.75","0","33",".225",".366",".308",".298",".302",".140",".369",".328","87.8","13.3",6.5,66.3,21.9,25.9,43.8,56.3,189,432,52.2,1669,79.2,6,507,1852,837,3196,78.1,222,1013,47.8,1527,45.4,1451,28.4,45.2,44,24.8,23.6,7.6
"Peacock, Matt",676840,2021,"35","86.1",107,13,50,28,13,7.3,".304",".494",".354","0.848","0.190","47","0","0","5","7","4.90","0","8",".264",".414",".357",".317",".319",".151",".339",".306","90.2","2.7",6.2,69.9,10.9,21.8,42.1,57.9,59,140,48.5,642,84.1,8.1,95,903,324,1323,89.1,52,476,51.5,681,42.9,567,18,46.6,59.6,16.6,20.2,3.6
"Lyles, Jordan",543475,2021,"32","180.0",194,38,146,56,19,7.3,".278",".499",".335","0.834","0.221","103","0","0","10","13","5.15","0","30",".270",".486",".354",".350",".329",".216",".403",".339","89.9","15.3",9.1,70.3,15.2,27.8,43.1,56.9,184,427,51.9,1538,77.5,7.2,216,1517,811,2964,84.8,152,1002,48.1,1426,42.1,1247,23.5,48.2,38.8,29.5,25,6.8
"Ynoa, Huascar",660623,2021,"18","91.0",76,14,100,25,26.9,6.7,".224",".418",".283","0.701","0.194","41","0","0","4","6","4.05","0","17",".242",".428",".299",".315",".300",".187",".401",".340","90.7","7.7",9.1,65.5,13.9,30.9,58.2,42.2,138,237,51.7,766,72.6,6.4,98,669,715,1482,86.1,65,469,48.3,716,41.1,609,28.8,47.6,49,20.6,25.5,4.9
"Turnbull, Spencer",605513,2021,"9","50.0",37,2,44,12,21.9,6,".203",".286",".270","0.556","0.083","16","0","0","4","2","2.88","0","9",".202",".326",".250",".270",".272",".124",".302",".269","88.2","6.2",5,69.9,16.6,27.7,41,59,43,105,48.9,379,77.8,7,58,469,248,775,83.4,46,277,51.1,396,40.5,314,23.3,49.3,58.6,14.3,20.7,6.4
"Urías, Julio",628711,2021,"32","185.2",151,19,195,38,26.2,5.1,".219",".349",".266","0.615","0.130","61","0","0","20","3","2.96","0","32",".217",".366",".266",".274",".265",".149",".346",".302","86","15.5",5.3,67.3,18.7,32.2,38.2,61.8,156,408,45.5,1269,74.6,8.6,483,1349,0,2786,81.3,191,1021,54.5,1517,43.8,1219,24.3,51.3,42.4,28.9,20.8,7.9
"Patton, Spencer",607359,2021,"42","42.1",36,4,48,15,27.9,8.7,".229",".357",".297","0.654","0.128","18","2","3","2","2","3.83","11","0",".207",".325",".287",".268",".276",".119",".328",".298","85.9","12.8",4.6,66.2,20.3,28.4,41.1,58.9,44,107,53.5,377,69.8,7.5,67,401,237,705,79.7,44,217,46.5,328,39.7,280,27.2,46,40.4,26.6,25.7,7.3
"Poteet, Cody",547001,2021,"7","30.2",25,7,32,16,24.2,12.1,".216",".457",".311","0.768","0.241","17","0","0","2","3","4.99","0","7",".228",".471",".329",".341",".322",".243",".403",".315","91.5","18.8",14.3,67.8,16.5,24.3,46.9,53.1,30,64,47.9,263,85.4,8.7,100,268,181,549,83.5,32,194,52.1,286,40.4,222,24,47,34.5,29.8,22.6,13.1
"Treinen, Blake",595014,2021,"72","72.1",46,5,85,25,29.7,8.7,".179",".253",".259","0.512","0.074","16","7","4","6","5","1.99","32","0",".190",".273",".233",".249",".269",".084",".301",".282","83.3","10.4",2.3,67.8,16.9,31.8,53.3,46.7,97,182,52.3,573,66.7,6.3,1,710,4,1095,83.1,60,354,47.7,522,43.3,474,29.3,48.9,52.6,19.7,16.8,11
"Smith, Drew",622098,2021,"31","41.1",28,7,41,16,24.8,9.7,".192",".397",".279","0.676","0.205","11","0","0","3","1","2.40","1","1",".212",".412",".283",".301",".299",".200",".366",".295","89.5","19.3",9.4,71.9,18.9,31.5,51.5,48.5,50,97,50.5,308,83.7,8,28,532,50,610,81.1,41,217,49.5,302,41.6,254,29,51.5,34.9,25.5,25.5,14.2
"Milner, Hoby",571948,2021,"19","21.2",30,8,30,3,30.3,3,".323",".613",".357","0.970","0.290","13","0","0","0","0","5.40","1","0",".300",".565",".408",".382",".336",".265",".538",".443","89.4","17.6",12.5,61.8,13.7,29.3,49.1,50.9,26,53,46.1,181,78.1,8.1,31,221,0,393,86.3,18,131,53.9,212,39.7,156,23.9,46.8,28.1,26.6,40.6,4.7
"Morton, Charlie",450203,2021,"33","185.2",136,16,216,58,28.6,7.7,".203",".309",".281","0.590","0.106","69","0","0","14","6","3.34","0","33",".215",".336",".264",".284",".294",".122",".351",".317","88.1","7.7",4.9,64.5,19.4,27.8,51.2,48.8,214,418,50.4,1504,77.1,7.7,159,1732,1096,2987,80.6,186,957,49.6,1483,43.4,1295,29.1,46,49.5,20,25.2,5.4
"Stratton, Chris",608717,2021,"68","79.1",70,9,86,33,25.5,9.8,".233",".367",".309","0.676","0.134","32","8","5","7","1","3.63","7","0",".226",".386",".294",".302",".304",".161",".365",".316","89","13.5",6.9,67.7,16.6,29,52.9,47.1,111,210,52.7,724,78.5,6.8,173,665,536,1374,83.4,73,440,47.3,650,43.9,603,28.3,47.3,41.9,28.1,24.9,5.1
"Morgan, Eli",669212,2021,"18","89.1",90,20,81,22,21.4,5.8,".259",".500",".309","0.809","0.241","53","0","0","5","7","5.34","0","18",".255",".513",".343",".349",".307",".258",".421",".332","89.5","19.4",11.9,70.4,17.1,28.8,37.9,62.1,74,195,47.9,677,75.3,6.6,328,702,384,1414,82.9,89,519,52.1,737,44.9,635,22.8,50.5,30.7,35.6,25.6,8.1
"Alexander, Scott",518397,2021,"18","15.1",15,2,8,4,11.9,6,".242",".371",".299","0.670","0.129","5","0","1","0","2","2.93","2","0",".248",".352",".287",".289",".304",".104",".302",".285","86.5","5.1",3.7,65.4,15.7,30.3,27.5,72.5,11,40,51,132,61.9,8.1,22,192,45,259,84.3,13,83,49,127,47.1,122,19.5,47.5,63,9.3,18.5,9.3
"Dunn, Justin",643290,2021,"11","50.1",37,6,49,29,22.5,13.3,".201",".332",".321","0.653","0.131","21","0","0","1","3","3.75","0","11",".226",".433",".295",".341",".343",".207",".378",".307","89.4","20",8.8,66.6,17.5,26.2,45,55,50,111,48.7,424,79.2,8.3,11,450,409,870,82.5,52,297,51.3,446,45.3,394,25,46.9,33.8,38.2,16.9,11
"Hernández, Carlos",672578,2021,"24","85.2",69,7,74,41,20.7,11.5,".223",".332",".318","0.650","0.109","35","0","1","6","2","3.68","0","11",".231",".394",".291",".322",".329",".163",".353",".304","89.8","15.2",7.1,72.3,19.2,24.9,43.1,56.9,81,188,52.7,756,83.5,5.9,135,800,499,1434,80.8,94,490,47.3,678,42.4,608,25.8,47.3,40.2,28,24.3,7.5
"Burnes, Corbin",669203,2021,"28","167.0",123,7,234,34,35.6,5.2,".201",".273",".248","0.521","0.072","45","0","0","11","5","2.43","0","28",".180",".261",".232",".221",".229",".082",".307",".289","85.5","8.4",3.1,64.9,22.9,35.6,59.8,40.2,298,498,53.9,1397,75.1,6.7,248,1635,711,2594,77.5,178,777,46.1,1197,42.1,1093,37.3,49.2,50.1,22.2,21.9,5.7
"Webb, Jacob",657097,2021,"34","34.1",38,4,33,14,21.6,9.2,".279",".441",".349","0.790","0.162","16","1","2","5","4","4.19","0","0",".243",".400",".332",".304",".317",".157",".359",".319","87.4","14.2",7.6,77,26.1,32.3,43.2,56.8,41,95,51.8,294,87.5,5.6,262,253,53,568,73.9,55,211,48.2,274,43,244,31.4,53.9,36.2,30.5,30.5,2.9
"Bruihl, Justin",677865,2021,"21","18.2",13,1,11,7,15.1,9.6,".203",".250",".292","0.542","0.047","6","0","0","0","1","2.89","3","2",".250",".352",".239",".298",".333",".103",".315",".302","86.4","11",1.9,74.1,14.6,22.4,46.2,53.8,12,26,45.5,116,90.9,8.6,0,179,0,255,85.4,15,103,54.5,139,38,97,20.9,50.6,51.9,25.9,16.7,5.6
"Hand, Brad",543272,2021,"68","64.2",56,9,61,26,21.9,9.4,".235",".408",".320","0.728","0.173","28","21","8","6","7","3.90","3","0",".245",".432",".310",".329",".331",".187",".382",".325","88.2","14.4",8.6,62.4,15.7,22.2,35.9,64.1,42,117,48.9,526,80.2,7.5,0,618,0,1076,84.3,54,343,51.1,550,39.7,427,20.9,42.8,42.2,31.9,21.6,4.3
"Santana, Dennis",642701,2021,"55","54.2",48,4,46,32,19.4,13.5,".240",".340",".352","0.692","0.100","26","0","3","2","4","4.28","7","0",".258",".415",".310",".346",".367",".158",".374",".334","88","9.6",6.4,67.5,17.9,29.4,43.2,56.8,64,148,55.3,503,69.4,5.4,187,443,279,909,82.1,49,274,44.7,406,41.1,374,26.8,46.4,51.3,22.4,22.4,3.8
"Lester, Jon",452657,2021,"28","141.1",159,25,91,55,14.5,8.8,".285",".478",".349","0.827","0.193","74","0","0","7","6","4.71","0","28",".270",".459",".352",".345",".339",".188",".373",".323","88.3","10.4",7.7,70.5,15.4,27.4,29.6,70.4,108,365,56,1332,86.5,5.9,432,1747,201,2380,84.6,114,739,44,1048,42.6,1015,20.1,46.4,44.8,25.5,24.3,5.4
"Gonzales, Marco",594835,2021,"25","143.1",125,29,108,42,18.5,7.2,".234",".465",".295","0.760","0.231","63","0","0","10","6","3.96","0","25",".251",".484",".321",".339",".311",".234",".388",".314","88.1","20.6",11.4,68.8,15.3,28.3,32.2,67.8,109,338,51.3,1193,75.3,6.3,466,1500,358,2324,84.7,119,778,48.7,1131,46.6,1084,20.4,48,34,30.2,23.3,12.6
"Lawrence, Justin",664875,2021,"19","16.2",21,0,17,19,19.8,22.1,".333",".413",".471","0.884","0.080","16","0","1","1","0","8.64","2","0",".241",".344",".390",".354",".414",".104",".353",".330","91.2","6.9",4,55.8,11.7,19.1,55.6,44.4,20,36,57.7,188,73.9,7.1,0,212,0,326,88.3,9,77,42.3,138,40.8,133,25.7,34.7,52,16,30,2
"Suter, Brent",608718,2021,"61","73.1",72,9,69,24,22,7.7,".252",".402",".312","0.714","0.150","25","1","8","12","5","3.07","9","1",".236",".380",".307",".295",".297",".144",".349",".311","85.5","7.6",5.9,71.6,12.1,26.8,43.7,56.3,73,167,50.9,622,84.8,7.5,116,936,169,1221,87.9,52,429,49.1,599,44.1,539,21,48.8,53,21,20.5,5.5
"Fleming, Josh",676596,2021,"26","104.1",110,11,65,31,14.5,6.9,".268",".407",".324","0.731","0.139","59","1","0","10","8","5.09","3","11",".272",".433",".313",".330",".328",".160",".362",".323","87.5","2.9",6.6,69,12.9,34.6,29.5,70.5,95,322,57.1,930,73.3,4.6,359,1193,77,1629,87.1,62,482,42.9,699,44.5,725,19.5,49.4,56.4,17.8,22.9,2.9
"Luetge, Lucas",476595,2021,"57","72.1",67,6,78,15,25.9,5,".238",".359",".283","0.642","0.121","22","1","2","4","2","2.74","3","1",".240",".359",".279",".282",".284",".120",".355",".330","86.6","15.2",4.4,75.3,19.1,32.9,41.4,58.6,99,239,58.6,727,79.2,6.2,0,772,466,1241,80.9,74,387,41.4,514,39.2,486,27.6,50.4,42.6,26.5,22.5,8.3
"Givens, Mychal",571710,2021,"54","51.0",43,7,54,27,25,12.5,".234",".413",".333","0.746","0.179","19","8","3","4","3","3.35","11","0",".232",".392",".318",".318",".336",".161",".376",".328","85.5","15.2",9.8,67.4,24.2,22.4,39,61,41,105,53.6,468,78,6.8,327,408,137,873,75.8,66,273,46.4,405,39.4,344,28.3,43.3,36.8,22.6,31.6,9
"Thornton, Trent",663423,2021,"37","49.0",54,12,52,16,24.1,7.4,".278",".536",".344","0.880","0.258","26","0","0","1","3","4.78","0","3",".255",".479",".371",".349",".327",".224",".431",".351","90.4","14.1",11.8,69.3,18.8,27.7,34.6,65.4,46,133,52.7,480,80,7.1,57,551,300,910,81.2,56,298,47.3,430,41.9,381,23.7,47.4,41.7,24.3,25.7,8.3
"Castro, Miguel",612434,2021,"69","70.1",48,7,77,43,25.4,14.2,".189",".299",".320","0.619","0.110","27","0","2","3","4","3.45","9","2",".207",".351",".286",".313",".336",".144",".344",".298","86","8.5",6.8,61.1,25.2,26,46.6,53.4,82,176,55,676,71.8,5.8,271,525,432,1228,74.8,85,337,45,552,40.2,494,32.6,41.8,52,21.5,20.3,6.2
"Santillan, Tony",663574,2021,"26","43.1",34,7,56,21,29.5,11.1,".217",".401",".328","0.729","0.184","14","0","0","1","3","2.91","0","4",".203",".357",".318",".307",".321",".154",".366",".311","89.1","17.9",7.5,61.1,22.8,26.7,52.3,47.7,57,109,53.7,409,66.7,6.7,49,358,345,761,77.2,49,215,46.3,352,43,327,32.7,42.6,34,27.4,29.2,9.4
"Anderson, Shaun",641312,2021,"16","23.1",36,4,19,12,15.3,9.7,".330",".514",".403","0.917","0.184","22","0","0","0","0","8.49","0","0",".264",".450",".391",".343",".346",".186",".365",".317","90.6","19.2",6.6,70.7,19.5,22.4,54.3,45.7,25,46,46.9,205,80.6,8.2,6,157,274,437,80.5,32,164,53.1,232,42.1,184,27.1,48.1,41.8,26.4,22,9.9
"Hammer, JD",670456,2021,"20","20.0",21,3,22,11,23.4,11.7,".259",".407",".362","0.769","0.148","11","0","0","1","1","4.95","0","0",".222",".345",".336",".301",".329",".123",".332",".304","92","15.1",5.1,61,19.7,22.4,37,63,17,46,50.6,205,66.7,6.7,0,249,156,405,80.3,24,122,49.4,200,45.7,185,24.4,41.5,42.4,23.7,23.7,10.2
"Lowther, Zac",675912,2021,"10","29.2",36,6,30,13,21.7,9.4,".298",".496",".384","0.880","0.198","22","0","0","1","3","6.67","0","6",".286",".556",".380",".398",".374",".270",".474",".380","92.7","11.7",13.2,63.7,16.6,23.7,47.1,52.9,32,68,50.3,287,82.6,8.1,98,309,164,571,83.4,30,181,49.7,284,40.3,230,24.9,43.6,44,29.7,22,4.4
"Coulombe, Danny",543056,2021,"29","34.1",35,5,33,7,23.7,5,".267",".443",".304","0.747","0.176","14","0","1","3","2","3.67","2","1",".228",".394",".317",".283",".267",".166",".353",".305","90","10.4",7.1,75.5,14.4,32.5,42.9,57.1,39,91,52.9,280,77.6,9.3,0,176,353,529,85.6,27,188,47.1,249,37.8,200,23.7,52.7,44.4,27.3,23.2,5.1
"Albers, Andrew",452027,2021,"5","19.0",24,9,12,9,13.5,10.1,".304",".709",".382","1.091","0.405","16","0","0","1","2","7.58","0","3",".341",".660",".446",".450",".415",".319",".497",".402","89.3","18.2",14.9,64.7,9.2,21,23.7,76.3,9,38,49.6,181,77.4,8.5,53,233,79,365,90.8,11,119,50.4,184,45.2,165,12.7,43,34.3,20.9,32.8,11.9
"Eflin, Zach",621107,2021,"18","105.2",116,15,99,16,22.4,3.6,".276",".461",".306","0.767","0.185","49","0","0","4","7","4.17","0","18",".253",".420",".325",".304",".285",".167",".376",".330","87.9","11.9",6.8,68.4,17.6,30.4,36.4,63.6,87,239,48.7,786,78.8,6.4,173,879,563,1615,82.5,100,567,51.3,829,48.4,781,23.2,49.9,43.5,24.7,25.3,6.5
"Cimber, Adam",643256,2021,"72","71.2",61,2,51,16,17.8,5.6,".234",".310",".294","0.604","0.076","18","1","1","3","4","2.26","7","0",".239",".348",".263",".286",".301",".109",".318",".297","87.9","6.4",3.8,70.2,17,27.1,30.1,69.9,37,123,44.4,454,75.3,9.5,0,694,328,1022,83,68,399,55.6,568,41.4,423,20.1,51.1,53.3,17.5,19.8,9.4
"Reyes, Alex",621052,2021,"69","72.1",46,9,95,52,30,16.4,".176",".294",".315","0.609","0.118","26","29","5","10","8","3.24","3","0",".183",".313",".281",".292",".322",".130",".330",".286","87.2","17.7",4.8,65.3,22,26.7,60.5,39.5,112,185,55.5,693,70.8,7.7,113,681,455,1249,78,80,363,44.5,556,39.7,496,35,43.9,38.1,30.4,22,9.5
"López, Jorge",605347,2021,"33","121.2",142,21,112,56,20.2,10.1,".293",".485",".375","0.860","0.192","82","0","1","3","14","6.07","2","25",".270",".449",".369",".352",".356",".180",".398",".349","89.7","5.7",9.3,62.5,14.4,24,37.8,62.2,96,254,48.8,1058,71.3,8.4,298,1233,635,2166,85.6,100,693,51.2,1108,41.5,898,20.7,43.7,50.7,19.9,25.2,4.2
"Chacín, Jhoulys",468504,2021,"46","64.1",53,8,47,28,17.5,10.4,".222",".406",".302","0.708","0.184","31","0","2","3","2","4.34","18","1",".240",".397",".306",".319",".322",".157",".343",".302","86.4","9.9",5.7,67.6,16.3,25.7,38,62,54,142,51.6,552,72.8,7.6,38,445,587,1070,83.7,57,350,48.4,518,44.9,480,22.6,46,47.4,24.7,22.7,5.2
"Alexy, A.J.",669935,2021,"5","23.0",13,4,17,17,17.5,17.5,".167",".346",".320","0.666","0.179","12","0","0","3","1","4.70","0","4",".276",".496",".300",".395",".409",".220",".416",".349","87.6","22.7",9.7,74.9,17.9,19.4,34.8,65.2,16,46,55.9,237,93.8,7.5,77,231,116,424,82.1,25,140,44.1,187,41.3,175,22,43.9,27.4,32.3,27.4,12.9
"Ray, Robbie",592662,2021,"32","193.1",150,33,248,52,32.1,6.7,".210",".401",".267","0.668","0.191","61","0","0","13","7","2.84","0","32",".215",".401",".287",".293",".273",".186",".400",".330","90.4","17.6",9.8,73.1,22.7,30.2,56.2,43.8,262,466,49.2,1545,84.1,8.8,113,1869,1159,3141,77.3,265,1166,50.8,1596,41.3,1297,32.3,52,37.3,29.4,23.7,9.6
"Kimbrel, Craig",518886,2021,"63","59.2",31,6,100,23,42.6,9.8,".150",".272",".243","0.515","0.122","15","24","5","4","5","2.26","6","0",".157",".281",".230",".241",".251",".124",".359",".303","90.5","19.7",6.4,63.1,29.9,31.1,65.5,34.5,110,168,54.9,541,68.3,6.4,0,585,401,1008,70.1,84,281,45.1,445,40.4,398,43.7,45.6,30.3,33.9,27.5,8.3
"Kittredge, Andrew",552640,2021,"57","71.2",55,7,77,15,27.3,5.3,".210",".332",".260","0.592","0.122","15","8","1","9","3","1.88","7","4",".217",".356",".251",".269",".267",".140",".351",".307","88.9","5",7.5,70.3,18.8,40.7,50.2,49.8,105,209,52.3,514,65,6.1,3,535,443,982,81.2,62,329,47.7,468,44.4,436,31,54.8,54.5,21.9,19.8,3.7
"Wells, Tyler",669330,2021,"44","57.0",40,9,65,12,29,5.4,".192",".365",".238","0.603","0.173","26","4","3","2","3","4.11","1","0",".217",".418",".258",".290",".261",".201",".383",".312","90","24.8",11,73.6,24.2,33.8,38.3,61.7,54,141,46.6,417,82.1,7.5,93,765,36,894,75.8,85,351,53.4,477,46.2,413,28.3,55,21.9,39.7,25.3,13
"Garrett, Braxton",666129,2021,"8","34.0",42,3,32,20,20.1,12.6,".318",".447",".413","0.860","0.129","19","0","0","1","2","5.03","0","7",".294",".447",".377",".372",".395",".154",".420",".389","89","12.3",6.7,64.1,13,27.4,40.2,59.8,35,87,52.5,317,79.1,7.1,72,296,236,604,87,24,184,47.5,287,41.4,250,21.8,44.9,41.9,20,34.3,3.8
"Farrell, Luke",608652,2021,"20","24.2",28,4,25,13,22.1,11.5,".280",".480",".363","0.843","0.200","13","0","0","1","1","4.74","1","1",".276",".501",".363",".369",".359",".225",".437",".368","91.4","13.3",10.7,64.4,14.9,28.7,53.9,46.1,41,76,56,265,71,6.6,9,190,274,473,85.1,20,134,44,208,43.8,207,29,44.4,37.3,32,26.7,4
"Castellanos, Humberto",528748,2021,"14","45.2",48,7,29,15,14.8,7.7,".277",".462",".342","0.804","0.185","25","0","1","2","2","4.93","1","7",".238",".416",".347",".317",".307",".178",".336",".286","87.9","13.2",7.4,64.3,13.3,20.7,22.1,77.9,15,68,45.2,328,78.6,7.7,79,457,190,726,86.7,34,256,54.8,398,42.1,306,15.1,44.6,43.6,28.2,22.1,6
"Law, Derek",571882,2021,"9","15.0",16,2,14,8,20.9,11.9,".276",".466",".358","0.824","0.190","7","0","0","0","0","4.20","0","0",".258",".448",".353",".349",".347",".190",".398",".339","89.9","10.8",8.9,71.5,22.6,29,57.4,42.6,27,47,55.5,162,82.1,9.6,11,89,192,292,77.4,21,93,44.5,130,39.4,115,34.3,47.9,44.4,22.2,26.7,6.7
"Wick, Rowan",592858,2021,"22","23.0",17,1,29,14,29,14,".205",".253",".323","0.576","0.048","11","5","3","0","1","4.30","2","0",".204",".320",".271",".297",".324",".116",".346",".310","85.4","14.2",5.5,59.9,19.3,26.1,49.1,50.9,28,57,54.5,218,66.7,8.3,0,274,126,400,80.7,21,109,45.5,182,44.5,178,29.5,41.5,34.5,29.1,27.3,9.1
"Wittgren, Nick",621295,2021,"60","62.1",61,13,61,17,23.6,6.6,".261",".487",".313","0.800","0.226","35","1","0","2","9","5.05","10","1",".278",".506",".331",".349",".329",".229",".443",".370","91.9","8.6",11.8,67.7,21.1,24.4,41,59,50,122,49.2,501,80.8,7.2,235,675,108,1018,78.9,74,350,50.8,517,44.7,455,26.3,46.4,47.2,24.2,25.8,2.8
"Santiago, Héctor",502327,2021,"13","26.1",27,2,30,11,25.6,9.4,".257",".390",".325","0.715","0.133","10","0","0","1","1","3.42","0","1",".204",".289",".312",".258",".279",".085",".297",".284","88.1","12.2",2.6,70.8,21.6,31.4,38.8,61.3,31,80,51.9,255,81.1,7.5,125,329,37,491,78.4,36,167,48.1,236,44.8,220,27.1,50.3,44.7,22.4,27.6,5.3
"Pressly, Ryan",519151,2021,"64","64.0",49,4,81,13,32.4,5.2,".208",".297",".249","0.546","0.089","16","26","2","5","3","2.25","1","0",".196",".327",".238",".246",".238",".131",".340",".298","90.2","6.6",6.4,65.9,19,33.5,58.6,41.4,92,157,49.1,469,69,8.8,0,380,576,956,81,61,321,50.9,487,42.1,402,32,50,55.8,17.3,22.4,4.5
"Cortes, Nestor",641482,2021,"22","93.0",75,14,103,25,27.5,6.7,".217",".386",".273","0.659","0.169","30","0","0","2","3","2.90","0","14",".212",".377",".285",".282",".270",".165",".357",".304","89","23.7",7.4,70.1,19.1,26.4,35.8,64.2,72,201,49.9,761,82.3,6.3,146,1072,4,1524,80.9,102,535,50.1,763,45.7,697,23.6,48.3,29.1,35.7,25,10.2
"Ashby, Aaron",676879,2021,"13","31.2",25,4,39,12,29.3,9,".210",".328",".286","0.614","0.118","16","1","1","3","2","4.55","1","4",".190",".320",".272",".268",".270",".130",".329",".282","87.3","0",4.9,58.4,17.8,34.4,47.4,52.6,46,97,53,282,68.2,8.3,115,191,226,532,82.2,26,146,47,250,40.2,214,29.6,45.7,63,22.2,14.8,0
"Funkhouser, Kyle",608335,2021,"57","68.1",58,6,63,38,21.1,12.8,".229",".340",".334","0.674","0.111","26","1","4","7","4","3.42","9","2",".232",".352",".303",".314",".338",".120",".336",".308","87.5","7.2",4.6,66.7,20,25.7,40.1,59.9,67,167,54.6,649,79,5.2,92,738,359,1189,80,72,360,45.4,540,40.5,482,26.4,44.3,53.1,18,21.6,7.2
"Pomeranz, Drew",519141,2021,"27","25.2",19,2,30,10,29.4,9.8,".211",".333",".284","0.617","0.122","5","0","0","1","0","1.75","13","0",".205",".358",".267",".275",".280",".152",".348",".299","89.6","7.4",4.8,67.5,23.1,17.1,47.1,52.9,16,34,46.3,199,69.8,10,0,324,106,430,76.9,36,156,53.7,231,43.3,186,27.4,44.2,45.2,19.4,30.6,4.8
"Quintana, Jose",500779,2021,"29","63.0",74,12,85,35,28.6,11.8,".286",".483",".370","0.853","0.197","45","0","0","0","3","6.43","4","10",".246",".430",".366",".336",".338",".184",".427",".366","90.6","12.7",11.9,67.7,17.5,29.2,50,50,102,204,56.4,699,73.9,7.1,181,727,178,1240,82.5,64,366,43.6,541,42.8,531,29.1,46,46,18.8,29,6.3
"Hader, Josh",623352,2021,"60","58.2",25,3,102,24,45.5,10.7,".127",".193",".228","0.421","0.066","8","34","1","4","2","1.23","0","0",".151",".241",".200",".229",".250",".091",".348",".313","87.5","22",6.3,73.1,34.3,31.2,67.9,32.1,108,159,52.9,510,90,6.2,65,631,268,964,65.7,114,332,47.1,454,42.6,411,45.2,50.9,32.3,32.3,22.9,12.5
"Swanson, Erik",657024,2021,"33","35.1",28,5,35,10,24.3,6.9,".212",".402",".271","0.673","0.190","13","1","2","0","3","3.31","5","2",".206",".369",".285",".274",".265",".163",".329",".278","87.7","22",8.2,77.6,24.9,28.8,35.4,64.6,28,79,48.6,274,76.5,9,119,338,107,564,75.1,56,225,51.4,290,41.7,235,27.6,53.9,32.7,37.8,15.3,14.3
"García, Luis",472610,2021,"34","33.1",25,2,34,8,25.2,5.9,".202",".298",".252","0.550","0.096","12","2","1","1","1","3.24","12","0",".227",".386",".239",".285",".277",".159",".356",".309","89.8","8.7",6.5,71,22.8,25.6,59.7,40.3,37,62,48.3,242,77.1,9.6,59,298,144,501,77.2,42,184,51.7,259,34.9,175,32.1,49.1,46.7,27.2,20.7,5.4
"Brault, Steven",643230,2021,"7","27.2",33,3,19,12,15,9.4,".292",".504",".365","0.869","0.212","18","0","0","0","3","5.86","0","7",".270",".515",".366",".366",".346",".245",".401",".325","89.1","10.5",9.5,73.7,16.1,27.8,30.7,69.3,23,75,54.2,270,73.5,6.8,107,266,125,498,83.9,27,168,45.8,228,38.6,192,20.6,48.8,45.3,30.5,21.1,3.2
"Whitley, Kodi",676831,2021,"25","25.1",15,1,27,12,26.7,11.9,".172",".230",".267","0.497","0.058","7","0","0","0","0","2.49","4","0",".205",".330",".231",".280",".296",".125",".323",".288","83.6","16.2",3.2,78.2,26,27.5,46.4,53.6,26,56,50.9,204,69.2,6.5,112,228,61,401,74,40,154,49.1,197,41.4,166,31.4,52.4,38.7,25.8,24.2,11.3
"Garcia, Bryan",650530,2021,"39","39.1",48,10,32,25,16.7,13,".294",".552",".395","0.947","0.258","33","2","1","3","2","7.55","3","0",".290",".600",".401",".417",".391",".309",".463",".361","92.4","15.3",15,73.7,15.8,23,40.9,59.1,38,93,55.3,404,80.3,8.3,130,408,193,731,84.2,38,241,44.7,327,36.8,269,22.8,45.7,36.8,35.3,23.3,4.5
"Knehr, Reiss",663753,2021,"12","29.0",23,2,20,20,15.5,15.5,".221",".365",".349","0.714","0.144","16","0","0","1","2","4.97","0","5",".258",".480",".315",".375",".383",".222",".385",".316","90.3","16.8",8,74.9,20.9,22.2,26.7,73.3,16,60,52.6,270,91.3,9,116,358,39,513,79.7,38,182,47.4,243,40.5,208,22.3,47.2,35.6,33.3,25.3,5.7
"Herget, Jimmy",623474,2021,"18","18.2",20,1,20,4,25.6,5.1,".286",".443",".346","0.789","0.157","11","0","2","2","3","5.30","1","0",".245",".346",".335",".293",".312",".102",".359",".339","86.3","8.4",3.9,63.9,20.7,24.5,57.9,42.1,22,38,51.8,155,68.2,7.4,3,148,148,299,79.3,19,92,48.2,144,39.5,118,31.5,43.5,45.1,25.5,29.4,0
"Hendriks, Liam",521230,2021,"69","71.0",45,11,113,7,42.3,2.6,".174",".318",".199","0.517","0.144","20","38","6","8","3","2.54","0","0",".165",".321",".220",".218",".190",".156",".368",".296","89.8","19.4",9.7,79.8,25.3,34.8,67.5,32.5,129,191,49.7,549,81.5,8.3,1,761,342,1131,74.7,112,443,50.3,555,41.5,458,38,57.2,33.1,35.9,20.7,10.3
"May, Trevor",543507,2021,"68","62.2",55,10,83,24,31.2,9,".227",".401",".297","0.698","0.174","25","4","3","7","3","3.59","16","0",".189",".350",".297",".263",".262",".161",".346",".288","88.6","17.4",7.5,73.4,25.3,28.5,51.6,48.4,82,159,49.9,557,81.9,7.4,170,673,274,1117,74.7,104,411,50.1,560,41.7,466,32.6,51,37.1,33.3,22,7.5
"Perdomo, Angel",622780,2021,"19","17.0",12,4,28,16,35.4,20.3,".200",".433",".380","0.813","0.233","12","0","0","1","0","6.35","0","0",".177",".429",".350",".343",".363",".252",".463",".324","90.9","15.5",18.2,64.5,31.5,18.1,39.4,60.6,13,33,51.4,182,86.4,6.2,43,230,81,354,68.5,35,111,48.6,172,43.2,153,33.3,40.7,42.4,39.4,12.1,6.1
"Lamet, Dinelson",659275,2021,"22","47.0",48,6,57,22,27.3,10.5,".262",".415",".346","0.761","0.153","23","0","0","2","4","4.40","2","9",".220",".383",".333",".307",".311",".163",".373",".320","86.9","16.1",10.9,68.4,20.3,30.4,59.5,40.5,75,126,49.8,414,78,6,14,397,421,832,79.7,58,286,50.2,418,45,374,32.3,49.5,39.8,25,23.4,11.7
"Maples, Dillon",596027,2021,"28","31.1",15,2,40,25,28.8,18,".144",".231",".345","0.576","0.087","9","0","0","1","0","2.59","0","0",".181",".302",".285",".322",".374",".121",".328",".287","86.9","5.3",6.1,55.4,17.3,18.5,62.1,37.9,36,58,55.6,314,60,6.2,0,292,273,565,82.7,24,139,44.4,251,36.1,204,30.5,34.9,51.5,18.2,25.8,4.5
"Shoemaker, Matt",533167,2021,"16","60.1",73,15,40,27,14.1,9.5,".297",".537",".367","0.904","0.240","54","0","0","3","8","8.06","0","11",".282",".537",".380",".380",".357",".255",".409",".333","89.1","12.2",9.9,70.2,13.9,30.8,39.3,60.7,68,173,52.7,561,81.3,7,354,436,274,1064,86.1,49,353,47.3,503,44.5,473,22.2,49.4,45.5,27.7,20.7,6.1
"Lakins, Travis",664042,2021,"24","28.0",23,4,24,17,19.5,13.8,".221",".356",".333","0.689","0.135","18","0","1","1","4","5.79","3","1",".249",".457",".308",".354",".357",".208",".383",".320","89.2","14",7.4,65.6,24.1,22.6,30.4,69.6,17,56,49.5,248,82.9,8.2,31,376,94,501,75.9,40,166,50.5,253,40.9,205,25.7,44.3,40.7,27.2,23.5,8.6
"Wells, Alex",649144,2021,"11","42.2",53,10,26,16,13.2,8.1,".299",".520",".365","0.885","0.221","32","0","0","2","3","6.75","0","8",".302",".536",".377",".388",".368",".234",".416",".352","89.6","18.4",8.6,62.7,13.5,21.6,25.3,74.7,20,79,48.4,365,66.7,8.8,104,383,267,754,86.5,33,244,51.6,389,42.3,319,16.4,42.8,31.6,30.3,28.3,9.9
"Head, Louis",545343,2021,"27","35.0",21,2,32,9,23.9,6.7,".175",".250",".246","0.496","0.075","9","0","0","2","0","2.31","0","2",".187",".344",".225",".267",".258",".157",".304",".252","87.4","24.6",10,75.5,17.2,27.1,48,52,36,75,50.7,277,79.4,6.2,3,286,257,546,82.8,35,203,49.3,269,41.9,229,25.5,50.9,31.1,43.3,10,15.6
"Jones, Nate",518858,2021,"20","19.0",16,7,14,12,16.1,13.8,".219",".534",".333","0.867","0.315","12","0","1","0","2","5.68","6","0",".248",".515",".349",".360",".360",".267",".394",".306","90.1","18.4",11.7,80.3,23,24.8,41,59,16,39,50.8,157,87,7.4,3,194,112,309,77,28,122,49.2,152,38.5,119,27.3,52.1,33.3,31.7,25,10
"Kikuchi, Yusei",579328,2021,"29","157.0",145,27,163,62,24.5,9.3,".243",".432",".319","0.751","0.189","77","0","0","7","9","4.41","0","29",".254",".462",".325",".344",".330",".208",".419",".351","91.9","7.9",11,66.7,18.4,29.1,50.6,49.4,182,360,48.4,1239,82.6,8.7,273,1760,528,2562,81.6,162,882,51.6,1322,42.9,1098,27.7,48.5,49.8,22,25.2,3
"Ramírez, Erasmo",541640,2021,"17","26.2",24,4,20,5,18.3,4.6,".238",".406",".275","0.681","0.168","17","0","0","1","1","5.74","1","0",".237",".411",".290",".295",".275",".175",".337",".289","89.5","19.1",6,69.3,15.2,27.4,22.2,77.8,10,45,41.8,164,78.9,9.7,32,355,5,392,84.8,24,158,58.2,228,43.1,169,16.7,51.8,37.3,34.9,22.9,4.8
"Gilbert, Tyler",656457,2021,"9","40.0",28,4,25,13,15.9,8.3,".200",".343",".269","0.612","0.143","14","0","0","2","2","3.15","1","6",".227",".405",".267",".309",".297",".178",".329",".276","88.9","17.4",6.8,73.9,14,26.9,26,74,19,73,45.2,271,85.4,8,38,516,46,600,86,34,243,54.8,329,39.5,237,16.8,52.7,43.2,30.5,16.1,10.2
"Pérez, Martín",527048,2021,"36","114.0",136,19,97,36,19.1,7.1,".296",".481",".356","0.837","0.185","60","0","0","7","8","4.74","1","22",".276",".472",".358",".355",".341",".197",".409",".350","88.6","10.2",9.3,65.8,15.4,26.8,28.5,71.5,72,253,50.7,943,76,5.6,452,1251,157,1860,84.6,93,603,49.3,917,47,875,19.3,46,44.4,22.9,27.5,5.2
"Bedrosian, Cam",592135,2021,"26","25.0",27,6,23,17,19.8,14.7,".278",".485",".379","0.864","0.207","14","0","1","0","0","5.04","1","1",".260",".480",".371",".373",".369",".219",".414",".340","87.9","18.3",11.8,69.1,15.8,25.8,43.8,56.3,28,64,53,248,65.9,8.8,118,235,115,468,84.2,24,152,47,220,40.2,188,24.1,46.2,36.8,30.3,22.4,10.5
"Hearn, Taylor",621368,2021,"42","104.1",96,17,92,42,20.9,9.5,".247",".424",".321","0.745","0.177","54","0","1","6","6","4.66","1","11",".250",".436",".321",".334",".327",".185",".383",".326","88.5","15.7",7.9,68.5,19.2,23,35.4,64.6,68,192,48.4,836,75.9,7.9,214,1168,344,1726,80.8,117,610,51.6,890,42.1,726,23.1,46.5,40.9,27.4,25.4,6.3
"Gil, Luis",661563,2021,"6","29.1",20,4,38,19,29.5,14.7,".183",".303",".310","0.613","0.120","10","0","0","1","1","3.07","0","6",".196",".348",".282",".302",".321",".152",".354",".301","89.8","23",7,70.1,23,25.2,51.4,48.6,36,70,52.3,278,82.4,6.4,39,284,209,532,77,41,178,47.7,254,42.5,226,31,46.6,32.4,33.8,19.7,14.1
"Shreve, Chasen",592741,2021,"57","56.1",43,7,45,28,19.1,11.9,".212",".374",".306","0.680","0.162","20","0","2","3","3","3.20","12","0",".208",".371",".298",".302",".308",".163",".316",".270","88","16.7",6.8,71.7,14.7,30.4,41.1,58.9,67,163,57.3,536,80,5.3,345,376,210,935,85.3,42,286,42.7,399,45.8,428,24.3,48,39.8,26.7,24.2,9.3
"Nelson, Jimmy",519076,2021,"28","29.0",14,0,44,13,37.9,11.2,".143",".184",".270","0.454","0.041","6","0","1","1","2","1.86","6","1",".137",".205",".223",".229",".265",".067",".268",".249","84.5","20.7",3.6,60.7,26.1,26.3,59.2,40.8,45,76,55.3,289,69.2,7.5,0,173,350,523,73.9,37,142,44.7,234,40,209,37.6,41.7,38.2,27.3,21.8,12.7
"Irvin, Cole",608344,2021,"32","178.1",195,23,125,42,16.3,5.5,".275",".424",".322","0.746","0.149","84","0","0","10","15","4.24","0","32",".277",".451",".323",".338",".326",".174",".379",".337","89.3","16.2",7.3,71.9,15.6,29.9,29.8,70.2,113,379,47.3,1268,83.4,8.5,589,1616,477,2682,84.4,159,1016,52.7,1414,46,1233,19.5,52,38.6,26.2,27.7,7.4