"last_name, first_name","player_id","year","player_age","ab","pa","hit","single","double","triple","home_run","strikeout","walk","k_percent","bb_percent","batting_avg","slg_percent","on_base_percent","on_base_plus_slg","isolated_power","babip","b_rbi","b_total_bases","r_total_caught_stealing","r_total_stolen_base","r_run","xba","xslg","woba","xwoba","xobp","xiso","xbacon","avg_swing_speed","exit_velocity_avg","launch_angle_avg","sweet_spot_percent","barrel","barrel_batted_rate","hard_hit_percent","avg_best_speed","avg_hyper_speed","z_swing_percent","meatball_percent","pitch_count_offspeed","pitch_count_fastball","pitch_count_breaking","pitch_count","iz_contact_percent","in_zone_swing_miss","in_zone_swing","in_zone_percent","in_zone","edge_percent","edge","whiff_percent","swing_percent","pull_percent","straightaway_percent","opposite_percent","batted_ball","groundballs_percent","flyballs_percent"
"Tucker, Cole",657061,2024,27,50,57,9,4,4,1,0,17,6,29.8,10.5,".180",".300",".263","0.563","0.120",".265","3","15","1","3","3",".193",".277",".250",".259",".281",".083",".294","65.6","90.2","7.7",35.3,0,0,44.1,"98.345892941","93.605586176",65,8.4,41,148,41,237,82.9,13,76,49.4,117,43.9,104,27.2,43.5,41.2,41.2,17.6,34,52.9,20.6
"Wood, James",695578,2024,21,295,336,78,52,13,4,9,97,39,28.9,11.6,".264",".427",".354","0.781","0.163",".365","41","126","8","14","43",".265",".449",".342",".354",".355",".184",".395","73.9","92.8","2.4",31.3,21,10.6,52,"104.677013333","97.028448782",55.3,7.3,188,727,348,1404,80,78,390,50.2,705,42.7,599,29.6,38.2,32.3,36.4,31.3,198,55.1,18.2
"Cameron, Daz",663662,2024,27,170,186,34,23,5,1,5,51,13,27.4,7,".200",".329",".258","0.587","0.129",".250","15","56","0","5","22",".219",".358",".258",".284",".278",".139",".311","72.9","91.6","8.6",36.4,10,8.3,48.8,"101.2654245","95.191277667",68.3,9.4,118,415,137,715,81.9,48,265,54.3,388,41.4,296,28.3,49,40.5,38.8,20.7,121,47.9,28.1
"Bichette, Bo",666182,2024,26,311,336,70,49,16,1,4,64,20,19,6,".225",".322",".277","0.599","0.097",".269","31","100","1","5","29",".248",".377",".264",".303",".301",".129",".314","70.4","89.2","7.2",31.3,11,4.4,43.5,"100.896776504","94.778862816",76.3,7.6,78,690,289,1186,88.6,50,440,49.1,577,43.9,516,22,56.4,26.9,36.5,36.5,249,47,17.7
"Garcia, Maikel",672580,2024,24,575,626,133,94,27,5,7,103,42,16.5,6.7,".231",".332",".281","0.613","0.101",".268","58","191","2","37","84",".259",".373",".270",".305",".309",".114",".315","70.8","90.4","6.4",34.1,18,3.7,42.8,"100.050927426","94.39492241",63.6,9.7,169,1448,561,2360,89.1,86,786,52.3,1235,41.1,970,15.7,43.4,29.7,41.2,29.1,481,49.5,20.4
"Bliss, Ryan",669208,2024,24,63,71,14,8,3,1,2,22,5,31,7,".222",".397",".290","0.687","0.175",".308","9","25","3","5","10",".211",".423",".300",".309",".281",".212",".327","70.6","88.5","6.8",37.2,4,9.3,46.5,"100.3123185","94.910871282",77.9,5,34,151,63,259,73.4,29,109,54.1,140,41.3,107,32.8,51.7,30.2,44.2,25.6,43,46.5,25.6
"Iglesias, Jose",578428,2024,34,270,291,91,70,16,1,4,39,12,13.4,4.1,".337",".448",".381","0.829","0.111",".382","26","121","2","6","39",".284",".370",".362",".316",".334",".086",".333","69.8","85.8","9",36.2,5,2.2,30.6,"96.964592759","92.513387672",64.8,7.7,96,610,288,1075,87.9,43,356,51.1,549,43.9,472,15.2,52.5,29.3,38.8,31.9,232,48.7,19.4
"Wiemer, Joey",686894,2024,25,26,28,4,4,0,0,0,9,2,32.1,7.1,".154",".154",".214","0.368","0.000",".235","0","4","1","1","2",".181",".292",".175",".245",".239",".112",".277","72.1","82.8","18",23.5,1,5.9,23.5,"92.220407778","91.229527647",56.9,8.3,12,56,34,109,81.8,6,33,53.2,58,45.9,50,29.8,43.1,52.9,35.3,11.8,17,41.2,17.6
"Bae, Ji Hwan",678225,2024,24,74,81,14,12,2,0,0,24,6,29.6,7.4,".189",".216",".247","0.463","0.027",".275","6","16","2","6","11",".214",".348",".213",".278",".271",".135",".313","69.1","87.3","2.4",31.4,6,11.8,37.3,"99.197498333","93.917488511",67.9,8.9,60,190,52,313,76.4,26,110,51.8,162,41.9,131,31.8,48.2,37.3,37.3,25.5,51,58.8,15.7
"Murphy, Sean",669221,2024,29,233,264,45,29,5,1,10,67,27,25.4,10.2,".193",".352",".284","0.636","0.159",".223","25","82","0","0","19",".211",".401",".281",".309",".300",".190",".295","73.3","88","10.5",25.7,16,9.6,36.5,"99.757961548","94.022077485",62.4,7.2,90,596,293,1065,78.9,72,342,51.5,548,43.8,467,28.4,45.6,50.9,30.5,18.6,167,53.3,25.7
"Nuñez, Nasim",683083,2024,23,61,78,15,14,1,0,0,15,12,19.2,15.4,".246",".262",".370","0.632","0.016",".326","1","16","2","8","14",".184",".229",".300",".270",".320",".045",".245","66.4","83.3","-1.9",17.6,0,0,21.6,"95.60646","91.876882632",61.3,5.8,41,221,46,327,89.8,10,98,48.9,160,41.3,135,19.5,40.7,23.5,41.2,35.3,51,70.6,5.9
"Schuemann, Max",680474,2024,27,396,459,87,66,14,0,7,119,47,25.9,10.2,".220",".308",".311","0.619","0.088",".292","34","122","1","14","55",".221",".350",".281",".300",".314",".129",".315","68.3","89","16.6",39.5,16,5.6,37.4,"97.729409209","93.097394065",62.8,8,169,1131,399,1835,78.7,125,588,51,937,40.4,742,28.5,42.5,35,37.4,27.6,286,37.4,31.1
"Rafaela, Ceddanne",678882,2024,23,544,571,134,91,23,5,15,151,15,26.4,2.6,".246",".390",".274","0.664","0.144",".312","75","212","10","19","70",".227",".374",".286",".276",".257",".147",".313","70.1","86.6","14.9",34.9,30,7.5,36.9,"98.205036294","93.166643181",78.6,7.1,206,1105,556,2070,75.7,191,785,48.3,999,40.9,846,33,61.9,37.2,36.7,26.1,398,42.5,26.4
"Kiermaier, Kevin",595281,2024,34,259,281,51,34,9,3,5,86,12,30.6,4.3,".197",".313",".237","0.550","0.116",".272","26","81","2","6","31",".195",".284",".241",".237",".237",".089",".294","70.4","86.4","7.3",27.6,7,3.9,30,"97.683193765","92.874723706",76.3,8.1,122,601,209,1020,70.5,115,390,50.3,511,44.4,451,37.5,54.9,37.6,39.2,23.2,181,55.8,18.8
"Herrera, Jose",645444,2024,27,97,114,22,16,4,1,1,27,9,23.7,7.9,".227",".320",".290","0.610","0.093",".300","13","31","0","0","11",".215",".280",".271",".260",".282",".065",".298","66.5","84.5","9",34.6,0,0,23.1,"95.176804857","91.592607714",61.2,9.2,68,298,110,501,83.6,26,159,51.9,260,40.7,204,24.2,41.3,52.6,33.3,14.1,78,52.6,17.9
"Polanco, Jorge",593871,2024,30,417,469,89,62,11,0,16,137,46,29.2,9.8,".213",".355",".296","0.651","0.142",".274","45","148","2","4","43",".224",".406",".287",".310",".306",".182",".331","69.7","88.3","17.9",35.8,25,8.9,37.2,"99.204331655","93.735130216",66.3,7,381,992,440,1946,78.3,138,636,49.4,960,43.2,840,28.1,44.8,46.8,33.7,19.5,282,35.1,31.9
"Semien, Marcus",543760,2024,33,650,718,154,102,27,2,23,105,64,14.6,8.9,".237",".391",".308","0.699","0.154",".250","74","254","3","8","101",".251",".406",".306",".320",".321",".155",".299","68.3","87.4","17",33,36,6.6,35.2,"97.806210919","93.005121934",75.9,8.3,304,1420,665,2626,88.1,116,974,48.9,1283,43.1,1132,20.2,50,46,33.7,20.3,546,39.6,30
"Sogard, Nick",686765,2024,26,77,86,21,17,4,0,0,25,7,29.1,8.1,".273",".325",".326","0.651","0.052",".389","8","25","0","3","13",".277",".361",".289",".309",".332",".084",".399","65.9","87.4","15.7",48.1,1,1.9,31.5,"96.410423333","92.36746717",68.5,8.3,50,190,93,348,82.8,21,122,51.1,178,41.1,143,25.4,48.6,38.9,44.4,16.7,54,33.3,24.1
"Rizzo, Anthony",519203,2024,34,337,375,77,57,12,0,8,65,27,17.3,7.2,".228",".335",".301","0.636","0.107",".259","35","113","0","0","38",".239",".351",".285",".302",".314",".112",".298","68.5","86.7","14.3",31,11,4,33.2,"97.798203577","92.909990255",65.9,6.2,232,753,347,1432,89.4,48,452,47.9,686,41.8,598,19.3,49.1,41.6,30.3,28.1,274,43.4,21.5
"Madrigal, Nick",663611,2024,27,86,94,19,16,3,0,0,10,4,10.6,4.3,".221",".256",".280","0.536","0.035",".250","10","22","0","1","5",".242",".288",".245",".271",".300",".046",".275","65.4","85.1","3.4",27.3,0,0,18.2,"94.487136053","91.287135867",67,10.1,27,209,104,358,94.1,7,118,49.2,176,39.9,143,11.2,50,24.7,35.1,40.3,77,61,13
"Santana, Carlos",467793,2024,38,521,594,124,75,26,0,23,99,65,16.7,10.9,".238",".420",".328","0.748","0.182",".252","71","219","0","4","63",".244",".424",".326",".333",".334",".180",".300","71.8","89.2","16.1",30.9,31,7.3,39.9,"99.506124387","94.004167778",64.9,7,499,1232,574,2423,83.4,125,754,47.9,1162,42.9,1039,23.3,43.3,52.6,30.9,16.5,424,38,28.8
"Romo, Drew",691011,2024,22,51,53,9,6,3,0,0,18,2,34,3.8,".176",".235",".208","0.443","0.059",".273","6","12","1","0","4",".149",".206",".197",".175",".181",".057",".230","68.5","82.2","14.7",21.2,1,3,15.2,"92.771844118","90.486921515",72.2,7.4,48,85,50,189,82.9,12,70,51.3,97,39.7,75,29.5,55.6,39.4,39.4,21.2,33,48.5,30.3
"Ibáñez, Andy",628451,2024,31,224,244,54,39,9,1,5,63,15,25.8,6.1,".241",".357",".295","0.652","0.116",".310","32","80","3","2","30",".214",".331",".287",".270",".273",".118",".299","70.1","88.1","20.3",33.7,8,4.9,33.1,"97.908149512","93.096095644",73.6,6.8,122,528,202,917,78.4,72,334,49.5,454,41.5,381,30.8,52.8,39.3,33.1,27.6,163,34.4,26.4
"Buxton, Byron",621439,2024,30,355,388,99,51,27,3,18,99,20,25.5,5.2,".279",".524",".335","0.859","0.245",".338","56","186","2","7","62",".260",".511",".366",".355",".318",".251",".358","74.3","91.7","19.8",39.5,34,13.2,48.1,"102.451274806","95.815194845",76.3,7.6,229,753,375,1458,77.5,123,546,49.1,716,44.3,646,32.1,54,46.5,35.7,17.8,258,29.1,31.4
"Laureano, Ramón",657656,2024,29,286,309,74,46,16,1,11,96,15,31.1,4.9,".259",".437",".311","0.748","0.178",".350","33","125","3","8","35",".229",".438",".324",".313",".284",".209",".344","72.7","89.2","13.3",38.7,24,12.6,40.8,"100.254641146","94.492561099",73.3,7.7,126,651,278,1180,77.3,100,441,51,602,40.4,477,31.8,52.3,43.5,31.4,25.1,191,38.7,30.4
"Wall, Forrest",657088,2024,28,32,35,8,8,0,0,0,8,3,22.9,8.6,".250",".250",".314","0.564","0.000",".333","1","8","3","4","4",".196",".261",".261",".244",".265",".065",".261","69.2","89.2","14.2",16.7,0,0,33.3,"96.524065","92.592124",70.6,11.6,12,63,43,129,77.1,11,48,52.7,68,34.9,45,36.4,51.2,45.8,33.3,20.8,24,54.2,33.3
"Busch, Michael",683737,2024,26,496,567,123,72,28,2,21,162,63,28.6,11.1,".248",".440",".335","0.775","0.192",".322","65","218","1","2","73",".217",".432",".336",".324",".309",".216",".321","70.3","89.9","17.2",36.4,38,11.2,39.9,"99.992212321","94.35127744",68.6,7.2,366,1320,508,2365,79.8,158,784,48.3,1143,45.2,1069,28.4,45.2,40.5,35.2,24.3,338,38.8,32
"Chapman, Matt",656305,2024,31,575,647,142,74,39,2,27,158,64,24.4,9.9,".247",".463",".328","0.791","0.216",".293","78","266","2","15","98",".244",".460",".340",".342",".327",".216",".338","76.6","93.2","16.2",31.3,53,12.6,48.3,"104.356012981","96.727633301",63.5,7.2,236,1590,646,2706,81.1,168,891,51.9,1404,43.3,1171,23.5,44.6,37.9,37.7,24.3,419,38.4,28.4
"Martin, Austin",668885,2024,25,233,257,59,39,18,1,1,47,20,18.3,7.8,".253",".352",".318","0.670","0.099",".314","16","82","3","7","41",".260",".350",".297",".303",".324",".090",".326","66.9","87.2","12.7",39.4,2,1.1,33.5,"96.642936413","92.431606902",69.6,10,78,527,257,934,84.6,53,344,52.9,494,41.4,387,21.4,45.5,46.3,37.2,16.5,188,43.1,23.4
"Hernández, Enrique",571771,2024,32,362,393,83,55,16,0,12,77,27,19.6,6.9,".229",".373",".281","0.654","0.144",".257","42","135","0","0","44",".230",".375",".285",".289",".284",".145",".292","71.7","89.6","17.1",36,14,4.8,41.5,"99.326670699","93.89398972",69,8.6,151,878,367,1518,82.7,96,554,52.9,803,43.1,654,22.9,48.9,34.9,39.8,25.3,289,35.6,29.4
"Mountcastle, Ryan",663624,2024,27,473,507,128,83,30,2,13,114,27,22.5,5.3,".271",".425",".308","0.733","0.154",".327","63","201","0","3","54",".271",".455",".316",".336",".312",".184",".356","75.1","90.8","10.4",36.2,32,8.8,45.2,"102.105716923","95.370233104",75.8,7.8,203,1066,422,1901,83.8,112,690,47.8,910,42.6,810,25.1,56.1,27.4,39.2,33.4,365,44.4,23.6
"Mayo, Coby",691723,2024,22,41,46,4,4,0,0,0,22,4,47.8,8.7,".098",".098",".196","0.294","0.000",".211","0","4","0","0","4",".170",".203",".152",".222",".260",".033",".366","74.1","84.7","6",52.6,0,0,21.1,"94.919621","91.641905789",67.8,6.4,31,95,46,188,66.1,20,59,46.3,87,41.5,78,45.6,47.9,47.4,36.8,15.8,19,47.4,15.8
"Torrens, Luis",620443,2024,28,118,130,27,16,8,0,3,28,9,21.5,6.9,".229",".373",".292","0.665","0.144",".273","15","44","1","0","14",".260",".411",".292",".324",".323",".151",".340","71.4","89.6","13.1",36.3,6,6.6,46.2,"99.143395652","93.972417033",67.6,9,56,253,168,510,84.6,27,175,50.8,259,42.4,216,21.9,46.5,34.1,39.6,26.4,91,42.9,25.3
"Gurriel Jr., Lourdes",666971,2024,30,513,553,143,101,22,2,18,101,29,18.3,5.2,".279",".435",".322","0.757","0.156",".313","75","223","1","7","72",".265",".433",".327",".325",".311",".168",".328","70.6","88.4","15.7",33.8,28,6.7,40,"99.549348469","93.921850288",69.5,7.3,256,1163,491,2083,88.2,85,719,49.7,1035,41.8,871,20.2,51.1,40.5,31.9,27.6,417,38.1,27.1
"Langford, Wyatt",694671,2024,22,499,557,126,81,25,4,16,115,51,20.6,9.2,".253",".415",".325","0.740","0.162",".296","74","207","3","19","74",".252",".435",".321",".332",".326",".183",".326","74.5","89.6","16.6",31.3,36,9.3,43.4,"101.211098854","94.807365599",64.3,8.3,258,1264,560,2256,83.2,117,696,48,1083,42.2,951,22.9,42.8,44.7,33.3,22,387,40.1,28.9
"Adames, Willy",642715,2024,28,610,688,153,88,33,0,32,173,74,25.1,10.8,".251",".462",".331","0.793","0.211",".297","112","282","4","21","93",".240",".468",".342",".341",".322",".228",".333","73.6","88.6","20.6",38.2,53,12,40.7,"99.769639045","94.108759136",71.2,7.2,270,1645,620,2733,78.9,203,964,49.5,1353,42.6,1166,29.5,49.5,43.9,33.9,22.3,440,30.9,36.4
"Trevino, Jose",624431,2024,31,209,234,45,32,5,0,8,41,20,17.5,8.5,".215",".354",".288","0.642","0.139",".228","28","74","0","1","26",".200",".316",".284",".269",".276",".115",".249","68.9","88.1","9.9",26.9,9,5.3,35.1,"97.968179176","93.099578353",53.5,7.7,101,524,181,896,89.7,23,223,46.8,417,44.3,395,18.7,40.5,36.3,39.2,24.6,171,45,27.5
"Guerrero Jr., Vladimir",665489,2024,25,616,697,199,124,44,1,30,96,72,13.8,10.3,".323",".544",".396","0.940","0.221",".342","103","335","2","2","98",".316",".578",".398",".412",".391",".261",".374","75.9","93.8","7.4",35.1,72,13.7,54.9,"105.663720766","97.649346073",68.6,7.7,321,1578,463,2602,84.9,134,888,49.9,1295,41.2,1070,21.5,48,33.6,41.8,24.6,524,47.7,21.2
"Berti, Jon",542932,2024,34,66,74,18,17,0,0,1,14,6,18.9,8.1,".273",".318",".342","0.660","0.045",".333","6","21","1","5","10",".274",".337",".300",".308",".343",".063",".347","71.8","84.2","11",41.5,1,1.9,30.2,"96.606393846","92.303648269",60.9,8.9,24,187,42,271,84.8,14,92,55.7,151,43.9,119,17.7,41.7,24.5,34,41.5,53,41.5,24.5
"Robert Jr., Luis",673357,2024,26,393,425,88,55,19,0,14,141,28,33.2,6.6,".224",".379",".278","0.657","0.155",".310","35","149","6","23","47",".211",".378",".285",".283",".268",".167",".330","74.6","90.1","13.5",35.6,25,9.9,40.7,"101.232868968","94.886076944",72.7,7.1,237,836,385,1609,76.6,128,546,46.7,751,45.9,738,36.1,53.1,34.4,38.3,27.3,253,38.7,26.9
"Ramos, Heliot",671218,2024,24,475,518,128,80,23,3,22,135,37,26.1,7.1,".269",".469",".322","0.791","0.200",".329","72","223","1","6","54",".245",".484",".339",".337",".302",".240",".342","75.2","91.5","10.4",34.3,50,14.5,47.5,"102.620742924","95.895956716",72.3,7.1,187,1187,483,2011,81.7,128,698,48.2,966,40.1,803,28.7,50.3,30.2,41,28.8,344,43.3,27
"Andujar, Miguel",609280,2024,29,302,319,86,67,14,1,4,42,13,13.2,4.1,".285",".377",".320","0.697","0.092",".319","30","114","2","3","31",".257",".344",".306",".287",".294",".087",".298","71.6","86.1","9.2",26.1,7,2.7,33.7,"97.864980763","92.955361494",66.2,7.2,143,564,348,1176,93,26,374,48,565,41.7,490,16,50.4,38.3,34.1,27.6,261,50.6,18
"Meyers, Jake",676694,2024,28,461,513,101,65,20,3,13,117,35,22.8,6.8,".219",".360",".286","0.646","0.141",".263","61","166","3","11","51",".233",".390",".285",".306",".301",".158",".312","68.6","88.2","14.4",34.8,24,6.8,37,"99.317270058","93.726741906",68.1,6.8,235,940,484,1817,84.1,96,602,48.7,884,43.5,790,27,49.1,43.9,34.2,21.9,351,44.2,27.4
"Miller, Owen",680911,2024,27,27,27,5,4,1,0,0,8,0,29.6,0,".185",".222",".185","0.407","0.037",".263","3","6","0","0","2",".184",".238",".177",".185",".184",".053",".262","69.6","89.6","9.7",21.1,0,0,21.1,"97.121728","92.965218421",69.5,6.8,16,49,30,103,68.3,13,41,57.3,59,38.8,40,32.1,51.5,21.1,57.9,21.1,19,52.6,26.3
"Perez, Salvador",521692,2024,34,590,652,160,105,28,0,27,129,44,19.8,6.7,".271",".456",".330","0.786","0.185",".302","104","269","0","0","58",".271",".530",".335",".361",".331",".259",".343","73.2","91.1","19",39.4,57,12.2,44.8,"101.856275647","95.341857371",77.3,5.8,279,1119,608,2301,81.7,141,771,43.4,998,40.6,934,27.8,57.8,46.7,30,23.3,467,33.8,33.8
"Maile, Luke",571912,2024,33,135,154,24,18,4,0,2,52,13,33.8,8.4,".178",".252",".268","0.520","0.074",".268","8","34","0","2","8",".176",".257",".241",".244",".267",".082",".284","67.7","84.7","11.3",37.6,3,3.5,24.7,"95.22202881","91.660711687",66.1,8.9,34,402,135,637,83.1,34,201,47.6,304,44.2,282,28.8,45.2,40,42.4,17.6,85,43.5,23.5
"Langeliers, Shea",669127,2024,26,482,534,108,59,18,2,29,145,41,27.2,7.7,".224",".450",".288","0.738","0.226",".252","80","217","2","4","58",".237",".461",".315",".328",".302",".223",".336","74.1","91.3","16.3",35.3,44,12.8,44,"102.05460686","95.451719446",69.5,7.7,240,1071,525,1993,80.3,132,670,48.3,964,43,858,29.2,49.5,45.2,38.8,16,343,37.6,30
"Tatis Jr., Fernando",665487,2024,25,398,438,110,67,21,1,21,96,32,21.9,7.3,".276",".492",".340","0.832","0.216",".316","49","196","3","11","64",".294",".548",".359",".390",".357",".254",".388","74.7","93.5","10",33.7,44,14.5,55.8,"104.418991126","97.109953874",74.4,8.2,177,908,340,1551,80.4,113,576,49.9,774,45.8,710,28.1,51.3,38.9,35.6,25.4,303,46.2,26.1
"O'Hoppe, Logan",681351,2024,24,479,522,117,79,17,1,20,155,33,29.7,6.3,".244",".409",".303","0.712","0.165",".318","56","196","3","2","64",".247",".462",".311",".333",".306",".215",".365","70.7","90.4","15.3",42.9,39,12,46.3,"101.233350982","95.0870388",72.4,7,245,1013,518,1983,77.3,153,675,47,932,41.5,822,33.6,52,42.3,35.3,22.4,326,38,29.4
"Giménez, Andrés",665926,2024,25,583,633,147,115,22,1,9,97,26,15.3,4.1,".252",".340",".298","0.638","0.088",".286","63","198","5","30","64",".261",".362",".281",".301",".309",".101",".313","68.3","86.3","8.7",32.7,14,2.8,28.5,"96.492499139","92.262342361",74.6,7.4,336,1320,572,2400,84.3,144,915,51.1,1226,44.6,1070,22.8,56.4,37.6,37.8,24.6,495,51.1,18.4
"Kirilloff, Alex",666135,2024,26,159,178,32,16,8,3,5,47,15,26.4,8.4,".201",".384",".270","0.654","0.183",".245","20","61","0","0","20",".219",".442",".282",".319",".290",".223",".309","72.4","91.3","13.2",27,13,11.3,40.9,"100.310300172","94.70393913",69.8,6.9,112,343,183,677,79.9,46,229,48.4,328,42.7,289,30.9,49.2,38.3,37.4,24.3,115,48.7,32.2
"Driscoll, Logan",686482,2024,26,35,37,6,5,0,0,1,6,1,16.2,2.7,".171",".257",".189","0.446","0.086",".172","5","9","0","0","2",".225",".357",".193",".267",".246",".132",".271","69.5","86.6","0.7",26.7,2,6.7,33.3,"97.856005333","93.097933793",77.9,9.2,31,60,38,130,86.8,7,53,52.3,68,44.6,58,29.2,55.4,56.7,26.7,16.7,30,63.3,10
"Contreras, William",661388,2024,26,595,679,167,105,37,2,23,139,78,20.5,11.5,".281",".466",".365","0.831","0.185",".330","92","277","2","9","99",".265",".476",".359",".359",".352",".211",".344","74.7","92.8","6.1",29,46,10,49.5,"103.875480043","96.642602527",71,7,351,1489,613,2677,80.7,176,910,47.9,1281,41.7,1116,27.8,47.4,36.6,39.2,24.2,459,54,19.4
"Pages, Andy",681624,2024,23,403,443,100,63,23,1,13,108,29,24.4,6.5,".248",".407",".305","0.712","0.159",".304","46","164","2","1","65",".247",".433",".310",".324",".307",".186",".337","73.1","88.6","20.8",40.8,32,10.7,40.1,"100.310081745","94.262423423",71,7.9,162,1006,392,1719,80.5,120,615,50.4,866,41.5,713,26.1,51,41.8,33.4,24.7,299,32.8,30.4
"Wendzel, Davis",673995,2024,27,47,49,6,3,2,0,1,12,1,24.5,2,".128",".234",".163","0.397","0.106",".147","2","11","0","0","2",".198",".389",".176",".269",".232",".190",".268","71.9","85.4","17.8",25.7,3,8.6,28.6,"97.160134118","92.678413235",65.3,10,25,89,52,170,78.1,14,64,57.6,98,44.1,75,26.1,51.8,31.4,48.6,20,35,48.6,28.6
"Azocar, José",640492,2024,28,73,79,16,14,2,0,0,19,5,24.1,6.3,".219",".247",".269","0.516","0.028",".296","2","18","1","5","13",".231",".312",".235",".269",".280",".081",".312","70.5","86.5","9.8",30.9,2,3.6,30.9,"97.519537037","92.886593396",78,8.2,44,162,63,291,82.5,18,103,45.4,132,41.9,122,29.7,62.5,21.8,40,38.2,55,49.1,25.5
"Yepez, Juan",660766,2024,26,226,249,64,43,15,0,6,42,18,16.9,7.2,".283",".429",".335","0.764","0.146",".320","26","97","1","2","32",".251",".366",".331",".303",".309",".115",".309","70.5","86.6","8.5",30.3,11,5.9,35.6,"98.208738602","93.111621613",70.9,6.8,130,523,223,966,84.4,49,314,45.9,443,42.2,408,22.1,50.1,43.1,28.2,28.7,188,50.5,20.7
"Ramos, Bryan",682868,2024,22,99,108,20,13,4,0,3,22,7,20.4,6.5,".202",".333",".252","0.585","0.131",".227","11","33","2","0","13",".231",".376",".257",".291",".281",".145",".296","72","90.1","11.8",35.9,5,6.4,46.2,"100.595616667","94.750177179",61.2,6.9,58,218,105,418,80.2,26,131,51.2,214,45,188,29,43.8,44.9,35.9,19.2,78,43.6,24.4
"Baty, Brett",683146,2024,24,153,171,35,28,3,0,4,42,16,24.6,9.4,".229",".327",".306","0.633","0.098",".290","16","50","0","0","15",".208",".347",".282",".284",".288",".139",".287","73.5","86.6","10.3",27.7,6,5.4,33,"99.354530364","93.683074727",69.2,5.9,107,353,176,676,83.6,39,238,50.8,344,45.9,311,26.2,50.9,42.9,38.4,18.8,112,54.5,23.2
"Moniak, Mickey",666160,2024,26,392,418,86,53,17,2,14,114,21,27.3,5,".219",".380",".266","0.646","0.161",".272","49","149","4","8","48",".219",".387",".281",".286",".266",".168",".309","73.1","88.1","19.8",31.9,26,9.3,34.4,"99.494460797","93.816907681",75.1,6.9,298,748,403,1534,77.8,123,554,48.1,738,44.1,677,30.6,56.7,46.6,33,20.4,279,36.2,29
"Lowe, Nathaniel",663993,2024,28,486,565,129,96,16,1,16,125,71,22.1,12.6,".265",".401",".361","0.762","0.136",".324","69","195","0","2","62",".250",".386",".337",".332",".350",".137",".336","73.3","88.9","7.7",32.6,21,5.8,40,"100.432822253","94.330442369",62.8,6.7,284,1523,423,2356,87.7,89,725,49,1154,44.6,1051,20.6,42.7,27.9,40.8,31.2,365,48.5,22.5
"Stott, Bryson",681082,2024,26,506,571,124,92,19,2,11,93,53,16.3,9.3,".245",".356",".315","0.671","0.111",".275","57","180","3","32","65",".254",".369",".296",".311",".326",".115",".308","68.2","87","14",35.3,15,3.6,30.8,"97.149266143","92.631038831",59.6,8,351,1376,439,2307,86.7,92,694,50.5,1164,43.3,999,17,44.1,32.2,37.2,30.6,422,43.1,25.8
"Kim, Ha-Seong",673490,2024,28,403,470,94,64,16,3,11,77,58,16.4,12.3,".233",".370",".330","0.700","0.137",".261","47","149","5","22","60",".245",".359",".308",".319",".344",".115",".304","69","87.9","15.1",36.6,16,4.8,35.4,"98.621780994","93.412597329",55.2,8.2,174,1209,465,1982,86.6,78,580,53,1050,44.9,890,16.1,38,42.3,34.8,22.8,333,41.1,24.3
"Moreno, Gabriel",672515,2024,24,305,351,81,57,18,1,5,52,41,14.8,11.7,".266",".380",".353","0.733","0.114",".303","45","116","1","3","39",".251",".393",".325",".329",".342",".142",".301","70.6","90","8.8",33.6,17,6.6,41,"99.887726484","94.221263359",59.2,9.3,130,939,357,1532,85,71,473,52.2,799,44.4,679,18.5,41.2,27.3,41.8,30.9,256,49.6,21.1
"Peña, Jeremy",665161,2024,26,602,650,160,115,28,2,15,111,25,17.1,3.8,".266",".394",".308","0.702","0.128",".301","70","237","6","20","78",".262",".401",".305",".314",".307",".139",".321","72.6","88.2","7.5",29.2,27,5.4,38.8,"99.323506707","93.74168435",72.9,7.3,291,1215,559,2272,88.6,91,796,48.1,1092,41.5,944,24.9,54.2,40.2,37.2,22.6,500,50.4,23
"Jung, Jace",690291,2024,23,79,94,19,14,5,0,0,29,15,30.9,16,".241",".304",".362","0.666","0.063",".380","3","24","1","0","14",".219",".294",".308",".297",".343",".075",".346","70.5","86.4","11",32,2,4,34,"98.0597252","93.0392616",64.8,6.5,57,217,85,386,80.3,25,127,50.8,196,47.2,182,31.1,45.9,30,36,34,50,50,20
"Wong, Connor",657136,2024,28,447,487,125,87,24,1,13,114,28,23.4,5.7,".280",".425",".333","0.758","0.145",".348","52","190","7","8","54",".229",".362",".330",".291",".288",".134",".308","72","86.5","12.9",30.7,21,6.3,34.5,"98.745018171","93.452738532",72.2,6.8,236,1056,427,1865,80.3,137,697,51.8,966,41.4,772,28.8,51.6,40.2,33.6,26.2,336,44.3,24.1
"Nootbaar, Lars",663457,2024,26,348,405,85,52,18,3,12,79,52,19.5,12.8,".244",".417",".342","0.759","0.173",".281","45","145","3","7","39",".261",".466",".331",".358",".356",".206",".334","72.6","91.8","6",32.2,27,9.9,49.5,"102.282162353","95.717855683",56.5,7.8,264,931,341,1659,86.7,64,480,51.2,850,42.4,704,19,37.2,34.8,42.1,23.1,273,51.6,19
"Ford, Mike",645801,2024,31,60,62,9,7,0,1,1,15,2,24.2,3.2,".150",".233",".177","0.410","0.083",".182","4","14","0","0","2",".205",".306",".180",".237",".231",".101",".274","69.8","86.4","17.5",28.9,1,2.2,33.3,"97.908036522","93.064107556",72.3,5.7,28,119,50,229,76.5,19,81,48.9,112,41.5,95,25.4,49.8,31.1,44.4,24.4,45,42.2,28.9
"Espinal, Santiago",669289,2024,29,357,391,88,67,12,0,9,54,24,13.8,6.1,".246",".356",".295","0.651","0.110",".265","45","127","1","11","32",".258",".355",".285",".295",".307",".097",".303","66.5","85.9","15",35,6,1.9,24.1,"94.957566883","91.492088339",68.8,8.2,139,859,386,1505,90.6,50,532,51.4,773,41.1,619,14.8,49,37,30.5,32.5,311,39.5,25.1
"Gomes, Yan",543228,2024,36,91,96,14,10,2,0,2,36,2,37.5,2.1,".154",".242",".179","0.421","0.088",".222","7","22","0","0","7",".207",".363",".184",".257",".231",".156",".338","68.7","87.1","17",42.1,6,10.5,42.1,"99.539393214","93.980665",72.8,9.6,19,231,86,375,77.7,31,139,50.9,191,40.5,152,34.1,58.7,28.1,43.9,28.1,57,35.1,35.1
"Anderson, Tim",641313,2024,31,234,241,50,47,3,0,0,68,7,28.2,2.9,".214",".226",".237","0.463","0.012",".301","9","53","4","4","16",".215",".292",".208",".235",".238",".077",".304","69.7","86.1","1.4",29.5,3,1.8,30.1,"96.982041205","92.531306303",71,8.4,125,532,205,945,77.2,77,338,50.4,476,45,425,30.6,54.6,35.5,36.7,27.7,166,62,12.7
"Adell, Jo",666176,2024,25,405,451,84,47,15,2,20,126,35,27.9,7.8,".207",".402",".280","0.682","0.195",".244","62","163","10","15","54",".222",".426",".296",".314",".295",".204",".322","76.7","89.8","15.9",30.5,33,11.7,44.7,"102.6788005","95.748719749",71.5,7.5,180,1060,396,1840,78.9,133,630,47.9,881,42.1,775,29.8,49.7,41.1,34,24.8,282,35.5,31.6
"Amador, Adael",691182,2024,21,35,36,6,5,1,0,0,6,1,16.7,2.8,".171",".200",".194","0.394","0.029",".207","0","7","0","1","1",".244",".344",".176",".271",".266",".101",".296","71.3","88.2","17.1",20.7,2,6.9,31,"97.272867143","92.651094643",73.8,9.2,15,71,26,119,89.6,5,48,54.6,65,51.3,61,20.3,62.2,55.2,27.6,17.2,29,51.7,41.4
"Dunn, Oliver",686554,2024,26,95,104,21,16,2,2,1,40,6,38.5,5.8,".221",".316",".282","0.598","0.095",".370","7","30","0","3","11",".206",".326",".266",".266",".268",".120",".356","75.2","89.1","6.6",33.9,3,5.4,46.4,"100.995258519","94.782023333",62.3,9.1,57,254,84,418,72.8,40,147,56.5,236,42.6,178,36.2,44.3,48.2,32.1,19.6,56,50,23.2
"Stallings, Jacob",607732,2024,34,243,281,64,37,17,1,9,65,27,23.1,9.6,".263",".453",".357","0.810","0.190",".324","36","110","0","0","31",".231",".389",".353",".321",".330",".159",".314","67.6","86.6","12.8",38.9,13,7.2,34.4,"97.816675843","92.986677006",64.4,8.1,108,604,253,1073,79.3,73,353,51.1,548,40.8,438,29.8,45.4,37.2,38.9,23.9,180,45,29.4
"Burger, Jake",669394,2024,28,535,579,134,81,23,1,29,150,31,25.9,5.4,".250",".460",".301","0.761","0.210",".292","76","246","1","1","68",".253",".483",".325",".339",".305",".230",".351","74.7","91.3","13",32.4,48,12.3,46.8,"103.619986856","96.171144407",70.1,6,314,1091,475,2081,81.1,130,689,47.2,983,43,896,30.1,52.4,42.4,37,20.6,389,44,28.3
"Clemens, Kody",665019,2024,28,114,120,25,10,9,1,5,29,5,24.2,4.2,".219",".447",".258","0.705","0.228",".250","18","51","0","0","17",".192",".360",".301",".257",".232",".168",".257","70.5","89.4","19.2",30.6,6,7.1,42.4,"99.387885814","93.94476",63.5,7.9,42,250,110,468,79.4,32,155,52.1,244,42.3,198,25.7,49.1,42.4,37.6,20,85,37.6,36.5
"Goldschmidt, Paul",502671,2024,36,599,654,147,91,33,1,22,173,47,26.5,7.2,".245",".414",".302","0.716","0.169",".308","65","248","0","11","70",".252",".462",".310",".332",".308",".210",".354","72.5","91.2","13.1",34.3,46,10.7,49.6,"101.892583709","95.666428146",65.1,8.9,321,1510,617,2719,77.9,200,903,51,1387,43.9,1192,27.4,47.7,39,34.6,26.4,428,43.7,26.9
"Rodríguez, Johnathan",671286,2024,24,31,40,4,3,1,0,0,14,9,35,22.5,".129",".161",".325","0.486","0.032",".235","5","5","0","0","6",".134",".157",".253",".260",".329",".023",".245","76.2","91.3","-10.8",11.8,0,0,47.1,"102.62447","96.220577647",65.8,5.7,42,66,53,175,71.2,15,52,45.1,79,45.7,80,40.5,45.1,35.3,52.9,11.8,17,82.4,11.8
"Yoshida, Masataka",807799,2024,30,378,421,106,75,21,0,10,52,27,12.4,6.4,".280",".415",".349","0.764","0.135",".302","56","157","0","2","45",".256",".408",".336",".327",".329",".153",".297","70.9","88","10.5",36.3,18,5.5,37.5,"99.0909025","93.581912866",64.7,8.8,217,947,337,1593,91.3,46,528,51.2,816,41.1,655,14.6,45.4,35.7,37.2,27.1,328,43.9,24.4
"d'Arnaud, Travis",518595,2024,35,307,341,73,42,16,0,15,89,24,26.1,7,".238",".436",".302","0.738","0.198",".280","48","134","0","1","40",".233",".447",".319",".326",".302",".214",".329","71.4","89.9","11.6",32.9,23,10.4,41,"100.537202273","94.672343091",74.5,9,121,827,258,1353,73.6,132,500,49.6,671,43.8,592,32.8,50.7,36.9,32.9,30.2,222,46.8,27.5
"Mendick, Danny",664901,2024,30,132,141,26,16,7,0,3,35,6,24.8,4.3,".197",".318",".243","0.561","0.121",".245","8","42","0","6","13",".206",".340",".247",".261",".251",".134",".280","66.9","83.8","13.9",31.6,6,6.1,22.4,"94.586655625","91.425542526",67.3,7.6,78,300,120,540,73.2,49,183,50.4,272,42.2,228,28.7,47.8,39.8,37.8,22.4,98,40.8,29.6
"López, Jack",605346,2024,31,67,71,17,13,3,0,1,25,2,35.2,2.8,".254",".343",".286","0.629","0.089",".390","6","23","1","0","4",".176",".238",".277",".203",".212",".063",".283","71.2","87.3","10",32.6,1,2.3,32.6,"97.127505238","92.725670488",69.3,7.3,20,157,82,274,78.8,22,104,54.7,150,41.2,113,33.8,57.3,41.9,32.6,25.6,43,53.5,11.6
"Hernaiz, Darell",687231,2024,22,120,135,23,19,3,0,1,27,11,20,8.1,".192",".242",".261","0.503","0.050",".234","12","29","1","1","8",".227",".285",".230",".276",".301",".058",".299","68.6","87.1","10.8",30.2,1,1,33.3,"97.671361702","92.890300968",65.2,6.1,67,273,120,510,82.8,30,174,52.4,267,42.5,217,24.9,46.5,25,47.9,27.1,96,51,18.8
"Murphy, Tom",608596,2024,33,34,38,4,2,1,0,1,14,4,36.8,10.5,".118",".235",".211","0.446","0.117",".158","2","8","0","0","3",".150",".323",".206",".253",".239",".174",".255","72.4","87.4","4.5",35,2,10,35,"100.157273","94.138457",58.8,7.2,17,83,31,152,76.6,11,47,52.6,80,48.7,74,36.9,42.8,35,50,15,20,55,15
"Lee, Brooks",686797,2024,23,172,185,38,28,6,1,3,27,11,14.6,5.9,".221",".320",".265","0.585","0.099",".243","27","55","0","3","9",".243",".355",".252",".282",".287",".112",".287","69.3","85.8","12.5",36.7,6,4.1,24.5,"95.626582877","91.813291438",67.6,7.2,122,338,129,614,89.8,22,215,51.8,318,44.3,272,20.2,52.3,39.5,38.1,22.4,147,41.5,25.2
"García Jr., Luis",671277,2024,24,500,528,141,97,25,1,18,86,27,16.3,5.1,".282",".444",".318","0.762","0.162",".310","70","222","5","22","58",".275",".461",".328",".335",".312",".186",".332","71.7","89.1","8.2",32.8,33,8,41.7,"100.167127696","94.249397672",69,7.3,320,957,478,1883,87.4,78,620,47.7,899,42.8,805,21.3,51.7,26.3,46.3,27.5,415,48.4,25.1
"Chisholm Jr., Jazz",665862,2024,26,562,621,144,95,21,4,24,152,53,24.5,8.5,".256",".436",".324","0.760","0.180",".309","73","245","10","40","74",".237",".419",".327",".317",".307",".183",".325","71.9","89.7","11.4",29.6,40,9.7,41.1,"100.122466782","94.459141861",67.1,7.6,404,1342,572,2495,77.3,184,810,48.4,1208,42.3,1054,29.3,47.5,41.3,41.3,17.5,412,49.8,25
"Williams, Luke",663897,2024,27,46,52,9,6,3,0,0,13,4,25,7.7,".196",".261",".275","0.536","0.065",".273","4","12","0","3","8",".166",".270",".246",".237",".248",".103",".232","70.3","89.6","18.6",23.5,1,2.9,29.4,"96.818129412","92.789461515",72.8,5.2,12,104,48,172,85.1,10,67,53.5,92,45.9,79,25.6,52.3,41.2,32.4,26.5,34,38.2,41.2
"Seager, Corey",608369,2024,30,475,533,132,81,21,0,30,96,53,18,9.9,".278",".512",".353","0.865","0.234",".291","74","243","1","1","68",".280",".573",".365",".391",".356",".293",".352","72.3","92.1","13.5",38.6,58,15.2,50.7,"103.274395474","96.157523456",79.5,7.1,364,955,442,1872,86.5,98,726,48.8,913,43.8,819,23.4,53,40.7,37.3,22,381,40.9,31.2
"Jeffers, Ryan",680777,2024,27,412,465,93,50,22,0,21,94,32,20.2,6.9,".226",".432",".300","0.732","0.206",".238","64","178","0","3","56",".224",".394",".317",".307",".300",".170",".288","72.9","86.9","16.2",31.7,27,8.3,33.8,"99.008221173","93.57098291",64.1,6.7,181,1024,450,1807,84,88,551,47.6,860,42.1,761,23.6,48.5,37.2,37.8,24.9,325,39.1,28.9
"Martini, Nick",605361,2024,34,146,163,31,20,4,2,5,38,9,23.3,5.5,".212",".370",".272","0.642","0.158",".245","24","54","3","1","23",".213",".345",".279",".280",".277",".132",".287","69.8","87.4","14.9",32.4,8,7.2,34.2,"98.233857857","93.416418378",68,8.8,72,419,96,625,81.9,40,221,52,325,43.4,271,24.8,49.6,44.1,30.6,25.2,111,41.4,30.6
"Pederson, Joc",592626,2024,32,367,449,101,60,17,1,23,105,55,23.4,12.2,".275",".515",".393","0.908","0.240",".322","64","189","4","7","62",".259",".486",".391",".378",".381",".227",".362","73.4","92.3","16.9",34.2,34,12.8,46.2,"102.648599462","95.864061892",60.7,5.5,355,950,382,1810,81.9,91,509,46.3,838,43.4,786,25,44,48.9,36.1,15,266,39.8,28.6
"Monasterio, Andruw",655316,2024,27,125,142,26,20,5,0,1,40,16,28.2,11.3,".208",".272",".303","0.575","0.064",".298","16","34","2","6","14",".207",".352",".266",".295",".302",".145",".305","69.1","88.1","14.9",36.5,8,9.4,41.2,"98.583089286","93.585745952",64.3,9.1,71,393,136,647,82.8,36,209,50.2,325,41.3,267,24,42.5,34.1,41.2,24.7,85,40,31.8
"Clement, Ernie",676391,2024,28,434,452,114,78,21,3,12,41,11,9.1,2.4,".263",".408",".284","0.692","0.145",".266","51","177","3","12","48",".255",".384",".297",".289",".277",".129",".281","66.8","85.5","16.3",34.3,15,3.8,24.9,"95.659056327","91.830379974",70.1,6.8,172,801,336,1449,90.6,49,520,51.2,742,45.3,656,14.4,57,42.6,37,20.4,397,38.8,27.2
"Hayes, Ke'Bryan",663647,2024,27,365,396,85,72,9,0,4,75,23,18.9,5.8,".233",".290",".283","0.573","0.057",".279","25","106","2","11","38",".244",".336",".256",".285",".296",".093",".307","72.1","88.9","4.8",29.9,7,2.4,42.9,"99.837230137","94.135653938",62.3,6.2,161,848,318,1470,92.2,35,448,48.9,719,41.5,610,18.1,44.8,23.1,44.9,32,294,52,17
"Encarnacion-Strand, Christian",687952,2024,24,116,123,22,14,6,0,2,35,4,28.5,3.3,".190",".293",".220","0.513","0.103",".247","16","34","0","0","13",".238",".439",".223",".301",".266",".201",".335","71.3","87.8","15.5",27.7,7,8.4,37.3,"99.937348049","94.262071341",72.1,8.9,51,263,107,451,84.8,24,158,48.6,219,44.6,201,29.4,55.9,43.4,33.7,22.9,83,48.2,22.9
"Locklear, Tyler",682988,2024,23,45,49,7,4,1,0,2,20,3,40.8,6.1,".156",".311",".224","0.535","0.155",".217","3","14","0","1","3",".146",".278",".238",".222",".216",".132",".262","72.3","87.2","21.2",28,2,8,44,"99.802084615","94.309046",68.8,5.1,19,109,47,196,78.8,14,66,49,96,43.9,86,37,51,48,28,24,25,40,24
"Devers, Rafael",646240,2024,27,525,601,143,76,34,5,28,147,67,24.5,11.1,".272",".516",".354","0.870","0.244",".323","83","271","0","3","87",".267",".514",".364",".366",".351",".247",".367","72.5","93.2","11.6",35.2,50,13,52.6,"104.597925864","97.090537461",73.8,6.7,267,1485,470,2375,71.9,233,829,47.3,1124,42.7,1015,30.9,50.9,32.3,41.7,26,384,41.4,26.6
"Palacios, Richie",680700,2024,27,264,316,59,45,8,1,5,67,45,21.2,14.2,".223",".318",".346","0.664","0.095",".280","21","84","1","19","46",".247",".342",".303",".325",".367",".096",".331","68.9","86.2","14",36.4,7,3.5,30.3,"96.843483131","92.444278274",70.7,7.4,187,765,252,1281,81.8,81,445,49.1,629,44.4,569,24.7,46.7,47,34.3,18.7,198,37.9,19.7
"Guillorme, Luis",641645,2024,29,161,187,33,23,9,1,0,36,23,19.3,12.3,".205",".273",".301","0.574","0.068",".260","10","44","2","4","14",".223",".300",".263",".285",".318",".077",".284","64.9","85.5","5.7",32.8,3,2.3,21.1,"94.424899375","91.273931654",60.4,9.1,103,517,144,802,86.1,34,244,50.4,404,40.1,322,18.9,42.3,25.8,38.3,35.9,128,53.1,21.9
"Acuña Jr., Ronald",660670,2024,26,192,222,48,35,8,1,4,53,27,23.9,12.2,".250",".365",".351","0.716","0.115",".326","15","70","3","16","38",".256",".430",".322",".350",".357",".174",".355","76.8","92.2","8.5",31.7,13,9.4,48.2,"103.064738696","96.113602174",71,7.8,97,592,147,905,77,76,331,51.5,466,44.2,400,27.5,47,41.7,36,22.3,139,51.8,21.6
"Bregman, Alex",608324,2024,30,581,634,151,93,30,2,26,86,44,13.6,6.9,".260",".453",".315","0.768","0.193",".264","75","263","1","3","79",".255",".434",".331",".325",".313",".179",".299","71.3","89.1","18.2",34.9,32,6.4,40.5,"98.986527952","93.684160984",65.6,7.6,252,1432,530,2393,91.3,69,796,50.7,1213,42.2,1011,12.8,44.9,39.9,33.5,26.7,499,36.5,28.3
"Schneider, Davis",676914,2024,25,397,454,76,43,19,1,13,144,47,31.7,10.4,".191",".343",".282","0.625","0.152",".257","46","136","0","6","48",".195",".367",".277",".293",".288",".172",".306","69.8","88.6","21.4",38,31,12,38,"98.986742636","93.569243488",64,7.8,210,1205,392,1974,77.5,135,600,47.8,938,40.8,801,30.6,42.5,46.1,27.1,26.7,258,29.8,39.9
"Canzone, Dominic",686527,2024,26,168,188,33,18,7,0,8,53,18,28.2,9.6,".196",".381",".271","0.652","0.185",".229","17","64","0","1","20",".212",".435",".280",".310",".286",".224",".306","72.4","89.9","9.1",31.6,13,11.1,44.4,"101.759585593","95.324768718",68.9,6.2,161,262,212,696,75.9,55,228,47.6,331,39.2,273,34.4,52.2,31.6,47,21.4,117,44.4,33.3
"Mateo, Jorge",622761,2024,29,192,208,44,23,14,2,5,48,10,23.1,4.8,".229",".401",".267","0.668","0.172",".275","18","77","2","13","30",".227",".351",".286",".278",".270",".125",".304","72.5","88.1","14.1",30.2,6,4,34.9,"99.943727778","94.060455208",70.3,5.5,91,452,183,820,86,40,286,49.6,407,45.7,375,23.1,51.7,40.3,33.6,26.2,149,45,23.5
"Baldwin, Brooks",681460,2024,23,114,121,24,16,6,0,2,31,6,25.6,5,".211",".316",".250","0.566","0.105",".272","8","36","0","4","9",".213",".350",".249",".264",".253",".136",".293","71.2","87.4","26.2",34.5,4,4.8,32.1,"96.86830625","92.495436709",78,5.9,52,277,81,426,78.2,38,174,52.3,223,45.5,194,24.9,57.5,34.5,35.7,29.8,84,27.4,33.3
"Gonzalez, Romy",663853,2024,27,199,216,53,36,10,1,6,58,12,26.9,5.6,".266",".417",".306","0.723","0.151",".338","29","83","3","11","25",".251",".425",".311",".317",".296",".174",".352","74.1","92.3","3.7",29.7,12,8.3,51,"104.214637183","96.826247676",75.9,7.4,113,416,216,826,82.8,51,296,47.2,390,41.2,340,29.2,55.2,26.9,46.9,26.2,145,57.9,17.9
"Kelly, Carson",608348,2024,29,281,313,67,48,9,1,9,55,25,17.6,8,".238",".374",".313","0.687","0.136",".266","37","105","0","0","32",".233",".410",".304",".318",".310",".177",".290","69.5","87.6","13.6",27.3,15,6.6,39.4,"98.979228142","93.591084867",66.7,6.9,88,661,275,1173,86,54,385,49.6,577,44.4,516,22.8,45.5,38.8,39.2,22,227,46.3,28.6
"Happ, Ian",664023,2024,29,569,657,138,77,34,2,25,168,80,25.6,12.2,".243",".441",".341","0.782","0.198",".299","86","251","2","13","89",".240",".453",".341",".347",".339",".214",".340","72.4","90.8","15.1",37,47,11.7,45.2,"101.590666318","95.287992294",67.8,7.1,595,1506,463,2721,78.6,201,938,50.8,1384,45.2,1229,27.9,45.9,38.7,34,27.3,403,39.2,30.3
"Madris, Bligh",676632,2024,28,67,75,18,14,3,0,1,20,6,26.7,8,".269",".358",".324","0.682","0.089",".362","5","24","0","0","8",".225",".383",".301",".294",".286",".159",".316","71.6","87.1","23.7",37.5,5,10.4,35.4,"98.818262917","93.689374375",77.3,5.8,72,127,62,275,77.1,25,109,51.3,141,44.7,123,28.9,49.1,31.3,33.3,35.4,48,31.3,31.3
"Luciano, Marco",682617,2024,22,76,81,16,10,5,1,0,28,5,34.6,6.2,".211",".303",".259","0.562","0.092",".333","3","23","1","0","10",".238",".368",".248",".288",".285",".130",".376","73.7","87.9","12.4",41.7,3,6.3,45.8,"100.643494583","94.575629375",65.1,8.6,30,169,104,325,78.9,24,114,53.8,175,38.8,126,30.1,41.8,18.8,43.8,37.5,48,37.5,29.2
"Hensley, David",682073,2024,28,52,58,11,9,1,0,1,17,6,29.3,10.3,".212",".288",".293","0.581","0.076",".294","4","15","0","1","9",".150",".210",".265",".220",".238",".060",".223","70.6","84","-7.7",20,1,2.9,25.7,"97.159687059","92.593416176",48.7,6.8,50,108,69,250,78.9,12,57,46.8,117,40.8,102,32.1,33.6,28.6,34.3,37.1,35,71.4,17.1
"Benson, Will",666181,2024,26,343,388,64,29,19,2,14,154,40,39.7,10.3,".187",".376",".274","0.650","0.189",".282","43","129","7","16","41",".179",".343",".285",".272",".268",".164",".322","72.1","89.4","18.2",36.5,22,11.5,40.1,"99.756805263","94.123444",71.2,7.2,248,911,372,1656,68.4,194,614,52,862,41.9,694,39,47.6,49.5,31.3,19.3,192,35.9,35.4
"Butler, Lawrence",671732,2024,23,412,451,108,60,24,2,22,108,35,23.9,7.8,".262",".490",".317","0.807","0.228",".301","57","202","0","18","63",".253",".473",".345",".341",".313",".221",".344","74.2","91.1","11.3",35.1,34,11,47.4,"101.824301046","95.302256275",69.1,6.9,353,1032,324,1815,80.4,120,613,48.9,887,45.7,829,26.9,47.7,31.2,42.2,26.6,308,43.5,26.3
"Kirk, Alejandro",672386,2024,25,340,386,86,61,19,1,5,51,35,13.2,9.1,".253",".359",".319","0.678","0.106",".276","54","122","0","0","23",".253",".403",".297",".329",".329",".149",".301","70.1","89.4","10.8",34.6,20,6.7,40.9,"99.802023893","94.269440505",65.7,7,135,955,308,1495,90.2,47,480,48.9,731,42.8,640,15.7,46.6,29.9,38.6,31.5,298,46,19.1
"Margot, Manuel",622534,2024,29,315,343,75,53,17,1,4,54,21,15.7,6.1,".238",".337",".289","0.626","0.099",".273","31","106","0","5","37",".258",".385",".276",".310",".311",".126",".313","72","88.2","13.8",30.9,13,4.9,33.6,"98.859258923","93.482249961",68.4,7.7,151,712,372,1308,86.7,60,450,50.3,658,42.7,558,20.6,49.5,27.2,46.8,26,265,41.9,23.8
"Foscue, Justin",679822,2024,25,42,44,2,1,1,0,0,18,2,40.9,4.5,".048",".071",".091","0.162","0.023",".083","1","3","0","0","3",".101",".148",".080",".134",".142",".047",".176","69.9","86.9","26.9",29.2,1,4.2,16.7,"95.952875","92.028248333",67.7,10.2,18,125,34,187,84.1,10,63,49.7,93,40.1,75,28,49.7,41.7,33.3,25,24,33.3,33.3
"Haase, Eric",606992,2024,31,66,69,18,12,1,0,5,28,3,40.6,4.3,".273",".515",".304","0.819","0.242",".394","14","34","0","0","10",".222",".471",".350",".309",".256",".249",".386","71.2","90","11.5",39.5,5,13.2,39.5,"100.617211579","94.802505135",65.1,7,25,127,87,270,72.6,26,95,54.1,146,41.9,113,39.4,48.9,42.1,42.1,15.8,38,47.4,26.3
"Gray, Tristan",656484,2024,28,28,31,3,2,1,0,0,16,3,51.6,9.7,".107",".143",".194","0.337","0.036",".250","0","4","0","0","0",".170",".190",".164",".211",".250",".021",".396","74.1","93","17.5",16.7,0,0,58.3,"101.534701667","96.243914167",71.9,5.7,27,61,32,123,51.2,20,41,46.3,57,52,64,51.6,52,41.7,33.3,25,12,50,33.3
"Urshela, Gio",570482,2024,32,432,461,108,79,19,1,9,72,23,15.6,5,".250",".361",".286","0.647","0.111",".278","52","156","0","0","34",".262",".400",".281",".307",".301",".138",".314","68.2","86.4","10.5",38.6,18,4.9,28.4,"96.696776409","92.394270526",72.7,8.1,206,960,363,1693,84.2,97,614,50.1,845,41.5,701,20.3,54.6,31.5,40.8,27.7,365,46.6,19.7
"Dunn, Blake",694362,2024,25,26,29,4,2,1,0,1,11,2,37.9,6.9,".154",".308",".241","0.549","0.154",".214","1","8","0","2","8",".158",".301",".247",".245",".245",".143",".274","71.6","85.7","22.7",26.7,1,6.7,13.3,"93.9705075","91.358022",64.3,7.5,25,57,35,120,72.2,10,36,46.7,56,49.2,59,37,45,33.3,33.3,33.3,15,46.7,26.7
"Wallner, Matt",670242,2024,26,220,261,57,26,17,1,13,95,24,36.4,9.2,".259",".523",".372","0.895","0.264",".389","37","115","0","3","26",".231",".481",".385",".361",".348",".250",".404","77.3","92.8","21.6",38.1,22,17.5,53.2,"104.61196127","96.920236746",71.7,6.2,131,595,246,1030,68.8,110,352,47.7,491,42.3,436,38.4,47.8,49.2,34.9,15.9,126,31,34.1
"Rojas, Johan",679032,2024,23,338,363,82,64,12,3,3,69,13,19,3.6,".243",".322",".279","0.601","0.079",".297","32","109","4","25","47",".225",".304",".265",".258",".263",".078",".283","71.3","85.7","4.8",22,7,2.5,27.4,"97.163679462","92.590351731",61.8,6.8,112,756,300,1329,84.3,65,414,50.4,670,45.1,599,22.7,48.8,35.7,41.5,22.7,277,59.2,17
"Brown, Seth",664913,2024,31,372,400,86,60,11,1,14,112,25,28,6.3,".231",".379",".282","0.661","0.148",".291","44","141","2","4","32",".230",".398",".289",".298",".282",".168",".329","73.3","90","14.6",35.2,22,8.4,40.6,"100.936577054","94.815981008",75.2,7,308,753,396,1552,83.5,93,563,48.2,749,42.2,655,29.1,52,37.9,37.2,24.9,261,40.2,28.4
"Blackmon, Charlie",453568,2024,37,449,499,115,74,24,5,12,86,43,17.2,8.6,".256",".412",".329","0.741","0.156",".293","52","185","2","6","59",".246",".374",".323",".309",".320",".127",".305","67.4","84.8","16.3",34.1,19,5.2,27.2,"96.083583591","92.106050111",66.2,6.9,272,1186,355,1920,86.7,85,639,50.3,965,42.5,815,19.2,48,45.6,34.1,20.3,364,37.1,26.9
"Stubbs, Garrett",596117,2024,31,164,187,34,28,4,1,1,50,17,26.7,9.1,".207",".262",".296","0.558","0.055",".289","11","43","0","5","18",".192",".240",".258",".249",".283",".049",".275","66.6","79.7","19.4",40.9,0,0,9.6,"90.095995","89.651776916",66.8,9.9,78,423,186,746,84.1,39,246,49.3,368,40.1,299,24.9,49.6,43.5,32.2,24.3,115,33.9,26.1
"Pauley, Graham",688363,2024,23,32,32,4,2,0,0,2,15,0,46.9,0,".125",".313",".125","0.438","0.188",".133","5","10","0","0","4",".172",".324",".183",".214",".172",".152",".325","67.8","85.8","17.7",47.1,1,5.9,52.9,"98.919044444","93.780670588",70.7,10,19,84,28,140,82.8,10,58,58.6,82,42.1,59,27.8,51.4,52.9,29.4,17.6,17,35.3,41.2
"Tromp, Chadwick",644433,2024,29,52,54,13,7,6,0,0,17,1,31.5,1.9,".250",".365",".259","0.624","0.115",".361","6","19","0","0","3",".242",".336",".266",".257",".252",".094",".350","72.7","88.1","6",38.9,1,2.8,36.1,"99.105329444","93.663605",66.7,4.9,9,94,44,182,74.2,16,62,51.1,93,50,91,36.7,53.8,36.1,36.1,27.8,36,44.4,25
"Jones, Nolan",666134,2024,26,256,297,58,41,13,1,3,91,36,30.6,12.1,".227",".320",".321","0.641","0.093",".333","28","82","4","5","28",".209",".331",".287",".291",".308",".122",".323","70.7","88.2","7.8",34.3,10,5.9,44.4,"100.556302024","94.528500893",55.7,8.3,131,836,280,1301,79.5,77,376,51.9,675,45.7,594,25.6,40,26.6,46.2,27.2,169,52.1,20.7
"Robinson, Chuckie",642020,2024,29,70,76,9,9,0,0,0,20,5,26.3,6.6,".129",".129",".197","0.326","0.000",".180","0","9","0","0","2",".172",".216",".159",".213",".238",".045",".241","71.3","81.4","1.2",28,1,2,22,"93.5154248","91.0716732",74.5,4.7,27,174,57,298,78.1,23,105,47.3,141,47.3,141,29.9,55,32,38,30,50,60,20
"Walsh, Jared",665120,2024,30,53,60,12,9,2,0,1,21,7,35,11.7,".226",".321",".317","0.638","0.095",".355","7","17","0","0","9",".243",".411",".289",".328",".331",".169",".402","75","84.2","21.5",40.6,3,9.4,31.3,"99.623474375","93.811737188",61.9,8,48,157,47,262,66.3,28,83,51.1,134,45.8,120,41.3,41.6,28.1,43.8,28.1,32,31.3,37.5
"Knizner, Andrew",668800,2024,29,90,93,15,13,1,0,1,22,1,23.7,1.1,".167",".211",".183","0.394","0.044",".206","9","19","0","0","5",".229",".326",".174",".253",".243",".097",".299","70.3","87.3","11.9",33.3,3,4.3,34.8,"98.242582","93.279161304",70.7,8.1,52,193,77,360,80.2,23,116,45.6,164,41.4,149,27.3,55,31.9,39.1,29,69,43.5,17.4
"Salazar, César",663967,2024,28,25,32,8,6,2,0,0,6,2,18.8,6.3,".320",".400",".387","0.787","0.080",".381","8","10","0","0","5",".323",".378",".343",".340",".390",".055",".385","67.7","85.6","17.7",45.5,0,0,13.6,"92.759423636","90.493031429",71.4,5.4,13,62,29,111,80,8,40,50.5,56,38.7,43,22.8,51.4,50,22.7,27.3,22,31.8,22.7
"Realmuto, J.T.",592663,2024,33,380,413,101,68,18,1,14,102,27,24.7,6.5,".266",".429",".322","0.751","0.163",".328","47","163","2","2","50",".264",".466",".326",".340",".320",".202",".360","73.2","89.2","9.4",36.9,29,10.4,46.6,"101.248653813","94.909982842",69.4,7.8,181,896,387,1583,82.4,100,568,51.7,819,42.3,670,26.2,50.5,38.7,36.2,25.1,279,44.8,21.5
"Sanó, Miguel",593934,2024,31,83,95,17,12,3,0,2,36,9,37.9,9.5,".205",".313",".295","0.608","0.108",".326","6","26","0","0","9",".240",".381",".275",".313",".326",".141",".415","76.5","93.8","8.9",33.3,5,10.4,54.2,"106.37931","97.982218958",67.2,8.5,42,197,110,402,72.9,36,133,49.3,198,42,169,38.4,46,50,29.2,20.8,48,47.9,16.7
"Fermín, José",665877,2024,25,71,79,11,9,1,1,0,11,7,13.9,8.9,".155",".197",".241","0.438","0.042",".183","4","14","1","2","7",".194",".238",".207",".244",".276",".044",".230","65.5","85.4","8.3",15,0,0,25,"95.313344","91.718649492",55.2,8.3,47,189,73,324,93,7,100,55.9,181,47.2,153,10.7,40.4,46.7,36.7,16.7,60,61.7,15
"Rortvedt, Ben",666163,2024,26,290,328,66,50,13,0,3,88,34,26.8,10.4,".228",".303",".317","0.620","0.075",".317","31","88","0","1","27",".202",".291",".283",".269",".294",".089",".290","69.7","86.2","11.9",30.2,7,3.5,30.7,"96.9585767","92.49508965",58.9,7.4,241,766,288,1357,82.4,69,391,48.9,664,43.3,587,26.7,43,31.7,39.6,28.7,202,47,20.8
"Turner, Trea",607208,2024,31,505,539,149,103,25,0,21,98,27,18.2,5,".295",".469",".338","0.807","0.174",".331","62","237","4","19","88",".263",".430",".349",".323",".307",".167",".325","71.6","89.1","11.5",30.9,28,6.9,40.7,"99.706063382","94.073107543",74.8,7.8,262,1029,580,2043,85.8,105,741,48.5,991,41.4,846,26.1,53.7,43.6,33.8,22.5,408,47.1,26.5
"Suwinski, Jack",669261,2024,25,247,277,45,28,8,0,9,79,27,28.5,9.7,".182",".324",".264","0.588","0.142",".225","26","80","1","9","29",".218",".370",".260",".298",".298",".152",".321","73.3","88.9","12.9",28.8,15,8.8,38.2,"100.854161429","94.49330497",67.5,7.6,198,628,239,1114,81.9,72,398,53,590,45,501,27.4,46.5,43.5,32.9,23.5,170,46.5,22.9
"Marte, Noelvi",682622,2024,22,229,242,48,35,9,0,4,75,9,31,3.7,".210",".301",".248","0.549","0.091",".291","18","69","3","9","24",".225",".353",".243",".272",".262",".129",".332","73.1","87","11.4",33.5,10,6.5,36.1,"98.631095256","93.351013935",74.4,7.4,87,430,300,882,80.9,57,299,45.6,402,41,362,32.1,54.1,36.8,36.1,27.1,155,45.8,21.3
"Urías, Luis",649966,2024,27,94,109,18,7,7,0,4,34,9,31.2,8.3,".191",".394",".303","0.697","0.203",".250","16","37","0","0","11",".199",".399",".309",".314",".309",".200",".311","68.3","87.1","19.2",43.3,7,11.7,35,"99.362572667","93.8120925",65.8,10.4,48,257,107,452,81.1,28,148,49.8,225,45.1,204,23.1,46.9,45,43.3,11.7,60,33.3,28.3
"Marsh, Brandon",669016,2024,26,418,476,104,68,17,3,16,154,50,32.4,10.5,".249",".419",".328","0.747","0.170",".348","60","175","3","19","55",".233",".418",".326",".327",".318",".185",".369","71.9","91.6","13.8",40.7,27,10,47.4,"101.08883194","95.182442734",61.4,7.4,234,1127,513,2007,83.8,93,575,46.6,936,43.9,882,27.5,41.3,37.4,32.6,30,270,39.3,28.5
"Santander, Anthony",623993,2024,29,595,665,140,69,25,2,44,129,58,19.4,8.7,".235",".506",".308","0.814","0.271",".225","102","301","0","2","91",".225",".458",".345",".327",".301",".234",".287","73.1","89.8","22.7",35,55,11.7,41.6,"100.325476894","94.357156511",67.8,6.8,424,1652,533,2738,84.6,134,869,46.8,1282,42.6,1167,20,49.7,44.4,32.1,23.6,471,30.6,33.8
"Fairchild, Stuart",656413,2024,28,209,233,45,29,8,0,8,60,17,25.8,7.3,".215",".368",".286","0.654","0.153",".261","30","77","1","13","33",".215",".392",".288",".298",".287",".177",".302","70.3","85.5","20.5",27.6,12,7.9,36.8,"98.640738472","93.363702378",74.7,7.5,128,454,222,853,73.4,84,316,49.6,423,41.9,357,35.5,50.2,45.4,28.9,25.7,152,38.8,30.3
"Ward, Taylor",621493,2024,30,585,663,144,91,26,2,25,163,63,24.6,9.5,".246",".426",".323","0.749","0.180",".294","75","249","4","6","73",".246",".466",".325",".345",".326",".220",".340","69.8","90.9","17.4",41.9,56,13,42.4,"100.017751581","94.464585641",64.8,7.9,196,1470,703,2599,82.3,152,858,51,1325,42.2,1097,25.5,43.2,32.3,36.3,31.4,430,32.3,36.3
"Muncy, Max",571970,2024,33,237,293,55,23,17,0,15,77,45,26.3,15.4,".232",".494",".358","0.852","0.262",".265","48","117","0","1","47",".228",".461",".362",".353",".357",".233",".329","71.3","90.2","26.6",32.5,18,10.8,43.4,"100.775015181","94.752278735",63.7,7.4,157,616,329,1208,76.2,86,361,46.9,567,40.8,493,31,40.6,48.2,32.5,19.3,166,25.3,43.4
"Manzardo, Kyle",700932,2024,23,145,156,34,17,12,0,5,41,9,26.3,5.8,".234",".421",".282","0.703","0.187",".290","15","61","0","0","11",".196",".390",".303",".276",".247",".195",".272","71.8","89.1","22.1",31.4,10,9.5,40,"99.627054528","94.056427333",64.7,8.3,116,313,176,636,81,40,211,51.3,326,41.5,264,27.6,46.7,38.1,35.2,26.7,105,28.6,40
"Matos, Luis",682641,2024,22,150,156,32,22,5,0,5,24,5,15.4,3.2,".213",".347",".237","0.584","0.134",".221","25","52","0","0","14",".239",".366",".250",".271",".262",".128",".282","71.7","86.9","14.1",29.1,5,3.9,37,"98.298414688","93.205182992",68.9,6.4,58,319,113,544,92.4,14,184,49.1,267,41.9,228,15.6,54.2,47.2,37,15.7,127,38.6,29.1
"Westbrook, Jamie",642197,2024,29,40,48,6,2,2,0,2,14,4,29.2,8.3,".150",".350",".234","0.584","0.200",".154","7","14","0","0","4",".217",".410",".252",".308",".297",".193",".319","69","89.4","16.3",42.9,3,10.7,35.7,"98.702380714","93.718088214",64.4,9.5,28,111,48,200,77.6,13,58,45,90,42,84,32.6,46,35.7,35.7,28.6,28,32.1,35.7
"Bell, Josh",605137,2024,31,538,603,134,90,23,2,19,120,51,19.9,8.5,".249",".405",".319","0.724","0.156",".286","71","218","1","0","62",".233",".402",".317",".312",".306",".169",".299","70.4","88.9","10.5",31.4,32,7.6,40.1,"100.078711292","94.16958744",73.4,6.2,505,1237,388,2238,81.2,144,766,46.6,1044,43.8,981,26.8,48.8,41.3,31.8,26.8,421,49.6,23.5
"Grandal, Yasmani",518735,2024,35,215,243,49,30,10,0,9,46,24,18.9,9.9,".228",".400",".304","0.704","0.172",".248","27","86","0","1","26",".241",".430",".308",".327",".317",".190",".307","70.3","91.1","11.1",31.8,17,9.8,42.8,"100.246108353","94.442007765",54.1,8.1,157,555,209,952,85.1,41,276,53.6,510,46.8,446,20.1,40.9,40.5,42.2,17.3,173,47.4,28.3
"Higashioka, Kyle",543309,2024,34,246,263,54,26,10,1,17,74,15,28.1,5.7,".220",".476",".263","0.739","0.256",".237","45","117","0","2","29",".216",".434",".314",".299",".261",".218",".308","71.8","88.4","20.7",40.2,19,10.9,37.4,"99.356005116","93.902030409",64.8,7.4,137,545,287,1062,83.1,58,343,49.8,529,40.7,433,25.6,46.4,50,30.5,19.5,174,29.3,35.1
"Carlson, Dylan",666185,2024,25,235,265,49,39,7,0,3,75,22,28.3,8.3,".209",".277",".287","0.564","0.068",".287","25","65","1","2","19",".198",".286",".257",".258",".278",".088",".286","68.5","86.8","15.8",30.1,4,2.5,25.8,"96.530139877","92.297463602",70.5,8,198,644,224,1110,74,104,400,51,567,45.6,507,31,48.2,41.7,30.7,27.6,163,41.7,30.7
"Lowe, Josh",666139,2024,26,353,387,85,54,19,2,10,123,32,31.8,8.3,".241",".391",".302","0.693","0.150",".338","34","138","1","25","37",".225",".396",".299",".297",".289",".172",".344","73.3","90.8","16.9",37.9,24,10.3,46.1,"100.893361034","94.928910905",69.5,6.9,287,909,369,1672,74,152,585,50.3,842,44.1,738,31.9,51.6,34.1,32.8,33.2,232,35.8,29.3
"Bote, David",623520,2024,31,46,48,14,10,4,0,0,13,2,27.1,4.2,".304",".391",".333","0.724","0.087",".424","6","18","0","0","4",".245",".354",".317",".283",".277",".109",".342","73.9","88.3","13.4",30.3,1,3,48.5,"101.161689412","94.874187576",75.6,10.5,36,87,28,162,73.5,18,68,55.6,90,45.7,74,33.3,57.4,27.3,39.4,33.3,33,42.4,24.2
"Abreu, Wilyer",677800,2024,25,399,447,101,51,33,2,15,125,40,28,8.9,".253",".459",".322","0.781","0.206",".326","58","183","3","8","59",".229",".433",".336",".324",".304",".204",".333","74.6","91.6","19.2",33.7,31,11.1,50.5,"101.945020507","95.552365543",68.4,6.7,280,1071,350,1806,76.9,141,610,49.4,892,43.7,789,29.6,48.1,43.7,32.6,23.7,279,34.1,34.1
"DeLuca, Jonny",676356,2024,25,332,362,72,50,12,4,6,77,24,21.3,6.6,".217",".331",".278","0.609","0.114",".265","31","110","6","16","29",".229",".327",".269",".277",".289",".098",".298","70.8","84.6","16.2",32.7,10,3.9,28,"96.24111608","92.14905868",71.5,6.7,128,723,350,1345,83,78,458,47.7,641,42.7,574,24,53.8,40.5,35.8,23.7,257,38.5,21.4
"Gallo, Joey",608336,2024,30,223,260,36,17,9,0,10,102,32,39.2,12.3,".161",".336",".277","0.613","0.175",".232","27","75","1","3","24",".171",".359",".276",".288",".285",".188",".313","72.4","90.5","26.1",32.8,16,13.1,43.4,"100.325545574","94.605556281",68.3,7.7,161,587,252,1075,67.3,121,370,50.4,542,43.7,470,39.6,45.3,54.1,27,18.9,122,27,39.3
"Gonzales, Nick",693304,2024,25,359,387,97,68,19,3,7,74,18,19.1,4.7,".270",".398",".311","0.709","0.128",".319","49","143","3","5","42",".269",".415",".307",".322",".313",".146",".339","71.1","87.9","13",34.1,23,7.9,36.9,"98.826293958","93.505191185",78.2,7.9,133,709,386,1371,82.6,93,536,50,685,43.5,597,24.9,56.2,42.1,33.8,24.1,290,41.7,25.9
"Arenado, Nolan",571448,2024,33,578,635,157,118,23,0,16,92,44,14.5,6.9,".272",".394",".325","0.719","0.122",".296","71","228","2","2","70",".253",".361",".314",".299",".311",".108",".300","70.7","86.3","16.9",35.9,16,3.2,31.6,"96.924147927","92.483246402",63.9,7.8,293,1397,534,2452,90.2,76,778,49.6,1217,42.2,1035,17.2,46.8,44.2,37.3,18.5,493,39.4,23.5
"Casali, Curt",592200,2024,35,108,125,21,17,3,0,1,22,13,17.6,10.4,".194",".250",".293","0.543","0.056",".235","8","27","0","0","12",".208",".288",".254",".274",".305",".079",".262","66.8","83","20",34.1,1,1.1,17,"92.639693256","90.480278353",65.3,7.6,44,262,119,476,84.8,25,164,52.7,251,45.4,216,19.4,43.3,42,38.6,19.3,88,39.8,27.3
"Brooks, Trenton",670092,2024,28,25,29,3,3,0,0,0,6,4,20.7,13.8,".120",".120",".241","0.361","0.000",".158","1","3","0","1","3",".174",".291",".186",".267",".288",".117",".229","64.8","87.2","16.2",31.6,1,5.3,26.3,"97.285603333","92.717795",66,5.5,22,69,12,110,81.8,6,33,45.5,50,48.2,53,27.7,42.7,26.3,42.1,31.6,19,36.8,42.1
"Williams, Alika",675961,2024,25,87,96,18,12,4,2,0,22,3,22.9,3.1,".207",".299",".242","0.541","0.092",".277","5","26","0","1","13",".224",".311",".237",".254",".258",".087",".300","69.6","87.2","15.7",38.6,3,4.3,27.1,"96.808036364","92.542401077",67.5,8.9,35,189,85,336,84.5,20,129,56.8,191,43.2,145,23.1,51.5,34.3,38.6,27.1,70,44.3,22.9
"India, Jonathan",663697,2024,27,533,637,132,87,28,2,15,125,80,19.6,12.6,".248",".392",".357","0.749","0.144",".292","58","209","2","13","84",".262",".418",".333",".354",".373",".156",".342","71.7","87.2","13.5",39.3,32,7.7,36.5,"98.90319256","93.547150797",57.6,8.1,238,1603,618,2652,87.8,95,777,50.9,1350,42.9,1137,19.2,38.3,41.2,39.3,19.4,417,43.2,22.8
"Pillar, Kevin",607680,2024,35,284,314,65,40,16,1,8,69,16,22,5.1,".229",".377",".291","0.668","0.148",".271","45","107","3","12","38",".219",".335",".293",".279",".284",".115",".288","69.4","84.6","17.9",36.5,8,3.7,29.7,"96.438782936","92.245806101",67.8,7.4,154,640,308,1206,85.6,57,396,48.4,584,41.6,502,24.5,52.4,42,37.4,20.5,219,36.1,31.5
"Machado, Manny",592518,2024,31,593,643,163,104,30,0,29,124,45,19.3,7,".275",".472",".325","0.797","0.197",".302","105","280","2","11","77",".266",".467",".340",".340",".320",".202",".338","75.2","92.5","12.7",33.8,52,11,48.8,"103.370494128","96.17209183",72.4,6.9,241,1455,513,2387,83.8,144,888,51.4,1227,44.2,1056,24.4,51.6,35.1,42.5,22.4,473,43.3,22
"Rodgers, Brendan",663898,2024,27,501,539,134,91,29,1,13,132,31,24.5,5.8,".267",".407",".314","0.721","0.140",".338","54","204","0","1","67",".246",".382",".314",".299",".295",".136",".333","71.7","89.3","4.9",33.1,21,5.6,44.1,"101.153269243","94.773964417",69.2,7.6,204,1103,572,2079,85,109,725,50.4,1048,43.5,904,25.9,49.3,33.3,44.4,22.3,372,56.7,16.9
"Bailey, Patrick",672275,2024,25,401,448,94,69,16,1,8,100,39,22.3,8.7,".234",".339",".298","0.637","0.105",".287","46","136","0","4","46",".255",".404",".281",".322",".322",".149",".341","71.3","91.3","12.1",37.9,17,5.5,43,"100.739347483","94.770639073",70,7.5,364,974,351,1787,84.4,100,639,51.2,913,41.4,737,23.4,48.1,37.2,39.2,23.6,309,41.1,24.9
"Adrianza, Ehire",501303,2024,34,26,28,5,3,1,0,1,11,2,39.3,7.1,".192",".346",".250","0.596","0.154",".286","2","9","0","0","4",".172",".307",".262",".241",".231",".135",".298","66.2","88.4","4.8",46.7,1,6.7,33.3,"96.9261025","93.154479333",55.2,8.5,23,67,19,118,75,8,32,49.2,58,43.2,51,35.4,40.7,33.3,33.3,33.3,15,53.3,33.3
"Stevenson, Cal",670276,2024,27,24,27,6,3,3,0,0,4,3,14.8,11.1,".250",".375",".333","0.708","0.125",".300","6","9","0","0","2",".236",".387",".314",".318",".321",".151",".283","68.9","85.6","12.2",25,2,10,25,"95.791164","92.100612632",51.9,13.7,21,61,13,102,85.2,4,27,51,52,41.2,42,15.8,37.3,40,25,35,20,40,35
"Bouchard, Sean",656248,2024,28,91,108,17,9,7,0,1,33,12,30.6,11.1,".187",".297",".290","0.587","0.110",".271","8","27","0","4","14",".166",".289",".266",".262",".276",".123",".259","71.1","89.8","10.7",29.5,3,4.9,34.4,"97.978837667","93.245498",65.7,10,44,243,114,431,76.1,33,138,48.7,210,42,181,33.7,43.4,49.2,27.9,23,61,49.2,29.5
"Goodman, Hunter",696100,2024,24,211,224,40,18,9,0,13,64,8,28.6,3.6,".190",".417",".228","0.645","0.227",".199","36","88","1","1","24",".208",".413",".274",".283",".245",".205",".295","74.9","88.2","16.5",32.9,19,12.8,39.6,"100.1496636","94.135665034",78.1,6,98,437,188,828,80.4,60,306,47.3,392,41.7,345,31.5,58,40.3,35.6,24.2,149,38.9,33.6
"De La Cruz, Bryan",650559,2024,27,584,622,136,90,25,0,21,170,29,27.3,4.7,".233",".384",".271","0.655","0.151",".289","68","224","2","5","61",".241",".431",".283",".306",".279",".190",".337","71.8","89.6","13.1",35.6,39,9.3,41.3,"99.848652919","94.22196445",75.3,7.3,262,1266,617,2394,77.6,197,879,48.7,1167,40.8,977,30.1,53.4,38.7,32.2,29.1,419,41.3,29.8
"Julks, Corey",667452,2024,28,173,189,37,27,7,0,3,50,15,26.5,7.9,".214",".306",".275","0.581","0.092",".281","14","53","2","5","17",".214",".315",".260",".270",".279",".101",".305","70.7","84.9","15",33.9,4,3.2,29,"96.954618226","92.479937742",61.2,7.8,115,407,168,767,82,42,233,49.6,381,45.1,346,25.9,45.8,34.7,36.3,29,124,38.7,28.2
"Ruiz, Esteury",665923,2024,25,55,65,11,6,2,1,2,20,4,30.8,6.2,".200",".382",".270","0.652","0.182",".257","8","21","4","5","10",".179",".350",".281",".287",".263",".170",".286","72.4","87.7","17.1",28.2,4,10.3,35.9,"98.156481053","93.251287027",67.2,4.5,21,143,55,246,85.4,12,82,49.6,122,46.7,115,30.1,50,30.8,48.7,20.5,39,35.9,33.3
"Moncada, Yoán",660162,2024,29,40,45,11,7,3,1,0,11,5,24.4,11.1,".275",".400",".356","0.756","0.125",".379","0","16","0","1","4",".265",".351",".333",".316",".346",".087",".365","70","90.2","6.1",37.9,0,0,34.5,"98.109468667","93.507849655",65.3,6.8,30,105,52,192,89.4,7,66,52.6,101,39.6,76,23.9,45.8,37.9,31,31,29,55.2,10.3
"Harris, Brett",695391,2024,26,103,123,15,9,3,0,3,25,17,20.3,13.8,".146",".262",".276","0.538","0.116",".158","12","27","3","0","15",".184",".282",".252",".276",".308",".099",".240","70.3","87.4","12.8",26.6,4,5.1,36.7,"99.867260769","94.151668718",60.9,7.5,57,304,80,493,82.8,27,157,52.3,258,42.6,210,23.8,41,35.4,38,26.6,79,41.8,24.1
"Olivares, Edward",658668,2024,28,174,196,39,30,4,0,5,37,16,18.9,8.2,".224",".333",".291","0.624","0.109",".250","23","58","0","1","22",".274",".398",".276",".333",".342",".124",".348","71.8","86.8","9.2",35.5,9,6.4,35.5,"98.508436056","93.311684681",68.8,6.3,101,460,173,768,85,40,267,50.5,388,45.8,352,24.2,51,45.4,33.3,21.3,141,49.6,21.3
"Kepler, Max",596146,2024,31,368,399,93,63,21,1,8,80,22,20.1,5.5,".253",".380",".302","0.682","0.127",".300","42","140","0","1","43",".243",".384",".298",".302",".298",".140",".315","71.4","88.9","16.8",35.4,18,6.2,36.8,"99.569991319","93.867541875",74.3,7.1,237,816,345,1498,84.8,84,553,49.7,744,44.8,671,24.4,52.3,40.5,33.3,26.1,291,35.1,31.3
"Morel, Christopher",666624,2024,25,535,611,105,70,11,3,21,159,61,26,10,".196",".346",".288","0.634","0.150",".233","60","185","7","8","56",".222",".401",".280",".316",".313",".180",".316","76.1","89.2","14.2",27.6,39,10.2,40.4,"101.221222105","94.784090605",68.8,7.4,240,1274,615,2352,72.7,216,790,48.9,1149,44.1,1037,34.1,47,45.7,37.5,16.8,381,45.1,25.2
"Vázquez, Christian",543877,2024,33,294,315,65,48,10,0,7,65,11,20.6,3.5,".221",".327",".248","0.575","0.106",".257","27","96","1","3","29",".231",".361",".250",".272",".261",".130",".295","68.3","88.5","16.1",36.1,9,3.8,36.6,"98.036944138","93.213200991",68.5,6.5,106,655,299,1141,86,56,400,51.2,584,44,502,20.8,51.7,37,39.1,23.9,238,40.8,29.4
"Harris II, Michael",671739,2024,23,440,470,116,83,14,3,16,94,23,20,4.9,".264",".418",".304","0.722","0.154",".300","48","184","6","10","58",".280",".468",".312",".346",".322",".188",".356","74.7","90.5","7.5",33.5,35,10,47,"103.329018908","96.053474224",69.7,7.9,245,991,351,1685,81.6,111,604,51.5,867,44.5,749,25.1,55.1,40.7,36.7,22.6,349,49,19.5
"McNeil, Jeff",643446,2024,32,424,472,101,63,26,0,12,68,35,14.4,7.4,".238",".384",".308","0.692","0.146",".256","44","163","1","5","57",".233",".347",".304",".293",".305",".114",".278","68.8","87","14.9",32.2,11,3.1,31.1,"96.866365393","92.484410197",78.4,7.3,206,1013,406,1711,88.9,77,695,51.8,886,44,753,17.5,55.4,42.8,36.7,20.6,360,39.7,26.7
"Kreidler, Ryan",668952,2024,26,59,65,7,6,0,0,1,19,6,29.2,9.2,".119",".169",".200","0.369","0.050",".154","2","10","3","5","9",".167",".250",".177",".231",".244",".084",".246","68.5","82","13.2",17.5,2,5,22.5,"94.154266842","91.379689474",68.9,9.1,27,158,56,263,73.6,24,91,50.2,132,43.3,114,32,46.4,47.5,30,22.5,40,47.5,27.5
"Sosa, Edmundo",624641,2024,28,249,274,64,41,12,4,7,66,13,24.1,4.7,".257",".422",".313","0.735","0.165",".320","31","105","1","7","39",".239",".395",".318",".307",".298",".155",".325","73.1","89.2","12.8",28.5,16,8.6,41.4,"100.484249348","94.380628306",75.2,6.1,146,562,259,1050,80.3,73,370,46.9,492,39.8,418,31.4,56.8,38.7,35.5,25.8,186,45.7,25.8
"Black, Tyler",672012,2024,23,49,57,10,8,2,0,0,17,7,29.8,12.3,".204",".245",".316","0.561","0.041",".313","2","12","0","3","4",".190",".234",".265",".256",".303",".044",".290","68.6","83","16.4",31.3,0,0,15.6,"93.370421875","90.91031625",66.4,7.5,42,144,36,239,82.3,14,79,49.8,119,46,110,24.3,43.1,34.4,31.3,34.4,32,34.4,28.1
"Hill, Derek",656537,2024,28,162,172,39,26,4,2,7,56,5,32.6,2.9,".241",".420",".271","0.691","0.179",".320","25","68","2","6","19",".241",".403",".296",".297",".275",".162",".371","70.4","88.3","9.8",37.6,12,11,36.7,"99.292666346","93.800468365",71.2,10,87,309,152,609,77.5,51,227,52.4,319,44.2,269,35.2,54.2,27.5,45.9,26.6,109,48.6,25.7
"Singleton, Jon",572138,2024,32,355,405,83,56,13,1,13,111,47,27.4,11.6,".234",".386",".321","0.707","0.152",".299","42","137","0","0","46",".226",".390",".312",".314",".316",".165",".328","72.1","88.7","12.8",34.8,22,8.9,37.2,"99.784248293","93.99841",59.9,6.6,287,835,401,1626,78.8,100,472,48.5,788,44.7,727,30.1,40.7,38.9,36.4,24.7,247,39.7,30.8
"Mead, Curtis",678554,2024,23,122,132,29,25,3,0,1,30,6,22.7,4.5,".238",".287",".282","0.569","0.049",".304","7","35","0","2","10",".239",".357",".255",".282",".284",".119",".314","74","88.8","16.3",36.6,4,4.3,36.6,"99.411624468","93.833557742",71.4,6.8,48,248,122,471,82.2,27,152,45.1,213,46.2,218,23.5,52.4,37.6,28,34.4,93,35.5,19.4
"Wisdom, Patrick",621550,2024,32,158,174,27,10,7,2,8,59,10,33.9,5.7,".171",".392",".237","0.629","0.221",".207","23","62","0","5","16",".183",".436",".271",".294",".249",".253",".291","75.4","90.9","28",23.8,16,15.8,48.5,"102.1496362","95.721041717",71.3,7.6,82,414,145,701,77.7,57,256,51.2,359,41.9,294,31.4,49.1,33.7,35.6,30.7,101,25.7,45.5
"Turner, Justin",457759,2024,39,460,539,119,84,24,0,11,95,59,17.6,10.9,".259",".383",".354","0.737","0.124",".299","55","176","2","0","59",".251",".394",".327",".333",".351",".143",".315","65.1","87.1","17.8",40.1,17,4.6,32.5,"96.702342312","92.434680753",65.7,7.3,164,1566,440,2320,88.5,88,763,50.1,1162,43.3,1005,17,45.4,38.7,36.8,24.5,372,32.5,30.6
"Harper, Bryce",547180,2024,31,550,631,157,85,42,0,30,138,76,21.9,12,".285",".525",".373","0.898","0.240",".331","87","289","4","7","85",".264",".486",".380",".361",".356",".222",".353","74","91.1","13.5",36.1,44,10.6,48.2,"102.531835097","95.63882949",78.2,6.2,366,1305,620,2469,85.1,125,837,43.3,1071,39.7,980,26.7,52.9,34.2,34.5,31.3,415,38.6,30.4
"Rosario, Eguy",666703,2024,24,53,57,13,4,6,0,3,20,2,35.1,3.5,".245",".528",".286","0.814","0.283",".333","6","28","0","0","5",".191",".398",".345",".275",".235",".207",".307","72.5","89.2","12.9",41.2,5,14.7,47.1,"100.516977059","94.79073697",59.3,10.2,31,118,65,226,73.4,17,64,47.8,108,44.2,100,41.9,46.5,38.2,41.2,20.6,34,38.2,29.4
"Olson, Matt",621566,2024,30,600,685,148,81,37,1,29,170,71,24.8,10.4,".247",".457",".333","0.790","0.210",".293","98","274","0","0","78",".242",".454",".339",".342",".331",".212",".338","73.8","91.5","16.1",35.4,54,12.4,47.4,"102.726279537","95.899543218",72.3,6.9,349,1795,607,2947,78,225,1025,48.1,1417,43.1,1272,26.3,49.7,38.4,34.7,26.9,435,35.9,30.3
"Narváez, Omar",553882,2024,32,65,69,10,8,2,0,0,12,3,17.4,4.3,".154",".185",".191","0.376","0.031",".189","5","12","0","0","4",".178",".246",".171",".206",".215",".068",".220","65.8","86.1","21",27.8,0,0,22.2,"95.079605769","91.719535686",70.9,8.2,37,152,67,269,87.6,13,105,55,148,46.1,124,16.5,51.7,24.1,51.9,24.1,54,37,31.5
"Carroll, Corbin",682998,2024,23,589,684,136,78,22,14,22,130,73,19,10.7,".231",".428",".322","0.750","0.197",".256","74","252","8","35","121",".239",".401",".325",".328",".332",".162",".305","73.7","89.3","12",27.8,34,7.2,40.8,"101.055665665","94.755672366",59.8,7.3,322,1592,568,2648,87,97,747,47.2,1249,41.2,1092,20.3,41.4,37.8,36.5,25.7,471,44.6,22.1
"Bethancourt, Christian",542194,2024,32,139,147,29,17,7,0,5,36,5,24.5,3.4,".209",".367",".241","0.608","0.158",".245","22","51","0","3","18",".217",".372",".263",".274",".249",".156",".293","71.9","89.1","12.4",25.7,8,7.6,41.9,"100.460386122","94.266459184",77.5,7,62,264,139,516,77.1,41,179,44.8,231,41.9,216,31.5,61.4,39,41,20,105,47.6,30.5
"Jones, Jahmai",663330,2024,26,42,47,10,7,1,1,1,16,2,34,4.3,".238",".381",".304","0.685","0.143",".360","4","16","1","1","8",".189",".329",".302",".266",".260",".140",".305","73","85.2","15.8",29.6,2,7.4,40.7,"100.023084615","94.240694615",63.7,11.2,16,71,40,152,82.4,9,51,52.6,80,38.8,59,30.9,44.7,37,40.7,22.2,27,40.7,33.3
"Lopez, Otto",672640,2024,25,403,434,109,79,23,1,6,75,25,17.3,5.8,".270",".377",".313","0.690","0.107",".318","39","152","4","20","49",".272",".402",".302",".317",".315",".129",".333","70.7","88","5.4",30.4,17,5.1,38.9,"99.482984485","93.902266182",70.4,8,183,836,389,1545,87.6,68,549,50.5,780,41.4,640,21.9,51.4,31.3,43.7,25,332,54.2,20.2
"Henderson, Gunnar",683002,2024,23,630,719,177,102,31,7,37,159,78,22.1,10.8,".281",".529",".364","0.893","0.248",".320","92","333","4","21","118",".279",".499",".381",".375",".364",".220",".373","76.3","92.8","9.2",34.5,53,11.2,53.9,"104.002332911","96.835723291",66.7,7,496,1650,574,2896,82.5,164,935,48.4,1402,43.4,1258,24.4,44.2,36.6,40,23.4,475,47.4,23.6
"Bleday, JJ",668709,2024,26,572,642,139,72,43,4,20,125,67,19.5,10.4,".243",".437",".324","0.761","0.194",".279","60","250","3","2","74",".238",".413",".330",".322",".320",".176",".304","71.7","88.5","18.6",37.1,37,8.3,36.2,"98.959573229","93.527316345",67.8,7.1,487,1219,625,2483,83,137,805,47.8,1188,44.6,1107,26.1,45.3,41.3,35.9,22.8,448,34.8,31.3
"Moore, Dylan",664238,2024,31,368,441,74,37,23,4,10,123,53,27.9,12,".201",".367",".320","0.687","0.166",".267","42","135","6","32","53",".196",".333",".306",".298",".319",".137",".293","73","88.4","22.6",38.2,22,8.8,36.3,"98.78016696","93.44884728",65.3,6.9,215,988,450,1804,80.7,118,611,51.8,935,44.3,799,24.8,42.4,49.8,31.1,19.1,251,29.9,33.5
"Freeman, Freddie",518692,2024,34,542,638,153,94,35,2,22,100,78,15.7,12.2,".282",".476",".378","0.854","0.194",".306","89","258","2","9","81",".272",".475",".365",".369",".372",".203",".332","69.8","89.4","14.3",43.1,41,9.1,41.8,"100.349133067","94.527301044",73.7,6.8,326,1467,549,2522,83.4,149,896,48.2,1215,42.9,1083,20.2,49.4,34.2,34.9,30.9,450,38.7,31.1
"Alvarez, Yordan",670541,2024,27,552,635,170,99,34,2,35,95,69,15,10.9,".308",".567",".392","0.959","0.259",".317","86","313","0","6","88",".299",".607",".402",".415",".386",".308",".360","76.5","93.1","18.3",35.4,67,14.5,49.7,"104.097105087","96.703519522",68,6.1,277,1307,547,2264,88.9,79,710,46.1,1044,43.5,985,19.9,47.8,36.4,38.4,25.2,461,33.4,36.2
"Trejo, Alan",676701,2024,28,63,67,9,9,0,0,0,15,2,22.4,3,".143",".143",".182","0.325","0.000",".188","1","9","0","0","4",".190",".264",".152",".220",".226",".075",".249","66","86.5","13.4",26.5,1,2,24.5,"96.015786087","92.100694348",78.8,9.5,22,118,65,221,85.4,12,82,47.1,104,41.6,92,25.8,57.9,22.4,57.1,20.4,49,51,28.6
"Haniger, Mitch",571745,2024,33,380,423,79,55,12,0,12,126,40,29.8,9.5,".208",".334",".286","0.620","0.126",".276","44","127","0","0","42",".214",".380",".277",".298",".293",".166",".321","72.9","90.6","13.7",31,23,9,45.9,"101.021551732","95.105264331",63.5,7.8,209,930,459,1758,76.5,133,566,50.7,892,43.5,764,32.3,44,41.6,36.9,21.6,255,42.7,28.6
"Wagaman, Eric",676572,2024,26,72,74,18,11,5,0,2,17,2,23,2.7,".250",".403",".270","0.673","0.153",".302","10","29","0","0","6",".267",".429",".290",".310",".287",".162",".351","71.1","91.7","8.3",38.2,3,5.5,40,"101.318351481","95.375562222",73,8.9,29,137,77,269,90,10,100,50.9,137,41.3,111,20.9,51.7,21.8,43.6,34.5,55,41.8,25.5
"Triolo, Jared",669707,2024,26,394,446,85,65,10,1,9,118,42,26.5,9.4,".216",".315",".296","0.611","0.099",".279","46","124","1","8","41",".226",".347",".275",".296",".308",".121",".322","70.5","88.4","13.4",38.8,15,5.3,39.1,"99.388421871","93.892534424",70,8,165,1006,449,1764,80.4,122,622,50.3,888,45.2,797,27.4,47.7,37.4,36.7,26,281,41.3,26
"Grissom, Vaughn",687093,2024,23,105,114,20,17,3,0,0,24,7,21.1,6.1,".190",".219",".246","0.465","0.029",".244","6","23","0","2","10",".253",".349",".213",".294",".305",".095",".326","69.1","86.1","8.3",41.5,4,4.9,32.9,"97.751728293","92.913035244",62,7.2,27,251,129,443,87.3,17,134,48.8,216,42.7,189,22.4,45.4,34.1,37.8,28,82,46.3,19.5
"Hiura, Keston",669374,2024,27,27,27,4,4,0,0,0,10,0,37,0,".148",".148",".148","0.296","0.000",".235","1","4","1","0","1",".192",".246",".131",".193",".192",".054",".305","72.7","82.2","6.3",35.3,0,0,23.5,"95.10337","92.050639412",68.1,2.2,2,49,33,93,71.9,9,32,50.5,47,53.8,50,39.2,54.8,35.3,47.1,17.6,17,64.7,0
"Valdez, Enmanuel",665839,2024,25,201,223,43,25,12,0,6,53,17,23.8,7.6,".214",".363",".270","0.633","0.149",".253","28","73","1","1","23",".231",".418",".275",".308",".289",".187",".311","70.4","89.4","19.3",32,14,9.2,41.8,"99.9120656","94.1331724",60.5,6.9,176,470,205,919,85,40,266,47.9,440,41.7,383,22.1,43.9,46.4,28.8,24.8,153,34.6,32.7
"Fry, David",681807,2024,28,335,392,88,55,18,1,14,84,42,21.4,10.7,".263",".448",".356","0.804","0.185",".307","51","150","1","4","44",".247",".408",".347",".332",".345",".161",".328","70.5","88.3","19.6",36.9,19,7.5,37.6,"99.146678031","93.715471417",71,6.5,176,846,353,1515,83.8,86,531,49.4,748,42.2,640,24.8,49.2,47.1,31,22,255,34.1,32.9
"DeJong, Paul",657557,2024,30,445,482,101,60,17,0,24,156,23,32.4,4.8,".227",".427",".276","0.703","0.200",".285","56","190","2","2","54",".216",".402",".302",".293",".268",".186",".331","72","87.8","20",36.4,30,10.2,41.5,"99.999893878","94.174456531",80.6,7.4,216,1065,442,1851,73.7,201,764,51.2,948,42.6,788,34.9,58,42.9,34.4,22.8,294,32,33.3
"Taveras, Leody",665750,2024,25,480,529,110,78,17,3,12,112,42,21.2,7.9,".229",".352",".289","0.641","0.123",".272","44","169","6","23","59",".238",".378",".282",".299",".299",".140",".310","71.3","89","14.7",31.5,22,5.9,35.5,"99.173170874","93.650113205",69.5,7.2,417,1063,426,2008,82.6,119,682,48.9,982,43.7,877,26.2,48.8,29.9,37.3,32.8,375,41.1,27.2
"Marte, Ketel",606466,2024,30,504,583,147,86,23,2,36,106,65,18.2,11.1,".292",".560",".372","0.932","0.268",".299","95","282","1","7","93",".289",".545",".391",".394",".374",".256",".364","73.7","94","9.4",33.7,50,12.3,53.8,"103.991137178","96.920444406",71.3,7.3,500,1149,397,2146,85.9,106,750,49,1052,42.5,912,21.3,48.2,47.4,35.9,16.7,407,48.9,24.8
"Profar, Jurickson",595777,2024,31,564,668,158,105,29,0,24,101,76,15.1,11.4,".280",".459",".380","0.839","0.179",".302","85","259","3","10","94",".279",".451",".365",".366",".381",".171",".339","71.7","91.1","13.4",31.3,34,7.2,44.4,"100.952441293","94.862553707",68.6,7.4,417,1589,614,2739,87.9,115,954,50.7,1390,42.2,1156,17,45.6,39.3,35.9,24.7,473,43.1,25.6
"Greene, Riley",682985,2024,23,512,584,134,77,27,6,24,156,64,26.7,11,".262",".479",".348","0.827","0.217",".329","74","245","2","4","82",".249",".487",".355",".355",".338",".238",".357","74.7","91.3","12.2",39.1,48,13.4,47.1,"102.088081676","95.54007409",66.3,7.6,463,1286,505,2415,80.6,151,778,48.8,1174,41.6,1001,26.8,44.3,37.4,39.4,23.2,358,43.6,27.7
"Verdugo, Alex",657077,2024,28,559,621,130,88,28,1,13,93,49,15,7.9,".233",".356",".291","0.647","0.123",".253","61","199","1","2","74",".247",".383",".283",".306",".307",".136",".294","68.3","88.3","9.9",31.6,27,5.6,34.9,"98.009613263","93.0881338",61.3,8.7,349,1384,455,2342,91,69,767,53.4,1251,44.7,1048,15.5,44.7,34.9,35.6,29.5,478,49.6,23
"Schunk, Aaron",668845,2024,26,94,98,22,17,3,0,2,31,4,31.6,4.1,".234",".330",".265","0.595","0.096",".328","7","31","1","0","14",".204",".309",".257",".237",".236",".105",".304","68.8","85.3","11.9",39.7,3,4.8,31.7,"95.868961613","91.961485484",76,7.5,32,200,96,371,83.8,22,136,48.2,179,45.8,170,27.6,58.5,39.7,36.5,23.8,63,36.5,25.4
"Vilade, Ryan",668723,2024,25,45,49,8,7,0,0,1,12,2,24.5,4.1,".178",".244",".208","0.452","0.066",".212","5","11","0","0","5",".228",".315",".200",".251",".256",".087",".302","74.3","86.2","5.5",25.7,2,5.7,37.1,"98.862848235","93.483419118",73,9,17,110,41,188,78.1,16,73,53.2,100,42.6,80,24,55.3,28.6,45.7,25.7,35,57.1,20
"Stewart, DJ",621466,2024,30,158,194,28,19,4,0,5,48,31,24.7,16,".177",".297",".325","0.622","0.120",".217","19","47","0","1","16",".210",".358",".290",".330",".355",".148",".305","71.5","89.7","19.1",34.2,9,8.1,39.6,"100.346718909","94.280565091",66.5,8.1,99,483,153,765,76.5,61,260,51.1,391,43.5,333,30,40.9,48.6,32.4,18.9,111,32.4,36
"Tena, José",677588,2024,23,161,168,43,35,5,0,3,41,7,24.4,4.2,".267",".354",".298","0.652","0.087",".342","15","57","1","6","14",".252",".418",".286",".306",".283",".166",".339","71.2","91.2","7.6",30.8,10,8.3,49.2,"100.972500862","95.33151313",67.3,8.3,67,384,171,673,83.8,37,228,50.4,339,41.9,282,24,50.2,24.2,44.2,31.7,120,47.5,21.7
"Urías, Ramón",602104,2024,30,272,301,69,47,9,2,11,55,23,18.3,7.6,".254",".423",".322","0.745","0.169",".280","37","115","1","1","39",".245",".437",".325",".331",".317",".191",".309","70.5","88.3","12.8",32.6,19,8.7,38.5,"98.830197431","93.627220321",74.2,8.9,89,663,261,1150,79.5,86,419,49.1,565,38.9,447,26.8,49.6,32.1,41.7,26.1,218,43.6,27.5
"Barnes, Austin",605131,2024,34,140,156,37,33,3,0,1,36,14,23.1,9,".264",".307",".331","0.638","0.043",".350","11","43","0","3","12",".227",".298",".289",".275",".297",".071",".305","68.2","86.3","9.5",30.2,2,1.9,31.1,"96.963688654","92.484081538",69.8,9.1,46,374,118,593,84.3,36,229,55.3,328,41.3,245,22.8,47.4,37.7,37.7,24.5,106,50,16
"Cowser, Colton",681297,2024,24,499,561,121,70,24,3,24,172,52,30.7,9.3,".242",".447",".321","0.768","0.205",".317","69","223","4","9","77",".230",".456",".331",".333",".312",".226",".351","73.8","90.5","13",32.1,45,13.6,46.1,"101.838992303","95.374243739",64,7.1,454,1199,520,2311,79.9,149,740,50.1,1157,42.9,992,30.4,44.5,34.8,39.4,25.8,330,43.3,30.6
"Amaya, Jacob",676070,2024,25,68,72,12,11,1,0,0,28,4,38.9,5.6,".176",".191",".222","0.413","0.015",".300","3","13","0","1","4",".179",".225",".190",".206",".225",".046",".304","67.5","87.8","6.3",30,1,2.5,32.5,"97.4944915","92.840182",54.2,7.3,28,181,59,301,79.8,17,84,51.5,155,46.8,141,27.7,37.2,35,32.5,32.5,40,52.5,17.5
"Díaz, Elias",553869,2024,33,325,351,86,60,20,0,6,69,20,19.7,5.7,".265",".382",".313","0.695","0.117",".317","39","124","0","0","27",".237",".342",".303",".281",".289",".105",".301","73.9","87.1","7.6",31,12,4.7,34.5,"99.032119063","93.543152344",76.1,8.1,161,718,316,1323,81.6,89,484,48.1,636,42.6,564,27.8,53.8,34.1,43.8,22.1,258,51.2,17.1
"Castro, Willi",650489,2024,27,558,635,138,90,31,5,12,150,51,23.6,8,".247",".385",".331","0.716","0.138",".315","60","215","9","14","89",".242",".390",".317",".323",".330",".147",".333","70.6","87.4","13.6",39,29,7,36.8,"98.851706502","93.501303852",72.7,8.1,461,1378,562,2509,82.6,153,877,48.1,1207,42.7,1072,29,51.4,40.4,34.1,25.4,413,40,27.1
"De La Cruz, Elly",682829,2024,22,618,696,160,89,36,10,25,218,69,31.3,9.9,".259",".471",".339","0.810","0.212",".359","76","291","16","67","105",".237",".437",".349",".330",".319",".200",".366","75.2","91.8","9.7",35.7,51,12.7,45.7,"102.95535404","95.90272362",61.7,6.7,515,1439,604,2751,76.8,186,802,47.3,1300,41.2,1133,33.4,43.4,43.4,34,22.6,403,47.1,24.8
"Gurriel, Yuli",493329,2024,40,54,65,13,10,3,0,0,15,9,23.1,13.8,".241",".296",".338","0.634","0.055",".317","6","16","0","1","7",".256",".343",".289",".324",".362",".088",".355","73.3","90.3","7.5",34.1,1,2.4,53.7,"101.775798095","95.580734878",61.4,11,33,165,70,281,85.9,11,78,45.2,127,42.7,120,22.3,43.1,53.7,36.6,9.8,41,43.9,19.5
"Yelich, Christian",592885,2024,32,270,315,85,59,12,3,11,58,40,18.4,12.7,".315",".504",".406","0.910","0.189",".366","42","136","1","21","44",".287",".473",".391",".373",".382",".186",".364","73.2","91.1","5.2",32.2,17,7.9,46.7,"103.017733429","96.008981238",69.9,6.5,178,724,303,1268,84.9,62,411,46.4,588,42.3,536,23.1,45.7,39.3,34.6,26.2,214,54.2,19.2
"De Los Santos, Luis",665782,2024,26,29,31,5,3,2,0,0,10,2,32.3,6.5,".172",".241",".226","0.467","0.069",".263","1","7","0","0","2",".185",".233",".211",".220",".238",".048",".283","73.8","84.9","-5.7",26.3,0,0,42.1,"98.886846","93.729918947",55.9,6.6,16,54,37,121,84.8,5,33,48.8,59,43.8,53,26.4,43.8,21.1,31.6,47.4,19,57.9,15.8
"García, Avisaíl",541645,2024,33,50,51,12,9,1,0,2,13,1,25.5,2,".240",".380",".255","0.635","0.140",".286","2","19","0","0","4",".252",".421",".274",".303",".266",".170",".340","69","86.6","2.1",27,3,8.1,29.7,"99.087732632","93.693700541",84.6,7,36,111,34,186,88.3,9,77,48.9,91,34.9,65,29.5,60.2,40.5,37.8,21.6,37,64.9,21.6
"Maldonado, Martín",455117,2024,37,135,147,16,9,3,0,4,51,8,34.7,5.4,".119",".230",".174","0.404","0.111",".150","11","31","0","0","9",".157",".287",".181",".221",".210",".130",".253","70.9","88","20.1",29.9,7,8,35.6,"98.499170952","93.412792619",64.1,7.9,33,330,145,556,76.2,46,193,54,301,42.9,239,36.1,49.3,50.6,33.3,16.1,87,40.2,35.6
"Suzuki, Seiya",673548,2024,29,512,585,145,91,27,6,21,160,63,27.4,10.8,".283",".482",".366","0.848","0.199",".370","73","247","6","16","74",".252",".464",".365",".348",".340",".212",".365","73","91.7","16.2",38.8,41,11.5,49.2,"102.565369326","95.834191408",59.6,7.5,329,1455,548,2509,83.4,121,727,48.6,1220,42.4,1063,24.5,39.6,32.6,44.9,22.5,356,33.7,34
"Cabbage, Trey",663550,2024,27,86,91,18,9,8,0,1,34,4,37.4,4.4,".209",".337",".253","0.590","0.128",".333","8","29","1","1","12",".188",".358",".258",".261",".233",".170",".311","75.9","92.8","7.7",32.7,8,15.4,53.8,"103.273487308","96.42701451",72.5,7.1,87,156,66,336,76.6,26,111,45.5,153,44.3,149,40.7,52.7,36.5,44.2,19.2,52,50,17.3
"Soler, Jorge",624585,2024,32,493,574,119,63,34,1,21,141,68,24.6,11.8,".241",".442",".338","0.780","0.201",".293","64","218","0","1","84",".242",".463",".340",".352",".341",".221",".338","75.4","90.5","17.9",33.4,45,12.6,44.1,"101.898357865","95.262490702",64.8,6.4,289,1228,631,2361,82.9,121,708,46.4,1092,40.5,953,28.9,44.5,41.6,36.2,22.2,356,37.6,30.1
"Candelario, Jeimer",600869,2024,30,427,463,96,51,23,2,20,114,27,24.6,5.8,".225",".429",".279","0.708","0.204",".257","56","183","3","4","47",".220",".375",".304",".285",".274",".156",".298","68.4","86.9","12.4",33.9,26,8.2,34.5,"97.855535823","92.968221397",70.1,7.1,290,902,484,1781,79.1,125,599,48,854,43.2,769,29.1,51.7,45.9,31.3,22.8,316,41.5,30.7
"Sabol, Blake",666165,2024,26,32,38,10,8,2,0,0,9,5,23.7,13.2,".313",".375",".421","0.796","0.062",".435","1","12","0","0","3",".244",".398",".352",".330",".363",".154",".339","71.2","90.3","12.7",30.4,2,8.7,43.5,"100.935788333","95.14385",75.8,8.1,41,64,19,124,83,8,47,50,62,42.7,53,33.8,52.4,43.5,21.7,34.8,23,47.8,21.7
"Hampson, Garrett",641658,2024,29,213,231,49,35,13,1,0,59,14,25.5,6.1,".230",".300",".275","0.575","0.070",".314","16","64","2","7","16",".206",".297",".255",".252",".256",".091",".285","69","86","16.1",31.6,7,4.4,30.4,"96.882247895","92.472205166",66.1,7.9,109,473,238,883,84,50,312,53.5,472,45,397,22.9,47.6,34.8,33.5,31.6,158,38.6,29.7
"Bauers, Jake",641343,2024,28,302,346,60,37,9,2,12,118,39,34.1,11.3,".199",".361",".301","0.662","0.162",".279","43","109","1","13","45",".200",".391",".294",".305",".302",".191",".328","73.8","89.4","22.6",38.6,19,10.3,42.9,"99.96682033","94.377085138",68.7,7.8,259,824,330,1512,79.4,114,554,53.3,806,44.9,679,29.1,45.8,48.4,31,20.7,184,28.3,35.3
"Rojas, Josh",668942,2024,30,422,476,95,66,19,2,8,108,46,22.7,9.7,".225",".336",".304","0.640","0.111",".282","31","142","4","10","48",".221",".361",".286",".297",".303",".140",".298","66.6","88.2","15.5",35.6,18,5.7,38.2,"97.946263631","93.225198599",66.9,9.1,303,1073,414,1901,84.1,106,667,52.4,997,46.2,879,24.4,45.6,38.2,37.5,24.3,317,40.4,29
"Conine, Griffin",665052,2024,26,82,89,22,14,4,1,3,28,6,31.5,6.7,".268",".451",".326","0.777","0.183",".373","12","37","0","0","14",".216",".376",".337",".289",".279",".160",".332","73","89.1","7",29.6,4,7.4,40.7,"100.963877308","94.724784038",73.2,7.5,46,170,93,334,80.8,23,120,49.1,164,44.3,148,28.4,52.7,46.3,37,16.7,54,55.6,20.4
"Dalbec, Bobby",666915,2024,29,83,93,11,8,2,0,1,43,8,46.2,8.6,".133",".193",".217","0.410","0.060",".256","8","16","0","3","6",".117",".178",".194",".184",".204",".060",".244","72.3","86","10",19.5,1,2.4,39,"98.6997445","93.55091125",65.1,5.6,68,204,110,413,58.8,56,136,50.6,209,45.8,189,41.8,47,26.8,39,34.1,41,43.9,39
"Ohtani, Shohei",660271,2024,29,636,731,197,98,38,7,54,162,81,22.2,11.1,".310",".646",".390","1.036","0.336",".336","130","411","4","59","134",".310",".672",".431",".444",".392",".363",".414","76.3","95.8","16.2",37.8,103,21.5,60.1,"106.727792385","98.772122364",69.7,6.5,448,1521,670,2838,76.9,219,950,48,1363,42.4,1203,29.8,47.3,43.6,32.6,23.8,479,36.3,31.3
"Shewmake, Braden",669699,2024,26,64,67,8,5,2,0,1,10,1,14.9,1.5,".125",".203",".134","0.337","0.078",".127","4","13","1","5","4",".178",".279",".144",".206",".189",".101",".208","69.6","86.5","14.3",28.6,2,3.6,26.8,"95.829561786","92.007375636",71.1,7.5,19,141,43,214,85.2,12,81,53.3,114,47.2,101,26.3,55.1,42.9,23.2,33.9,56,48.2,19.6
"Raley, Luke",670042,2024,29,404,455,98,55,19,2,22,135,27,29.7,5.9,".243",".463",".320","0.783","0.220",".305","58","187","2","11","58",".220",".433",".339",".321",".301",".213",".329","75","90.1","13.5",31.5,30,11,41.8,"101.696067615","95.042152538",75.2,7.9,313,831,445,1713,76.4,154,652,50.6,867,44,754,34.5,51.8,44,34.8,21.2,273,47.3,24.5
"Davis, Henry",680779,2024,24,104,122,15,10,4,0,1,45,13,36.9,10.7,".144",".212",".242","0.454","0.068",".233","5","22","0","0","9",".152",".227",".213",".225",".250",".076",".262","72.5","85.3","17.2",29,3,4.8,35.5,"97.637210645","92.897598852",71.3,8.4,53,296,132,521,70.9,52,179,48.2,251,43.6,227,36.3,47,45.2,30.6,24.2,62,40.3,21
"Paris, Kyren",677347,2024,22,51,59,6,3,2,0,1,17,7,28.8,11.9,".118",".216",".224","0.440","0.098",".152","5","11","0","1","4",".180",".315",".207",".270",".279",".135",".270","72.1","87.8","6.3",32.4,2,5.9,35.3,"99.428883529","93.801852059",69.9,9.4,18,143,46,234,79.7,16,79,48.1,113,33.2,78,29.8,44.4,26.5,38.2,35.3,34,52.9,20.6
"Wilson, Weston",642215,2024,29,88,98,25,14,7,1,3,29,8,29.6,8.2,".284",".489",".347","0.836","0.205",".386","10","43","0","3","13",".220",".427",".358",".318",".293",".207",".329","72.3","89.7","19.1",35,9,15,50,"101.994087","95.716620847",65.9,7.1,60,184,113,379,79.2,25,120,48,182,40.1,152,33.9,45.9,40,28.3,31.7,60,33.3,23.3
"Tovar, Ezequiel",678662,2024,22,655,695,176,101,45,4,26,200,23,28.8,3.3,".269",".469",".295","0.764","0.200",".344","78","307","5","6","83",".231",".410",".324",".291",".261",".179",".331","71.3","88.8","18.9",38.5,42,9,39.8,"99.306485852","93.964016332",82,6.9,233,1420,623,2528,78.1,218,997,48.1,1216,41,1036,33.5,62.3,36.4,36.4,27.2,467,34.5,33.6
"Abreu, José",547989,2024,37,113,120,14,10,2,0,2,28,4,23.3,3.3,".124",".195",".167","0.362","0.071",".143","7","22","0","0","10",".161",".244",".164",".201",".202",".083",".212","73.1","87.8","6.7",26.7,2,2.3,33.7,"98.240018605","93.123486279",68.7,6.4,47,299,114,486,78.1,37,169,50.6,246,44,214,29.7,51.2,25.6,44.2,30.2,86,52.3,25.6
"Garver, Mitch",641598,2024,33,367,430,63,31,17,0,15,133,53,30.9,12.3,".172",".341",".286","0.627","0.169",".216","51","125","0","0","37",".176",".335",".281",".284",".291",".159",".276","71.2","89.9","18.3",32.5,20,8.4,39.7,"99.983276271","94.254381059",57.6,7.5,219,863,553,1815,78.6,111,519,49.6,901,44,798,30.8,38.7,45.6,36.7,17.7,237,35.9,30.8
"Encarnacion, Jerar",666464,2024,26,113,119,28,18,5,0,5,34,5,28.6,4.2,".248",".425",".277","0.702","0.177",".307","19","48","0","1","13",".269",".513",".301",".352",".301",".244",".386","77","95","6.7",37.5,12,15,58.8,"105.57868275","97.868597468",60.7,6.7,52,262,121,490,81.4,29,156,52.4,257,45.5,223,28.7,48.4,28.7,45,26.3,80,48.8,21.3
"Allen, Nick",669397,2024,25,97,105,17,12,4,0,1,20,5,19,4.8,".175",".247",".216","0.463","0.072",".211","4","24","0","0","6",".202",".248",".207",".224",".241",".046",".255","65","84.4","8.9",25,1,1.3,17.5,"93.887057838","90.966985405",66.3,6.2,36,195,110,356,88.1,16,134,56.7,202,43,153,18.8,49.4,32.5,40,27.5,80,57.5,13.8
"Chourio, Jackson",694192,2024,20,528,573,145,91,29,4,21,121,39,21.1,6.8,".275",".464",".327","0.791","0.189",".320","79","245","7","22","80",".267",".431",".339",".327",".320",".165",".344","73.2","89.7","7.6",33.2,32,7.8,44.9,"100.832969557","94.831073407",66.1,7.8,210,1213,513,2103,82.7,119,689,49.6,1043,41.2,867,27.1,48.8,33.2,42.7,24.1,410,48,24.4
"Tellez, Rowdy",642133,2024,29,383,421,93,62,18,0,13,89,31,21.1,7.4,".243",".392",".299","0.691","0.149",".280","56","150","0","1","38",".234",".403",".301",".305",".294",".169",".304","74.4","89.4","17",32.4,24,8,36.5,"100.611958926","94.350585034",58.8,7,299,938,344,1666,88.5,57,494,50.4,840,45.8,764,21.9,43.3,38.1,33.8,28.1,299,37.8,25.4
"Contreras, Willson",575929,2024,32,301,358,79,47,17,0,15,96,45,26.8,12.6,".262",".468",".380","0.848","0.206",".337","36","141","1","4","48",".256",".461",".370",".367",".374",".205",".375","75.9","91.6","14.2",32.7,23,11.2,46.8,"103.712134757","96.17214078",71.2,7.8,165,767,344,1382,77.8,105,474,48.2,666,41.7,576,35,49.8,36.6,34.6,28.8,205,42.4,24.4
"Calhoun, Willie",641432,2024,29,229,254,56,35,16,0,5,31,23,12.2,9.1,".245",".380",".315","0.695","0.135",".263","20","87","1","0","26",".257",".364",".305",".311",".327",".108",".297","69.9","89","12.4",30.2,6,3,37.7,"98.9731294","93.584500603",64.2,7.2,142,559,200,958,91.9,25,309,50.2,481,42.3,405,13.2,43.6,38.7,39.2,22.1,199,43.7,22.1
"Davis, J.D.",605204,2024,31,142,157,31,22,5,0,4,39,12,24.8,7.6,".218",".338",".293","0.631","0.120",".273","6","48","0","0","13",".210",".366",".282",".290",".286",".156",".290","72.5","89.1","2.8",24.3,9,8.7,43.7,"101.438864902","94.978441569",74.4,8.9,71,346,123,587,68.9,73,235,53.8,316,41.6,244,34.8,51.4,36.9,39.8,23.3,103,64.1,16.5
"Pinto, René",650907,2024,27,42,49,9,4,3,0,2,18,4,36.7,8.2,".214",".429",".292","0.721","0.215",".304","6","18","0","0","5",".187",".483",".310",".335",".278",".296",".335","74.6","93.7","27.6",46.2,5,19.2,61.5,"101.410450769","96.112166",73.6,7,25,125,24,185,65.6,22,64,47,87,50.3,93,42.4,49.7,26.9,23.1,50,26,19.2,50
"Biggio, Cavan",624415,2024,29,188,224,37,27,5,0,5,72,24,32.1,10.7,".197",".303",".314","0.617","0.106",".288","19","57","0","2","27",".179",".245",".285",".260",".299",".066",".290","66.9","82","21.2",37.3,3,2.5,16.9,"92.815215439","90.564125877",55.4,8.2,125,543,211,955,83.9,46,285,53.8,514,44.9,429,23.8,38.2,33.9,44.9,21.2,118,36.4,27.1
"Julien, Edouard",666397,2024,25,266,301,53,36,9,0,8,102,33,33.9,11,".199",".323",".292","0.615","0.124",".288","21","86","0","6","36",".193",".355",".278",".288",".287",".162",".314","71.9","87.8","11.9",38.4,16,9.8,37.8,"98.889968415","93.491651402",63.1,7.3,197,617,335,1235,78.1,86,393,50.4,623,44.1,545,30.9,40.6,36,32.9,31.1,164,45.1,31.7
"Conforto, Michael",624424,2024,31,438,488,104,54,27,3,20,118,42,24.2,8.6,".237",".450",".309","0.759","0.213",".277","66","197","1","0","56",".254",".488",".327",".353",".326",".235",".347","74.1","90.2","14.8",33.7,38,11.8,46,"101.95530559","95.249550592",65.4,8.3,351,1084,408,1965,82,115,638,49.7,975,42.6,837,25.2,44.8,41.5,35,23.5,323,41.5,29.1
"Jiménez, Eloy",650391,2024,27,324,349,77,57,14,0,6,70,22,20.1,6.3,".238",".336",".289","0.625","0.098",".285","23","109","0","3","25",".243",".386",".276",".302",".295",".143",".309","73.9","92","4.3",25.1,20,7.8,49,"103.179997795","96.165143031",70.1,8.5,200,551,346,1201,84.7,60,392,46.5,559,41.3,496,26.2,50.3,36.9,45.9,17.3,255,56.9,15.7
"Crawford, Brandon",543063,2024,37,71,80,12,6,5,0,1,26,8,32.5,10,".169",".282",".263","0.545","0.113",".250","4","20","0","0","5",".204",".316",".248",".277",".294",".112",".322","70.6","89.7","13.5",37.8,3,6.7,33.3,"98.650605652","93.537666",71.8,9.4,64,172,53,321,76.9,27,117,51.3,163,41.5,132,35.8,51.4,55.6,28.9,15.6,45,42.2,20
"Neto, Zach",687263,2024,23,542,602,135,77,34,1,23,140,39,23.3,6.5,".249",".443",".318","0.761","0.194",".295","77","240","10","30","70",".233",".421",".330",".319",".305",".188",".316","71","88.5","12.3",29,34,8.4,38.8,"100.130832864","94.28058907",67.9,7,280,1168,620,2289,82.2,133,748,48.1,1102,41.5,951,27.1,48.9,46.2,33.9,19.9,407,45.2,29.2
"Lowe, Brandon",664040,2024,29,385,425,94,51,19,3,21,112,33,26.4,7.8,".244",".473",".311","0.784","0.229",".287","58","182","1","5","56",".248",".488",".335",".344",".315",".240",".348","73.4","89.8","14.5",39.6,34,12.4,44.7,"101.345776014","94.9549512",80.3,7.3,374,778,370,1624,76.3,153,646,49.5,804,43.3,703,32.7,55.3,44,38.2,17.8,275,36.4,31.6
"Rivas, Leo",660844,2024,26,73,86,17,15,1,1,0,24,10,27.9,11.6,".233",".274",".333","0.607","0.041",".347","8","20","0","3","10",".243",".318",".282",".304",".342",".074",".362","66.4","87.2","12.6",45.1,1,2,27.5,"95.719631739","91.85981587",56.6,10.2,47,224,78,371,82,20,111,52.8,196,38.8,144,25.5,36.9,45.1,41.2,13.7,51,41.2,13.7
"Crawford, J.P.",641487,2024,29,392,451,79,52,16,2,9,102,52,22.6,11.5,".202",".321",".304","0.625","0.119",".248","37","126","0","5","55",".226",".370",".283",".312",".325",".145",".305","71.9","87.5","13.2",30.2,19,6.5,37.8,"98.950282708","93.58355108",61.9,7.2,219,1176,402,1911,84.2,98,620,52.4,1001,44.8,856,20.2,41.1,31.3,43.3,25.4,291,46,24.4
"Keith, Colt",690993,2024,22,516,556,134,102,15,4,13,110,36,19.8,6.5,".260",".380",".309","0.689","0.120",".306","61","196","1","7","54",".265",".398",".301",".314",".314",".134",".335","71.3","87.8","11.3",34.6,23,5.6,35.3,"98.472613627","93.330372181",67.9,7.4,385,1024,485,2022,86.6,90,672,49.2,989,41.8,841,23.2,48.6,36.3,37,26.7,408,44.1,25
"Perkins, Blake",663368,2024,27,383,434,92,71,13,2,6,108,42,24.9,9.7,".240",".332",".316","0.648","0.092",".313","43","127","5","23","54",".218",".319",".288",".280",".298",".101",".301","69.4","88.8","12",32,11,3.9,37.7,"97.789208222","93.114376074",60.2,8.1,225,1057,375,1734,79.2,109,523,50.1,869,43.1,747,27.1,42.4,32.4,40.9,26.7,281,47.3,26.3
"Paredes, Isaac",670623,2024,25,542,641,129,84,25,1,19,105,76,16.4,11.9,".238",".393",".346","0.739","0.155",".259","80","213","1","1","64",".221",".350",".327",".309",".333",".130",".273","68.2","85","22.4",37,20,4.5,27.1,"95.875582928","91.952619865",64.7,7.6,301,1517,762,2853,89,97,881,47.7,1362,42.6,1214,17.2,44.7,51.9,29.3,18.7,443,30.9,29.3
"Rutschman, Adley",668939,2024,26,571,638,143,102,21,1,19,103,58,16.1,9.1,".250",".391",".318","0.709","0.141",".272","79","223","0","1","68",".254",".405",".309",".320",".324",".151",".309","69.1","88.2","18.8",35.4,29,6.1,36.6,"98.081119454","93.149039684",60.1,7.4,521,1383,524,2593,87.9,94,778,49.9,1295,43.4,1126,17.1,44.5,41.5,34.9,23.6,475,34.9,32
"Mervis, Matt",670223,2024,26,26,28,3,2,1,0,0,8,1,28.6,3.6,".115",".154",".148","0.302","0.039",".167","3","4","0","0","1",".123",".221",".137",".176",".157",".098",".181","74.9","87.1","10.5",16.7,1,5.6,27.8,"96.347507778","92.580262353",77.8,9.2,22,49,18,98,73.8,11,42,55.1,54,39.8,39,35.2,55.1,55.6,22.2,22.2,18,44.4,33.3
"Taylor, Chris",621035,2024,33,213,246,43,31,7,1,4,76,28,30.9,11.4,".202",".300",".298","0.598","0.098",".289","23","64","1","5","28",".216",".345",".272",".297",".311",".129",".333","70","85.9","16.9",42.9,10,7.1,28.6,"97.10671942","92.58514587",72.5,9,98,621,238,1046,74.2,104,403,53.2,556,41.8,437,31.3,47.7,37.9,35,27.1,140,42.1,25
"Blanco, Dairon",680118,2024,31,120,132,31,23,4,0,4,32,8,24.2,6.1,".258",".392",".308","0.700","0.134",".318","13","47","7","31","37",".211",".382",".306",".284",".264",".172",".284","74.1","89","8.6",26.7,7,7.8,37.8,"99.654640732","94.051881852",74,7.6,83,269,90,459,73.8,44,168,49.5,227,39.4,181,32.9,52.3,31.1,47.8,21.1,90,52.2,24.4
"Kessinger, Grae",666197,2024,26,21,25,0,0,0,0,0,7,3,28,12,".000",".000",".160","0.160","0.000",".000","0","0","0","0","4",".121",".233",".112",".238",".262",".112",".182","69.4","85.1","11",21.4,0,0,21.4,"94.793235714","91.832112143",69.6,6.1,8,63,33,115,66.7,13,39,48.7,56,43.5,50,36.5,45.2,21.4,64.3,14.3,14,50,28.6
"Gordon, Nick",624503,2024,28,260,275,59,39,11,1,8,67,11,24.4,4,".227",".369",".258","0.627","0.142",".271","32","96","5","5","29",".217",".355",".271",".267",".251",".137",".292","68.2","86.1","6.5",34.7,12,6.1,29.6,"96.567867732","92.321775928",78.6,6.7,143,564,234,1008,76.9,88,381,48.1,485,41.9,422,32,59.8,39.8,38.8,21.4,196,51,21.9
"Kelenic, Jarred",672284,2024,24,412,449,95,60,18,2,15,133,32,29.6,7.1,".231",".393",".286","0.679","0.162",".300","45","162","2","7","49",".238",".424",".294",".311",".294",".186",".349","72.7","89.8","16",38.2,28,9.9,45.2,"100.297571631","94.504780603",69.2,7.7,326,944,378,1758,76.7,145,621,51.1,898,42.6,749,33.4,49.9,43.5,35,21.6,283,35.3,30
"Dezenzo, Zach",701305,2024,24,62,65,15,11,2,0,2,22,3,33.8,4.6,".242",".371",".277","0.648","0.129",".342","8","23","0","0","5",".222",".454",".283",".305",".258",".232",".344","75.4","87.5","10.5",30,4,10,40,"101.2727945","94.7258265",67.7,9,24,135,56,245,72.1,24,86,51.8,127,39.6,97,31.7,51.4,35,37.5,27.5,40,47.5,30
"Schanuel, Nolan",694384,2024,22,519,607,130,98,19,0,13,103,68,17,11.2,".250",".362",".343","0.705","0.112",".285","54","188","1","10","62",".253",".361",".315",".322",".348",".107",".314","65.2","86.1","10.3",36.4,15,3.5,25.4,"95.305191333","91.662606993",62.1,7.9,328,1412,467,2356,90,73,732,50,1179,42.5,1001,14.4,41.8,39.2,37.8,23,426,46.2,22.5
"Colás, Oscar",693049,2024,25,33,38,9,9,0,0,0,10,4,26.3,10.5,".273",".273",".368","0.641","0.000",".391","4","9","1","0","1",".248",".289",".300",".299",".350",".041",".361","75","89.9","7.1",26.1,0,0,43.5,"101.655523636","94.909097727",68.1,5.6,34,64,40,144,87.2,6,47,47.9,69,47.2,68,25.3,52.1,43.5,34.8,21.7,23,60.9,8.7
"Caballero, José",676609,2024,27,441,483,100,66,24,1,9,133,27,27.5,5.6,".227",".347",".283","0.630","0.120",".301","44","153","16","44","53",".213",".317",".277",".267",".273",".104",".305","69.7","83.7","15.9",33.8,16,5.1,25.2,"96.196185563","92.133024917",66.7,7.5,193,1019,515,1894,82.1,107,598,47.3,896,40.9,774,28.9,50,49.4,36.3,14.3,314,42.4,21.7
"Díaz, Yandy",650490,2024,32,563,621,158,112,31,1,14,95,50,15.3,8.1,".281",".414",".341","0.755","0.133",".314","65","233","0","0","55",".273",".432",".331",".339",".336",".160",".327","73.3","92.2","5",28.4,36,7.6,48.7,"103.441830979","96.263007825",64,7.5,254,1544,483,2460,89.7,83,804,51.1,1256,44.2,1087,14.2,43.9,26.5,43,30.5,472,55.5,17.8
"Turang, Brice",668930,2024,24,559,619,142,107,24,4,7,105,50,17,8.1,".254",".349",".316","0.665","0.095",".300","57","195","6","50","72",".261",".346",".294",".302",".323",".085",".320","66.2","87","6.1",32,11,2.4,29.7,"96.869333063","92.521821874",64.4,8.9,357,1449,533,2470,90.8,78,851,53.5,1321,42.7,1056,13.8,47.7,24,41.8,34.2,462,53.7,17.7
"Rosario, Amed",642708,2024,28,332,346,93,69,18,3,3,73,9,21.1,2.6,".280",".380",".306","0.686","0.100",".350","32","126","5","13","29",".249",".367",".299",".284",".277",".118",".318","71.2","86.9","4.6",33.5,12,4.6,36.2,"98.559932462","93.290414231",72.6,6.4,129,671,302,1210,85.4,62,425,48.3,585,43.9,532,24.6,55.2,30,40,30,260,50.8,18.8
"Peralta, David",444482,2024,36,236,260,63,44,11,0,8,54,22,20.8,8.5,".267",".415",".335","0.750","0.148",".316","28","98","0","2","35",".258",".385",".329",".318",".326",".128",".335","71.4","88.1","8.9",36.8,10,5.5,42.3,"99.478011319","93.91992022",70.6,6.6,149,597,204,1014,83.1,58,344,48,487,46.8,475,28.1,50.9,38.5,38.5,23.1,182,47.3,18.1
"Heyward, Jason",518792,2024,34,228,258,48,24,12,2,10,53,22,20.5,8.5,".211",".412",".288","0.700","0.201",".226","37","94","0","5","33",".232",".354",".300",".293",".308",".122",".299","73.2","88","10.4",29.8,10,5.6,41.6,"99.992543146","94.178780339",68.1,6.8,192,563,209,1024,86.1,47,338,48.4,496,43.1,441,24,49.6,55.1,31.5,13.5,178,51.7,20.2
"Ahmed, Nick",605113,2024,34,210,228,48,39,6,1,2,51,11,22.4,4.8,".229",".295",".267","0.562","0.066",".287","17","62","1","2","20",".226",".327",".248",".265",".265",".101",".295","67.9","84.9","13.4",29.7,5,3,23,"95.399118608","91.729839045",69.6,10.2,80,484,211,851,78.3,71,327,55.5,470,43.2,366,26,54.8,38.2,43,18.8,165,45.5,21.2
"Solano, Donovan",456781,2024,36,283,309,81,60,13,0,8,65,22,21,7.1,".286",".417",".343","0.760","0.131",".346","35","118","1","2","31",".256",".391",".333",".313",".316",".135",".332","67.1","87.3","13.7",37,8,3.7,37.4,"98.057695046","93.167454908",63.8,8.4,110,732,342,1273,86.4,57,418,51.5,655,41,522,23.5,47.2,30.6,44.3,25.1,219,43.4,25.6
"Fletcher, Dominic",666150,2024,26,223,241,46,37,8,0,1,58,11,24.1,4.6,".206",".256",".252","0.508","0.050",".273","17","57","0","0","14",".220",".291",".227",".250",".266",".072",".297","66.7","84.4","12.1",38.7,3,1.8,26.8,"95.808053494","91.934485697",61.9,7.2,123,551,186,900,84.9,43,284,50.9,459,45.2,407,21.2,47.2,28.6,41.1,30.4,168,45.2,19.6
"Cruz, Oneil",665833,2024,25,541,599,140,82,34,3,21,181,51,30.2,8.5,".259",".449",".324","0.773","0.190",".347","76","243","1","22","72",".259",".475",".331",".344",".325",".216",".387","78.5","95.5","9.8",32.1,57,15.7,54.9,"107.199352928","98.547881492",63,6.3,411,1093,725,2381,76,168,699,46.6,1109,43,1023,34.1,46.3,39.3,36,24.7,364,48.1,20.6
"Loperfido, Joey",694388,2024,25,243,262,52,31,13,4,4,95,13,36.3,5,".214",".350",".264","0.614","0.136",".331","25","85","2","4","24",".204",".315",".268",".256",".257",".110",".336","72.9","88.3","12.9",40.7,6,4,34.7,"97.968544189","93.030415608",72.8,8.2,148,576,221,1003,76.8,84,362,49.6,497,43.8,439,35.4,52.4,48.7,29.3,22,150,41.3,27.3
"Hilliard, Sam",656541,2024,30,138,158,33,17,5,1,10,56,14,35.4,8.9,".239",".507",".305","0.812","0.268",".311","27","70","2","5","26",".210",".414",".342",".298",".280",".204",".348","75.3","94.6","16.5",30.7,13,14.8,52.3,"103.815353902","97.006523171",66.7,7.2,92,348,155,648,70.3,63,212,49,318,39.9,259,40.8,46.9,35.2,36.4,28.4,88,42,29.5
"Cook, Billy",695257,2024,25,49,49,11,6,2,0,3,19,0,38.8,0,".224",".449",".224","0.673","0.225",".296","8","22","0","1","5",".219",".437",".285",".278",".219",".218",".357","72.3","92.6","28.6",46.7,4,13.3,50,"103.083018667","96.026198667",77,8.2,21,111,39,184,70.1,23,77,54.3,100,40.2,74,39.8,58.7,43.3,23.3,33.3,30,20,26.7
"Bryant, Kris",592178,2024,32,133,155,29,22,5,0,2,48,13,31,8.4,".218",".301",".323","0.624","0.083",".321","15","40","0","0","9",".210",".319",".287",".292",".316",".109",".325","69.5","85.1","18.5",39.5,4,4.7,30.2,"96.785346744","92.39417314",66.5,6.9,72,314,162,608,76.2,45,189,46.7,284,43.9,267,36.9,47.7,46.5,32.6,20.9,86,36,25.6
"Millas, Drew",686452,2024,26,57,62,14,12,1,0,1,16,5,25.8,8.1,".246",".316",".306","0.622","0.070",".325","1","18","0","4","7",".223",".313",".280",".271",".286",".090",".311","68.5","88","2.7",39,1,2.4,34.1,"97.318667","92.817296154",65.9,5.6,32,156,57,252,86.4,11,81,48.8,123,45.2,114,22.6,45.6,26.8,43.9,29.3,41,48.8,24.4
"Freeman, Tyler",671289,2024,25,330,383,69,47,14,1,7,53,28,13.8,7.3,".209",".321",".305","0.626","0.112",".227","32","106","6","11","48",".236",".345",".283",".307",".329",".110",".278","71.7","87.7","13",30.7,9,3.2,34.6,"98.573015071","93.423975986",64.5,8,153,818,312,1381,89.9,45,446,50,691,46.1,637,16.4,46.9,39.9,35.7,24.4,283,45.9,23.7
"Merrill, Jackson",701538,2024,21,554,593,162,101,31,6,24,101,29,17,4.9,".292",".500",".326","0.826","0.208",".318","90","277","3","16","77",".300",".547",".352",".375",".334",".248",".364","72.2","90.4","14.6",39.6,52,11.3,43.9,"100.811784978","94.735707484",80,7.9,328,1252,484,2214,86.2,121,874,49.3,1092,42.1,931,20.5,56.9,32.3,41.8,26,462,36.8,33.1
"McCormick, Chas",676801,2024,29,242,267,51,39,6,1,5,72,17,27,6.4,".211",".306",".271","0.577","0.095",".274","27","74","2","8","32",".221",".361",".257",".286",".282",".139",".313","70.8","86.2","15.2",32.2,13,7.5,32.8,"97.920374118","93.001741775",74.4,7.9,124,575,239,1010,75.3,89,360,47.9,484,38,384,31.3,53.2,35.1,42.5,22.4,174,44.8,30.5
"Bart, Joey",663698,2024,27,253,282,67,43,11,0,13,73,22,25.9,7.8,".265",".462",".337","0.799","0.197",".321","45","117","0","0","38",".246",".448",".347",".336",".321",".202",".345","74.8","88.1","10.5",32.6,17,9.4,38.7,"100.959040333","94.605861732",59.6,8.5,103,660,272,1127,84.5,54,348,51.7,584,44.2,499,26.2,43.7,45.3,36.5,18.2,181,48.6,23.8
"Kennedy, Buddy",671083,2024,25,21,26,4,2,1,0,1,7,4,26.9,15.4,".190",".381",".308","0.689","0.191",".214","6","8","0","1","3",".288",".440",".301",".392",".403",".152",".432","69.6","88.8","12.6",60,2,13.3,53.3,"98.66279125","93.740957333",58.5,7.6,13,74,37,132,89.5,4,38,49.2,65,45.5,60,19.2,39.4,33.3,53.3,13.3,15,33.3,26.7
"Edwards, Xavier",669364,2024,24,265,303,87,69,12,5,1,52,33,17.2,10.9,".328",".423",".397","0.820","0.095",".398","26","112","4","31","39",".252",".328",".359",".300",".332",".076",".311","64.5","86.1","6.7",37.6,4,1.8,24.3,"95.052217333","91.536547476",70.2,7.8,181,734,208,1185,87.3,53,416,50,593,42.8,507,16.9,47.5,24.8,45.4,29.8,218,52.3,19.3
"Call, Alex",669743,2024,29,99,113,34,22,9,0,3,19,12,16.8,10.6,".343",".525",".425","0.950","0.182",".403","14","52","1","5","15",".242",".375",".412",".319",".336",".133",".300","67.7","88","12.5",28.7,4,5,32.5,"97.21422775","92.66518325",65,7.1,48,302,121,493,85,25,167,52.1,257,38.7,191,18.8,43.2,42.5,28.7,28.7,80,45,26.3
"Pérez, Wenceel",672761,2024,24,389,425,94,63,16,6,9,92,32,21.6,7.5,".242",".383",".300","0.683","0.141",".294","37","149","5","9","51",".240",".364",".299",".295",".300",".124",".315","70.2","88.4","18",37.7,13,4.3,30.6,"97.264471429","92.757975085",65,7.3,308,1001,347,1754,84.8,83,546,48.3,840,42.7,742,20.9,46.1,39.7,37.7,22.7,300,36,26
"O'Hearn, Ryan",656811,2024,30,443,494,117,78,21,3,15,69,46,14,9.3,".264",".427",".334","0.761","0.163",".282","59","189","1","3","60",".273",".470",".330",".354",".344",".197",".323","72.4","89.6","12",35,26,6.9,40.1,"99.733150957","94.095787394",67.7,8.5,344,1019,450,1920,89.7,66,643,49.5,950,41.7,801,18.1,46.7,36.1,36.3,27.6,377,40.8,27.1
"Reynolds, Bryan",668804,2024,29,622,692,171,115,29,3,24,156,57,22.5,8.2,".275",".447",".344","0.791","0.172",".330","88","278","2","10","73",".268",".472",".343",".353",".339",".204",".358","71.6","89.9","9.4",37.5,45,9.6,45.4,"100.987209316","94.867542484",74,6.5,552,1320,593,2604,81.3,166,890,46.2,1202,43.7,1137,29.4,50.4,35.2,37.5,27.3,469,46.1,26.7
"McCray, Grant",687529,2024,23,124,130,25,15,3,2,5,56,6,43.1,4.6,".202",".379",".238","0.617","0.177",".317","10","47","0","5","13",".193",".353",".266",".257",".230",".160",".352","72.7","90.2","5.4",30.9,8,11.8,44.1,"101.84831875","95.365513125",73.4,5,77,289,117,519,66.8,65,196,51.4,267,43.7,227,43.6,53,35.3,38.2,26.5,68,50,26.5
"Ramírez, Harold",623912,2024,29,238,246,62,52,7,1,2,50,5,20.3,2,".261",".324",".280","0.604","0.063",".321","29","77","2","6","28",".235",".318",".265",".256",".257",".083",".298","71.7","87","-0.2",27.5,6,3.2,33.9,"98.279194301","93.19999086",68.7,6.8,118,461,225,878,79.9,56,279,46.2,406,41,360,31.4,56.2,27.5,35.4,37,189,60.8,13.2
"Caratini, Victor",605170,2024,30,245,274,66,49,8,1,8,53,23,19.3,8.4,".269",".408",".336","0.744","0.139",".310","30","100","1","0","30",".261",".404",".324",".326",".331",".143",".332","71.9","91.2","9.3",35.9,11,5.6,43.1,"100.532909694","94.888518923",67.5,5.7,214,529,252,1039,84.7,55,359,51.2,532,45.3,471,23.3,47.2,41,33.8,25.1,195,49.2,24.1
"Ornelas, Jonathan",680716,2024,24,37,40,8,6,2,0,0,13,2,32.5,5,".216",".270",".256","0.526","0.054",".333","3","10","0","0","1",".225",".278",".235",".246",".265",".053",".347","70.2","94.3","0.9",24,0,0,56,"103.551751667","97.1156525",61.4,8.6,7,98,44,163,85.2,8,54,54,88,39.9,65,29.3,46,24,44,32,25,68,4
"Chaparro, Andrés",665953,2024,25,121,132,26,10,12,0,4,24,7,18.2,5.3,".215",".413",".280","0.693","0.198",".237","15","50","1","1","12",".225",".405",".301",".306",".289",".181",".280","72.4","87.8","16.6",27.8,6,6.2,33,"98.318885102","93.216540722",77.1,7.8,79,262,140,525,85.6,28,195,48.2,253,41.1,216,24.8,53.7,39.2,39.2,21.6,97,38.1,30.9
"Miranda, Jose",669304,2024,26,401,429,114,73,28,4,9,66,18,15.4,4.2,".284",".441",".322","0.763","0.157",".318","49","177","2","2","44",".255",".412",".328",".311",".297",".157",".305","71","88.9","15.5",33.9,20,5.9,38.9,"99.359747765","93.786600855",70.9,7,172,811,424,1540,87.4,65,515,47.1,726,40.1,618,22.5,52.3,40.1,38.9,20.9,339,38.6,26.3
"Perdomo, Geraldo",672695,2024,24,337,388,92,66,21,2,3,58,36,14.9,9.3,".273",".374",".344","0.718","0.101",".317","37","126","1","9","61",".231",".326",".317",".287",".307",".096",".275","66.9","87","16.9",28.9,9,3.1,25.8,"96.084793623","92.044093913",58.9,8.1,174,952,332,1580,92.2,39,498,53.5,845,46.8,739,12.2,40.5,36.4,35.4,28.2,291,44,25.1
"McCoy, Mason",669200,2024,29,49,57,10,8,2,0,0,19,5,33.3,8.8,".204",".245",".278","0.523","0.041",".333","3","12","0","1","7",".202",".241",".241",".245",".277",".039",".334","67.7","82.9","9.3",33.3,0,0,15.2,"93.636855714","90.870332143",56.9,9.5,7,160,42,232,86.4,9,66,50,116,36.2,84,29.5,45.3,27.3,39.4,33.3,33,60.6,15.2
"Fraley, Jake",641584,2024,29,350,382,97,71,19,2,5,70,26,18.3,6.8,".277",".386",".330","0.716","0.109",".331","26","135","5","20","44",".245",".330",".314",".290",".304",".085",".308","71.8","84.3","11.1",34.6,9,3.2,24.7,"95.677326241","91.891008399",81.2,7.2,239,676,346,1331,84.3,90,574,53.1,707,42.1,560,21.3,57.9,43.5,32.5,24,283,44.2,21.2
"Fitzgerald, Tyler",666149,2024,26,314,341,88,52,19,2,15,108,22,31.7,6.5,".280",".497",".334","0.831","0.217",".380","34","156","4","17","53",".226",".383",".357",".293",".284",".157",".343","70.5","87.7","20.2",39.1,17,8.2,31.9,"97.5779034","92.79850055",67.9,7.4,166,726,313,1330,77.7,102,458,50.8,675,42.2,561,31.2,47.7,49.8,26.1,24.2,207,35.3,33.3
"Alonso, Pete",624413,2024,29,608,695,146,81,31,0,34,172,70,24.7,10.1,".240",".459",".329","0.788","0.219",".276","88","279","0","3","91",".239",".470",".340",".345",".329",".232",".331","75.2","89.8","14.4",30.5,58,13.2,46.4,"102.785114727","95.699086105",61,6.8,264,1614,707,2780,85.9,116,820,48.3,1344,43.2,1202,24.7,42.9,41.6,32.3,26.1,440,42,28.2
"Benintendi, Andrew",643217,2024,29,477,522,109,69,20,0,20,96,41,18.4,7.9,".229",".396",".289","0.685","0.167",".245","64","189","2","3","50",".244",".407",".298",".310",".304",".164",".303","68","88","16.1",36.5,24,6.3,34.4,"97.17823","92.764984068",69.3,8,327,1170,382,1995,83,122,716,51.8,1033,43,858,21.1,48,44.8,33.9,21.4,384,38.3,31.8
"Schwarber, Kyle",656941,2024,31,573,692,142,82,22,0,38,197,106,28.5,15.3,".248",".485",".366","0.851","0.237",".301","104","278","3","5","110",".252",".522",".366",".382",".370",".270",".378","77.5","93.6","15",31.8,60,15.6,55.5,"105.154527813","97.529843438",60.6,6.8,398,1530,723,2852,76.3,196,828,47.9,1366,41.6,1187,32,39.9,48.4,35.2,16.4,384,40.9,28.6
"Hurtubise, Jacob",674441,2024,26,54,68,10,8,1,1,0,18,6,26.5,8.8,".185",".241",".297","0.538","0.056",".270","4","13","0","2","7",".194",".256",".253",".268",".308",".063",".290","65","82.8","20.6",39,0,0,14.6,"92.700199444","90.510765278",60.9,7.8,37,173,59,281,83.7,15,92,53.7,151,42,118,20.3,43.8,36.6,36.6,26.8,41,34.1,24.4
"Correa, Carlos",621043,2024,29,319,367,99,63,20,2,14,61,40,16.6,10.9,".310",".517",".388","0.905","0.207",".343","54","165","0","0","55",".271",".458",".385",".358",".357",".188",".334","74.5","90.3","8.9",34.4,24,9.2,44.7,"102.536128244","95.462669198",65.5,7.3,164,766,307,1375,86.5,58,430,47.7,656,39.7,546,20.4,44.6,33.2,36.3,30.5,262,44.3,22.9
"Cooper, Garrett",643265,2024,33,107,116,22,15,5,1,1,35,7,30.2,6,".206",".299",".267","0.566","0.093",".296","11","32","0","0","6",".261",".424",".253",".327",".318",".164",".388","72.9","85.9","12.7",47.2,7,9.7,36.1,"98.9080275","93.4931725",57.2,5.8,40,259,108,450,80.5,24,123,47.8,215,45.1,203,29.5,46.7,34.7,38.9,26.4,72,38.9,30.6
"Rogers, Jake",668670,2024,29,310,337,61,34,16,1,10,99,22,29.4,6.5,".197",".352",".255","0.607","0.155",".251","36","109","0","1","43",".215",".420",".264",".299",".273",".205",".315","70.7","89","15.7",32.9,21,9.9,41.8,"99.180639906","93.973828585",68.3,6.7,121,716,299,1258,75.2,109,440,51.2,644,43.7,550,32.7,47.6,44.1,38.5,17.4,213,40.4,32.9
"McKinstry, Zach",656716,2024,29,297,325,64,41,14,5,4,69,24,21.2,7.4,".215",".337",".277","0.614","0.122",".265","23","100","0","16","32",".240",".383",".270",".301",".301",".143",".312","67.2","88","18.7",37.8,10,4.3,32.6,"97.327044","92.860583362",66.7,7.3,170,706,293,1249,85.9,60,425,51,637,44.5,556,22.1,47.7,37.8,37,25.2,230,32.6,31.3
"Short, Zack",670097,2024,29,70,88,9,6,3,0,0,24,14,27.3,15.9,".129",".171",".282","0.453","0.042",".196","5","12","1","2","11",".170",".265",".228",".276",".317",".095",".259","70","88.6","21.2",34.7,2,4.1,26.5,"96.634716957","92.551010889",63.8,9.2,18,276,63,391,76.1,32,134,53.7,210,44.5,174,26.6,40.4,32.7,32.7,34.7,49,34.7,34.7
"Walker, Jordan",691023,2024,22,164,178,33,17,10,1,5,50,10,28.1,5.6,".201",".366",".253","0.619","0.165",".252","20","60","0","1","16",".206",".366",".268",".278",".260",".159",".296","77.3","91.2","9.4",29.3,11,9.5,43.1,"101.753692241","95.20491069",68.4,6.7,83,338,167,669,83.1,37,219,47.8,320,41.1,275,31.6,49.6,38.8,39.7,21.6,116,50,26.7
"Toglia, Michael",669911,2024,25,399,458,87,45,14,3,25,147,54,32.1,11.8,".218",".456",".311","0.767","0.238",".270","55","182","1","10","62",".241",".514",".329",".360",".331",".273",".378","73.2","92.1","15.1",39.2,44,17.3,50.2,"102.673791797","96.069366471",66.7,7,338,956,504,1920,77.5,130,577,45.1,865,44.2,849,34.9,45.1,41.6,37.3,21.2,255,35.3,36.1
"Canha, Mark",592192,2024,35,393,462,95,68,20,0,7,96,51,20.8,11,".242",".346",".344","0.690","0.104",".298","42","136","0","7","46",".211",".314",".310",".293",".321",".103",".279","68.4","88.4","9.6",31.5,10,3.3,37.4,"98.159166424","93.219326921",59.4,7.9,185,1100,490,1946,83,99,581,50.3,978,43.7,851,21.8,41.6,42.1,36.8,21.2,302,49.3,21.9
"Fermin, Freddy",666023,2024,29,339,368,92,72,14,0,6,66,23,17.9,6.3,".271",".366",".319","0.685","0.095",".319","36","124","0","2","40",".241",".336",".300",".281",".292",".094",".298","70.8","88.2","11.1",29.2,9,3.2,33.9,"97.931397537","93.085600262",72.4,7,159,860,295,1434,87.1,65,504,48.5,696,41.4,593,23,51,45.5,35.7,18.8,277,50.9,21.3
"Beck, Jordan",687597,2024,23,170,184,32,23,6,0,3,65,12,35.3,6.5,".188",".276",".245","0.521","0.088",".282","13","47","1","7","14",".208",".332",".231",".265",".265",".124",".337","71.4","86.1","13.4",32.1,7,6.6,32.1,"98.643486981","93.335075283",73.1,8.5,59,353,207,659,73.4,65,244,50.7,334,46.1,304,34.8,53.6,34,40.6,25.5,106,46.2,29.2
"Reyes, Pablo",622569,2024,30,60,64,11,9,2,0,0,19,3,29.7,4.7,".183",".217",".234","0.451","0.034",".268","5","13","2","1","5",".208",".298",".207",".249",".258",".090",".304","69.2","88","13.2",31.7,2,4.9,31.7,"98.01069381","93.163830732",58.2,9.9,34,137,48,252,80.8,15,78,53.2,134,43.7,110,19.8,42.1,43.9,26.8,29.3,41,46.3,31.7
"Meadows, Parker",678009,2024,24,270,298,66,39,12,6,9,76,25,25.5,8.4,".244",".433",".310","0.743","0.189",".306","28","117","4","9","39",".229",".388",".321",".301",".296",".159",".318","70.5","87","18.5",34.7,15,7.7,32.3,"97.956970619","93.056795751",65.9,7.7,224,613,286,1214,83.6,64,391,48.9,593,41.9,508,27,45.5,36.2,41.8,21.9,196,33.2,31.1
"Thaiss, Matt",642136,2024,29,157,186,32,21,9,0,2,58,28,31.2,15.1,".204",".299",".323","0.622","0.095",".306","16","47","0","3","14",".193",".333",".286",".295",".314",".140",".304","72.4","86.6","12.9",33,8,8,40,"99.8347254","94.000036869",68.3,6,109,475,137,754,65.4,88,254,49.3,372,45.9,346,39.6,44.8,34,39,27,100,40,28
"Barger, Addison",680718,2024,24,208,225,41,23,11,0,7,60,14,26.7,6.2,".197",".351",".250","0.601","0.154",".239","28","73","0","2","20",".226",".397",".262",".294",".278",".171",".317","74.4","88.3","12.1",32.9,13,8.7,38.3,"100.557905","94.503054898",61,8,161,459,149,860,80.7,51,264,50.3,433,42.3,364,27.6,46.3,37.6,33.6,28.9,149,43,26.8
"Wade, Tyler",642180,2024,29,138,156,30,27,3,0,0,29,11,18.6,7.1,".217",".239",".285","0.524","0.022",".275","8","33","1","8","28",".245",".316",".242",".285",".310",".072",".310","66.2","83.7","14.5",38.1,2,1.8,17.7,"93.385363922","90.890811782",62.4,7.3,93,343,125,587,88.6,21,184,50.3,295,41.2,242,20.8,44.1,43.4,32.7,23.9,113,46,18.6
"Noda, Ryan",676116,2024,28,95,111,13,8,4,0,1,37,14,33.3,12.6,".137",".211",".255","0.466","0.074",".211","4","20","0","0","8",".157",".275",".223",".254",".273",".118",".259","72.3","86.2","16",23.7,3,5.1,33.9,"98.772266786","93.479950357",62.5,8.4,50,317,113,499,73.5,43,162,51.9,259,44.9,224,33.8,42.1,52.5,27.1,20.3,59,44.1,25.4
"Stephenson, Tyler",663886,2024,27,457,515,118,72,26,1,19,117,48,22.7,9.3,".258",".444",".338","0.782","0.186",".307","66","203","0","1","69",".238",".413",".339",".325",".322",".175",".321","70.8","90.2","10.9",33,31,9.1,43.9,"100.320154503","94.587176774",63.4,7.7,211,1137,422,1947,86.8,80,607,49.2,957,42.3,823,22.7,43.2,39.2,36.5,24.3,342,47.7,27.2
"Taylor, Michael A.",572191,2024,33,269,300,52,37,9,1,5,105,23,35,7.7,".193",".290",".253","0.543","0.097",".288","21","78","1","12","35",".200",".337",".242",".270",".263",".136",".327","74","89.3","13.7",31.4,20,11.6,40.1,"100.583164074","94.548357778",68,7.3,156,629,345,1202,72.9,111,410,50.2,603,45.5,547,39.2,49.3,41.3,44.2,14.5,172,45.3,25.6
"Alvarez Jr., Nacho",805373,2024,21,30,32,3,3,0,0,0,10,0,31.3,0,".100",".100",".156","0.256","0.000",".150","0","3","0","0","1",".174",".225",".128",".211",".226",".051",".262","68.9","83.8","9.8",30,0,0,30,"97.91388","92.95694",61.3,5,9,85,17,119,78.9,8,38,52.1,62,39.5,47,28.1,47.9,25,35,40,20,50,10
"Gorman, Nolan",669357,2024,24,365,402,74,40,15,0,19,151,34,37.6,8.5,".203",".400",".271","0.671","0.197",".279","50","146","1","6","42",".206",".440",".290",".308",".275",".235",".351","73.2","88.5","20.3",40.3,36,16.7,38.6,"100.727790741","94.443953953",70.8,6.6,230,917,350,1596,71,167,576,51.1,814,45.2,721,38.7,51,40.3,42.6,17.1,216,31.9,38.9
"Aranda, Jonathan",666018,2024,26,128,143,30,17,7,0,6,32,12,22.4,8.4,".234",".430",".308","0.738","0.196",".264","14","55","0","0","22",".249",".525",".320",".363",".321",".276",".330","70.1","91.9","11",34,16,16.5,48.5,"101.531383265","95.365481959",63.9,8.6,91,336,98,573,83.6,31,189,51.7,296,43.8,251,21.9,45.4,48.5,32,19.6,97,49.5,30.9
"Baker, Luken",663609,2024,27,40,49,7,3,1,1,2,11,7,22.4,14.3,".175",".400",".286","0.686","0.225",".172","10","16","0","1","3",".188",".357",".294",".299",".306",".169",".258","73.9","91","16.2",32.3,2,6.5,58.1,"100.841165","95.228791935",66.7,6.5,19,108,61,201,78.1,14,64,47.8,96,46.8,94,33,45.3,38.7,29,32.3,31,38.7,32.3
"McCutchen, Andrew",457705,2024,37,448,515,104,65,18,1,20,133,58,25.8,11.3,".232",".411",".328","0.739","0.179",".283","50","184","2","3","66",".219",".421",".325",".325",".317",".201",".310","72.7","88.5","14.3",31.9,38,12,36.9,"99.424962893","93.831123091",65.6,8.2,205,1232,547,2163,77.7,162,727,51.3,1109,44,952,28.9,42,39.4,41,19.6,317,41.6,29.3
"Rice, Ben",700250,2024,25,152,178,26,13,6,0,7,48,20,27,11.2,".171",".349",".264","0.613","0.178",".186","23","53","1","0","20",".232",".463",".269",".340",".320",".231",".329","71.4","90","17.7",34.9,17,15.6,36.7,"99.671896909","94.277701284",72.9,9.5,124,385,149,724,82.4,45,256,48.5,351,42.7,309,25.8,46,47.7,30.3,22,109,35.8,33
"Schneemann, Daniel",682177,2024,27,193,221,42,25,10,2,5,70,25,31.7,11.3,".218",".368",".303","0.671","0.150",".306","22","71","2","3","17",".208",".316",".295",".280",".298",".108",".325","70.7","88.5","11.1",41.3,6,4.8,38.1,"98.405974921","93.326836825",74.5,7.9,164,480,213,901,75.5,81,330,49.2,443,42.5,383,31.7,49.1,40.5,40.5,19,126,44.4,25.4
"Herrera, Iván",671056,2024,24,229,259,69,51,12,1,5,53,25,20.5,9.7,".301",".428",".372","0.800","0.127",".370","27","98","0","5","37",".291",".464",".351",".370",".368",".173",".382","73.3","89.3","9.2",38.2,16,9,42.1,"100.658165843","94.599725311",60,8.6,108,627,218,1036,84.2,50,317,51,528,41.1,426,24.8,43.6,34.8,38.8,26.4,178,43.8,21.3
"Casas, Triston",671213,2024,24,212,243,51,30,8,0,13,77,30,31.7,12.3,".241",".462",".337","0.799","0.221",".311","32","98","1","0","28",".215",".447",".342",".327",".315",".233",".337","74.6","90.2","10.5",35.6,18,13.3,45.2,"101.435410588","95.112485926",65.8,6.8,171,477,278,991,74,85,327,50.2,497,43.5,431,32.2,44.5,34.8,41.5,23.7,135,43.7,31.1
"Siri, Jose",642350,2024,28,402,448,75,40,16,1,18,170,31,37.9,6.9,".187",".366",".255","0.621","0.179",".261","47","147","7","14","50",".197",".419",".271",".299",".266",".222",".340","72.5","87.5","15.4",35.7,35,14.7,41.6,"100.732893305","94.47103983",67.1,6.9,163,938,484,1788,67.9,189,589,49.1,878,42.4,759,41.9,50.9,35.7,37,27.3,238,40.3,29.8
"Arozarena, Randy",668227,2024,29,549,648,120,67,33,0,20,169,73,26.1,11.3,".219",".388",".332","0.720","0.169",".275","60","213","10","20","77",".213",".381",".320",".322",".330",".168",".309","72.7","90.4","13.2",28.4,32,8.3,43.5,"100.904108177","94.731331384",59.5,6.7,337,1537,651,2774,75,195,781,47.3,1312,43,1193,29.7,41,42.4,38,19.5,384,44.5,27.6
"Farmer, Kyle",571657,2024,33,215,242,46,27,13,1,5,49,19,20.2,7.9,".214",".353",".293","0.646","0.139",".252","25","76","5","3","26",".223",".371",".285",".297",".302",".148",".286","66.7","87.7","17.9",36.3,9,5.4,29.8,"97.025598571","92.547452202",63.2,9,95,513,226,882,86.5,39,289,51.8,457,41.7,368,22,48.5,37.5,40.5,22,168,35.1,36.3
"Tauchman, Mike",643565,2024,33,298,350,74,54,12,1,7,70,47,20,13.4,".248",".366",".357","0.723","0.118",".302","29","109","2","6","50",".237",".392",".325",".332",".348",".156",".309","69.3","89","15.5",34.9,17,7.4,41,"99.141927105","93.788317412",69.6,8,217,953,294,1537,81.4,99,531,49.6,763,43.2,664,22.5,46,33.6,34.9,31.4,229,38.9,31.4
"Dingler, Dillon",693307,2024,25,84,87,14,6,5,2,1,30,3,34.5,3.4,".167",".310",".195","0.505","0.143",".245","11","26","0","0","2",".240",".391",".217",".287",".267",".150",".374","71.6","89.8","9.6",35.2,2,3.7,48.1,"101.096169259","95.065989815",71.1,7.9,41,195,56,331,74.8,31,123,52.3,173,49.2,163,28.7,54.7,37,35.2,27.8,54,44.4,20.4
"Wagner, Will",695238,2024,25,82,86,25,17,6,0,2,16,4,18.6,4.7,".305",".451",".337","0.788","0.146",".359","11","37","0","0","8",".316",".498",".342",".367",".348",".182",".393","68.9","90.6","5.1",39.4,6,9.1,50,"101.258526667","95.467120758",65.9,6.9,42,229,69,364,92.5,9,120,50,182,47.5,173,19.3,47,36.4,42.4,21.2,66,50,15.2
"Volpe, Anthony",683011,2024,23,637,689,155,109,27,7,12,156,42,22.6,6.1,".243",".364",".293","0.657","0.121",".303","60","232","7","28","90",".232",".335",".287",".278",".285",".103",".310","69.3","87.7","8.4",33.3,19,3.9,35.4,"98.177841555","93.206482989",65.4,8.3,251,1584,667,2797,83.5,157,952,52,1455,43.5,1218,22.6,48.1,30.2,41.2,28.6,486,50.6,21.6
"Florial, Estevan",664314,2024,26,98,111,17,6,6,2,3,41,11,36.9,9.9,".173",".367",".264","0.631","0.194",".259","11","36","1","2","11",".163",".300",".277",".254",".254",".137",".280","73","88.7","12.8",36.2,6,10.3,41.4,"99.259345517","93.884180351",78.6,4.4,89,223,95,450,63,64,173,48.8,220,41.9,189,42.2,51.1,51.7,29.3,19,58,44.8,20.7
"Soto, Juan",665742,2024,25,576,713,166,90,31,4,41,119,129,16.7,18.1,".288",".569",".419","0.988","0.281",".298","109","328","4","7","128",".310",".655",".421",".463",".440",".345",".392","75.4","94.2","10.7",35.4,91,19.7,57,"105.650123728","97.994705143",59,7,552,1506,694,2960,84.8,123,810,46.5,1374,43,1273,21.5,37.2,42.3,35.8,21.9,461,44.7,27.8
"Sánchez, Ali",645305,2024,27,84,96,14,12,2,0,0,24,4,25,4.2,".167",".190",".211","0.401","0.023",".230","4","16","1","2","5",".175",".261",".184",".218",".221",".087",".245","69.1","86.8","7.6",26.9,3,4.5,35.8,"98.018230645","93.091231967",61.1,9.2,32,198,70,338,84.7,18,118,57.1,193,44.7,151,22.6,49.7,29.9,44.8,25.4,67,56.7,20.9
"Robles, Victor",645302,2024,27,254,295,78,54,20,0,4,53,21,18,7.1,".307",".433",".381","0.814","0.126",".370","28","110","2","34","44",".256",".404",".357",".331",".337",".148",".321","68.3","86.7","14.8",34.8,13,6.2,28.6,"97.345786105","92.756314603",78.8,9.6,108,540,224,1020,83.9,61,379,47.2,481,42,428,24.7,54.7,46.7,33.3,20,210,47.6,23.3
"Alvarez, Armando",669137,2024,29,37,39,9,8,1,0,0,8,2,20.5,5.1,".243",".270",".282","0.552","0.027",".310","2","10","0","1","7",".265",".344",".248",".289",".303",".078",".339","68.4","80.8","14.8",31,0,0,10.3,"91.562644","90.201070345",56.6,6.5,13,87,32,139,83.7,7,43,54.7,76,48.9,68,18.8,46,44.8,17.2,37.9,29,44.8,27.6
"Jansen, Danny",643376,2024,29,278,324,57,35,13,0,9,61,40,18.8,12.3,".205",".349",".309","0.658","0.144",".227","24","97","0","0","35",".198",".345",".294",".293",".305",".147",".253","69","86.6","21.7",34.1,14,6.4,29.7,"97.185697545","92.627349132",61.8,8.6,132,791,351,1376,85.3,61,415,49.2,672,43.2,591,20.9,40.6,50.5,32.3,17.3,220,29.5,34.1
"Báez, Javier",595879,2024,31,272,289,50,32,12,0,6,69,12,23.9,4.2,".184",".294",".221","0.515","0.110",".220","37","80","1","8","25",".218",".353",".224",".268",".256",".135",".291","74.8","88.3","11.2",27.7,16,7.8,40,"100.532651165","94.368542976",64.9,6.5,104,466,275,1028,82.3,50,283,42.7,436,38.4,392,30.2,52.4,41.3,38.8,19.9,206,46.6,25.7
"Noel, Jhonkensy",678877,2024,22,179,198,39,18,7,1,13,63,13,31.8,6.6,".218",".486",".288","0.774","0.268",".250","28","87","0","0","25",".217",".444",".331",".325",".291",".227",".339","78","88.6","19.3",30.8,17,14.5,36.8,"100.792552542","94.452483077",66.1,6.7,101,340,213,725,80.5,40,205,42.7,310,43.1,313,34.2,54.1,52.1,28.2,19.7,117,35,29.1
"Refsnyder, Rob",608701,2024,33,272,307,77,49,16,1,11,78,28,25.4,9.1,".283",".471",".359","0.830","0.188",".359","40","128","2","2","32",".248",".417",".358",".327",".329",".168",".347","72.8","89.6","10.7",32.8,19,9.7,43.1,"101.623071856","95.034267165",65.9,8.7,159,691,249,1202,79.7,83,413,52.2,627,42.6,512,28.1,46.2,37.4,37.4,25.1,195,46.2,22.6
"Sweeney, Trey",700242,2024,24,110,119,24,15,5,0,4,32,7,26.9,5.9,".218",".373",".269","0.642","0.155",".267","17","41","0","2","11",".213",".426",".279",".307",".269",".213",".305","74.3","91.1","12.8",27.8,7,8.9,46.8,"100.9056095","94.934800886",67,8.7,72,231,111,448,82,27,150,50,224,41.1,184,32.4,50.2,35.4,50.6,13.9,79,44.3,29.1
"Melendez, MJ",669004,2024,25,412,451,85,42,23,3,17,113,35,25.1,7.8,".206",".400",".273","0.673","0.194",".241","44","165","4","4","44",".237",".434",".292",".321",".302",".197",".327","72.8","91.1","14.6",29.1,25,8.4,45.2,"101.49620396","95.196771409",77.8,7.4,305,1042,384,1845,75.9,169,700,48.8,900,43.5,802,29.5,52.5,44.1,33.4,22.4,299,41.8,28.8
"Bader, Harrison",664056,2024,30,402,437,95,64,19,0,12,95,21,21.7,4.8,".236",".373",".284","0.657","0.137",".276","51","150","8","17","57",".241",".387",".285",".299",".291",".145",".314","71.2","87.2","11.9",33.9,20,6.4,35.5,"98.685690255","93.420801022",59.8,7.9,174,884,467,1647,85.8,69,487,49.4,814,41.8,689,24.5,46.6,45.4,36.7,17.9,313,43.5,23.6
"Hinds, Rece",677956,2024,23,46,51,12,2,4,1,5,16,4,31.4,7.8,".261",".717",".333","1.050","0.456",".280","11","33","0","2","9",".248",".629",".433",".395",".322",".381",".381","75.2","91.6","18.9",40,6,20,40,"103.769788","95.989862667",73.2,4.9,23,86,67,183,80,12,60,44.8,82,42.1,77,38.2,55.7,36.7,36.7,26.7,30,30,43.3
"Vosler, Jason",613564,2024,30,28,30,5,3,1,1,0,9,2,30,6.7,".179",".286",".233","0.519","0.107",".263","3","8","0","0","2",".229",".434",".229",".307",".280",".205",".337","71","92.6","16.5",42.1,3,15.8,42.1,"98.703699","94.544055263",75,6.7,10,68,32,120,77.8,10,45,50,60,44.2,53,27.4,51.7,57.9,26.3,15.8,19,42.1,21.1
"France, Ty",664034,2024,29,479,535,112,75,24,0,13,114,38,21.3,7.1,".234",".365",".305","0.670","0.131",".277","51","175","1","1","46",".225",".394",".296",".306",".299",".169",".294","71","88.7","12.9",30.5,27,7.3,40,"99.663679892","94.004650595",74.7,7.3,195,1217,437,2028,83.6,126,769,50.7,1029,42.6,865,24.2,51.2,33.2,36.8,30,370,45.1,27.3
"Lewis, Royce",668904,2024,25,292,325,68,36,16,0,16,74,28,22.8,8.6,".233",".452",".295","0.747","0.219",".251","47","132","0","0","40",".238",".435",".317",".317",".302",".197",".314","73.3","87.1","16.8",36.3,25,11.2,37.7,"99.690144144","93.856491441",72.8,6.2,180,648,283,1233,80.6,82,423,47.1,581,40.8,503,27,51.9,46.6,34.1,19.3,223,36.8,30.5
"Palacios, Joshua",641943,2024,28,67,78,15,11,2,0,2,12,10,15.4,12.8,".224",".343",".333","0.676","0.119",".245","9","23","0","1","10",".261",".381",".307",".340",".368",".120",".320","72.6","89.8","3.4",21.8,2,3.6,47.3,"101.339951111","95.126017925",68.9,7.5,36,187,68,307,77.9,23,104,49.2,151,39.7,122,25.9,45.3,41.8,27.3,30.9,55,61.8,16.4
"Suárez, Eugenio",553993,2024,32,571,640,146,86,28,2,30,176,49,27.5,7.7,".256",".469",".319","0.788","0.213",".309","101","268","1","2","90",".246",".463",".337",".335",".313",".217",".350","72.2","89.1","19.5",40.4,46,11.3,42.4,"100.570552315","94.463438988",66.9,7.9,249,1483,583,2542,81.2,162,861,50.6,1287,42.3,1074,29.1,47.2,49.3,28.8,21.9,406,32.5,33.3
"Duran, Jarren",680776,2024,27,671,735,191,108,48,14,21,160,54,21.8,7.3,".285",".492",".342","0.834","0.207",".345","75","330","7","34","111",".267",".456",".357",".340",".326",".190",".349","73.6","90.8","9.5",33.8,48,9.3,43.9,"101.928155512","95.341113209",68.2,7.2,347,1701,624,2844,84.3,153,976,50.3,1432,42.7,1215,24.8,48.3,29.9,40,30.1,515,46.8,21
"Arias, Gabriel",672356,2024,24,153,161,34,21,9,1,3,53,6,32.9,3.7,".222",".353",".255","0.608","0.131",".316","15","54","2","5","15",".218",".376",".263",".279",".253",".158",".334","74.5","89.7","5.6",35.6,8,7.9,36.6,"101.274794118","94.824434059",80.1,8.1,65,298,157,578,71,70,241,52.1,301,44.8,259,38.4,60.9,34.7,42.6,22.8,101,51.5,15.8
"Kjerstad, Heston",677008,2024,25,99,114,25,19,2,0,4,33,10,28.9,8.8,".253",".394",".351","0.745","0.141",".339","14","39","0","1","8",".212",".356",".327",".299",".316",".144",".319","70.9","90.2","10.3",28.8,4,6.1,43.9,"100.595502727","94.562960909",78.5,6.6,61,253,89,423,82.2,28,157,47.3,200,42.6,180,31.1,55.6,28.8,40.9,30.3,66,45.5,28.8
"Bellinger, Cody",641355,2024,28,516,569,137,93,23,3,18,89,45,15.6,7.9,".266",".426",".325","0.751","0.160",".287","78","220","2","9","72",".241",".400",".322",".305",".304",".159",".290","69","87.8","17.4",32.9,27,6.3,32.9,"97.314029213","92.768351065",67.1,7.5,307,1180,456,2083,84,112,701,50.1,1044,43.3,902,22.2,49.8,40.5,33.3,26.2,432,37,35
"Meneses, Joey",608841,2024,32,281,313,65,51,11,0,3,63,21,20.1,6.7,".231",".302",".291","0.593","0.071",".281","42","85","0","2","19",".221",".341",".264",".283",".287",".120",".284","70.4","88.9","8.3",30.8,10,4.5,39.3,"99.265454911","93.867431839",69.1,6.5,125,658,284,1142,87.2,50,391,49.6,566,44.2,505,22.9,50.8,41.1,38.4,20.5,224,49.6,23.7
"Vaughn, Andrew",683734,2024,26,570,619,140,90,30,1,19,132,38,21.3,6.1,".246",".402",".297","0.699","0.156",".285","70","229","0","2","55",".240",".442",".304",".320",".294",".202",".311","70.8","90.3","16.6",33.6,41,9.3,43.3,"100.921632928","94.702971332",66.7,7.2,292,1180,609,2337,88.2,89,757,48.6,1135,43.3,1011,22,49.4,33.4,42,24.6,443,38.6,30.9
"Senzel, Nick",669222,2024,29,236,267,46,28,11,0,7,61,28,22.8,10.5,".195",".331",".283","0.614","0.136",".232","18","78","3","1","25",".228",".361",".273",".301",".312",".133",".307","68.8","84","15.5",38.6,10,5.7,26.7,"95.746731264","91.876891724",66.6,7.3,100,576,261,1005,84.1,57,359,53.6,539,44.7,449,23.9,47.1,35.2,39.8,25,176,42,24.4
"Marte, Starling",516782,2024,35,335,370,90,67,13,3,7,81,27,21.9,7.3,".269",".388",".327","0.715","0.119",".333","40","130","1","16","46",".285",".438",".313",".342",".342",".153",".374","72.4","89.8","4.3",37.1,18,6.9,42.9,"101.20205624","94.944189",69.2,8.4,148,805,359,1417,81.6,93,505,51.5,730,42.6,604,28.4,50.2,39.8,38.6,21.6,259,51.7,15.8
"Larnach, Trevor",663616,2024,27,355,400,92,60,17,0,15,89,40,22.3,10,".259",".434",".338","0.772","0.175",".304","52","154","1","4","59",".251",".462",".336",".343",".331",".211",".333","72.8","92","12.4",36.2,27,10.1,45.1,"102.375195821","95.54188573",63.5,6.6,363,748,388,1576,84.7,75,489,48.9,770,43.4,684,27.9,44.1,42.5,33.6,23.9,268,44,26.9
"Swanson, Dansby",621020,2024,30,534,593,129,84,27,2,16,144,54,24.3,9.1,".242",".390",".312","0.702","0.148",".300","66","208","3","19","82",".241",".423",".307",".324",".313",".181",".330","71.7","89.4","10.4",32.6,36,9.2,42.7,"100.210263655","94.404024529",71,8.3,274,1236,620,2355,77.3,200,881,52.7,1241,43.9,1035,28.7,48.7,43.3,36.1,20.6,393,49.9,23.2
"Cabrera, Oswaldo",665828,2024,25,299,326,74,55,11,0,8,63,21,19.3,6.4,".247",".365",".296","0.661","0.118",".286","36","109","2","4","47",".248",".347",".290",".291",".301",".100",".316","68.3","88.2","12.5",34,9,3.7,34.9,"97.641570336","92.88412097",68.1,7.2,238,654,292,1267,90,41,409,47.4,601,44,557,18.8,47.8,36.5,40.7,22.8,241,44,23.2
"Naylor, Josh",647304,2024,27,563,633,137,79,27,0,31,105,58,16.6,9.2,".243",".456",".320","0.776","0.213",".246","108","257","2","6","84",".254",".451",".332",".338",".330",".197",".311","72.9","89.9","11.1",30.1,39,8.4,40.9,"100.815360087","94.680816725",72.3,6.4,487,1081,555,2284,85.4,108,746,45.2,1032,42.1,962,22.4,50.3,38.1,40.3,21.6,462,46.8,25.1
"Gelof, Zack",680869,2024,24,497,547,105,66,20,2,17,188,38,34.4,6.9,".211",".362",".270","0.632","0.151",".296","49","180","3","25","60",".198",".353",".276",".273",".261",".155",".318","71.6","89.2","14.2",34.4,28,8.8,37.2,"98.970921935","93.611147032",72.1,7.2,248,1069,551,2055,73.9,199,762,51.4,1057,43.8,901,36.4,51.5,41.6,37.9,20.5,317,43.5,27.4
"Mullins, Cedric",656775,2024,29,444,499,104,67,16,3,18,98,41,19.6,8.2,".234",".405",".305","0.710","0.171",".261","54","180","6","32","69",".224",".357",".310",".292",".296",".133",".287","71","87.1","21.5",31.7,17,4.9,33.4,"97.759606105","92.89369311",73.3,8.5,253,1140,401,1938,86.9,96,732,51.5,998,43.6,845,19.1,51.4,42.3,34.6,23.1,350,35.1,28
"Castellanos, Nick",592206,2024,32,606,659,154,97,30,4,23,139,41,21.1,6.2,".254",".431",".311","0.742","0.177",".294","86","261","2","6","80",".268",".454",".321",".337",".324",".186",".347","71.9","88.4","15.2",39,38,8.1,38.2,"99.266703034","93.738511581",79,6.6,268,1111,728,2344,80.6,176,909,49.1,1150,42.8,1003,30.1,58,37.5,37.7,24.7,469,38.4,30.5
"Clase, Jonatan",682729,2024,22,61,66,15,12,2,0,1,17,3,25.8,4.5,".246",".328",".303","0.631","0.082",".326","5","20","1","3","7",".171",".251",".283",".221",".234",".080",".237","70.6","87.9","15.1",27.3,0,0,29.5,"96.389959091","92.426653953",73.4,4.5,58,153,39,267,83,16,94,47.9,128,43.4,116,25.2,50.6,34.1,47.7,18.2,44,36.4,38.6
"Edman, Tommy",669242,2024,29,139,153,33,21,5,1,6,30,11,19.6,7.2,".237",".417",".294","0.711","0.180",".257","20","58","0","6","20",".217",".327",".307",".272",".277",".110",".274","69.8","87.6","11.4",31.5,4,3.6,35.1,"96.992259821","92.61181955",66.5,8.5,129,292,112,567,85.2,28,189,50.1,284,42.3,240,24,46.2,38.7,32.4,28.8,111,45,27.9
"Campero, Gustavo",672569,2024,26,46,48,11,9,0,1,1,8,0,16.7,0,".239",".348",".271","0.619","0.109",".270","6","16","0","3","6",".229",".306",".271",".259",".261",".077",".277","66.8","83.8","7.7",28.9,1,2.6,15.8,"94.768809474","91.504922162",78.3,6.8,42,94,39,177,81.9,13,72,52,92,44.1,78,22.3,58.2,31.6,39.5,28.9,38,50,15.8
"Domínguez, Jasson",691176,2024,21,56,67,10,7,1,0,2,19,11,28.4,16.4,".179",".304",".313","0.617","0.125",".229","4","17","0","5","8",".202",".338",".285",".309",".333",".136",".306","75.4","89.4","5.1",24.3,4,10.8,45.9,"103.168163158","95.789056757",71.4,7,42,164,51,278,85.3,14,95,48.9,133,45.6,124,23.4,49.3,48.6,32.4,18.9,37,62.2,13.5
"Pasquantino, Vinnie",686469,2024,26,496,554,130,79,30,2,19,71,40,12.8,7.2,".262",".446",".315","0.761","0.184",".265","97","221","0","1","64",".264",".452",".325",".336",".320",".188",".304","71.7","91","14.6",31.9,31,7.1,46.5,"100.997993151","94.970921142",66.3,7.3,394,1179,431,2133,92.5,51,679,48,1024,42.9,916,14.5,47.8,45.8,35.3,18.9,439,40.3,27.8
"Whitcomb, Shay",694376,2024,25,41,46,9,6,3,0,0,8,5,17.4,10.9,".220",".293",".304","0.597","0.073",".273","5","12","0","0","1",".276",".416",".272",".341",".354",".141",".342","70.4","88.8","18.1",39.4,2,6.1,42.4,"100.123744706","94.308613636",70.5,6.6,11,98,43,181,87.1,8,62,48.6,88,35.9,65,17.9,46.4,39.4,39.4,21.2,33,33.3,30.3
"Martínez, Angel",682657,2024,22,151,169,35,25,7,0,3,33,15,19.5,8.9,".232",".338",".298","0.636","0.106",".274","11","51","1","3","16",".225",".323",".282",".281",".295",".098",".288","69","86.5","14.9",29.8,2,1.7,32.2,"96.829146271","92.477339068",62,8,121,390,125,677,88.2,24,204,48.6,329,44,298,19.8,48.6,41.3,41.3,17.4,121,44.6,24.8
"Gamel, Ben",592325,2024,32,81,99,20,15,4,0,1,24,18,24.2,18.2,".247",".333",".384","0.717","0.086",".339","4","27","0","1","22",".254",".380",".327",".345",".390",".126",".361","70.5","89.1","12.8",47.4,6,10.5,36.8,"99.117404286","93.916850714",58.8,5.2,53,193,98,381,74.6,29,114,50.8,194,44.8,171,34.2,38.3,42.1,35.1,22.8,57,43.9,21.1
"Montero, Elehuris",660707,2024,25,224,247,46,32,10,0,4,56,20,22.7,8.1,".205",".304",".267","0.571","0.099",".251","28","68","0","0","23",".208",".349",".254",".279",".273",".142",".278","75.1","89.5","17",27.5,13,7.6,41.5,"100.877618721","94.67846193",72.3,7.2,132,427,259,923,85.9,42,298,44.6,412,39.5,365,30.3,54.1,39.2,35.1,25.7,171,38,29.2
"Thomas, Alek",677950,2024,24,95,103,18,9,5,1,3,17,7,16.5,6.8,".189",".358",".245","0.603","0.169",".200","17","34","1","4","13",".277",".460",".262",".344",".326",".184",".337","70.9","91.2","1",26.6,6,7.6,46.8,"101.335202632","95.041754868",66,8.9,62,194,103,372,83.1,22,130,53,197,43.5,162,25.1,49.2,44.3,35.4,20.3,79,60.8,19
"Slater, Austin",596103,2024,31,177,212,37,31,4,0,2,60,26,28.3,12.3,".209",".266",".321","0.587","0.057",".294","18","47","2","3","24",".231",".326",".273",".307",".341",".095",".341","71.9","88.2","7.2",37.2,4,3.3,37.2,"98.373260169","93.491320256",66.2,7.3,122,569,138,882,75.3,74,299,51.2,452,39.1,345,29.8,43,29.8,35.5,34.7,121,52.1,15.7
"Vargas, Ildemaro",545121,2024,32,272,303,67,50,16,0,1,31,19,10.2,6.3,".246",".316",".295","0.611","0.070",".269","30","86","4","9","21",".255",".326",".271",".286",".306",".071",".285","69.6","87","4",29.5,3,1.2,31.9,"97.073438667","92.579283167",62.8,6.6,173,604,217,1058,93.4,22,331,49.8,527,44.1,467,12.6,46.4,46.6,31.9,21.5,251,55,16.7
"Cronenworth, Jake",630105,2024,30,577,656,139,90,29,3,17,118,61,18,9.3,".241",".390",".324","0.714","0.149",".274","83","225","2","5","72",".257",".431",".315",".339",".339",".175",".322","69.5","88.6","13.9",35.4,36,7.8,36.7,"99.527561266","93.904133654",65.9,8.3,281,1804,528,2752,89.2,100,928,51.2,1409,43.4,1195,17.1,45,32.6,38.7,28.7,463,43.6,25.3
"Massey, Michael",686681,2024,26,332,356,86,53,17,2,14,56,15,15.7,4.2,".259",".449",".294","0.743","0.190",".271","45","149","0","1","45",".256",".429",".317",".315",".294",".172",".307","70.9","89.2","16.8",34.4,20,7.1,36.9,"98.396031151","93.36810777",67.3,7.2,239,759,262,1330,91.3,38,438,48.9,651,44.7,594,17.9,52,51.8,29.1,19.1,282,39.7,33
"Vientos, Mark",668901,2024,24,413,454,110,61,22,0,27,135,33,29.7,7.3,".266",".516",".322","0.838","0.250",".324","71","213","0","0","58",".241",".470",".356",".333",".301",".229",".356","71.8","91.2","11.4",34.6,40,14.1,46.6,"102.544746312","95.741575567",68.5,7.4,215,830,532,1756,75,146,584,48.6,853,42,737,34.4,49.9,36,43.1,20.8,283,44.2,24.4
"Lipscomb, Trey",702358,2024,24,190,211,38,34,3,0,1,40,16,19,7.6,".200",".232",".268","0.500","0.032",".247","10","44","2","11","20",".228",".294",".231",".271",".294",".066",".288","69.8","86.5","0.7",23,1,0.7,31.6,"97.923016133","92.984215",68.7,6.8,86,433,192,780,84.7,41,268,50,390,42.1,328,25.3,50.8,26.3,39.5,34.2,152,63.8,11.2
"Díaz, Aledmys",649557,2024,33,33,34,3,3,0,0,0,9,1,26.5,2.9,".091",".091",".118","0.209","0.000",".125","1","3","0","0","2",".197",".236",".098",".206",".220",".040",".270","68.9","87.1","11.9",16.7,0,0,33.3,"97.837153333","92.959036667",70,11.2,12,73,22,116,88.1,5,42,51.7,60,40.5,47,24.2,56.9,58.3,20.8,20.8,24,50,20.8
"Dahl, David",621311,2024,30,58,62,12,7,2,0,3,21,3,33.9,4.8,".207",".397",".242","0.639","0.190",".257","8","23","0","0","6",".205",".405",".273",".277",".240",".200",".313","68.1","87.1","12.7",36.8,3,7.9,21.1,"96.437026316","92.241650789",75.8,6.8,39,125,62,266,78,20,91,45.1,120,44.4,118,33.3,54.1,44.7,36.8,18.4,38,42.1,39.5
"Ozuna, Marcell",542303,2024,33,606,688,183,113,31,0,39,170,74,24.7,10.8,".302",".546",".378","0.924","0.244",".359","104","331","0","1","96",".283",".583",".395",".404",".365",".300",".395","74","92.1","14.4",40.5,68,15.5,53.4,"103.338991136","96.489686128",72.5,6.6,344,1557,693,2875,77.4,208,920,44.1,1269,40.5,1165,31.4,46.8,46.8,32,21.1,440,38,31.6
"Villar, David",681584,2024,27,35,37,9,4,4,0,1,13,1,35.1,2.7,".257",".457",".270","0.727","0.200",".364","4","16","0","0","3",".222",".439",".305",".319",".256",".217",".369","68.4","91.3","15.7",34.8,3,13,52.2,"101.43758","95.457414783",59.7,8.8,18,67,43,136,76.7,10,43,52.9,72,39,53,34.4,44.9,34.8,34.8,30.4,23,34.8,39.1
"Saggese, Thomas",695336,2024,22,49,52,10,7,2,0,1,14,2,26.9,3.8,".204",".306",".250","0.556","0.102",".265","4","15","0","0","5",".203",".318",".247",".251",".249",".115",".285","70.2","85.7","11.3",45.7,1,2.9,25.7,"96.543968333","92.411291143",64.4,7.4,24,98,59,189,86.6,9,67,55,104,49.7,94,22.5,54,17.1,40,42.9,35,37.1,31.4
"Pagés, Pedro",686780,2024,25,202,218,48,36,3,2,7,58,13,26.6,6,".238",".376",".281","0.657","0.138",".295","27","76","0","2","19",".223",".354",".286",".283",".273",".131",".317","72","89","11.8",32,7,4.8,40.4,"99.177856111","93.608837639",66.4,8.6,89,502,187,849,83.7,46,283,50.7,426,40.7,342,26.1,51,34,41.5,24.5,147,42.9,24.5
"Mastrobuoni, Miles",670156,2024,28,98,106,19,16,3,0,0,17,7,16,6.6,".194",".224",".245","0.469","0.030",".232","4","22","0","2","9",".264",".371",".214",".303",".311",".107",".316","66.8","87.4","13.9",32.9,2,2.4,31.7,"96.319052927","92.222572963",56.8,8.6,31,248,82,381,85.2,16,108,49.7,190,37.2,142,20.3,41.5,26.8,46.3,26.8,82,43.9,31.7
"Wells, Austin",669224,2024,24,354,414,81,49,18,1,13,87,47,21,11.4,".229",".395",".322","0.717","0.166",".261","55","140","2","1","42",".242",".439",".315",".343",".338",".198",".320","72.4","88.4","17.1",34.5,25,9.1,38.9,"99.723567259","94.070969368",73.2,7.3,346,812,365,1638,80.1,119,598,49.9,817,42.2,692,27.3,49.3,37.8,33.5,28.7,275,37.5,29.1
"Wendle, Joey",621563,2024,34,36,37,8,7,1,0,0,9,1,24.3,2.7,".222",".250",".243","0.493","0.028",".296","1","9","0","1","3",".222",".307",".219",".247",".243",".085",".297","68","88.3","4.8",37,0,0,25.9,"94.74595","91.372975",51.4,11.2,35,66,27,134,91.7,3,36,52.2,70,32.1,43,27.4,46.3,29.6,22.2,48.1,27,51.9,25.9
"McCann, Kyle",668832,2024,26,140,157,33,24,4,0,5,59,16,37.6,10.2,".236",".371",".318","0.689","0.135",".368","15","52","0","0","13",".183",".363",".304",".279",".272",".180",".317","73.6","89.6","12.5",30.9,10,12.3,38.3,"100.534877805","94.549176173",66.8,8.8,88,292,196,636,64.5,75,211,49.8,316,42.7,271,45.2,45.9,39.5,37,23.5,81,45.7,32.1
"Kiner-Falefa, Isiah",643396,2024,29,465,496,125,95,18,4,8,78,16,15.7,3.2,".269",".376",".306","0.682","0.107",".307","43","175","2","11","53",".251",".354",".299",".289",".291",".103",".302","67","86.1","9.1",31.6,9,2.3,29.7,"96.695719581","92.34866123",60.8,8.8,157,1026,378,1710,90.6,51,541,52.3,890,43.2,734,14.8,46.1,32.4,41.6,26,392,48.5,21.2
"Smith, Dominic",642086,2024,29,275,307,64,36,22,0,6,76,28,24.8,9.1,".233",".378",".313","0.691","0.145",".301","34","104","1","1","33",".216",".397",".306",".308",".298",".181",".299","68.8","89.3","13",37.7,21,10.6,38.7,"98.769074141","93.729740505",65.1,7.7,232,662,250,1211,80.8,73,380,48.2,584,45.4,550,25.3,45.3,39.2,38.2,22.6,199,40.2,32.2
"Nimmo, Brandon",607043,2024,31,571,663,128,77,25,3,23,158,77,23.8,11.6,".224",".399",".327","0.726","0.175",".267","90","228","0","15","88",".241",".417",".321",".338",".344",".176",".334","73.3","91.9","11.2",33.7,38,9.1,47.4,"101.264982933","95.221659687",65.6,8.3,294,1700,614,2747,84.8,137,900,49.9,1372,43,1180,23.4,44.8,37,36.3,26.7,416,42.8,27.2
"Martinez, J.D.",502110,2024,36,434,495,102,61,24,1,16,141,49,28.5,9.9,".235",".406",".320","0.726","0.171",".308","69","176","0","0","46",".252",".480",".318",".353",".335",".228",".371","73","91","14.4",39.3,44,14.9,46.1,"101.443240544","95.173257041",69,7.5,179,1102,588,2052,81.9,123,678,47.8,982,40.7,836,31.5,48.5,34.6,38,27.5,295,39.7,31.9
"Caminero, Junior",691406,2024,20,165,177,41,25,9,1,6,38,11,21.5,6.2,".248",".424",".299","0.723","0.176",".289","18","70","0","2","15",".234",".412",".309",".303",".286",".179",".305","77.2","89.7","6.8",25.2,15,11.8,45.7,"102.966914286","95.641090317",63.1,5.9,68,326,158,629,77.8,39,176,44.4,279,42.6,268,31.7,47.7,32.3,40.9,26.8,127,48.8,21.3
"Riley, Austin",663586,2024,27,425,469,109,62,26,2,19,118,37,25.2,7.9,".256",".461",".322","0.783","0.205",".310","56","196","0","0","63",".265",".523",".338",".367",".331",".259",".366","75.2","93.3","15.9",37.2,46,14.9,53.4,"103.77151961","96.882758664",72.1,7.1,151,1123,418,1822,81.3,123,658,50.1,913,42.9,782,27.5,50.1,35.9,37.5,26.5,309,36.2,31.1
"Bogaerts, Xander",593428,2024,31,428,463,113,86,15,1,11,79,28,17.1,6,".264",".381",".307","0.688","0.117",".297","44","163","3","13","50",".260",".386",".300",".308",".306",".126",".318","70.7","88.1","10.9",32.1,18,5.1,33.2,"98.125304802","93.133969802",59.8,8.8,190,993,461,1791,88.6,66,579,54,968,42,752,18.3,44.2,41.7,40.8,17.5,355,47.6,23.9
"Horwitz, Spencer",687462,2024,26,328,381,87,56,19,0,12,70,42,18.4,11,".265",".433",".357","0.790","0.168",".300","40","142","0","0","46",".250",".427",".344",".340",".346",".177",".316","69.5","88.2","13.7",37.4,21,8,36.6,"98.212716794","93.175509618",65.4,7.4,283,910,287,1582,84.5,82,529,51.1,809,46.4,734,19.4,46,37.4,32.4,30.2,262,42,25.6
"Varsho, Daulton",662139,2024,27,459,513,98,52,21,7,18,137,48,26.7,9.4,".214",".407",".293","0.700","0.193",".262","58","187","2","10","73",".185",".326",".304",".265",".267",".141",".263","73.7","86.1","24.4",30.2,20,6.2,34,"98.537583503","93.276618121",70.3,7,316,1204,397,2048,80,141,704,49.1,1001,45.9,937,27,47.6,47.5,29,23.5,324,33,30.6
"Nevin, Tyler",663527,2024,27,245,278,50,33,10,0,7,64,25,23,9,".204",".331",".288","0.619","0.127",".243","20","81","0","1","22",".215",".384",".276",".304",".299",".169",".289","68.4","89.8","10.7",37,16,8.7,40.8,"99.059252088","93.891727514",69.1,8.3,149,627,237,1090,80.7,72,374,49.6,541,42.8,467,25.6,47.3,28.3,38,33.7,184,43.5,30.4
"McCann, James",543510,2024,34,214,233,50,33,9,0,8,56,13,24,5.6,".234",".388",".279","0.667","0.154",".273","31","83","0","1","27",".241",".424",".288",".315",".292",".183",".328","70.7","87.4","14.4",38.9,14,8.6,37.7,"99.207987625","93.644913774",69.6,7.2,81,526,182,875,82.2,57,314,51.5,451,43.7,383,27.6,52.1,33.3,36.4,29.6,162,38.9,29
"Rodríguez, Julio",677594,2024,23,567,613,155,118,17,0,20,156,38,25.4,6.2,".273",".409",".325","0.734","0.136",".344","68","232","5","24","76",".274",".472",".321",".348",".326",".197",".378","76.3","91.7","10.5",33.2,42,10.2,48.4,"103.553687536","96.325344116",74.7,6.7,299,1266,588,2385,78.8,172,810,45.5,1085,40.8,973,30.9,54.3,33.4,39.2,27.4,413,44.6,26.2
"Stanton, Giancarlo",519317,2024,34,417,459,97,50,20,0,27,143,38,31.2,8.3,".233",".475",".298","0.773","0.242",".281","72","198","0","0","49",".243",".520",".330",".354",".309",".278",".370","81.2","94.6","14.7",34.8,57,20.7,55.3,"108.185328759","99.180033333",63.6,5.9,221,992,413,1831,74.9,141,561,48.2,882,43,787,34.4,46.8,39.5,39.5,21,276,38.8,25.4
"Crews, Dylan",686611,2024,22,119,132,26,17,5,1,3,26,11,19.7,8.3,".218",".353",".288","0.641","0.135",".253","8","42","3","12","12",".250",".422",".283",".327",".317",".172",".318","72.3","89","8.8",23.4,6,6.4,44.7,"101.319603191","94.909751613",63.6,8.3,57,266,129,520,86.3,22,161,48.7,253,42.3,220,22.8,44.6,35.1,41.5,23.4,94,56.4,21.3
"Betts, Mookie",605141,2024,31,450,516,130,82,24,5,19,57,61,11,11.8,".289",".491",".372","0.863","0.202",".294","75","221","2","16","75",".282",".468",".371",".364",".368",".187",".322","69","89.9","21.4",39.3,24,6,39.5,"98.50877402","93.575257103",60.8,6.9,228,1214,435,2047,93.9,37,604,48.6,994,43.3,887,14.9,40.4,34.3,41.6,24.2,397,27.2,35.3
"Blankenhorn, Travis",663905,2024,27,31,32,4,3,1,0,0,9,1,28.1,3.1,".129",".161",".156","0.317","0.032",".182","5","5","0","0","2",".172",".252",".143",".204",".198",".081",".242","73.5","86.7","4.8",18.2,0,0,36.4,"97.55324","92.862443182",62.7,5.7,27,65,25,122,87.5,4,32,41.8,51,45.1,55,25,52.5,50,31.8,18.2,22,63.6,9.1
"Wade Jr., LaMonte",664774,2024,30,331,401,86,62,16,0,8,90,62,22.4,15.5,".260",".381",".380","0.761","0.121",".331","34","126","1","2","45",".253",".437",".337",".356",".376",".184",".346","72.4","90.6","12.9",39.6,23,9.4,44.1,"101.164898115","95.074393169",62.9,7.3,341,920,293,1639,86.4,68,499,48.4,793,42.6,699,24.2,40.9,39.6,38,22.4,245,39.6,25.7
"Bruján, Vidal",660644,2024,26,248,278,55,37,14,2,2,54,25,19.4,9,".222",".319",".303","0.622","0.097",".276","16","79","6","5","32",".218",".292",".276",".268",".300",".074",".279","66.9","85.1","8",29.7,3,1.5,22.6,"95.193229158","91.616436508",73.9,8.2,162,618,228,1055,83,69,405,51.9,548,42.7,451,24.4,52,38.5,35.9,25.6,195,52.3,19
"Pereda, Jhonny",640902,2024,28,39,40,9,9,0,0,0,10,0,25,0,".231",".231",".250","0.481","0.000",".310","4","9","0","0","2",".231",".311",".216",".255",".250",".080",".311","70.1","85.5","3.3",34.5,1,3.4,37.9,"97.91226","93.135710345",59.5,6.3,15,84,47,158,78,11,50,53.2,84,42.4,67,27.4,46.2,27.6,37.9,34.5,29,51.7,13.8
"Jung, Josh",673962,2024,26,178,188,47,34,5,1,7,48,8,25.5,4.3,".264",".421",".298","0.719","0.157",".323","16","75","0","4","19",".240",".409",".311",".296",".276",".169",".327","72","86.2","12.2",38.2,13,9.9,39.7,"97.932886515","93.114510916",68.9,7.6,65,389,174,693,76.6,55,235,49.2,341,41.1,285,31.9,51.9,29.8,39.7,30.5,131,42.7,29
"Leblanc, Charles",641779,2024,28,21,28,4,2,0,0,2,9,7,32.1,25,".190",".476",".393","0.869","0.286",".200","6","10","0","0","6",".206",".461",".382",".381",".404",".256",".360","70.5","85.3","20.2",41.7,2,16.7,33.3,"99.562568333","93.781284167",57.6,8.4,16,63,32,118,82.4,6,34,49.6,59,37,44,28.9,38.1,50,16.7,33.3,12,16.7,41.7
"Torkelson, Spencer",679529,2024,24,342,381,75,43,21,1,10,105,33,27.6,8.7,".219",".374",".295","0.669","0.155",".285","37","128","0","0","45",".209",".358",".295",".286",".285",".149",".300","73.6","89","20.2",31.5,16,6.7,39.7,"99.687498067","94.009349451",66.9,7.9,152,841,390,1593,82.3,98,554,52.3,828,44.1,698,26.6,46,47.1,31.9,21,238,34.5,31.1
"Torres, Gleyber",650402,2024,27,587,665,151,110,26,0,15,136,65,20.5,9.8,".257",".378",".330","0.708","0.121",".306","63","222","3","4","80",".240",".386",".313",".314",".317",".146",".310","70.1","88.6","15",38.2,29,6.3,35.4,"98.295655921","93.36890443",69.2,7.6,336,1513,653,2821,81.3,185,988,50.7,1427,42.3,1190,22.9,45.7,31.7,34.7,33.6,461,36.9,29.9
"Rocchio, Brayan",677587,2024,23,383,442,79,53,18,0,8,90,44,20.4,10,".206",".316",".298","0.614","0.110",".245","36","121","6","10","50",".210",".308",".276",".279",".302",".099",".271","69.5","84.6","9.4",36,12,4,22.3,"95.744136806","91.872068403",68.3,7.5,296,911,381,1669,83.4,89,535,46.9,783,43.9,733,24.3,47.9,37.7,40.7,21.7,300,47.7,25
"Lopez, Nicky",670032,2024,29,398,445,96,80,12,3,1,67,37,15.1,8.3,".241",".294",".312","0.606","0.053",".288","21","117","7","5","40",".227",".291",".275",".273",".299",".064",".273","64.2","85","5.6",30,5,1.5,16.9,"94.065401402","91.042138226",68.6,8.7,206,945,383,1628,86.5,76,564,50.5,822,42.8,697,19.4,48.5,29.7,39.5,30.9,337,56.7,19.3
"Doyle, Brenton",686668,2024,26,542,603,141,90,24,4,23,153,46,25.4,7.6,".260",".446",".317","0.763","0.186",".316","72","242","5","30","82",".249",".442",".328",".330",".311",".193",".345","70.9","89.2","13.2",37.4,42,10.5,41.4,"100.983223096","94.67619269",74.5,7.2,183,1241,552,2158,81.8,141,774,48.1,1039,43,928,29.8,51.4,36.9,36.4,26.7,401,40.4,29.2
"Toro, Abraham",647351,2024,27,337,364,81,57,17,1,6,62,20,17,5.5,".240",".350",".293","0.643","0.110",".279","26","118","2","4","34",".244",".374",".283",".297",".297",".130",".300","69.6","87.2","12.2",33.2,12,4.3,29.6,"97.476845145","92.798620509",65.7,6.6,289,756,303,1394,90.5,43,453,49.4,689,42.3,590,17.4,48.1,37.9,39.4,22.7,277,44.8,25.6
"Kwan, Steven",680757,2024,26,480,540,140,107,16,3,14,51,53,9.4,9.8,".292",".425",".368","0.793","0.133",".304","44","204","5","12","83",".283",".392",".349",".337",".361",".109",".317","64.4","86.3","14.9",38.5,11,2.6,23.7,"95.04543782","91.531639359",57.6,8.4,304,1316,421,2165,95.7,28,645,51.7,1119,43.4,939,8.2,39.1,30.4,37.6,32,431,37.4,28.3
"McMahon, Ryan",641857,2024,29,567,645,137,89,28,0,20,185,69,28.7,10.7,".242",".397",".325","0.722","0.155",".320","65","225","6","4","68",".238",".421",".315",".327",".324",".183",".353","72.5","92.1","10",36.5,42,10.9,49.7,"102.62988712","96.057260524",65.6,8.5,313,1725,518,2723,77.6,209,932,52.1,1420,42.6,1161,30,46.9,33.9,38.6,27.5,386,49,24.6
"Frelick, Sal",686217,2024,24,475,524,123,95,22,4,2,78,39,14.9,7.4,".259",".335",".320","0.655","0.076",".306","32","159","3","18","66",".246",".309",".292",".283",".308",".063",".294","66.3","83.4","9.7",30,3,0.8,19.5,"94.439757846","91.272403907",57,7.3,251,1209,454,2046,91.9,48,589,50.5,1033,42.2,864,12.9,41.5,29.5,43,27.5,400,48,18
"Shenton, Austin",668853,2024,26,42,50,9,3,5,0,1,14,8,28,16,".214",".405",".340","0.745","0.191",".296","3","17","0","0","3",".199",".300",".330",".291",".328",".100",".299","68.9","83.9","15.5",50,1,3.6,25,"94.712728571","91.462829286",59.6,6.1,38,137,26,212,69.4,19,62,49.1,104,39.2,83,35.7,39.6,28.6,25,46.4,28,32.1,28.6
"Hoskins, Rhys",656555,2024,31,449,517,96,56,14,0,26,149,53,28.8,10.3,".214",".419",".303","0.722","0.205",".250","82","188","0","3","59",".201",".402",".313",".306",".294",".201",".298","71.2","88.7","20.8",29.7,39,12.7,42.2,"99.737434248","94.057895065",59.3,7.9,160,1276,623,2243,78.8,145,684,51.4,1154,43.4,973,26.3,42.8,52.6,28.1,19.3,306,33.3,36.6
"Frazier, Adam",624428,2024,32,262,294,53,38,10,1,4,59,22,20.1,7.5,".202",".294",".282","0.576","0.092",".246","22","77","0","3","35",".237",".323",".261",".290",".313",".087",".305","66.5","84.5","15.3",37.9,6,2.9,22.8,"95.005808416","91.560763134",65.3,7.7,197,682,270,1211,88.8,47,418,52.8,640,43.8,531,18.8,47,40.3,32.5,27.2,206,40.3,25.7
"Amaya, Miguel",665804,2024,25,328,363,76,53,13,2,8,62,23,17.1,6.3,".232",".357",".288","0.645","0.125",".261","47","117","0","0","32",".249",".377",".283",".302",".305",".128",".305","72.9","88.4","11.1",33.9,13,4.7,33.9,"99.101174286","93.708861353",74.2,7,169,704,298,1291,86.1,67,481,50.2,648,41.4,534,22.5,54,34.3,33.9,31.8,274,45.3,23
"Duran, Ezequiel",677649,2024,25,268,285,66,52,11,0,3,63,14,22.1,4.9,".246",".321",".288","0.609","0.075",".310","20","86","2","1","26",".215",".319",".270",".258",".258",".104",".279","72.6","87.1","8.9",28.2,7,3.4,35.9,"98.680111262","93.37676239",74,6.5,102,568,242,1011,85.9,52,368,49.2,497,42.5,430,24.7,56.4,29.1,40.3,30.6,206,47.6,24.3
"Estrada, Thairo",642731,2024,28,364,381,79,53,15,2,9,76,10,19.9,2.6,".217",".343",".247","0.590","0.126",".249","47","125","2","2","43",".224",".342",".256",".265",".255",".118",".284","71","86.2","10.5",30.3,14,4.8,31.7,"97.31710125","92.678487456",67.5,7.9,141,678,369,1309,90.1,44,446,50.5,661,41.9,549,20.5,51.3,43.4,35.9,20.7,290,47.6,21.7
"Jackson, Alex",656577,2024,28,139,155,17,7,7,0,3,53,12,34.2,7.7,".122",".237",".201","0.438","0.115",".167","12","33","0","1","17",".137",".266",".200",".224",".217",".130",".223","74.4","86.7","20.2",21.6,8,9.1,31.8,"97.524225","92.833252184",71.9,7,71,353,154,626,70.5,61,207,46,288,40.9,256,39.7,52.7,36.4,43.2,20.5,88,40.9,34.1
"Lee, Korey",686676,2024,25,377,394,79,52,14,1,12,122,17,31,4.3,".210",".347",".244","0.591","0.137",".276","37","131","3","6","36",".209",".342",".257",".258",".243",".133",".310","71.4","88.3","9.6",34.1,19,7.5,37.6,"99.5141412","93.7992936",80.2,8.8,173,750,355,1429,71.5,172,603,52.6,752,44.9,641,37.1,58.9,35.7,38,26.3,255,49.4,23.5
"Grichuk, Randal",545341,2024,32,254,279,74,40,20,2,12,46,20,16.5,7.2,".291",".528",".348","0.876","0.237",".313","46","134","0","0","40",".275",".500",".373",".366",".336",".225",".337","73.7","90.6","17.3",34.3,23,11,47.6,"102.436633714","95.601048095",67.6,7.6,147,590,279,1088,88.7,40,353,48,522,38.6,420,20.4,47.3,44.8,37.6,17.6,210,36.2,29
"Donovan, Brendan",680977,2024,27,587,652,163,112,34,3,14,81,47,12.4,7.2,".278",".417",".342","0.759","0.139",".300","73","245","5","5","65",".275",".432",".332",".341",".341",".157",".318","69.6","88.7","13.2",36.6,28,5.5,37.6,"98.552237391","93.418618597",63.7,8.9,326,1497,503,2487,91.4,70,813,51.4,1277,42.9,1065,15.1,44.2,35.4,36.2,28.4,511,42.3,22.9
"Kavadas, Niko",694359,2024,25,93,106,17,11,2,0,4,41,11,38.7,10.4,".183",".333",".283","0.616","0.150",".271","8","31","0","1","11",".183",".371",".278",".291",".283",".189",".327","70.5","91.7","27.3",42.3,6,11.5,40.4,"100.778566538","94.892744038",59.4,7.3,83,225,128,465,74.6,36,142,51.4,239,42.4,197,34.1,39.1,36.5,32.7,30.8,52,17.3,50
"Rivera, Emmanuel",656896,2024,28,265,302,63,47,9,2,5,69,26,22.8,8.6,".238",".343",".312","0.655","0.105",".296","29","91","0","2","24",".248",".393",".291",".322",".325",".146",".333","69.6","89.7","8.7",33.7,16,7.9,44.1,"99.97328099","94.404966716",70.8,7.6,123,655,288,1151,82,69,383,47,541,41.7,480,28.3,48.6,29.7,44.6,25.7,202,52,22.8
"Rojas, Miguel",500743,2024,35,307,337,87,60,21,0,6,34,23,10.1,6.8,".283",".410",".337","0.747","0.127",".301","36","126","2","8","41",".276",".360",".327",".312",".332",".085",".310","67.9","85","9.7",33.2,7,2.5,27.8,"96.317826471","92.174445609",65.3,6.4,119,675,306,1211,91.5,34,400,50.6,613,43.5,527,13.9,46.5,39.4,33.6,27.1,277,49.5,17.3
"Nido, Tomás",621512,2024,30,130,140,25,17,4,0,4,35,5,25,3.6,".192",".315",".219","0.534","0.123",".226","12","41","0","0","14",".214",".428",".231",".289",".243",".215",".291","70.8","89.8","14.1",36,12,12,44,"99.686948542","94.248211563",79.1,10.1,61,255,137,506,74.6,51,201,50.2,254,41.7,211,35.9,60.5,38,31,31,100,46,30
"Stowers, Kyle",669065,2024,26,192,209,40,24,11,2,3,74,13,35.4,6.2,".208",".333",".268","0.601","0.125",".319","24","64","1","0","15",".217",".374",".265",".291",".279",".157",".356","73.7","91","12.3",36.1,13,10.9,51.3,"102.156753559","95.709246525",78.5,6.7,143,479,169,819,72.9,83,306,47.6,390,43.8,359,36.1,54.5,36.1,43.7,20.2,119,48.7,22.7
"Hamilton, David",666152,2024,26,294,317,73,47,17,1,8,80,22,25.2,6.9,".248",".395",".303","0.698","0.147",".316","28","116","4","33","47",".229",".357",".305",".285",".285",".128",".315","68.9","87","15.8",38.3,12,5.6,32.2,"97.714382095","92.969829904",66.3,7.6,186,640,294,1190,84,65,406,51.4,612,41.8,498,25.6,45.9,41.1,31.3,27.6,214,37.4,29.4
"Thomas, Lane",657041,2024,28,472,528,112,68,26,3,15,137,44,25.9,8.3,".237",".400",".309","0.709","0.163",".298","63","189","14","32","65",".240",".388",".309",".311",".313",".148",".336","71.7","88.8","17",31.5,25,7.4,40.6,"100.376555353","94.3557595",64,8.4,214,1154,541,2080,82.8,116,675,50.7,1054,44.2,919,23.3,43.8,40,37.1,22.9,340,39.1,26.8
"Jankowski, Travis",608671,2024,33,190,207,38,32,5,0,1,44,12,21.3,5.8,".200",".242",".266","0.508","0.042",".255","12","46","1","11","19",".207",".256",".234",".245",".272",".049",".269","67","85.4","5.9",25.3,1,0.7,24.7,"95.346098056","91.700885874",64.9,8.1,138,477,178,819,85.5,42,290,54.6,447,44.7,366,20.7,44.8,30.8,35.6,33.6,146,59.6,16.4
"Adams, Jordyn",677941,2024,24,35,38,8,7,0,0,1,12,3,31.6,7.9,".229",".314",".289","0.603","0.085",".318","4","11","0","2","4",".254",".382",".271",".308",".313",".129",".386","70.3","88","10.5",34.8,1,4.3,30.4,"97.563651818","93.061707727",72.2,5.7,15,70,60,158,75.4,14,57,50,79,44.3,70,31.7,51.9,39.1,26.1,34.8,23,43.5,26.1
"Alvarez, Francisco",682626,2024,22,308,342,73,46,14,2,11,86,30,25.1,8.8,".237",".403",".307","0.710","0.166",".291","47","124","1","1","39",".218",".372",".310",".297",".291",".154",".302","73.5","88.8","6.9",27.2,15,6.7,42,"101.298215536","94.784205516",64.2,7.6,147,690,386,1331,79.4,86,417,48.8,650,43.5,579,29.6,46.1,33,37.9,29,224,50.9,20.5
"Del Castillo, Adrian",680728,2024,24,80,87,25,16,5,0,4,28,7,32.2,8,".313",".525",".368","0.893","0.212",".438","19","42","1","1","12",".215",".400",".384",".298",".278",".185",".330","72.4","87.6","18.3",36.5,6,11.5,34.6,"97.887696538","93.052993333",69.3,9.2,71,183,64,336,77.4,26,115,49.4,166,43.5,146,31.1,49.7,40.4,28.8,30.8,52,32.7,38.5
"Sheets, Gavin",657757,2024,28,451,501,105,70,24,1,10,106,43,21.2,8.6,".233",".357",".303","0.660","0.124",".281","45","161","2","2","35",".248",".387",".291",".313",".318",".139",".323","72.7","87.8","13.5",41.1,20,5.7,35.3,"98.863415862","93.510571585",62.4,6.3,359,1053,515,2087,83.8,97,599,46,960,43.6,910,23,46.2,39.1,34.2,26.7,348,37.1,23
"Heim, Jonah",641680,2024,29,459,491,101,75,12,1,13,90,26,18.3,5.3,".220",".336",".267","0.603","0.116",".246","59","154","1","1","45",".226",".365",".265",".281",".272",".140",".280","70.2","88.5","14.5",29.9,22,5.9,36.4,"98.507122973","93.44020477",76.3,8.1,290,1060,361,1781,85.6,98,682,50.2,894,44.5,792,20.7,54.3,38.3,36.9,24.8,371,41.8,27.5
"Carpenter, Kerry",681481,2024,26,264,296,75,36,16,5,18,75,22,25.3,7.4,".284",".587",".345","0.932","0.303",".328","57","155","2","0","37",".260",".561",".390",".379",".327",".301",".364","71.5","90.5","17.6",40.1,34,17.7,46.4,"100.928032292","94.944129215",70.4,7.7,205,524,288,1131,81.6,69,374,47.5,531,43.5,486,30.3,50.5,41.7,33.3,25,192,37,37.5
"Friedl, TJ",670770,2024,28,297,341,67,48,5,1,13,52,26,15.2,7.6,".226",".380",".310","0.690","0.154",".229","55","113","1","9","35",".227",".327",".305",".297",".317",".100",".278","70.5","86","16.7",29.9,8,3.2,31.5,"96.990036","92.527458326",61.8,8.2,190,781,245,1286,89,45,408,51.3,660,43.2,556,17.9,43.4,47.4,32.7,19.9,251,38.2,27.9
"Vierling, Matt",663837,2024,27,518,567,133,84,28,5,16,121,41,21.3,7.2,".257",".423",".312","0.735","0.166",".303","57","219","1","6","80",".252",".402",".317",".312",".309",".149",".327","71.1","89.8","11.7",34.1,30,7.5,40.9,"100.235830606","94.344722247",62.1,8.5,225,1400,457,2312,87.2,95,741,51.9,1193,42.2,970,19.5,42.8,36.8,37.6,25.6,402,42,23.6
"Sánchez, Gary",596142,2024,31,245,280,54,35,7,1,11,76,27,27.1,9.6,".220",".392",".307","0.699","0.172",".267","37","96","0","0","30",".218",".415",".307",".315",".305",".197",".311","73.1","90","16.2",31.4,18,10.5,44.2,"101.892350698","95.129594012",55.1,6.3,154,603,308,1158,79.1,65,311,48.7,564,45.9,531,30.4,40.7,48.3,40.1,11.6,172,40.1,31.4
"Witt Jr., Bobby",677951,2024,24,636,709,211,123,45,11,32,106,57,15,8,".332",".588",".389","0.977","0.256",".354","109","374","12","31","125",".309",".583",".410",".407",".373",".274",".370","74.7","92.7","15.1",35.7,77,14.3,48.3,"103.972880446","96.499868141",72.3,7.6,286,1381,707,2600,84.8,135,891,47.4,1232,41.3,1075,22.3,51.2,32.3,39.6,28.1,538,37.5,30.5
"Cave, Jake",595909,2024,31,323,346,81,53,16,5,7,98,18,28.3,5.2,".251",".396",".290","0.686","0.145",".335","37","128","2","5","42",".234",".362",".295",".281",".275",".129",".334","69.5","87.5","7.5",35.8,12,5.2,37.1,"98.314485398","93.366757022",71,7.9,196,677,366,1345,78.9,103,489,51.2,689,46.6,627,28.2,52.6,29.7,41.5,28.8,229,45.9,24.5
"Outman, James",681546,2024,27,136,156,20,12,4,0,4,55,16,35.3,10.3,".147",".265",".256","0.521","0.118",".208","11","36","1","2","12",".200",".334",".242",".290",".303",".134",".336","73.1","87.6","15.3",38.3,4,4.9,38.3,"100.237923902","94.412729136",67.3,7.6,93,345,140,634,75,53,212,49.7,315,46.8,297,37.1,47.6,43.2,29.6,27.2,81,33.3,28.4
"Taylor, Tyrone",621438,2024,30,319,345,79,47,22,3,7,80,19,23.2,5.5,".248",".401",".299","0.700","0.153",".309","35","128","2","11","47",".246",".400",".304",".305",".298",".153",".328","70.5","87.3","16.8",34.9,17,7.1,35.3,"99.355167983","93.783487975",66.2,8.8,114,712,367,1323,88,53,441,50.3,666,39.1,517,22.2,49.4,46.9,30.3,22.8,241,38.2,24.5
"Arraez, Luis",650333,2024,27,637,672,200,161,32,3,4,29,24,4.3,3.6,".314",".392",".346","0.738","0.078",".324","46","250","3","9","83",".310",".408",".323",".330",".343",".098",".324","63.1","86.3","13.7",40.9,10,1.6,23.7,"94.838000362","91.449624457",63,7.7,268,1555,446,2416,95.3,37,795,52.2,1262,44.2,1069,6.9,49.8,31.6,37.6,30.8,611,42.2,25.2
"Diaz, Yainer",673237,2024,25,585,619,175,127,29,3,16,107,24,17.3,3.9,".299",".441",".325","0.766","0.142",".338","84","258","0","2","70",".296",".467",".329",".343",".324",".170",".360","72.5","90.2","8.9",35,37,7.6,47.5,"101.297056214","95.034359505",77.7,6.5,279,1070,573,2128,86.4,104,764,46.2,983,40.2,856,24,58.8,38.3,40.5,21.2,486,51.2,18.7
"Abrams, CJ",682928,2024,23,541,602,133,78,29,6,20,128,40,21.3,6.6,".246",".433",".314","0.747","0.187",".285","65","234","12","31","79",".243",".413",".322",".320",".314",".169",".318","72.2","88.2","15.1",33,29,6.9,40.7,"99.496479615","93.910198048",70.5,7.8,366,1128,594,2261,81.6,149,811,50.9,1151,43.9,992,24.7,53.3,45.2,33,21.8,418,40.7,28
"Fortes, Nick",663743,2024,27,308,335,70,50,16,0,4,41,11,12.2,3.3,".227",".318",".259","0.577","0.091",".246","29","98","1","0","28",".224",".291",".252",".246",".257",".067",".255","71.3","84.3","15.4",29,4,1.4,22.6,"95.578582782","91.819744812",65.6,9.3,107,683,269,1154,91.2,35,396,52.3,604,40.5,467,13.2,49.3,41.2,34.4,24.4,279,45.9,17.9
"Ramírez, José",608070,2024,31,620,682,173,93,39,2,39,82,54,12,7.9,".279",".537",".335","0.872","0.258",".265","118","333","7","41","114",".256",".467",".364",".333",".317",".210",".296","71.6","89.2","19.6",34,47,8.6,39.7,"99.642954081","93.982319614",68.9,6.8,597,1312,665,2735,90.6,84,897,47.6,1302,44.3,1213,15.2,49.4,51.3,30.1,18.6,544,34.2,31.1
"McGuire, Reese",624512,2024,29,139,158,29,23,3,0,3,39,13,24.7,8.2,".209",".295",".280","0.575","0.086",".260","18","41","0","3","10",".220",".344",".259",".284",".291",".124",".299","68.8","84","12.4",29.8,7,6.7,26.9,"95.6847612","91.98821798",61.6,6.4,85,289,194,609,88.4,21,181,48.3,294,42.7,260,24.5,45,41.3,30.8,27.9,104,44.2,25
"Hays, Austin",669720,2024,28,235,255,60,37,18,0,5,59,9,23.1,3.5,".255",".396",".303","0.699","0.141",".318","20","93","2","2","26",".232",".380",".303",".294",".284",".148",".309","72.6","88.9","14.9",30.2,12,6.7,40.2,"100.415422697","94.347982429",72.6,10.9,103,438,238,845,81.9,56,310,50.5,427,42.1,356,29.1,54.4,44.7,35.2,20.1,179,39.7,25.7
"Winn, Masyn",691026,2024,22,587,637,157,105,32,5,15,109,41,17.1,6.4,".267",".416",".314","0.730","0.149",".303","57","244","5","11","85",".253",".363",".315",".296",".302",".110",".310","70.2","87","13.2",33.5,18,3.7,32.7,"98.144268452","93.085870398",62.7,8.5,251,1493,577,2558,87,107,825,51.5,1316,42.3,1081,19,47,32.7,37.2,30,486,41.2,24.3
"Story, Trevor",596115,2024,31,94,106,24,15,7,0,2,33,11,31.1,10.4,".255",".394",".340","0.734","0.139",".373","10","37","3","6","8",".193",".301",".318",".259",".284",".109",".297","68.8","86.1","18.6",37.7,4,6.6,29.5,"96.376017419","92.31155377",70.1,8.3,29,228,94,373,82.9,22,129,49.3,184,43.2,161,30.3,52.3,32.8,34.4,32.8,61,34.4,26.2
"McKinney, Billy",641856,2024,29,25,28,5,4,1,0,0,13,2,46.4,7.1,".200",".240",".286","0.526","0.040",".417","2","6","0","0","4",".161",".236",".246",".232",".251",".075",".336","68.6","86","-0.4",33.3,1,8.3,33.3,"95.970281667","92.000331667",63.3,6.1,23,64,21,114,63.2,14,38,52.6,60,45.6,52,48.1,47.4,33.3,50,16.7,12,58.3,8.3
"Yorke, Nick",694377,2024,22,37,42,8,6,0,0,2,12,4,28.6,9.5,".216",".378",".286","0.664","0.162",".250","5","14","0","2","4",".279",".511",".289",".379",".348",".233",".409","71.8","89.7","8",38.5,4,15.4,50,"102.836358462","95.544878462",71.4,6.3,12,101,49,174,76.7,14,60,48.3,84,39.7,69,31.7,47.1,26.9,42.3,30.8,26,42.3,23.1
"Smith, Will",669257,2024,29,476,544,118,72,24,2,20,105,51,19.3,9.4,".248",".433",".327","0.760","0.185",".273","75","206","1","1","77",".238",".463",".326",".337",".322",".225",".303","67.9","89.4","18.7",38.3,41,10.8,42,"99.318269153","93.929159392",66.5,7.5,210,1381,510,2271,84.5,116,749,49.6,1126,43.9,997,20.9,46.2,31.9,41.7,26.4,379,33,40.4
"García, Adolis",666969,2024,31,580,637,130,78,27,0,25,177,45,27.8,7.1,".224",".400",".284","0.684","0.176",".273","85","232","5","11","68",".223",".422",".296",".309",".285",".199",".320","72","91","15",33.7,51,12.5,48.2,"101.827676765","95.435631691",74.9,7.4,316,1527,465,2534,75.3,210,849,44.8,1134,41,1038,34.3,52.1,34.7,35.5,29.8,409,38.9,31.3
"Zavala, Seby",664874,2024,30,39,43,6,3,2,0,1,16,3,37.2,7,".154",".282",".214","0.496","0.128",".227","2","11","0","0","4",".177",".369",".221",".261",".236",".192",".300","68.6","90.5","19.9",41.7,1,4.2,41.7,"99.439761667","94.559434783",62.6,6.4,11,101,39,171,73.7,15,57,53.2,91,40.9,70,36.9,49.1,70.8,20.8,8.3,24,37.5,29.2
"Mitchell, Garrett",669003,2024,25,196,224,50,27,12,3,8,71,25,31.7,11.2,".255",".469",".342","0.811","0.214",".359","21","92","4","11","33",".228",".372",".351",".311",".319",".145",".358","75.7","88.8","2.8",34.6,11,8.7,37,"100.952074833","94.510744",68.5,9.1,122,524,199,891,73,87,322,52.7,470,44.8,399,34.8,44.4,39.4,39.4,21.3,127,56.7,16.5
"Tucker, Kyle",663656,2024,27,277,339,80,44,13,0,23,54,56,15.9,16.5,".289",".585",".408","0.993","0.296",".282","49","162","0","11","56",".275",".546",".419",".402",".396",".271",".339","72.2","91.1","21.2",40,29,12.9,44.9,"100.157901947","94.740150044",67.7,6.6,180,788,304,1349,87.3,56,442,48.4,653,41.9,565,19,41.8,41.8,25.8,32.4,225,27.1,41.3
"Lindor, Francisco",596019,2024,30,618,689,169,96,39,1,33,127,56,18.4,8.1,".273",".500",".344","0.844","0.227",".295","91","309","4","29","107",".278",".539",".363",".381",".349",".260",".349","72.4","90.9","17",35.4,67,13.6,47.4,"101.098117236","95.07615815",69.9,8.2,422,1573,599,2713,82.5,171,976,51.5,1397,45.2,1227,23.7,48.7,42.9,36,21.1,494,34.8,31.4
"Hedges, Austin",595978,2024,31,132,146,20,15,3,0,2,50,6,34.2,4.1,".152",".220",".203","0.423","0.068",".220","15","29","0","2","12",".128",".188",".191",".171",".181",".061",".201","69.8","84.8","21.4",24.1,1,1.1,24.1,"94.678255122","91.400617284",76,8.2,42,321,148,547,76.4,53,225,54,296,44.7,245,32.9,54.5,52.9,28.7,18.4,87,36.8,34.5
"Ruiz, Keibert",660688,2024,25,459,485,105,71,21,0,13,54,16,11.1,3.3,".229",".359",".260","0.619","0.130",".232","57","165","1","3","46",".250",".357",".268",".283",".282",".107",".282","66.4","85.4","19.8",32.2,13,3.2,25.6,"95.477673333","91.740685858",67.4,7.5,320,834,393,1659,92.8,39,538,48.1,798,43.1,715,12.1,52.3,48.5,37.3,14.1,410,35.1,29.8
"Joe, Connor",656582,2024,31,364,416,83,51,22,1,9,91,44,21.9,10.6,".228",".368",".320","0.688","0.140",".278","36","134","2","2","49",".202",".311",".305",".279",".298",".109",".269","72.1","85.3","16.3",30.9,13,4.7,32.7,"97.939201314","92.982890511",63.8,8.2,212,861,441,1651,81.6,98,534,50.7,837,40.5,668,25.7,43.1,43.3,30.2,26.5,275,42.9,24.7
"Burleson, Alec",676475,2024,25,547,595,147,106,20,0,21,76,35,12.8,5.9,".269",".420",".314","0.734","0.151",".276","78","230","4","9","71",".270",".444",".319",".333",".317",".174",".312","71.2","89.7","13.6",34.3,31,6.5,41.7,"99.381927173","94.012155751",77.6,7.3,298,1165,502,2117,86.7,108,809,49.4,1043,41.8,883,19.2,55.7,33.5,38.7,27.8,478,42.5,25.5
"Pham, Tommy",502054,2024,36,440,478,109,77,20,3,9,106,35,22.2,7.3,".248",".368",".305","0.673","0.120",".307","39","162","3","7","49",".260",".413",".297",".321",".317",".154",".341","72.6","90.4","11",32.2,24,7.2,42.7,"101.105935449","94.883209671",59.8,7.9,202,1074,518,1923,84.1,97,610,53,1020,42.2,812,22.5,40.5,33.7,37.6,28.7,335,44.2,22.4
"Brennan, Will",686823,2024,26,330,353,87,64,13,2,8,48,19,13.6,5.4,".264",".388",".309","0.697","0.124",".287","30","128","2","4","37",".267",".381",".303",".306",".312",".114",".312","69","86","13.3",31.1,13,4.6,32.5,"97.132881418","92.582691388",75.1,6.9,247,655,252,1230,87,61,471,51,627,43.7,537,18.1,54.8,36.7,38.2,25.1,283,42.4,25.1
"Marchán, Rafael",665561,2024,25,51,56,15,8,4,0,3,8,3,14.3,5.4,".294",".549",".345","0.894","0.255",".300","6","28","0","0","8",".330",".511",".382",".387",".379",".181",".391","65.6","86.2","16.7",47.7,4,9.1,31.8,"95.687208182","92.004376744",62.4,8.7,39,101,43,195,91.2,6,68,55.9,109,43.6,85,15.6,46.2,36.4,31.8,31.8,44,31.8,29.5
"Holliday, Jackson",702616,2024,20,190,208,36,25,4,2,5,69,15,33.2,7.2,".189",".311",".255","0.566","0.122",".265","23","59","0","4","28",".190",".337",".251",".263",".256",".146",".297","71.2","89.3","8.6",27,10,8.2,45.1,"100.212039508","94.576202541",65.6,7.3,139,441,186,826,75.7,65,267,49.3,407,44.9,371,34.1,46.1,38.5,36.1,25.4,122,56.6,27
"Smith, Josh",669701,2024,26,523,592,135,91,30,1,13,121,46,20.4,7.8,".258",".394",".337","0.731","0.136",".311","62","206","2","11","67",".242",".365",".323",".309",".325",".123",".315","70.1","87.8","15.4",33.7,15,3.7,37.1,"98.306997711","93.25999596",66.9,8.2,394,1334,488,2327,85.1,120,804,51.7,1202,43.7,1018,21.8,47.1,43.7,35.9,20.4,407,39.6,29
"Serven, Brian",661531,2024,29,63,71,10,6,4,0,0,22,5,31,7,".159",".222",".243","0.465","0.063",".244","3","14","0","0","6",".171",".275",".217",".244",".253",".104",".262","70.3","84.7","20.6",35.7,1,2.4,16.7,"94.9411335","91.5968815",63.2,7.4,20,163,57,258,82.1,15,84,51.6,133,45,116,23.6,47.7,38.1,35.7,26.2,42,33.3,19
"Crow-Armstrong, Pete",691718,2024,22,372,410,88,59,13,6,10,98,21,23.9,5.1,".237",".384",".286","0.670","0.147",".292","47","143","3","27","46",".221",".377",".289",".286",".273",".156",".299","70.6","88.9","17.2",33.3,21,7.4,36.8,"98.797836565","93.630440766",79.7,8.9,231,813,292,1421,75.6,140,570,50.3,715,42.5,604,29.9,60.7,40.7,35.4,23.9,285,42.5,29.8
"Barnhart, Tucker",571466,2024,33,81,96,14,11,3,0,0,31,13,32.3,13.5,".173",".210",".287","0.497","0.037",".280","6","17","0","1","13",".165",".223",".239",".244",".280",".059",".267","67.4","83.4","3.2",34.6,2,3.8,23.1,"94.614894167","91.53708766",56.7,6.7,35,213,80,375,78.2,24,110,51.7,194,45.9,172,29.8,40.3,38.5,40.4,21.2,52,51.9,15.4
"Scott II, Victor",687363,2024,23,145,155,26,15,9,0,2,42,6,27.1,3.9,".179",".283",".219","0.502","0.104",".233","10","41","1","5","14",".202",".322",".221",".251",".243",".120",".282","69.1","88.4","12.1",33.3,6,5.7,33.3,"98.5566202","93.434588081",70.5,9.3,90,329,106,568,84.5,32,206,51.4,292,45.2,257,26.1,50.5,42.9,36.2,21,105,46.7,23.8
"Campusano, Luis",669134,2024,25,277,299,63,42,13,0,8,41,20,13.7,6.7,".227",".361",".281","0.642","0.134",".240","40","100","0","0","37",".243",".372",".282",".298",".299",".128",".288","69.2","87.7","9.9",27.4,11,4.6,34.2,"98.345403475","93.277557745",69.1,8.4,103,611,241,1025,85.4,53,363,51.2,525,42.4,435,20.5,50.9,38.4,42.6,19,237,45.1,24.9
"Raleigh, Cal",663728,2024,27,546,628,120,70,16,0,34,176,70,28,11.1,".220",".436",".312","0.748","0.216",".251","100","238","1","6","73",".229",".483",".323",".347",".323",".253",".337","74.5","91","21.2",35.6,58,15.4,48.1,"102.032071755","95.508789467",74,7.1,577,1223,572,2514,77,203,882,47.4,1192,44.1,1108,31,52.3,45.5,33.5,21,376,31.1,36.7
"Trout, Mike",545361,2024,32,109,126,24,11,1,2,10,27,16,21.4,12.7,".220",".541",".325","0.866","0.321",".194","14","59","1","6","17",".271",".598",".365",".407",".369",".327",".360","75.7","89.2","25.2",40.2,14,17.1,41.5,"101.782849756","94.924062683",63.6,7.8,64,378,62,574,84.5,30,194,53.1,305,43.4,249,20.5,42.5,39,25.6,35.4,82,24.4,39
"Carter, Evan",694497,2024,21,144,162,27,14,6,2,5,43,15,26.5,9.3,".188",".361",".272","0.633","0.173",".227","15","52","0","2","23",".207",".345",".278",".285",".290",".138",".293","71","86","13.9",33.3,6,5.9,32.4,"97.157820196","92.58927951",56,8.5,120,347,157,648,84.3,30,191,52.5,341,44.4,288,23.4,38.3,41.2,34.3,24.5,102,40.2,29.4
"Steer, Spencer",668715,2024,26,574,656,129,71,34,4,20,137,72,20.9,11,".225",".402",".319","0.721","0.177",".260","92","231","3","25","74",".234",".392",".316",".321",".327",".159",".307","71.6","88","17.4",34.2,28,6.4,39.9,"99.163434247","93.708755492",64.8,7.3,231,1596,568,2621,86.6,112,837,49.2,1291,43.2,1133,23.1,44.5,42.8,32.6,24.6,439,37.8,29.4
"Hernández, Teoscar",606192,2024,31,589,652,160,93,32,2,33,188,53,28.8,8.1,".272",".501",".339","0.840","0.229",".344","99","295","3","12","84",".245",".493",".360",".347",".316",".248",".360","73.2","90.6","10.3",33.8,60,14.9,46.8,"102.727395423","95.689116559",74.7,7.9,248,1407,710,2608,75,238,951,48.8,1273,41.7,1087,34,51.2,33.8,38.1,28.1,402,46.5,26.6
"Remillard, Zach",621545,2024,30,33,39,8,6,1,1,0,10,5,25.6,12.8,".242",".333",".342","0.675","0.091",".348","1","11","0","1","3",".226",".317",".305",".301",".331",".091",".329","67.9","86.9","14.3",25,1,4.2,29.2,"96.748755455","92.684641905",50.6,3.3,14,86,41,151,84.6,6,39,51,77,47.7,72,19.3,37.7,37.5,37.5,25,24,54.2,33.3
"Bride, Jonah",681146,2024,28,232,272,64,43,10,0,11,55,30,20.2,11,".276",".461",".357","0.818","0.185",".306","39","107","1","0","30",".224",".339",".351",".304",".319",".116",".292","67.9","87.1","11.8",29.9,10,5.4,33.7,"97.444142826","92.857149348",52.1,7.6,115,645,304,1157,88.6,35,306,50.7,587,42,486,16.7,38.2,44,32.6,23.4,184,47.3,22.8
"Adams, Riley",656180,2024,28,116,130,26,18,5,1,2,35,10,26.9,7.7,".224",".336",".292","0.628","0.112",".296","8","39","0","1","10",".219",".348",".275",".287",".292",".129",".313","75.5","89.9","13.6",30.1,6,7.2,43.4,"101.844362857","95.170948072",68.4,9.4,69,277,149,531,79.9,37,184,50.7,269,40.5,215,28.1,49.5,34.9,39.8,25.3,83,47,21.7
"Young, Jacob",696285,2024,24,468,521,120,92,24,1,3,102,30,19.6,5.8,".256",".331",".316","0.647","0.075",".321","36","155","10","33","75",".254",".323",".290",".291",".315",".069",".324","68.2","85.8","4",28.1,6,1.6,28.9,"96.872142235","92.486924676",60.3,7.7,185,1127,458,1955,87.9,75,620,52.6,1029,43.8,857,19.3,44.9,27.3,35.8,36.9,377,56.5,15.4
"Stefanic, Michael",683021,2024,28,110,124,24,20,4,0,0,20,10,16.1,8.1,".218",".255",".301","0.556","0.037",".267","8","28","0","0","8",".206",".261",".258",".258",".290",".055",".251","64.4","85.1","7",24.2,1,1.1,26.4,"94.514950889","91.314226629",55.3,9.8,36,315,105,482,95.4,7,152,57.1,275,44.2,213,10.5,41.5,26.4,48.4,25.3,91,60.4,13.2
"Norby, Connor",681393,2024,24,178,194,42,24,9,0,9,64,15,33,7.7,".236",".438",".294","0.732","0.202",".311","20","78","3","3","32",".224",".448",".316",".316",".285",".224",".350","70.1","86.2","17",47,17,14.8,39.1,"99.109980172","93.692715217",79.9,7,92,395,213,759,73.5,81,306,50.5,383,43.9,333,33.2,57.6,47.8,30.4,21.7,115,32.2,39.1
"Rendon, Anthony",543685,2024,34,206,238,45,35,10,0,0,35,23,14.7,9.7,".218",".267",".307","0.574","0.049",".257","14","55","1","6","21",".226",".337",".264",".299",".316",".111",".270","68.3","87.9","14.1",31.4,4,2.3,37.1,"97.612997471","92.991806897",59.4,9.1,76,573,224,977,91.4,27,314,54.1,529,43.3,423,12.5,40.1,32,35.4,32.6,175,43.4,26.3
"Rosario, Eddie",592696,2024,32,297,319,52,30,12,0,10,77,16,24.1,5,".175",".316",".215","0.531","0.141",".196","35","94","1","9","33",".211",".353",".230",".264",".250",".142",".282","70.3","91","14.3",27.9,12,5.3,42.5,"99.203116161","94.098201031",71.9,8.1,220,573,289,1187,80,83,414,48.5,576,41.9,498,27.5,52.9,43.4,30.5,26.1,226,40.3,32.3
"Arcia, Orlando",606115,2024,29,551,602,120,79,24,0,17,128,41,21.3,6.8,".218",".354",".271","0.625","0.136",".249","46","195","0","2","50",".204",".332",".273",".266",".261",".128",".265","70.9","88.2","8.6",29.9,23,5.3,37.8,"98.41985743","93.283896472",70.8,7.3,214,1297,598,2332,82.3,146,824,49.9,1164,41.6,969,26.6,49.1,46.2,33.2,20.6,431,49.9,21.3
"Walton, Donovan",622268,2024,30,22,25,3,2,0,0,1,7,2,28,8,".136",".273",".240","0.513","0.137",".143","2","6","0","0","3",".183",".306",".236",".274",".281",".123",".269","67.8","84.1","10.4",33.3,1,6.7,20,"94.765194286","91.563509286",70.6,9.4,14,53,28,96,75,9,36,53.1,51,45.8,44,28.3,47.9,46.7,46.7,6.7,15,46.7,20
"Baddoo, Akil",668731,2024,25,73,82,10,4,2,2,2,27,8,32.9,9.8,".137",".301",".220","0.521","0.164",".178","5","22","0","1","7",".194",".410",".230",".299",".276",".216",".311","71.7","91.1","21",25.5,6,12.8,46.8,"100.718490417","94.810264681",65.6,6.6,82,149,65,318,75.2,26,105,50.3,160,45,143,34.6,48.1,53.2,38.3,8.5,47,38.3,31.9
"Renfroe, Hunter",592669,2024,32,385,424,88,55,18,0,15,84,36,19.8,8.5,".229",".392",".297","0.689","0.163",".254","52","151","1","1","44",".219",".369",".302",".294",".289",".149",".280","75.2","88.5","16.7",27.8,20,6.6,39.4,"100.265103311","94.256549636",62.7,7.9,185,847,417,1652,84.7,79,516,49.8,823,42.3,698,23.4,44.4,46,36.1,17.9,302,39.7,27.2
"Acuña, Luisangel",682668,2024,22,39,40,12,6,2,1,3,6,1,15,2.5,".308",".641",".325","0.966","0.333",".300","6","25","1","0","6",".264",".428",".406",".307",".283",".164",".314","73.6","91","10.3",30.3,3,9.1,45.5,"101.48679125","95.236430968",76.1,6.6,20,86,25,136,83.3,9,54,52.2,71,40.4,55,24.3,54.4,30.3,48.5,21.2,33,45.5,24.2
"Walker, Christian",572233,2024,33,479,552,120,68,26,0,26,133,55,24.1,10,".251",".468",".335","0.803","0.217",".287","84","224","2","2","72",".243",".470",".343",".354",".335",".228",".339","75","91.2","16.6",35,47,13.3,48,"103.127969548","96.011102521",73.1,7.9,272,1275,561,2315,82.5,144,823,48.6,1126,41.6,962,25.6,48,41,34.7,24.3,354,37.9,31.9
"Smith, Pavin",656976,2024,28,137,158,37,17,11,0,9,31,18,19.6,11.4,".270",".547",".348","0.895","0.277",".280","36","75","0","1","26",".287",".534",".377",".396",".369",".247",".369","73","90.2","13.1",34.9,16,14.7,44,"101.669639091","95.421898349",59.3,7.8,108,308,161,631,85.9,26,185,49.4,312,41.4,261,21.5,38.4,41.3,41.3,17.4,109,43.1,28.4
"Isbel, Kyle",664728,2024,27,384,426,88,59,13,8,8,88,27,20.7,6.3,".229",".367",".287","0.654","0.138",".276","42","141","2","11","62",".231",".333",".286",".283",".290",".102",".299","70.7","88.1","9",24.8,12,3.9,36.3,"99.427451293","93.787078878",60.9,8.4,279,842,382,1582,90.6,46,487,50.5,800,42.4,671,19.3,46.1,40.5,33.3,26.1,306,52.6,19.9
"Pache, Cristian",665506,2024,25,165,183,33,23,8,1,1,64,17,35,9.3,".200",".279",".273","0.552","0.079",".317","16","46","0","1","13",".195",".294",".250",".255",".270",".098",".317","71.7","89.9","9.8",26.5,5,4.9,38.2,"99.682097","94.253817172",72.6,8.1,123,434,173,753,73,73,270,49.4,372,42.6,321,33.2,48.7,38.2,35.3,26.5,102,50,26.5
"Lux, Gavin",666158,2024,26,439,487,110,74,24,2,10,110,44,22.6,9,".251",".383",".320","0.703","0.132",".312","50","168","2","5","59",".254",".390",".310",".319",".325",".136",".339","71.2","88.3","9.1",35,20,6,41.1,"98.995997212","93.691033374",66.8,7.6,342,1071,404,1939,82.6,113,651,50.2,974,41.5,805,23.3,45.1,35,42.6,22.4,331,48.6,19.3
"Naylor, Bo",666310,2024,24,354,389,71,46,10,2,13,122,29,31.4,7.5,".201",".350",".264","0.614","0.149",".262","39","124","3","6","39",".194",".335",".269",".263",".258",".141",".295","70.6","88.8","19.9",32.6,19,8.1,37.7,"98.72815","93.535266567",65.7,7.6,268,859,388,1624,78.7,116,544,51,828,44.4,721,28.3,46.9,43.2,36.4,20.3,236,36,30.1
"Lee, Jung Hoo",808982,2024,25,145,158,38,32,4,0,2,13,10,8.2,6.3,".262",".331",".310","0.641","0.069",".273","8","48","3","2","15",".276",".415",".284",".324",".324",".139",".300","70.6","89.1","9.2",29.1,6,4.5,41.8,"99.547595821","93.996025338",58,7.9,73,328,118,569,94,11,182,55.2,314,41.7,237,9.6,43.9,33.6,38.1,28.4,134,45.5,22.4
"Merrifield, Whit",593160,2024,35,293,335,65,49,9,3,4,52,35,15.5,10.4,".222",".314",".311","0.625","0.092",".257","15","92","3","17","44",".242",".323",".283",".300",".330",".081",".295","63.4","84.1","12.9",34.3,6,2.4,21.6,"94.385287083","91.220749372",66.2,6.8,145,776,301,1330,88.1,51,427,48.5,645,41.6,553,18.7,45.4,35.9,31,33.1,245,45.7,24.5
"Newman, Kevin",621028,2024,30,288,311,80,59,17,1,3,48,15,15.4,4.8,".278",".375",".311","0.686","0.097",".322","28","108","1","8","41",".257",".326",".298",".275",".292",".069",".306","67.6","85.6","9.7",25,4,1.6,23.4,"95.24854438","91.64158444",68.3,7,106,591,283,1070,89.5,40,381,52.1,558,43,460,17.3,49.2,33.9,37.5,28.6,248,50,19.8
"Ortiz, Joey",687401,2024,25,440,511,105,63,25,6,11,103,56,20.2,11,".239",".398",".329","0.727","0.159",".283","60","175","6","11","58",".232",".347",".319",".307",".327",".114",".303","73.4","87.8","9.9",26.6,16,4.6,38.4,"99.391509467","93.766433018",53.5,7.9,166,1295,489,2124,90.1,57,578,50.8,1080,44.8,952,17.1,39.4,38.2,30.6,31.2,346,49.4,20.5
"Albies, Ozzie",645277,2024,27,399,435,100,60,29,1,10,65,27,14.9,6.2,".251",".404",".303","0.707","0.153",".274","53","161","1","8","52",".246",".404",".307",".308",".301",".158",".293","69.1","88.4","18.4",33.4,21,6.2,32,"97.095539467","92.617553798",82.6,6.7,271,928,349,1649,84.5,99,639,46.9,774,41.7,687,20.5,56.6,46.7,34.3,18.9,338,38.2,29
"Altuve, Jose",514888,2024,34,628,682,185,134,31,0,20,119,47,17.4,6.9,".295",".439",".350","0.789","0.144",".337","65","276","7","22","94",".261",".406",".344",".319",".319",".145",".322","69.4","86.5","14.1",35.4,33,6.5,31.2,"97.323672581","92.693762581",68.6,7.5,358,1276,638,2454,87.3,97,762,45.3,1111,41.1,1009,22.1,51.5,51.3,34.6,14.1,509,43,25.9
"Flores, Wilmer",527038,2024,32,214,242,44,28,12,0,4,33,20,13.6,8.3,".206",".318",".277","0.595","0.112",".220","26","68","0","0","19",".220",".356",".262",".292",".296",".137",".261","66","83.5","21.4",36.6,11,5.9,27.6,"95.484386989","91.787573297",60.6,8,117,578,183,964,92.8,20,277,47.5,457,42.8,412,13.9,43.9,39.8,38.2,22,186,32.8,24.2
"Winker, Jesse",608385,2024,30,430,508,109,72,23,0,14,106,63,20.9,12.4,".253",".405",".360","0.765","0.152",".304","58","174","4","14","63",".243",".388",".338",".330",".351",".145",".320","69.5","88.6","14",30.1,25,7.6,37.4,"98.91091179","93.570274815",64.7,8.8,288,1223,454,2063,85,106,707,53,1093,43.7,902,19.6,43.2,35,35.3,29.8,329,45.9,22.2
"Schmitt, Casey",669477,2024,25,107,113,27,16,4,1,6,25,4,22.1,3.5,".252",".477",".283","0.760","0.225",".273","16","51","0","0","11",".245",".460",".323",".314",".277",".214",".316","71.6","89.2","16.5",31.3,7,8.4,36.1,"99.223205238","93.803955783",69.1,8,42,216,81,374,88.8,14,125,48.4,181,45.2,169,25,52.4,43.4,32.5,24.1,83,39.8,31.3
"Malloy, Justyn-Henry",669234,2024,24,202,230,41,25,7,1,8,85,23,37,10,".203",".366",".291","0.657","0.163",".297","21","74","1","1","18",".179",".341",".291",".272",".270",".163",".304","69","87.6","18.7",31.9,13,10.9,37.8,"98.290103167","93.208402605",65,8.5,123,514,269,992,72.1,96,344,53.3,529,41.9,416,36.6,43.9,44.5,29.4,26.1,119,36.1,40.3
"Vogelbach, Daniel",596129,2024,31,70,79,13,7,5,0,1,17,9,21.5,11.4,".186",".300",".278","0.578","0.114",".231","8","21","0","0","5",".271",".495",".262",".369",".356",".224",".361","72.5","90.9","8.1",35.8,5,9.4,45.1,"101.481826923","95.238581569",42.4,5.7,33,214,93,362,91.8,6,73,48.9,172,44.6,157,15.7,29.8,47.2,37.7,15.1,53,49.1,18.9
"Velázquez, Nelson",676369,2024,25,205,230,41,24,8,1,8,61,19,26.5,8.3,".200",".366",".274","0.640","0.166",".237","27","75","0","2","31",".213",".403",".280",".307",".289",".190",".303","73.4","88.2","17.4",29.9,13,8.8,38.1,"99.364038514","93.836443129",70.6,6.6,105,436,246,903,76.7,69,296,46.4,419,41,370,35.5,46.5,42.9,29.9,27.2,147,38.8,34
"Siani, Michael",672279,2024,24,298,334,68,57,7,2,2,92,21,27.5,6.3,".228",".285",".285","0.570","0.057",".322","20","85","3","20","42",".204",".270",".257",".246",".264",".066",".296","68.9","84.4","5.1",32.6,5,2.3,22.6,"95.786961649","91.898789433",64.8,8.5,146,733,299,1289,76.7,107,460,55.1,710,43.2,556,29.5,48.9,33.5,35.8,30.7,218,61,15.1
"Sanoja, Javier",691594,2024,21,35,36,8,6,2,0,0,4,1,11.1,2.8,".229",".286",".250","0.536","0.057",".258","2","10","0","0","3",".219",".275",".236",".231",".241",".056",".247","67.8","86.2","8.6",29,0,0,32.3,"95.419705625","91.900333226",73.9,5.9,13,67,32,118,88.2,6,51,58.5,69,43.2,51,16.2,57.6,32.3,41.9,25.8,31,48.4,16.1
"Rengifo, Luis",650859,2024,27,283,304,85,65,13,1,6,44,16,14.5,5.3,".300",".417",".347","0.764","0.117",".339","30","118","7","24","41",".263",".359",".335",".300",".311",".097",".311","69.7","87","6.7",30.4,6,2.5,32.5,"96.9891535","92.548929456",80,7.2,210,552,254,1084,86.1,56,404,46.6,505,42.9,465,22.3,56.3,35.8,40.4,23.8,240,55.4,17.1
"White, Eli",642201,2024,30,39,42,11,8,1,1,1,12,1,28.6,2.4,".282",".436",".333","0.769","0.154",".385","4","17","1","3","9",".204",".343",".335",".270",".261",".139",".294","71","88.7","8.3",25.9,3,11.1,48.1,"99.471683846","94.374258846",66.7,5.6,16,93,34,160,87.1,8,62,58.1,93,43.8,70,21.8,48.8,44.4,33.3,22.2,27,59.3,25.9
"Hicks, Aaron",543305,2024,34,57,63,8,7,0,0,1,23,6,36.5,9.5,".140",".193",".222","0.415","0.053",".212","5","11","0","0","6",".190",".286",".196",".254",".268",".096",".322","68.1","87.5","4.7",32.4,2,5.9,35.3,"99.638573529","94.12647",61.7,7,71,121,64,284,73.6,23,87,49.6,141,43.3,123,32.8,44,47.1,32.4,20.6,34,58.8,14.7
"Duvall, Adam",594807,2024,35,303,330,55,34,10,0,11,99,21,30,6.4,".182",".323",".245","0.568","0.141",".227","30","98","0","0","29",".195",".392",".252",".284",".258",".198",".289","72.4","86.9","22.2",27.8,22,10.7,36.6,"99.791319515","93.950920683",65.4,8,122,702,305,1252,84.2,63,399,48.7,610,43.8,548,27.7,49,49.3,33.2,17.6,205,31.2,35.1
"Sánchez, Jesús",660821,2024,26,489,537,123,79,25,1,18,140,41,26.1,7.6,".252",".417",".313","0.730","0.165",".315","64","204","2","16","60",".261",".480",".317",".348",".323",".219",".365","75.2","92.5","7.7",31.8,43,12.2,51.3,"104.556000571","96.923820315",73.5,6.3,323,1079,451,1991,78.1,147,670,45.8,911,42.9,854,31.2,53.2,31.8,39.2,28.7,352,50.3,21.6
"Jiménez, Leo",677870,2024,23,179,210,41,26,11,0,4,59,12,28.1,5.7,".229",".358",".329","0.687","0.129",".311","19","64","0","0","18",".225",".368",".308",".313",".326",".143",".328","69.7","87.6","12.3",40.7,10,8.1,33.3,"97.300784098","92.763416942",64.3,8.7,93,481,198,847,80.4,54,275,50.5,428,41.2,349,27,46.3,35,35.8,29.3,123,41.5,23.6
"Walls, Taylor",670764,2024,27,218,252,40,31,5,3,1,67,31,26.6,12.3,".183",".248",".282","0.530","0.065",".255","14","54","4","16","27",".183",".263",".245",".255",".283",".080",".262","67.3","86.1","18.2",29.9,5,3.2,24,"95.086734605","91.544710263",69.3,9.4,143,628,218,1028,81.4,67,361,50.7,521,42.3,435,25,45.1,40.3,36.4,23.4,154,37,29.9
"Loftin, Nick",679845,2024,25,148,171,28,23,4,0,1,24,19,14,11.1,".189",".236",".282","0.518","0.047",".216","14","35","0","1","15",".224",".307",".242",".286",".313",".083",".263","69.5","83.6","9.9",30.7,4,3.1,26,"95.328331587","91.737416905",65.7,5.9,66,341,175,626,94,12,201,48.9,306,44.1,276,15.3,42.8,38.6,42.5,18.9,127,46.5,23.6
"Judge, Aaron",592450,2024,32,559,704,180,85,36,1,58,171,133,24.3,18.9,".322",".701",".458","1.159","0.379",".367","144","392","0","10","122",".304",".739",".476",".480",".445",".435",".437","77.1","96.2","19",40.8,105,26.9,61,"107.20043567","99.103701521",67.4,7,390,1507,658,2885,77.3,210,930,47.9,1380,41.1,1185,30.7,42,40.3,34.1,25.6,390,31.5,38.7
"Peterson, Jace",607054,2024,34,22,26,1,1,0,0,0,6,3,23.1,11.5,".045",".045",".154","0.199","0.000",".059","1","1","0","0","2",".203",".238",".113",".251",".291",".034",".269","66.4","82.6","-12.4",17.6,0,0,23.5,"92.678426667","90.741807059",70,8.8,20,57,24,102,82.9,6,35,49,50,41.2,42,31.3,47.1,76.5,0,23.5,17,76.5,0
"Berroa, Steward",672642,2024,25,37,45,7,6,1,0,0,14,8,31.1,17.8,".189",".216",".333","0.549","0.027",".304","1","8","2","6","7",".144",".191",".268",".243",".296",".047",".232","69.5","84.7","16.3",26.1,0,0,21.7,"94.69544","91.366067273",57.1,4.9,32,123,14,183,78.8,11,52,49.7,91,42.1,77,27.5,37.7,56.5,26.1,17.4,23,39.1,26.1
"Wilson, Jacob",805779,2024,22,92,103,23,19,2,2,0,10,8,9.7,7.8,".250",".315",".314","0.629","0.065",".277","3","29","0","0","11",".267",".316",".281",".291",".329",".050",".296","63.5","85.4","9.5",26.2,0,0,19,"94.500835238","91.295347952",65.4,8.3,27,209,95,349,93.1,7,102,44.7,156,46.1,161,12.7,49.6,35.7,42.9,21.4,84,52.4,16.7
"Hoerner, Nico",663538,2024,27,582,641,159,116,35,1,7,66,44,10.3,6.9,".273",".373",".335","0.708","0.100",".297","48","217","6","31","86",".281",".359",".313",".318",".344",".079",".317","68.2","85.7","10.4",36,6,1.2,27.6,"95.980926525","91.993965849",63.7,7.4,207,1375,532,2314,93.1,53,763,51.7,1197,43.6,1009,11.9,48.4,33.3,37.4,29.3,519,43.9,19.5
"Canario, Alexander",672744,2024,24,25,28,7,5,1,0,1,11,2,39.3,7.1,".280",".440",".357","0.797","0.160",".462","2","11","0","1","4",".197",".380",".350",".295",".283",".183",".352","78","88","10.8",28.6,2,14.3,42.9,"102.803072857","95.401536429",63.8,5,11,57,25,101,64.9,13,37,57.4,58,45.5,46,44.7,46.5,35.7,50,14.3,14,42.9,14.3
"Springer, George",543807,2024,34,545,614,120,79,19,3,19,115,60,18.7,9.8,".220",".371",".303","0.674","0.151",".245","56","202","1","16","74",".240",".412",".298",".325",".322",".171",".304","71.9","87.5","9.4",29.2,40,9.3,37.4,"99.896868","94.046929394",73,6.7,233,1330,502,2304,81.4,161,866,51.6,1186,43.5,1000,25.3,49.1,37,40.7,22.2,432,49.8,22.2
"Johnson, Bryce",669369,2024,28,63,73,13,11,2,0,0,12,7,16.4,9.6,".206",".238",".286","0.524","0.032",".255","4","15","1","1","9",".258",".306",".243",".293",".333",".048",".319","67.1","86.1","7.4",37,0,0,24.1,"95.470755652","91.923185778",73.4,8,46,148,52,263,89.4,10,94,48.7,128,40.7,107,18.3,49.8,40.7,37,22.2,54,55.6,14.8
"McCarthy, Jake",664983,2024,26,442,495,126,98,13,7,8,78,31,15.8,6.3,".285",".400",".349","0.749","0.115",".329","56","177","6","25","66",".265",".363",".329",".314",".333",".099",".322","67.3","84.5","9.1",30.4,10,2.7,24.5,"95.637290857","91.834529486",67,8.4,307,960,375,1786,92.1,48,607,50.7,906,42.7,763,17.6,49.3,35.5,40.1,24.5,372,52.2,21
"Dubón, Mauricio",643289,2024,29,402,428,108,79,25,0,4,55,16,12.9,3.7,".269",".361",".296","0.657","0.092",".299","47","145","2","3","45",".247",".337",".286",".276",".279",".090",".286","69.4","86.1","14.6",30.4,10,2.8,26.5,"95.977741503","92.011502977",79.4,8.5,137,875,321,1450,84.1,91,571,49.6,719,44,638,18.8,60.1,32.1,35.5,32.4,355,43.9,23.9
"Goodrum, Niko",592348,2024,32,29,33,3,3,0,0,0,10,3,30.3,9.1,".103",".103",".188","0.291","0.000",".158","0","3","1","1","2",".169",".255",".147",".232",".249",".086",".263","72.6","86.3","-15.7",15,1,5,25,"95.84849","91.93868",59.4,10,30,78,31,140,73.2,11,41,49.3,69,46.4,65,32.8,41.4,30,40,30,20,85,5
"O'Neill, Tyler",641933,2024,29,411,473,99,50,18,0,31,159,53,33.6,11.2,".241",".511",".336","0.847","0.270",".305","61","210","0","4","74",".211",".489",".360",".340",".311",".278",".343","75.2","90.9","20.2",34.6,44,17.3,48.8,"102.819767874","95.797605236",65.2,7,246,1083,476,1984,75.6,149,611,47.2,937,42.6,845,34.1,44.6,51.2,31.9,16.9,254,36.2,33.1
"Drury, Brandon",592273,2024,31,325,360,55,44,7,0,4,81,27,22.5,7.5,".169",".228",".242","0.470","0.059",".210","15","74","0","1","28",".201",".295",".217",".264",".275",".094",".271","72.6","87.6","6",25.9,9,3.6,35.6,"99.062132195","93.550623821",66.2,7.5,118,834,338,1397,81.7,86,470,50.8,710,43.5,608,24.4,46.7,33.2,44.9,21.9,247,56.7,18.6
"Grossman, Robbie",543257,2024,34,208,245,44,33,8,0,3,58,34,23.7,13.9,".212",".293",".322","0.615","0.081",".275","16","61","0","3","21",".217",".315",".283",".301",".330",".098",".302","67.5","86.3","13.3",30.3,5,3.3,27.6,"96.108367632","92.054845855",57,7.9,196,579,217,1031,82.3,52,293,49.9,514,42.6,439,22.7,36.3,46.1,32.2,21.7,152,44.1,23.7
"Soderstrom, Tyler",691016,2024,22,189,213,44,25,10,0,9,53,20,24.9,9.4,".233",".429",".315","0.744","0.196",".273","26","81","0","0","18",".235",".493",".322",".351",".318",".258",".327","74.4","91.9","9.6",31.4,20,14.6,49.6,"102.485036087","95.728140219",69.1,6.4,152,339,244,770,81.2,49,260,48.8,376,45.3,349,30.1,48.7,30.7,44.5,24.8,137,48.9,28.5
"Vargas, Miguel",678246,2024,24,206,237,31,19,7,0,5,57,25,24.1,10.5,".150",".257",".249","0.506","0.107",".177","16","53","1","3","22",".175",".301",".233",".265",".276",".126",".246","69.8","86.2","21.3",28.9,7,4.6,26.3,"96.03557","92.025289013",67.3,7,79,627,205,1009,79.7,69,340,50,505,44.2,446,21.6,44.6,42.1,32.9,25,152,32.2,36.2
"LeMahieu, DJ",518934,2024,35,201,228,41,34,5,0,2,35,19,15.4,8.3,".204",".259",".269","0.528","0.055",".229","26","52","1","0","19",".241",".377",".239",".305",".307",".135",".289","67.3","88.5","1.9",31.8,10,5.8,37.6,"98.271498488","93.240584302",59.5,9,80,527,173,845,91.8,21,257,51.1,432,42.1,356,17.5,44.6,29.5,43.9,26.6,173,57.8,18.5
"Alexander, Blaze",677942,2024,25,166,185,41,31,7,0,3,49,15,26.5,8.1,".247",".343",".321","0.664","0.096",".333","21","57","1","3","19",".203",".290",".298",".262",".281",".087",".288","73.1","88.5","8.5",22.9,4,3.4,34.7,"98.808795","93.553851293",75.1,7.4,63,405,180,714,81.2,49,260,48.5,346,44.7,319,29.6,51.5,25.4,36.4,38.1,118,52.5,25.4
"DeLoach, Zach",676113,2024,25,67,75,14,8,5,0,1,21,8,28,10.7,".209",".328",".293","0.621","0.119",".289","5","22","1","0","10",".214",".279",".279",".269",".299",".065",".314","70.1","87.4","3",30.4,0,0,32.6,"97.363794545","92.708014091",71.7,10.7,58,175,46,298,84.2,18,114,53.4,159,38.6,115,27.7,49.7,30.4,41.3,28.3,46,54.3,23.9
"Carpenter, Matt",572761,2024,38,137,157,32,21,7,0,4,51,15,32.5,9.6,".234",".372",".314","0.686","0.138",".333","15","51","2","0","15",".212",".357",".303",".290",".297",".146",".334","69.3","85.8","24.2",46.6,6,6.8,28.7,"96.566800238","92.292438452",62.2,7,79,379,168,669,80.8,42,219,52.7,352,44.2,295,28.9,42.5,40.9,36.4,22.7,88,28.4,35.2
"Westburg, Jordan",676059,2024,25,416,447,110,61,26,5,18,97,22,21.7,4.9,".264",".481",".312","0.793","0.217",".305","63","200","3","6","57",".275",".499",".340",".355",".323",".223",".360","71","91.1","13.1",37.4,38,11.8,46.1,"101.801873375","95.272487",71.6,6.7,186,828,426,1634,79.3,121,585,50,817,42.4,693,29.3,51,38.3,39.6,22.1,321,41.7,26.2
"Sosa, Lenyn",672820,2024,24,351,369,89,68,13,0,8,77,12,20.9,3.3,".254",".359",".283","0.642","0.105",".303","35","126","1","3","28",".276",".432",".280",".321",".307",".156",".355","71.7","89","12.3",42.2,17,6.1,41.2,"99.355197445","93.909530839",67.9,6.5,140,796,321,1377,87,61,470,50.2,692,44,606,19.8,52.7,30.7,40.8,28.5,277,40.4,22.7
"Myers, Dane",667472,2024,28,95,108,25,15,6,1,3,36,8,33.3,7.4,".263",".442",".333","0.775","0.179",".379","19","42","1","4","17",".230",".394",".335",".313",".308",".164",".365","71.2","89.9","11.4",32.8,7,11.5,47.5,"100.494369677","94.535582623",60.1,6.6,49,251,93,425,75.4,33,134,52.5,223,45.2,192,29.4,44,26.2,47.5,26.2,61,44.3,27.9
"Grisham, Trent",663757,2024,27,179,209,34,17,8,0,9,57,22,27.3,10.5,".190",".385",".290","0.675","0.195",".217","31","69","1","1","21",".196",".389",".295",".303",".297",".192",".286","70.4","90.6","20",25.6,15,12,46.4,"100.360050339","94.648811864",56.9,10.1,107,542,144,854,81.8,47,264,54.3,464,42.2,360,23.3,37.2,45.6,34.4,20,125,40,38.4
"Lukes, Nathan",664770,2024,29,76,91,23,16,4,2,1,9,10,9.9,11,".303",".447",".371","0.818","0.144",".319","10","34","0","1","13",".282",".396",".351",".329",".354",".115",".307","66.2","88.9","13.6",36.1,3,4.2,27.8,"96.486691176","92.382525",73,9.6,52,224,59,356,88.5,15,130,50,178,41.6,148,14.8,51.4,29.2,26.4,44.4,72,44.4,23.6
"Rooker, Brent",667670,2024,29,546,614,160,93,26,2,39,177,59,28.8,9.6,".293",".562",".365","0.927","0.269",".362","112","307","3","11","82",".263",".566",".392",".381",".339",".303",".387","73.7","91.9","18.9",38.3,62,16.6,49.6,"103.25238457","96.193453235",72.6,7.4,349,1245,582,2378,78.9,168,796,46.1,1096,41.2,979,34.1,50.2,42.6,32.7,24.7,373,33.8,34.3
"Bohm, Alec",664761,2024,27,554,606,155,94,44,2,15,86,40,14.2,6.6,".280",".448",".332","0.780","0.168",".305","97","248","2","5","62",".283",".452",".335",".345",".338",".169",".335","72.2","90.4","10.1",35.2,32,6.8,45.6,"100.768220847","94.781662669",71.1,6.9,197,1277,460,2122,89.5,81,772,51.2,1086,43.6,926,17.6,49.7,34.2,37.6,28.3,474,46.4,23.4
"Yastrzemski, Mike",573262,2024,33,428,474,99,56,16,9,18,124,38,26.2,8,".231",".437",".302","0.739","0.206",".282","57","187","2","3","60",".217",".406",".319",".304",".289",".189",".305","70.9","90.4","19.1",33,32,10.5,41,"99.5562712","94.186783411",63.7,7.5,265,1186,423,1955,80,126,631,50.7,990,44.5,869,26.1,44.1,48.7,31.7,19.6,306,36.3,32
"Wisely, Brett",689172,2024,25,252,272,60,42,13,1,4,65,13,23.9,4.8,".238",".345",".278","0.623","0.107",".301","31","87","3","2","25",".215",".325",".272",".263",".259",".111",".290","67.5","86.8","16.2",29.7,10,5.2,31.6,"96.94857663","92.51248388",67.1,7.1,158,550,200,988,86.8,45,341,51.8,508,44.6,438,22.5,49.5,35.9,40.6,23.4,192,42.7,33.9