"last_name, first_name","player_id","year","player_age","ab","pa","hit","single","double","triple","home_run","strikeout","walk","k_percent","bb_percent","batting_avg","slg_percent","on_base_percent","on_base_plus_slg","isolated_power","babip","b_rbi","b_total_bases","r_total_caught_stealing","r_total_stolen_base","r_run","xba","xslg","woba","xwoba","xobp","xiso","xbacon","avg_swing_speed","exit_velocity_avg","launch_angle_avg","sweet_spot_percent","barrel","barrel_batted_rate","hard_hit_percent","avg_best_speed","avg_hyper_speed","z_swing_percent","meatball_percent","pitch_count_offspeed","pitch_count_fastball","pitch_count_breaking","pitch_count","iz_contact_percent","in_zone_swing_miss","in_zone_swing","in_zone_percent","in_zone","edge_percent","edge","whiff_percent","swing_percent","pull_percent","straightaway_percent","opposite_percent","batted_ball","groundballs_percent","flyballs_percent"
"Kelenic, Jarred",672284,2022,22,163,181,23,10,5,1,7,61,16,33.7,8.8,".141",".313",".221","0.534","0.172",".167","17","51","2","5","20",".172",".370",".238",".274",".252",".199",".277",,"86","18",27.2,14,13.6,35,"99.0507575","93.58765835",67.4,6.6,122,351,182,699,73,66,244,51.8,362,46.1,322,33.3,48.5,27.2,47.6,25.2,103,36.9,31.1
"Santana, Carlos",467793,2022,36,431,506,87,50,18,0,19,88,71,17.4,14,".202",".376",".316","0.692","0.174",".209","60","162","0","0","52",".252",".456",".308",".356",".360",".205",".316",,"90.7","15.4",31.6,32,9.3,44.9,"100.993708488","94.851060233",63.9,7.6,409,1127,480,2066,83.1,111,655,49.6,1025,43,889,21.3,42.6,47,34.2,18.8,345,39.1,28.4
"Villar, David",681584,2022,25,156,181,36,20,6,1,9,58,18,32,9.9,".231",".455",".331","0.786","0.224",".300","24","71","1","0","21",".191",".353",".344",".294",".298",".162",".303",,"86.8","17.8",33.3,9,9.1,36.4,"97.5144976","92.850052323",67,7.3,59,383,244,730,73.8,65,248,50.7,370,43.3,316,37.2,44.2,36.4,44.4,19.2,99,38.4,40.4
"Aguilar, Ryan",666922,2022,27,22,26,3,2,1,0,0,14,2,53.8,7.7,".136",".182",".231","0.413","0.046",".333","2","4","0","0","2",".132",".243",".197",".217",".228",".111",".326",,"93.3","10.5",44.4,0,0,33.3,"99.04246","95.061015556",78,6.9,12,48,34,101,64.1,14,39,49.5,50,40.6,41,50,57.4,44.4,33.3,22.2,9,22.2,44.4
"Hampson, Garrett",641658,2022,27,199,226,42,30,7,3,2,63,21,27.9,9.3,".211",".307",".287","0.594","0.096",".294","15","61","2","12","29",".203",".301",".267",".265",".283",".098",".298",,"86.5","10.2",29.8,6,4.3,27.7,"96.783443077","92.495778992",60.2,7.3,88,508,224,886,84.2,43,272,51,452,41.6,369,25.4,44.4,31.2,41.8,27,141,52.5,19.9
"Aquino, Aristides",606157,2022,28,259,276,51,28,13,0,10,101,17,36.6,6.2,".197",".363",".246","0.609","0.166",".277","30","94","3","2","24",".181",".326",".267",".246",".233",".145",".300",,"85.6","17.4",27.2,13,8.2,34.6,"99.168037143","93.584018571",76.4,7.8,125,556,320,1092,72.8,104,383,46.4,501,39.6,427,37.9,56.6,45.6,32.3,22.2,158,39.9,27.2
"Florial, Estevan",664314,2022,24,31,35,3,3,0,0,0,13,3,37.1,8.6,".097",".097",".200","0.297","0.000",".167","1","3","0","2","4",".148",".258",".155",".235",".246",".109",".256",,"85.6","14.3",16.7,1,5.6,27.8,"96.359127778","92.462302353",72.9,11.4,21,91,20,140,62.7,19,51,50,70,45,63,46.4,49.3,33.3,33.3,33.3,18,50,11.1
"Isbel, Kyle",664728,2022,25,256,278,54,35,10,4,5,75,16,27,5.8,".211",".340",".264","0.604","0.129",".275","28","87","6","9","32",".220",".334",".265",".269",".272",".114",".308",,"89.7","10.6",30.4,9,4.9,44.6,"100.466422667","94.564799889",65.1,6.7,180,620,221,1074,85.1,51,343,49.1,527,45.3,486,21.9,46.3,47.3,32.6,20.1,184,44,20.1
"Raley, Luke",670042,2022,27,61,72,12,9,2,0,1,24,7,33.3,9.7,".197",".279",".306","0.585","0.082",".297","4","17","0","0","7",".169",".307",".271",".284",".290",".138",".286",,"90.1","16.9",31.6,5,13.2,39.5,"100.628204737","94.641931351",73.6,7.1,49,147,80,282,72.8,28,103,49.6,140,42.9,121,39.9,50.7,28.9,42.1,28.9,38,42.1,31.6
"Torres, Gleyber",650402,2022,25,526,572,135,82,28,1,24,129,39,22.6,6.8,".257",".451",".310","0.761","0.194",".295","76","237","5","10","73",".242",".460",".328",".325",".297",".218",".319",,"90.4","17.5",36.2,43,10.7,45.3,"100.5348042","94.660057845",71.9,7.4,244,1166,626,2226,77.8,175,790,49.3,1098,41.3,918,27.2,49.6,35.9,35.4,28.7,401,35.9,32.7
"Lux, Gavin",666158,2022,24,421,471,116,83,20,7,6,95,47,20.2,10,".276",".399",".346","0.745","0.123",".341","42","168","2","7","66",".243",".382",".328",".315",".321",".139",".316",,"88","6.8",34,20,6.1,39.8,"98.887037439","93.675126098",62.5,7.8,277,1049,472,1844,84.7,86,562,48.8,899,43.7,805,23.3,42.6,37.7,40.1,22.2,329,49.5,21.9
"Abrams, CJ",682928,2022,21,284,302,70,54,12,2,2,50,5,16.6,1.7,".246",".324",".280","0.604","0.078",".291","21","92","4","7","33",".244",".327",".267",".272",".280",".083",".297",,"86.5","6.8",28.6,5,2.1,30.7,"97.184953739","92.612726201",72.9,6.9,168,570,235,1008,84.5,57,368,50.1,505,43.5,438,22.6,57,32.8,39.9,27.3,238,52.5,21
"Villar, Jonathan",542340,2022,31,202,220,42,31,6,2,3,59,15,26.8,6.8,".208",".302",".260","0.562","0.094",".275","18","61","0","7","25",".209",".291",".250",".251",".264",".082",".296",,"89.6","-0.7",24.7,4,2.7,40.4,"100.671592429","94.551199137",75.1,7,186,493,175,877,71.6,89,313,47.5,417,43.7,383,35.1,51,30.1,42.5,27.4,146,61.6,17.8
"Smith, Josh",669701,2022,24,213,253,42,35,5,0,2,50,28,19.8,11.1,".197",".249",".307","0.556","0.052",".244","16","53","3","4","23",".224",".326",".262",".300",".331",".102",".289",,"87","19.2",34.5,4,2.4,28.6,"96.124871098","92.093542209",61.4,7.8,130,644,232,1048,82.5,56,320,49.7,521,45.7,479,23.4,41.1,36.3,38.7,25,168,36.3,26.2
"Lowrie, Jed",476704,2022,38,167,184,30,22,5,0,3,39,15,21.2,8.2,".180",".263",".245","0.508","0.083",".213","16","44","0","1","14",".195",".291",".230",".250",".262",".096",".256",,"86.2","16.3",26.9,4,3.1,30.8,"96.195900923","92.129717519",72.9,6.9,121,438,146,727,80.8,49,255,48.1,350,42.9,312,25.6,47.3,45.4,32.3,22.3,130,41.5,29.2
"Pinder, Chad",640461,2022,30,361,379,85,55,18,0,12,118,14,31.1,3.7,".235",".385",".263","0.648","0.150",".313","42","139","0","2","38",".234",".385",".281",".280",".261",".151",".346",,"87.5","9.7",33.3,16,6.5,40.7,"100.06829876","94.061727355",75.4,8,167,783,401,1437,72.7,149,545,50.3,723,43.6,626,34.5,52.9,36.2,37.4,26.4,246,50,20.7
"Miller, Owen",680911,2022,25,424,472,103,70,26,1,6,93,32,19.7,6.8,".243",".351",".301","0.652","0.108",".290","51","149","0","2","53",".248",".353",".287",".296",".309",".105",".314",,"85.8","10.1",35,12,3.5,31.2,"97.306117941","92.667096401",62.5,7.8,169,1073,507,1836,88.2,65,549,47.9,879,42.5,781,18.5,48,34.1,40.6,25.3,340,43.8,22.9
"Robert Jr., Luis",673357,2022,24,380,401,108,78,18,0,12,77,17,19.2,4.2,".284",".426",".319","0.745","0.142",".329","56","162","3","11","54",".277",".470",".324",".336",".312",".193",".346",,"89.3","10",32.6,27,8.9,42.8,"101.454212895","94.809771678",83.6,5.6,114,729,404,1349,82.7,88,510,45.2,610,43.1,581,27.1,61.5,34.2,37.8,28,304,45.1,23
"Franco, Maikel",596748,2022,29,371,388,85,61,15,0,9,75,12,19.3,3.1,".229",".342",".255","0.597","0.113",".262","39","127","0","1","31",".243",".363",".261",".275",".269",".121",".302",,"87","11.5",33.1,14,4.7,34.4,"98.818458378","93.432468176",68.3,7.1,213,674,455,1418,78.2,107,490,50.6,717,42.9,608,28,53.6,44.1,33.8,22.1,299,44.5,21.1
"Sánchez, Gary",596142,2022,29,419,471,86,46,24,0,16,136,40,28.9,8.5,".205",".377",".282","0.659","0.172",".257","61","158","0","2","42",".216",".448",".290",".321",".294",".231",".318",,"90.5","14",29.2,39,13.5,49.3,"103.200555347","96.181078537",60.7,9.6,182,944,687,1881,79.5,112,546,47.8,900,39.8,748,30.8,44,47.9,29.2,22.9,288,43.8,29.9
"Rosario, Eddie",592696,2022,30,250,270,53,35,12,1,5,68,17,25.2,6.3,".212",".328",".259","0.587","0.116",".267","24","82","0","3","27",".200",".331",".258",".254",".249",".131",".271",,"87.7","15.2",32.4,10,5.4,33,"97.161292527","92.836894341",70.2,7,167,533,288,1010,77.8,69,311,43.9,443,41,414,32.2,53.5,38.4,43.2,18.4,185,39.5,30.3
"Belt, Brandon",474832,2022,34,254,298,54,36,9,1,8,81,37,27.2,12.4,".213",".350",".326","0.676","0.137",".277","23","89","0","1","25",".212",".427",".303",".328",".325",".216",".310",,"88.4","23.4",38.5,22,12.6,38.5,"99.264489048","93.872087679",75.5,6.6,145,799,224,1194,75.8,104,429,47.6,568,41.8,499,32.4,47.1,36.8,33.9,29.3,174,29.3,37.9
"Mazeika, Patrick",664850,2022,28,68,72,13,8,4,0,1,9,2,12.5,2.8,".191",".294",".214","0.508","0.103",".207","6","20","0","0","4",".187",".283",".222",".214",".210",".097",".215",,"84.5","15.4",29.5,2,3.3,18,"93.467468276","90.797627414",65.7,5.3,62,143,64,284,90,9,90,48.2,137,44,125,14.9,49.6,55.7,31.1,13.1,61,42.6,26.2
"Donaldson, Josh",518626,2022,36,478,546,106,63,28,0,15,148,54,27.1,9.9,".222",".374",".308","0.682","0.152",".283","62","179","2","2","59",".212",".382",".302",".302",".301",".170",".304",,"90.7","12",34.8,33,9.8,43.3,"100.977600417","94.867949761",66.6,6.3,267,1123,606,2176,72.5,192,698,48.2,1048,43.9,955,33.3,47.3,42.3,39.9,17.9,336,43.5,25.9
"Kelly, Carson",608348,2022,27,317,354,67,42,18,0,7,71,29,20.1,8.2,".211",".334",".282","0.616","0.123",".247","35","106","0","2","40",".225",".362",".275",".293",".297",".138",".289",,"87.7","14.7",33.2,13,5.2,36.8,"98.3885","93.265690161",62.8,7.7,107,870,371,1423,86.2,62,449,50.2,715,45.3,644,21.1,43.6,38.8,39.2,22,250,40.8,28.4
"Palacios, Richie",680700,2022,25,112,123,26,20,6,0,0,20,9,16.3,7.3,".232",".286",".293","0.579","0.054",".280","10","32","0","2","7",".243",".306",".258",".275",".307",".063",".298",,"85","13.5",26.9,1,1.1,21.5,"95.27551","91.693951209",68.9,6.4,85,286,129,513,89,20,182,51.5,264,44.4,228,16.6,48.1,31.2,41.9,26.9,93,45.2,17.2
"Hager, Jake",606993,2022,29,50,59,12,10,2,0,0,17,8,28.8,13.6,".240",".280",".345","0.625","0.040",".364","3","14","0","0","4",".167",".258",".291",".254",".282",".092",".252",,"80.8","13.9",32.4,2,5.9,17.6,"94.036659333","91.089237667",67.2,7.3,40,146,59,260,75.6,19,78,44.6,116,48.1,125,29.5,46.9,35.3,50,14.7,34,50,29.4
"Ortega, Rafael",542364,2022,31,316,371,76,54,14,1,7,74,44,19.9,11.9,".241",".358",".331","0.689","0.117",".285","35","113","7","12","35",".246",".365",".305",".318",".339",".120",".317",,"87.2","17.1",37.6,12,4.8,33.7,"97.447746423","92.750083049",67.5,7.1,262,801,396,1517,89.3,51,476,46.7,705,42.8,646,19.6,45.4,40.4,35.2,24.4,250,34.4,33.2
"Sanó, Miguel",593934,2022,29,60,71,5,4,0,0,1,25,9,35.2,12.7,".083",".133",".211","0.344","0.050",".114","3","8","0","1","1",".174",".377",".176",".318",".300",".202",".315",,"93.9","30",30.6,5,13.9,52.8,"102.693380556","96.171660278",62.2,5.5,37,173,99,326,75.3,24,97,47.9,156,40.5,132,37.2,39.6,50,27.8,22.2,36,16.7,44.4
"Haseley, Adam",656514,2022,26,21,25,5,5,0,0,0,7,3,28,12,".238",".238",".333","0.571","0.000",".357","2","5","0","0","4",".220",".252",".270",".266",".318",".032",".330",,"84","-14.7",13.3,0,0,33.3,"96.041551429","92.020775714",75.7,6.5,15,51,17,92,85.7,4,28,40.2,37,42.4,39,27.1,52.2,40,40,20,15,86.7,0
"Lewis, Kyle",641786,2022,26,56,62,8,5,0,0,3,19,5,30.6,8.1,".143",".304",".226","0.530","0.161",".147","5","17","0","0","6",".204",".400",".239",".299",".282",".196",".312",,"89.9","16.9",24.3,4,10.8,32.4,"99.820208889","93.910104444",74.8,7.2,37,132,72,263,70,24,80,40.7,107,41.8,110,39.2,47.5,40.5,45.9,13.5,37,45.9,21.6
"Frazier, Adam",624428,2022,30,541,602,129,100,22,4,3,73,46,12.1,7.6,".238",".311",".301","0.612","0.073",".268","42","168","6","11","61",".262",".347",".274",".300",".324",".085",".302",,"85.1","13.6",37.7,7,1.5,24.5,"95.048135872","91.524067936",68.4,8.6,273,1307,501,2191,90.9,69,756,50.5,1106,42.8,937,14.4,48.7,35.1,38.1,26.8,478,41.8,23.8
"Sheets, Gavin",657757,2022,26,377,410,91,57,19,0,15,86,27,21,6.6,".241",".411",".295","0.706","0.170",".272","53","155","0","0","34",".221",".365",".308",".284",".278",".144",".286",,"88.6","14.8",32.3,19,6.5,36.1,"98.93534363","93.559241787",63.7,6.5,322,818,475,1699,84.5,80,515,47.6,808,41.3,702,21.9,47.7,38.4,36.7,24.8,294,41.2,24.8
"Gonzalez, Oscar",660757,2022,24,362,382,107,69,27,0,11,75,15,19.6,3.9,".296",".461",".327","0.788","0.165",".345","43","167","2","1","39",".279",".438",".339",".325",".313",".160",".352",,"88.6","5.4",32.5,21,7.3,40.1,"101.045260903","94.682138153",74.3,6.6,131,701,444,1409,82,86,479,45.8,645,41.7,587,26.7,59.3,38.8,39.8,21.5,289,49.8,18.3
"Arias, Gabriel",672356,2022,22,47,57,9,6,1,1,1,16,8,28.1,14,".191",".319",".321","0.640","0.128",".267","5","15","0","1","9",".196",".301",".294",".291",".325",".105",".297",,"88.8","-0.6",18.8,2,6.3,34.4,"100.516843333","94.398779",60.9,6.9,31,118,65,231,73.1,18,67,47.6,110,48.5,112,36.1,42,37.5,40.6,21.9,32,71.9,3.1
"Barnhart, Tucker",571466,2022,31,281,308,62,51,10,0,1,74,25,24,8.1,".221",".267",".287","0.554","0.046",".296","16","75","0","0","16",".200",".268",".253",".244",".268",".068",".271",,"84.5","10.1",30.3,4,1.9,26,"95.275826176","91.655968177",65.7,7.3,198,656,267,1174,85.2,59,398,51.6,606,45.2,531,22.5,46.2,34.1,37,28.8,208,54.3,17.3
"Canó, Robinson",429664,2022,39,100,104,15,13,1,0,1,25,4,24,3.8,".150",".190",".183","0.373","0.040",".189","4","19","0","0","5",".205",".300",".169",".235",".235",".095",".273",,"88.2","5.8",29.3,3,4,41.3,"100.261988108","94.247323243",77.3,6.5,51,232,96,382,87.2,17,133,45,172,45.8,175,24.9,56.8,38.7,24,37.3,75,54.7,18.7
"Contreras, William",661388,2022,24,334,376,93,58,14,1,20,104,39,27.7,10.4,".278",".506",".354","0.860","0.228",".344","45","169","0","2","51",".240",".486",".370",".346",".321",".246",".348",,"90.4","6.1",31.9,31,13.4,46.6,"102.334962328","95.58762026",62.8,6.1,150,820,484,1546,74.2,116,450,46.4,717,41.3,639,34.3,44.6,36.6,41.8,21.6,232,53.4,24.6
"Barrero, José",676480,2022,24,165,174,25,20,3,0,2,76,9,43.7,5.2,".152",".206",".195","0.401","0.054",".264","10","34","1","4","13",".140",".218",".183",".182",".185",".078",".261",,"87.5","17.7",33.7,2,2.2,35.2,"98.193362727","93.242532414",76.1,8.1,60,337,227,679,78.3,51,235,46.5,309,41.7,277,38.7,57.4,40.4,37.1,22.5,89,40.4,29.2
"Hummel, Cooper",669450,2022,27,176,201,31,17,8,3,3,64,23,31.8,11.4,".176",".307",".274","0.581","0.131",".255","17","54","1","4","20",".211",".347",".262",".296",".309",".136",".337",,"87.6","7.7",30.1,8,7.1,35.4,"99.536416429","93.823074324",61.7,7.9,119,437,245,819,81.6,48,261,51.6,423,43.5,356,27.5,40.9,41.6,38.9,19.5,113,47.8,24.8
"Wade Jr., LaMonte",664774,2022,28,217,251,45,29,7,1,8,51,26,20.3,10.4,".207",".359",".305","0.664","0.152",".233","26","78","0","1","29",".216",".417",".298",".320",".313",".202",".280",,"87.7","21.1",33.7,16,9.5,34.3,"98.05927131","93.112804491",67.2,6.3,124,603,221,992,88.2,38,323,48.5,481,45.1,447,18,44.8,38.5,39.1,22.5,169,34.3,38.5
"Ford, Mike",645801,2022,29,131,149,27,19,5,0,3,40,17,26.8,11.4,".206",".313",".302","0.615","0.107",".273","10","41","0","0","9",".209",".308",".280",".279",".304",".099",".301",,"88.7","18.1",37.4,3,3.3,33,"99.098360652","93.698905055",52.5,6.9,86,314,188,623,85.2,22,149,45.6,284,45.3,282,21.9,35.2,50.5,37.4,12.1,91,33,28.6
"Demeritte, Travis",641513,2022,27,89,96,19,14,2,0,3,32,6,33.3,6.3,".213",".337",".260","0.597","0.124",".291","6","30","0","0","9",".208",".342",".263",".264",".258",".134",".323",,"88.8","9.7",34.5,4,6.9,37.9,"100.223234828","94.186779655",61.5,7.1,42,223,94,381,65.8,41,120,51.2,195,39.9,152,38.2,43.3,41.4,34.5,24.1,58,50,22.4
"Maldonado, Martín",455117,2022,35,344,379,64,37,12,0,15,116,22,30.6,5.8,".186",".352",".248","0.600","0.166",".228","45","121","0","0","40",".180",".340",".264",".257",".244",".160",".272",,"88.4","14.7",31.6,19,8.1,40.2,"98.987733509","93.59831443",69.1,7.1,144,811,446,1504,79.7,105,518,50,750,42.2,633,32.2,49.9,41.9,35,23.1,234,43.6,29.5
"France, Ty",664034,2022,27,551,613,151,103,27,1,20,94,35,15.3,5.7,".274",".436",".338","0.774","0.162",".296","83","240","0","0","65",".260",".409",".337",".323",".328",".149",".313",,"87.6","10",34.8,25,5.4,36.8,"99.035163319","93.565264683",75.8,6.4,215,1291,588,2211,90.2,77,786,46.9,1037,41.9,926,19.3,52.5,35.5,35.1,29.4,462,47.8,21.2
"Iglesias, Jose",578428,2022,32,439,467,128,95,30,0,3,56,17,12,3.6,".292",".380",".328","0.708","0.088",".326","47","167","3","2","48",".266",".325",".312",".282",".305",".059",".304",,"83.8","6",30.6,2,0.5,27.7,"95.592199372","91.820181257",63.4,6.8,193,1027,438,1738,92.4,40,529,48,835,43,747,13.2,51.9,37.6,39.9,22.5,386,53.4,16.8
"Gonzalez, Romy",663853,2022,25,105,109,25,18,4,1,2,39,2,35.8,1.8,".238",".352",".257","0.609","0.114",".354","11","37","1","0","15",".226",".364",".264",".264",".246",".137",".357",,"91.2","3.3",29.9,6,9,49.3,"102.563254242","95.828662308",70.2,9.2,37,229,102,393,71.5,41,144,52.2,205,46.1,181,37.9,53.7,29.9,34.3,35.8,67,58.2,26.9
"Beaty, Matt",607461,2022,29,43,47,4,2,1,1,0,8,2,17,4.3,".093",".163",".170","0.333","0.070",".114","1","7","0","0","6",".205",".280",".158",".253",".273",".075",".252",,"83.6","10.5",22.9,0,0,31.4,"96.810826667","92.643656286",62,7.9,36,101,37,177,89.5,6,57,52,92,45.2,80,16,42.4,40,34.3,25.7,35,45.7,22.9
"Siri, Jose",642350,2022,26,301,325,64,42,13,2,7,108,20,33.2,6.2,".213",".339",".268","0.607","0.126",".305","24","102","2","14","53",".207",".337",".268",".266",".263",".130",".321",,"87.2","15.4",35.1,12,6.2,33,"99.295575789","93.653804368",69.3,7.4,155,681,340,1265,73.2,109,407,46.4,587,41,519,35.9,51.7,38.1,37.1,24.7,194,43.3,25.8
"Serven, Brian",661531,2022,27,187,205,38,27,4,1,6,44,13,21.5,6.3,".203",".332",".261","0.593","0.129",".232","16","62","0","0","19",".214",".311",".263",".262",".272",".098",".280",,"84.5","12.5",32.9,4,2.7,29.5,"96.245205139","92.177853427",72.9,6.2,84,455,199,796,78.9,60,285,49.1,391,43.2,344,27.2,54.5,39.7,37.7,22.6,146,45.2,18.5
"Morel, Christopher",666624,2022,23,379,425,89,50,19,4,16,137,38,32.2,8.9,".235",".433",".308","0.741","0.198",".320","47","164","7","10","55",".228",".445",".322",".324",".303",".217",".357",,"89.6","9.1",30,33,13.4,40.3,"101.819951356","95.086096314",71.8,8.1,218,812,535,1648,66.3,196,581,49.6,809,43.4,708,38.5,50.1,39.3,42.9,17.8,247,51,24.3
"Miranda, Jose",669304,2022,24,444,483,119,79,25,0,15,91,28,18.8,5.8,".268",".426",".325","0.751","0.158",".307","66","189","1","1","45",".252",".426",".329",".321",".311",".174",".316",,"89.3","13.8",34.2,22,6.2,42.4,"99.818973051","94.236161898",72.5,7.3,193,924,600,1812,85.2,92,621,47.3,857,40,724,24.3,51.5,41.8,33.3,24.9,354,42.4,25.4
"Williams, Luke",663897,2022,25,127,136,30,23,5,1,1,44,9,32.4,6.6,".236",".315",".287","0.602","0.079",".354","6","40","4","11","21",".198",".278",".265",".235",".251",".081",".302",,"83.3","16.7",36.1,3,3.6,22.9,"94.44903675","91.478494625",71.1,6.9,50,326,136,540,78.9,41,194,50.6,273,43.9,237,31,50.7,41,36.1,22.9,83,41,21.7
"Cabrera, Miguel",408234,2022,39,397,433,101,86,10,0,5,101,28,23.3,6.5,".254",".317",".305","0.622","0.063",".324","43","126","0","1","25",".233",".340",".275",".277",".288",".107",".312",,"89.9","5",35.2,14,4.7,38.2,"99.360961867","93.99969786",71.3,7.1,133,1017,406,1643,80.6,107,551,47.1,773,43.6,716,27,50.2,31.6,39.9,28.6,301,52.5,19.6
"Turner, Justin",457759,2022,37,468,532,130,81,36,0,13,89,50,16.7,9.4,".278",".438",".350","0.788","0.160",".313","81","205","0","3","61",".266",".447",".343",".345",".342",".181",".326",,"89.5","18.4",40.6,31,8,40.6,"99.002545648","93.736858523",70.4,7.9,207,1366,491,2144,84,119,743,49.3,1056,43.5,933,20.3,48.2,34.6,35.7,29.7,387,32.8,33.3
"Smith, Kevin",675656,2022,25,139,151,25,13,9,1,2,42,7,27.8,4.6,".180",".302",".216","0.518","0.122",".237","13","42","0","4","9",".184",".334",".226",".240",".221",".150",".259",,"87","16.4",32.4,8,7.8,33.3,"98.087369388","93.05239898",70.7,8,49,321,165,564,80,40,200,50.2,283,42.4,239,30.1,53,32.4,40.2,27.5,102,43.1,32.4
"Cruz, Nelson",443558,2022,41,448,507,105,79,16,0,10,119,49,23.5,9.7,".234",".337",".313","0.650","0.103",".295","64","151","0","4","50",".239",".410",".292",".322",".321",".172",".327",,"90.9","7.2",28,31,9.3,46.1,"102.29838061","95.468978262",72.4,6.1,223,1110,584,1992,76.8,160,689,47.8,952,44.4,884,32,50.8,32.8,37.3,29.8,332,53,19.3
"Garlick, Kyle",664247,2022,30,150,162,35,23,3,0,9,48,8,29.6,4.9,".233",".433",".284","0.717","0.200",".277","18","65","0","0","23",".229",".443",".311",".311",".280",".214",".333",,"90.2","15.1",36.9,10,9.7,47.6,"101.399865577","95.232580777",64.4,6.3,80,291,211,602,75.3,47,190,49,295,46,277,35.2,48.7,47.6,29.1,23.3,103,41.7,29.1
"Pederson, Joc",592626,2022,30,380,433,104,59,19,3,23,100,42,23.1,9.7,".274",".521",".353","0.874","0.247",".310","70","198","2","3","57",".260",".514",".373",".367",".344",".253",".352",,"93.2","14.8",34.2,43,15.1,52.1,"103.347393857","96.58467276",65,7.1,297,887,456,1685,85.7,74,509,46.5,783,41.2,695,24.5,46.1,35.6,37.7,26.8,284,37.3,33.8
"Smith, Pavin",656976,2022,26,245,277,54,36,9,0,9,67,28,24.2,10.1,".220",".367",".300","0.667","0.147",".262","33","90","0","1","24",".212",".380",".294",".301",".296",".168",".293",,"87.9","15.2",28.7,18,9.9,35.9,"98.397917802","93.251592099",55.9,7,198,559,320,1109,86.3,41,300,48.4,537,44.6,495,21.7,39.5,38.1,35.4,26.5,181,43.6,29.8
"Hedges, Austin",595978,2022,29,294,338,48,37,4,0,7,78,25,23.1,7.4,".163",".248",".241","0.489","0.085",".193","30","73","0","2","26",".181",".272",".225",".242",".258",".092",".245",,"84.2","16.7",31.9,7,3.1,22.3,"94.912102385","91.52196977",68.4,6.7,85,736,393,1274,81.5,77,416,47.7,608,42.8,545,27.7,47.6,41,34.9,24,229,40.6,24
"Vavra, Terrin",679631,2022,25,89,103,23,19,2,1,1,19,12,18.4,11.7,".258",".337",".340","0.677","0.079",".310","12","30","1","0","14",".269",".368",".303",".326",".354",".099",".339",,"87.5","10.7",37.5,1,1.4,23.6,"96.135936571","92.201115217",74.7,6,38,238,86,383,83.1,24,142,49.6,190,44.6,171,23.2,49.6,27.8,40.3,31.9,72,41.7,23.6
"Díaz, Lewin",650331,2022,25,160,174,27,18,4,0,5,54,11,31,6.3,".169",".287",".224","0.511","0.118",".214","11","46","0","1","12",".166",".270",".228",".223",".223",".105",".249",,"88.3","15.6",29.6,6,5.6,28.7,"97.258491481","92.70251037",60,7,119,417,172,732,80.5,41,210,47.8,350,42.5,311,27.2,46.2,43.5,36.1,20.4,108,37,35.2
"Velazquez, Andrew",623205,2022,27,322,349,63,46,8,0,9,119,15,34.1,4.3,".196",".304",".236","0.540","0.108",".274","28","98","1","17","37",".203",".331",".239",".253",".244",".128",".320",,"88","8.2",33,14,6.6,34,"98.780373093","93.494339433",76.8,7.6,209,776,291,1320,73.3,140,524,51.7,682,43.7,577,34.3,53.9,30.7,43.4,25.9,212,50.9,24.5
"Lowe, Josh",666139,2022,24,181,198,40,24,12,2,2,66,15,33.3,7.6,".221",".343",".284","0.627","0.122",".336","13","62","0","3","24",".209",".343",".276",".271",".274",".133",".330",,"88.3","11.4",47.4,6,5.2,37.1,"98.497331034","93.392541391",66.5,7.1,148,506,163,851,71.3,82,286,50.5,430,39.7,338,32.6,46.2,29.3,41.4,29.3,116,36.2,29.3
"Reks, Zach",676646,2022,28,34,34,9,8,1,0,0,10,0,29.4,0,".265",".294",".265","0.559","0.029",".375","3","10","1","0","3",".225",".332",".245",".240",".225",".107",".318",,"86.3","19",33.3,0,0,41.7,"99.422948333","93.789835833",71.7,7.9,18,73,23,114,81.4,8,43,52.6,60,45.6,52,26.6,56.1,29.2,33.3,37.5,24,25,37.5
"Mendick, Danny",664901,2022,28,97,106,28,20,4,1,3,23,7,21.7,6.6,".289",".443",".343","0.786","0.154",".352","15","43","0","1","22",".230",".340",".344",".278",".288",".110",".301",,"86.8","10.3",38.7,3,4,20,"95.653647838","91.91142",64.2,11.4,39,226,117,422,78.3,30,138,50.9,215,39.3,166,25.3,42.2,34.7,36,29.3,75,45.3,24
"Dozier, Hunter",641531,2022,30,462,500,109,67,26,4,12,125,34,25,6.8,".236",".387",".292","0.679","0.151",".298","41","179","3","4","51",".242",".401",".298",".306",".297",".160",".331",,"88.5","13.1",33.1,26,7.7,38.5,"99.977574226","94.108179224",71.5,6.4,206,983,625,1938,85.2,94,634,45.8,887,41.5,805,29.2,50.6,40.5,36.7,22.8,338,42.9,24
"Neuse, Sheldon",641914,2022,27,271,293,58,48,4,2,4,80,20,27.3,6.8,".214",".288",".273","0.561","0.074",".289","26","78","1","6","25",".214",".300",".253",".258",".274",".085",".306",,"89.1","1.5",23,6,3.1,38.2,"98.983222447","93.674738289",70.2,8,109,637,341,1160,84,65,405,49.7,577,40.7,472,27.2,50.7,24.6,41.9,33.5,191,62.8,15.2
"Aranda, Jonathan",666018,2022,24,78,87,15,9,4,0,2,23,8,26.4,9.2,".192",".321",".276","0.597","0.129",".245","6","25","0","0","10",".205",".364",".264",".284",".288",".158",".293",,"91.1","5.9",29.1,4,7.3,45.5,"100.631155185","94.661134074",63.4,7.5,46,208,61,334,84.6,16,104,49.1,164,38.9,130,22.4,44,45.5,34.5,20,55,54.5,23.6
"Grossman, Robbie",543257,2022,32,411,477,86,59,19,1,7,129,56,27,11.7,".209",".311",".310","0.621","0.102",".283","45","128","2","6","40",".205",".322",".283",".287",".308",".117",".297",,"86.7","21.1",38.5,10,3.5,30.4,"96.176090559","92.129787754",62.9,7.6,297,1100,461,1942,83.8,98,606,49.6,964,42.8,831,23.9,40.9,46.2,32.9,21,286,31.8,32.2
"Nevin, Tyler",663527,2022,25,157,184,31,25,4,0,2,46,20,25,10.9,".197",".261",".299","0.560","0.064",".259","16","41","0","0","17",".214",".329",".261",".293",".315",".115",".298",,"87.3","17.7",34.2,4,3.5,37.7,"98.356865263","93.376842655",69,8.1,93,446,225,793,81.5,49,265,48.4,384,43.1,342,26.8,45.6,36,33.3,30.7,114,39.5,28.1
"Gutiérrez, Kelvin",642721,2022,27,28,33,4,3,1,0,0,8,4,24.2,12.1,".143",".179",".250","0.429","0.036",".200","3","5","0","1","2",".203",".353",".208",".291",".306",".150",".289",,"89.6","5.9",25,1,5,35,"97.974823","93.636943684",61.3,6.1,18,71,25,133,76.3,9,38,47,62,42.4,56,31,43.6,30,50,20,20,60,20
"Moustakas, Mike",519058,2022,33,252,285,54,35,12,0,7,75,24,26.3,8.4,".214",".345",".295","0.640","0.131",".272","25","87","0","2","30",".195",".323",".286",".275",".281",".128",".279",,"87.6","19.4",36.1,11,6.1,33.9,"98.852222556","93.461727111",74.2,6,196,627,297,1150,80.8,75,391,45.8,527,46.1,530,29.2,54.3,38.3,38.9,22.8,180,35,25.6
"Chisholm Jr., Jazz",665862,2022,24,213,241,54,26,10,4,14,66,21,27.4,8.7,".254",".535",".325","0.860","0.281",".294","45","114","5","12","39",".243",".491",".365",".350",".320",".248",".353",,"90.4","15.5",37.3,25,16.7,46.7,"100.669336216","94.818931905",67.6,6.1,181,497,256,950,74.9,80,319,49.7,472,44.3,421,32.8,47.2,48.7,30,21.3,150,39.3,34.7
"Crawford, Brandon",543063,2022,35,407,458,94,68,15,2,9,98,39,21.4,8.5,".231",".344",".308","0.652","0.113",".280","52","140","1","1","50",".218",".358",".289",".292",".300",".141",".288",,"88.1","12.3",31,21,6.7,35.1,"97.909462452","93.081156699",76.2,7.6,278,966,415,1720,75.4,158,642,49,842,41.6,715,31.9,50.7,34.8,40.9,24.3,313,47.3,23.6
"India, Jonathan",663697,2022,25,386,431,96,68,16,2,10,94,31,21.8,7.2,".249",".378",".327","0.705","0.129",".305","41","146","4","3","48",".240",".367",".314",".306",".320",".126",".318",,"85.1","14.5",36,14,4.8,28.8,"97.40599669","92.71951917",56.9,6.9,186,1011,463,1733,85.1,76,510,52,897,43.7,753,23.6,41.3,44.2,34.6,21.2,292,41.8,25.7
"Wisdom, Patrick",621550,2022,30,469,534,97,44,28,0,25,183,53,34.3,9.9,".207",".426",".298","0.724","0.219",".274","66","200","4","8","67",".187",".395",".316",".298",".283",".208",".309",,"90.7","21",29.8,41,14.2,46.3,"102.164032394","95.695873993",70.5,8,196,1194,717,2233,73.7,202,768,49.4,1089,43.9,968,36.5,48.1,48.1,32.2,19.7,289,34.9,31.8
"McCutchen, Andrew",457705,2022,35,515,580,122,80,25,0,17,124,57,21.4,9.8,".237",".384",".316","0.700","0.147",".278","69","198","6","8","66",".246",".418",".309",".325",".324",".172",".322",,"89.1","13.2",36.2,34,8.6,40,"99.92693269","94.143160838",68.5,8.2,224,1381,653,2364,83.2,138,819,50.6,1196,44.5,1051,24.2,44.9,43.3,37,19.7,395,41.8,28.1
"Segura, Jean",516416,2022,32,354,387,98,79,9,0,10,58,25,15,6.5,".277",".387",".336","0.723","0.110",".307","33","137","6","13","45",".252",".368",".320",".303",".314",".116",".301",,"87.6","4.3",28.3,13,4.4,38.4,"99.507672313","93.804578639",64.4,7.3,152,812,379,1406,88.6,49,430,47.5,668,40.5,569,18.5,48.8,25.6,45.8,28.6,297,56.2,15.8
"Jankowski, Travis",608671,2022,31,55,64,9,9,0,0,0,10,8,15.6,12.5,".164",".164",".281","0.445","0.000",".200","2","9","0","3","11",".206",".240",".222",".267",".317",".035",".251",,"80.5","-3.2",22.2,0,0,22.2,"92.702330952","90.908144524",61.7,6.2,29,164,65,258,94.6,4,74,46.5,120,43,111,13.9,39.1,33.3,40,26.7,45,73.3,6.7
"Marte, Ketel",606466,2022,28,492,558,118,62,42,2,12,101,55,18.1,9.9,".240",".407",".321","0.728","0.167",".276","52","200","1","5","68",".247",".388",".317",".317",".330",".140",".311",,"90.1","13.5",31.6,24,6.1,41.9,"101.202754619","94.845027056",65.7,6.5,417,1088,577,2159,83.7,111,679,47.9,1034,43.9,947,20.7,46.1,42.7,35.6,21.7,396,43.2,25.3
"Vaughn, Andrew",683734,2022,24,510,555,138,92,28,1,17,96,31,17.3,5.6,".271",".429",".321","0.750","0.158",".301","76","219","0","0","60",".251",".431",".327",".322",".306",".180",".310",,"90.8","7.5",34.1,33,7.9,48.6,"101.162950291","95.12858284",61.4,6.8,196,1104,611,2087,87.8,78,637,49.8,1038,44.1,919,21,47,31,39.4,29.6,419,48,22.2
"McCann, James",543510,2022,32,174,191,34,25,6,0,3,46,11,24.1,5.8,".195",".282",".257","0.539","0.087",".244","18","49","0","3","19",".237",".429",".243",".313",".295",".192",".318",,"90.2","16.3",33.8,9,6.9,40.8,"100.237659692","94.399973876",68.9,9.1,55,420,202,713,82.2,43,241,49.1,350,41.7,297,28.3,51.6,30,45.4,24.6,130,36.9,30.8
"Leblanc, Charles",641779,2022,26,156,169,41,27,10,0,4,53,12,31.4,7.1,".263",".404",".320","0.724","0.141",".374","11","63","2","4","18",".216",".377",".318",".287",".276",".161",".327",,"87.3","16.9",36.9,9,8.7,32,"98.569849412","93.395520588",62.5,7.7,78,399,179,699,86.7,28,210,48.1,336,41.9,293,26.1,44.3,42.7,24.3,33,103,37.9,28.2
"Hernández, César",514917,2022,32,560,617,139,106,28,4,1,114,45,18.5,7.3,".248",".318",".311","0.629","0.070",".309","34","178","4","10","64",".249",".342",".283",".295",".313",".092",".313",,"84.8","9.3",33.3,11,2.4,29.7,"96.449267051","92.257329931",68.7,7.1,429,1447,452,2368,86.3,113,822,50.5,1196,45.1,1068,21,47.5,32.8,35.5,31.7,451,48.6,19.3
"Romine, Austin",519222,2022,33,129,136,20,14,3,0,3,46,4,33.8,2.9,".155",".248",".187","0.435","0.093",".212","9","32","0","0","10",".157",".251",".193",".195",".189",".094",".245",,"87.2","9.5",22.4,4,4.7,33.3,"98.519493659","93.285298415",71.1,8.7,31,310,143,516,75.7,43,177,49.1,249,41.4,210,33.8,53.9,29.4,40,30.6,85,55.3,21.2
"Ruiz, Keibert",660688,2022,23,394,433,99,70,22,0,7,50,30,11.5,6.9,".251",".360",".313","0.673","0.109",".271","36","142","1","6","33",".275",".414",".299",".329",".336",".139",".315",,"88","14.9",36.3,13,3.7,32.3,"97.283247895","92.718755058",72.1,7.3,298,739,449,1538,91,48,532,48,738,41.7,642,14.9,50.9,49.6,34.6,15.9,347,40.6,25.1
"Pérez, Roberto",547379,2022,33,60,69,14,10,2,0,2,25,9,36.2,13,".233",".367",".333","0.700","0.134",".364","8","22","0","0","8",".207",".371",".315",".303",".310",".165",".354",,"89.3","5.4",42.9,4,11.4,51.4,"101.789615556","95.453621714",57,7.8,9,191,101,308,74.1,22,85,48.4,149,45.5,140,36.6,39.9,45.7,37.1,17.1,35,48.6,28.6
"Alvarez, Eddy",657193,2022,32,25,27,4,4,0,0,0,9,0,33.3,0,".160",".160",".154","0.314","0.000",".235","3","4","0","1","1",".193",".218",".136",".179",".190",".025",".291",,"88","10.3",22.2,0,0,27.8,"96.002405556","92.270659412",72,12.1,20,51,28,99,75,9,36,50.5,50,39.4,39,29.1,55.6,44.4,22.2,33.3,18,55.6,27.8
"Quiroz, Esteban",606019,2022,30,40,47,11,11,0,0,0,9,4,19.1,8.5,".275",".275",".370","0.645","0.000",".355","3","11","1","1","3",".229",".314",".303",".296",".330",".084",".296",,"81.6","11.3",43.8,1,3.1,28.1,"94.728799333","91.473812667",64.1,3.8,24,111,49,185,79.7,12,59,49.7,92,40.5,75,22.5,43.2,34.4,28.1,37.5,32,50,18.8
"Betts, Mookie",605141,2022,29,572,639,154,76,40,3,35,104,55,16.3,8.6,".269",".533",".340","0.873","0.264",".272","82","305","2","12","117",".252",".484",".373",".348",".325",".233",".306",,"90.5","18.6",36.2,46,9.7,44.9,"99.954466043","94.497072751",66.9,7.4,230,1482,630,2428,91.7,66,798,49.1,1193,43.5,1057,16.5,44.2,44.3,34.5,21.2,472,33.7,35.6
"Meyers, Jake",676694,2022,26,150,160,34,25,6,2,1,54,7,33.8,4.4,".227",".313",".269","0.582","0.086",".344","15","47","1","2","13",".203",".299",".258",".250",".251",".096",".322",,"87.3","7.2",30.9,5,5.2,37.1,"98.54444","93.291333191",65.7,8,80,322,195,635,77.1,46,201,48.2,306,39.7,252,31.2,47.4,42.3,39.2,18.6,97,53.6,16.5
"Bohm, Alec",664761,2022,25,586,631,164,124,24,3,13,110,31,17.4,4.9,".280",".398",".315","0.713","0.118",".319","72","233","3","2","79",".287",".445",".310",".334",".325",".158",".350",,"90.2","10.4",37.7,33,6.8,43,"100.649873374","94.552579815",72,7.8,181,1384,593,2301,83.9,130,806,48.6,1119,43.7,1006,21.1,51.2,30.2,39.1,30.7,486,46.3,21
"Engel, Adam",641553,2022,30,245,260,55,39,13,1,2,76,11,29.2,4.2,".224",".310",".269","0.579","0.086",".317","17","76","4","12","32",".220",".293",".256",".249",".265",".073",".319",,"87.9","15",30.8,3,1.8,33.1,"98.589188571","93.376579521",67.7,7.2,74,512,337,992,76.5,77,327,48.7,483,43.2,429,33.8,47.4,40.8,30.2,29,169,38.5,23.7
"McKinstry, Zach",656716,2022,27,166,185,33,19,6,3,5,52,16,28.1,8.6,".199",".361",".273","0.634","0.162",".257","14","60","0","7","21",".227",".345",".280",".288",".299",".118",".331",,"86.4","12.9",41.4,5,4.3,30.2,"96.760488421","92.451668761",66.2,8.6,97,458,206,791,87,33,253,48.3,382,40.6,321,21.1,46.6,42.2,27.6,30.2,116,39.7,25
"VanMeter, Josh",642165,2022,27,171,192,32,22,5,2,3,45,19,23.4,9.9,".187",".292",".266","0.558","0.105",".232","14","50","0","4","15",".224",".351",".251",".292",".301",".127",".303",,"88.1","14.3",37.5,6,4.7,33.6,"97.489094531","92.863354961",54.6,8.7,115,468,197,804,86.1,34,244,55.6,447,41.4,333,20.1,36.4,34.4,40.6,25,128,39.1,32
"Choi, Ji Man",596847,2022,31,356,419,83,50,22,0,11,123,58,29.4,13.8,".233",".388",".341","0.729","0.155",".320","52","138","0","0","36",".233",".422",".322",".338",".344",".190",".357",,"92.2","10.6",37.3,28,11.9,47.5,"101.295507712","95.335577574",67.5,7,351,1068,345,1840,75.4,140,570,45.9,845,42.8,787,32.3,41.7,40.7,35.2,24.2,236,46.6,25
"Higashioka, Kyle",543309,2022,32,229,248,52,35,7,0,10,52,12,21,4.8,".227",".389",".264","0.653","0.162",".246","31","89","1","0","27",".253",".462",".282",".321",".290",".209",".322",,"90.9","17.2",36.6,18,9.8,48.1,"101.231678333","95.189627056",72.2,8.7,100,496,237,907,82.1,59,330,50.4,457,39.6,359,26.8,50.6,44.3,41,14.8,183,36.1,28.4
"Reyes, Franmil",614177,2022,26,438,473,97,64,17,2,14,157,30,33.2,6.3,".221",".365",".273","0.638","0.144",".307","47","160","1","2","43",".202",".378",".280",".280",".258",".177",".317",,"92","9.9",27.8,32,11.3,45.8,"102.075082606","95.415814488",68.4,6.9,138,985,636,1853,74.9,154,613,48.4,896,42.8,793,37.1,47.8,37.7,34.9,27.5,284,47.9,22.9
"Turner, Trea",607208,2022,29,652,708,194,130,39,4,21,131,45,18.5,6.4,".298",".466",".343","0.809","0.168",".342","100","304","3","27","101",".275",".446",".350",".338",".327",".171",".347",,"88.9","10.2",35.3,40,7.6,41.6,"100.188198893","94.238854962",72.4,6.9,317,1426,836,2720,84.5,141,907,46.1,1253,41.6,1132,26.3,51.2,41.4,34.7,23.9,527,43.5,26.2
"Naquin, Tyler",571980,2022,31,310,334,71,37,19,4,11,93,19,27.8,5.7,".229",".423",".282","0.705","0.194",".291","46","131","2","4","47",".248",".456",".303",".325",".300",".208",".355",,"90.3","14.4",39.9,21,9.6,40.8,"100.892608302","94.925001896",79.4,6.7,165,738,315,1261,75.1,121,485,48.5,611,45.4,572,30.5,58,38.1,33.9,28,218,40.4,29.4
"Mitchell, Garrett",669003,2022,23,61,68,19,14,3,0,2,28,6,41.2,8.8,".311",".459",".373","0.832","0.148",".548","9","28","0","8","9",".186",".348",".365",".268",".259",".162",".344",,"92.9","9.5",41.2,4,11.8,41.2,"100.828725882","95.111031515",68.4,9.7,39,185,73,300,77.8,26,117,57,171,43,129,31.5,48.7,17.6,35.3,47.1,34,41.2,29.4
"Rivas III, Alfonso",663845,2022,25,251,287,59,49,5,2,3,87,29,30.3,10.1,".235",".307",".322","0.629","0.072",".344","25","77","1","6","27",".222",".319",".285",".285",".311",".097",".338",,"86.9","4.9",34.7,7,4.2,35.3,"98.449898395","93.317647826",62,7.2,146,701,316,1208,84.3,58,369,49.3,595,42.7,516,26.2,42,32.3,38.3,29.3,167,52.1,19.2
"Hays, Austin",669720,2022,26,535,582,134,81,35,2,16,114,34,19.6,5.8,".250",".413",".306","0.719","0.163",".289","60","221","4","2","66",".239",".383",".314",".301",".297",".145",".304",,"87.7","11.3",32.3,22,5.2,37.7,"98.997922429","93.543165976",67.7,6.2,211,1115,603,2051,87.7,80,649,46.7,958,42.2,866,23.5,51,40.8,36.3,22.9,424,43.6,22.4
"Yastrzemski, Mike",573262,2022,31,485,558,104,54,31,2,17,141,61,25.3,10.9,".214",".392",".305","0.697","0.178",".261","57","190","1","5","73",".218",".402",".307",".314",".310",".185",".305",,"89.9","19.9",36.2,39,11.1,42.5,"99.830966069","94.251098237",63.4,7.7,296,1368,616,2349,84.2,118,749,50.3,1181,43.2,1014,22.7,42.9,42.7,33.6,23.6,351,34.8,31.9
"Arenado, Nolan",571448,2022,31,557,620,163,90,42,1,30,72,52,11.6,8.4,".293",".533",".358","0.891","0.240",".290","103","297","3","5","73",".263",".464",".381",".343",".333",".201",".301",,"88.8","21.7",35.4,40,8.2,38.9,"99.558566721","93.952810862",66.9,6.6,206,1281,715,2330,88.3,84,716,46,1071,41,956,19.1,48.4,45.2,34.8,20,489,30.5,29
"Ibáñez, Andy",628451,2022,29,119,128,26,21,4,0,1,21,9,16.4,7,".218",".277",".273","0.550","0.059",".258","9","33","0","3","13",".214",".363",".249",".276",".269",".149",".259",,"88.3","14.9",29.6,6,6.1,39.8,"98.365345102","93.325839694",71,6.5,45,272,122,465,89.8,16,157,47.5,221,42.2,196,19.4,46.7,26.5,44.9,28.6,98,43.9,29.6
"Trejo, Alan",676701,2022,26,118,125,32,22,6,0,4,31,5,24.8,4,".271",".424",".312","0.736","0.153",".337","17","50","2","1","15",".241",".385",".321",".293",".284",".144",".328",,"86.2","13.6",37.9,4,4.6,31.4,"96.419990698","92.215872674",68.3,8.3,42,298,125,494,84.1,27,170,50.5,249,45.2,223,25,52.6,44.8,35.6,19.5,87,39.1,32.2
"Garver, Mitch",641598,2022,31,188,215,39,22,7,0,10,53,23,24.7,10.7,".207",".404",".298","0.702","0.197",".228","24","76","1","1","23",".222",".423",".308",".324",".313",".201",".308",,"88.9","18.4",37.2,12,8.8,38.7,"99.517286232","93.963293942",61.5,8.4,93,504,279,943,80.3,59,299,51.6,486,41.7,393,25.3,42.3,56.2,24.1,19.7,137,34.3,38
"Cruz, Oneil",665833,2022,23,331,361,77,43,13,4,17,126,28,34.9,7.8,".233",".450",".294","0.744","0.217",".317","54","149","4","10","45",".217",".417",".320",".303",".281",".201",".352",,"91.9","8.3",30.6,32,15.5,46.1,"104.662067282","96.683239073",52.9,5.6,209,695,490,1459,79.7,70,345,44.7,652,44.6,651,35.4,40.5,41.3,37.9,20.9,206,49.5,22.8
"Urías, Luis",649966,2022,25,406,472,97,63,17,1,16,99,50,21,10.6,".239",".404",".335","0.739","0.165",".274","47","164","2","1","54",".235",".410",".327",".328",".333",".174",".309",,"87.3","18",34.3,26,8.3,35.3,"97.964867677","93.080449903",63.2,7.8,171,1117,604,1974,80.4,122,623,49.9,986,42.9,846,22.2,43.2,42.3,34,23.7,312,36.5,34
"Tsutsugo, Yoshi",660294,2022,30,170,193,29,23,4,0,2,50,19,25.9,9.8,".171",".229",".249","0.478","0.058",".221","19","39","0","0","11",".194",".297",".221",".257",".272",".103",".270",,"88.8","10.1",32.3,7,5.6,36.3,"98.366657419","93.35715629",64.8,7.2,105,534,199,861,86.3,36,263,47.2,406,41.7,359,21.9,44,29.8,38.7,31.5,124,47.6,23.4
"Perdomo, Geraldo",672695,2022,22,431,500,84,67,10,2,5,103,50,20.6,10,".195",".262",".285","0.547","0.067",".243","40","113","2","9","58",".215",".294",".253",".274",".304",".078",".282",,"85","12.1",28.1,7,2,25.1,"95.305189236","91.661910605",59.6,8.2,304,1241,438,2061,85.6,92,639,52.1,1073,43.2,890,19.2,41.3,38,39.5,22.5,342,50.6,19.9
"Larnach, Trevor",663616,2022,25,160,180,37,19,13,0,5,57,18,31.7,10,".231",".406",".306","0.712","0.175",".320","18","65","0","0","22",".222",".447",".309",".322",".300",".226",".342",,"90.1","13.1",36.2,12,11.4,43.8,"101.431611321","95.113861143",59.5,6.6,148,341,207,724,73.3,55,206,47.8,346,42.4,307,40.2,41.6,38.1,36.2,25.7,105,41.9,36.2
"Votto, Joey",458015,2022,38,322,376,66,36,18,1,11,97,44,25.8,11.7,".205",".370",".319","0.689","0.165",".257","41","119","0","0","31",".217",".409",".310",".327",".330",".193",".311",,"89.7","14.2",32.9,25,11.1,41.3,"100.424827857","94.43276435",70.8,7.7,225,839,377,1505,76.9,120,519,49.4,733,42.5,630,29.6,46.5,37.8,39.1,23.1,225,44.9,31.1
"Garcia, Aramis",605244,2022,29,108,115,23,20,2,0,1,34,3,29.6,2.6,".213",".259",".248","0.507","0.046",".301","4","28","1","0","6",".212",".320",".228",".249",".247",".107",".310",,"87.5","19.6",35.5,2,2.6,36.8,"98.567163784","93.291404595",73.2,7.8,54,268,110,449,77.4,37,164,49.9,224,40.3,181,30.8,52.1,36.8,42.1,21.1,76,36.8,22.4
"Rodgers, Brendan",663898,2022,25,527,581,140,94,30,3,13,101,46,17.4,7.9,".266",".408",".325","0.733","0.142",".304","63","215","0","0","72",".262",".413",".321",".326",".326",".152",".326",,"90","4.6",31.3,31,7.2,45.9,"101.127645047","94.882864603",72.1,7.2,282,1225,519,2112,84.6,116,753,49.4,1044,41.9,884,22.7,49.4,27.4,38.5,34.1,431,52,19.7
"Anderson, Brian",605119,2022,29,338,383,75,50,16,1,8,101,37,26.4,9.7,".222",".346",".311","0.657","0.124",".291","28","117","0","1","43",".228",".393",".293",".312",".316",".165",".324",,"88.7","7.7",31.1,23,9.7,42,"100.372461008","94.372032152",73.9,6.9,189,880,401,1543,77,127,551,48.3,746,42.5,656,30.4,50.7,38.7,36.1,25.2,238,51.3,22.3
"Arraez, Luis",650333,2022,25,547,603,173,133,31,1,8,43,50,7.1,8.3,".316",".420",".375","0.795","0.104",".331","49","230","4","4","88",".289",".429",".350",".341",".351",".140",".313",,"88.9","12.9",38.7,18,3.6,30.2,"96.195004348","92.276757036",63.2,6.8,339,1484,543,2413,94.4,41,731,47.9,1156,44,1062,7.1,42.9,28.4,41.2,30.4,507,41.2,25.4
"Freeman, Freddie",518692,2022,32,612,708,199,129,47,2,21,102,84,14.4,11.9,".325",".511",".407","0.918","0.186",".359","100","313","3","13","117",".308",".559",".393",".406",".396",".251",".370",,"91.3","13.6",42.9,51,9.9,47.8,"100.761588016","95.094269494",73.9,6.8,432,1570,660,2755,85.8,136,959,47.1,1298,43.5,1198,19.5,49.3,34.6,35,30.4,517,38.9,28.4
"Sánchez, Yolmer",570560,2022,30,37,44,4,4,0,0,0,13,5,29.5,11.4,".108",".108",".214","0.322","0.000",".167","2","4","2","0","1",".130",".175",".166",".200",".236",".046",".203",,"84.4","14",38.5,0,0,15.4,"93.495089167","90.904037391",64.6,5.9,23,130,30,185,82.4,9,51,42.7,79,35.7,66,23.5,45.9,30.8,46.2,23.1,26,50,23.1
"Dalbec, Bobby",666915,2022,27,317,353,68,45,9,2,12,118,29,33.4,8.2,".215",".369",".283","0.652","0.154",".293","39","117","0","3","40",".216",".398",".287",".302",".287",".182",".342",,"90.3","15.2",32,24,11.8,45.8,"101.246531881","94.95935203",66.3,6.7,151,824,389,1475,75.5,112,458,46.8,691,42.6,628,35,46.5,35.5,38.4,26.1,203,38.9,33.5
"Taylor, Chris",621035,2022,31,402,454,89,51,25,3,10,160,44,35.2,9.7,".221",".373",".304","0.677","0.152",".336","43","150","1","10","45",".195",".352",".298",".280",".282",".157",".322",,"87.4","20.4",40.8,25,10.2,38,"98.711167025","93.447132946",75.2,8.4,269,1145,496,1980,67.6,249,769,51.7,1023,44,872,39.9,49.9,41.6,32.7,25.7,245,32.2,32.7
"Melendez, MJ",669004,2022,23,460,534,100,58,21,3,18,131,66,24.5,12.4,".217",".393",".313","0.706","0.176",".258","62","181","3","2","57",".237",".427",".310",".336",".334",".189",".331",,"90.7","15.1",31,35,10.4,43.5,"100.595888323","94.716383713",66,7.7,372,1222,496,2196,79.3,147,709,48.9,1074,41.4,910,27.8,44.6,43.5,33.6,22.9,336,39.6,32.7
"Marisnick, Jake",545350,2022,31,77,82,18,10,6,0,2,24,4,29.3,4.9,".234",".390",".272","0.662","0.156",".314","6","30","1","2","9",".229",".382",".283",".278",".267",".154",".334",,"88.4","19.9",33.3,4,7.4,42.6,"101.038234583","94.796227234",75.6,5.6,22,160,90,288,83.3,17,102,46.9,135,46.5,134,31.9,57.6,35.2,46.3,18.5,54,38.9,27.8
"Padlo, Kevin",656821,2022,25,33,34,4,3,1,0,0,10,1,29.4,2.9,".121",".152",".147","0.299","0.031",".174","3","5","0","0","0",".160",".216",".135",".178",".185",".056",".229",,"90.8","16.4",21.7,0,0,43.5,"102.4780125","95.686507826",71,4.5,28,61,35,132,75,11,44,47,62,43.9,58,33.3,52.3,34.8,47.8,17.4,23,43.5,26.1
"Voit, Luke",572228,2022,31,500,568,113,69,22,0,22,179,55,31.5,9.7,".226",".402",".308","0.710","0.176",".298","69","201","1","1","55",".221",".455",".311",".328",".305",".234",".340",,"89.8","18.4",34.6,48,14.7,44.3,"101.411871585","94.98573844",78.1,5.6,302,1146,683,2248,72.5,218,792,45.1,1014,42.3,952,37.6,52,46.2,33.6,20.2,327,34.9,34.9
"Cave, Jake",595909,2022,29,164,177,35,20,7,3,5,49,11,27.7,6.2,".213",".384",".260","0.644","0.171",".268","20","63","0","2","17",".215",".427",".278",".296",".263",".212",".303",,"90.7","14.4",38.5,12,10.3,42.7,"99.526718814","94.448232906",73,7.5,99,376,203,710,74,64,246,47.5,337,43.1,306,35,50.7,24.8,49.6,25.6,117,36.8,39.3
"Trout, Mike",545361,2022,30,438,499,124,54,28,2,40,139,54,27.9,10.8,".283",".630",".369","0.999","0.347",".323","80","276","0","1","85",".263",".604",".418",".398",".351",".341",".384",,"91.6","24.6",37.7,59,19.7,51,"104.135929733","96.5588815",64.8,6.7,158,1387,462,2105,75.8,163,673,49.4,1039,44.1,929,30.2,43.4,40,33.7,26.3,300,25,44.7
"Knapp, Andrew",595284,2022,30,39,46,5,4,1,0,0,12,5,26.1,10.9,".128",".154",".239","0.393","0.026",".179","4","6","0","0","4",".191",".271",".195",".264",".297",".081",".274",,"86.3","17.2",32.1,0,0,25,"95.527002143","91.90289",73.2,6.3,27,110,34,176,81.7,11,60,46.6,82,43.8,77,28.1,50.6,42.9,35.7,21.4,28,53.6,17.9
"León, Sandy",506702,2022,33,71,86,12,9,3,0,0,27,13,31.4,15.1,".169",".211",".298","0.509","0.042",".273","4","15","0","0","6",".187",".240",".246",".263",".313",".052",".302",,"84.3","21.4",39.1,0,0,26.1,"94.152679545","91.268422093",57,7,71,246,59,387,80.2,21,106,48.1,186,47.3,183,25.9,38,54.3,19.6,26.1,46,30.4,19.6
"Fox, Lucius",665650,2022,24,25,28,2,2,0,0,0,9,1,32.1,3.6,".080",".080",".115","0.195","0.000",".125","2","2","0","1","2",".159",".224",".094",".187",".191",".065",".249",,"81.8","-3.5",11.1,1,5.6,33.3,"95.43933875","92.16679625",67.3,8.3,22,49,38,109,81.1,7,37,50.5,55,41.3,45,30.9,50.5,50,27.8,22.2,18,77.8,16.7
"Davis, Jaylin",664041,2022,27,24,27,8,7,1,0,0,11,3,40.7,11.1,".333",".375",".407","0.782","0.042",".615","2","9","0","0","4",".231",".272",".352",".274",".316",".041",".426",,"88.2","7.1",53.8,0,0,38.5,"99.263558571","94.163736923",66.7,6.3,18,77,24,128,55,18,40,46.9,60,41.4,53,50,42.2,23.1,61.5,15.4,13,38.5,7.7
"Castro, Willi",650489,2022,25,365,392,88,60,18,2,8,82,15,20.9,3.8,".241",".367",".284","0.651","0.126",".288","31","134","4","9","47",".255",".344",".285",".288",".299",".088",".329",,"84.8","13.9",35.5,10,3.5,31.4,"97.165751549","92.663004452",77.2,7.2,238,776,387,1440,81.4,102,547,49.2,709,43.8,631,28.5,58.2,32.1,40.4,27.5,287,42.9,24.4
"Bruján, Vidal",660644,2022,24,147,162,24,16,5,0,3,37,12,22.8,7.4,".163",".259",".228","0.487","0.096",".193","16","38","5","5","13",".190",".272",".220",".241",".257",".082",".256",,"86.1","14.2",30.4,3,2.7,27.7,"96.400896071","92.213595893",71.3,7.7,112,335,151,612,85.9,29,206,47.2,289,41.5,254,20.7,50.5,40.2,30.4,29.5,112,46.4,22.3
"Mancini, Trey",641820,2022,30,519,587,124,82,23,1,18,135,53,23,9,".239",".391",".319","0.710","0.152",".286","63","203","0","0","56",".244",".438",".312",".335",".327",".194",".331",,"89.5","12.7",39.6,38,9.8,40.4,"100.078586134","94.256654381",67.3,7.4,286,1249,698,2368,81.3,144,770,48.3,1144,42.4,1003,27.4,48.1,40.9,35.7,23.4,389,40.6,27.8
"Benintendi, Andrew",643217,2022,27,461,521,140,109,23,3,5,77,52,14.8,10,".304",".399",".373","0.772","0.095",".352","51","184","3","8","54",".273",".423",".342",".340",".348",".151",".326",,"89.2","12.6",39.2,20,5.1,38.7,"98.21078057","93.391636347",73.2,8,269,1133,458,1926,82,128,711,50.4,971,42.2,813,20.7,48.2,29,41,30,390,43.8,26.7
"Jung, Josh",673962,2022,24,98,102,20,10,4,1,5,39,4,38.2,3.9,".204",".418",".235","0.653","0.214",".278","14","41","0","2","9",".225",".415",".280",".289",".256",".190",".374",,"85.5","14.3",40.7,6,10.2,32.2,"98.305209333","93.279324746",61.9,8.1,39,201,128,394,80.4,22,112,45.9,181,44.4,175,30.8,47,47.5,33.9,18.6,59,42.4,25.4
"González, Erik",570481,2022,30,37,41,7,6,1,0,0,12,4,29.3,9.8,".189",".216",".268","0.484","0.027",".280","3","8","0","1","4",".225",".274",".227",".265",".301",".048",".334",,"84.4","-0.7",32,0,0,20,"95.166554167","91.612839167",77.5,6.3,21,103,49,176,68.1,22,69,50.6,89,41.5,73,31.3,54.5,36,36,28,25,60,8
"Castillo, Diego",660636,2022,24,262,283,54,30,13,0,11,75,14,26.5,4.9,".206",".382",".251","0.633","0.176",".239","29","100","1","1","28",".224",".405",".272",".296",".272",".182",".314",,"89.1","14.6",37.7,19,9.9,38.7,"98.736440729","93.490571675",57.1,8.4,149,558,361,1149,81.3,61,327,49.9,573,41,471,26.9,43.7,40.8,36.1,23,191,41.4,34
"Franco, Wander",677551,2022,21,314,344,87,58,20,3,6,33,26,9.6,7.6,".277",".417",".328","0.745","0.140",".290","33","131","0","8","46",".288",".429",".323",".339",".342",".142",".322",,"87.3","8.2",35.1,13,4.6,35.8,"98.428767413","93.287600772",73.1,7,306,659,219,1216,92.5,33,438,49.3,599,45.4,552,13.3,51.3,32.6,39.6,27.7,285,44.2,18.2
"Giménez, Andrés",665926,2022,23,491,557,146,100,26,3,17,112,34,20.1,6.1,".297",".466",".371","0.837","0.169",".353","69","229","3","20","66",".259",".415",".364",".332",".338",".156",".335",,"87.8","11.7",31.3,24,6.2,37.8,"99.022592","93.615976351",70.9,6.9,269,1142,544,2044,81.2,128,682,47.1,962,41.5,849,26.4,53.7,37.8,40.4,21.8,386,48.2,19.4
"Mejía, Francisco",642336,2022,26,289,299,70,42,22,0,6,65,7,21.7,2.3,".242",".381",".264","0.645","0.139",".292","31","110","0","0","32",".240",".339",".279",".263",".263",".099",".309",,"86.8","15.7",39.1,6,2.7,28,"96.324122655","92.181366356",73,6.5,211,520,307,1094,85,55,367,46,503,41.9,458,23.6,61.2,42.2,36,21.8,225,36.9,26.2
"Ramírez, José",608070,2022,29,601,685,168,90,44,5,29,82,69,12,10.1,".280",".514",".355","0.869","0.234",".279","126","309","7","20","90",".254",".427",".363",".325",".336",".173",".294",,"87.7","20.7",33.7,35,6.6,36.9,"98.871944811","93.503434175",66.4,6.3,580,1397,655,2742,90.3,82,849,46.6,1278,43.8,1202,15.3,46.3,44.7,34.8,20.5,528,32.6,28.6
"Robles, Victor",645302,2022,25,366,407,82,64,10,2,6,104,17,25.6,4.2,".224",".311",".273","0.584","0.087",".292","33","114","4","15","42",".206",".295",".260",".251",".260",".089",".289",,"84.6","15.8",29.2,9,3.2,23.8,"96.221152581","92.171514939",73.1,8.8,135,763,450,1415,81.3,100,536,51.8,733,40.1,567,27.7,53.8,40.1,36.1,23.8,277,45.8,19.9
"Farmer, Kyle",571657,2022,31,526,583,134,94,25,1,14,99,33,17,5.7,".255",".386",".315","0.701","0.131",".286","78","203","3","4","58",".257",".396",".309",".316",".319",".139",".315",,"85.5","12.7",37.7,19,4.4,33.8,"97.050252093","92.534027326",64.7,8,173,1262,606,2145,89.7,69,671,48.8,1037,43.3,922,19.4,50.3,39.1,35.4,25.5,435,45.3,23.4
"Stallings, Jacob",607732,2022,32,346,384,77,61,12,0,4,83,29,21.6,7.6,".223",".292",".292","0.584","0.069",".280","34","101","1","0","25",".221",".324",".265",".277",".292",".103",".290",,"86.7","12.9",33.5,9,3.4,32.3,"96.725527727","92.385356023",62,6.8,129,889,382,1474,87.5,56,449,49.1,724,44.4,654,22.7,43.7,28.9,38.3,32.7,266,42.9,27.4
"Bae, Ji Hwan",678225,2022,22,33,37,11,8,3,0,0,6,2,16.2,5.4,".333",".424",".405","0.829","0.091",".407","6","14","0","3","5",".250",".280",".370",".286",".331",".030",".306",,"83.2","4.4",25.9,0,0,22.2,"96.597569231","92.470736",76.2,9.2,8,89,23,120,75,12,48,52.5,63,40,48,20.3,49.2,29.6,25.9,44.4,27,59.3,11.1
"Odor, Rougned",596059,2022,28,426,472,88,53,19,3,13,109,32,23.1,6.8,".207",".357",".275","0.632","0.150",".244","53","152","1","6","49",".207",".350",".278",".280",".278",".143",".279",,"87.8","21.5",30.5,21,6.5,33.3,"98.233676795","93.245734647",72.9,5.6,304,925,443,1761,80,120,601,46.8,824,42.5,748,27.6,50.6,42.4,36.8,20.9,321,32.4,29
"Lowe, Brandon",664040,2022,27,235,266,52,32,10,2,8,61,27,22.9,10.2,".221",".383",".308","0.691","0.162",".263","25","90","0","1","31",".229",".412",".306",".319",".315",".184",".307",,"89.4","16.6",35.4,18,10.3,38.9,"99.918656897","94.284977069",77.9,6.2,208,481,273,1004,76.4,90,381,48.7,489,43.5,437,33.5,53.3,38.3,39.4,22.3,175,38.3,26.3
"Hiura, Keston",669374,2022,25,234,266,53,30,8,1,14,111,23,41.7,8.6,".226",".449",".316","0.765","0.223",".355","32","105","2","5","34",".203",".439",".334",".320",".296",".236",".386",,"91.7","16.1",41.1,19,15.3,45.2,"103.00306629","95.913755285",70.3,6.5,121,670,305,1146,67.6,126,389,48.3,553,44,504,40.1,49,37.9,41.1,21,124,36.3,33.9
"Winker, Jesse",608385,2022,28,456,547,100,71,15,0,14,103,84,18.8,15.4,".219",".344",".344","0.688","0.125",".251","53","157","0","0","51",".247",".411",".313",".346",".368",".164",".318",,"87.7","16.8",32,27,7.6,34.3,"98.674499266","93.339254492",68.1,6.8,277,1306,532,2229,85.8,107,755,49.8,1109,44.3,988,19.9,43.3,36.5,37.4,26.1,356,38.8,28.9
"Fraley, Jake",641584,2022,27,216,247,56,35,9,0,12,54,26,21.9,10.5,".259",".468",".344","0.812","0.209",".289","28","101","1","4","33",".249",".423",".352",".335",".338",".175",".332",,"85.1","13.8",33.5,12,7.3,27.6,"96.829050864","92.417868519",68.8,6.4,156,591,202,985,84.3,51,324,48.4,471,43.9,428,24.1,45.9,44.5,29.9,25.6,164,43.3,28
"Celestino, Gilberto",665482,2022,23,311,347,74,59,12,1,2,77,32,22.2,9.2,".238",".302",".313","0.615","0.064",".310","24","94","1","4","30",".222",".303",".280",".275",".300",".081",".296",,"87.3","-1.9",27.1,6,2.5,34.3,"98.33701431","93.262711767",65.7,7.9,156,821,366,1384,82.8,81,470,51.7,715,43.3,599,23.4,44.5,28.4,34.3,37.3,236,60.6,14.4
"Wynns, Austin",642851,2022,31,162,177,42,32,7,0,3,38,10,21.5,5.6,".259",".358",".313","0.671","0.099",".320","21","58","0","0","14",".217",".317",".298",".263",".273",".100",".281",,"84.1","10.4",31.7,5,4,27,"96.162621587","92.1438544",54.6,6.4,68,376,221,703,86.6,27,201,52.3,368,42.5,299,22.9,43.5,37.3,33.3,29.4,126,46.8,23
"Vosler, Jason",613564,2022,28,98,111,26,15,6,1,4,29,10,26.1,9,".265",".469",".342","0.811","0.204",".333","12","46","1","1","14",".243",".389",".349",".314",".325",".147",".343",,"84.7","15.2",41.4,3,4.3,25.7,"96.156387143","92.284307101",64.3,8.1,54,219,135,419,82.8,22,128,47.5,199,46.1,193,26.4,47,50,31.4,18.6,70,37.1,22.9
"Nola, Austin",543592,2022,32,347,397,87,68,15,0,4,60,34,15.1,8.6,".251",".329",".321","0.650","0.078",".284","40","114","1","2","40",".257",".369",".290",".312",".332",".112",".308",,"89.4","12",35.4,7,2.4,39.7,"98.960360608","93.682414983",63,7.7,174,949,367,1522,91.5,43,503,52.4,798,44.8,682,14.4,42.8,42.1,33.3,24.6,297,42.4,24.2
"Riley, Austin",663586,2022,25,615,693,168,89,39,2,38,168,57,24.2,8.2,".273",".528",".349","0.877","0.255",".315","93","325","0","2","90",".271",".558",".377",".385",".348",".287",".371",,"92.5","12.9",37.7,71,15.7,50.8,"104.398300222","96.785171533",75.3,7.1,302,1481,746,2641,81.3,176,942,47.4,1251,41.5,1096,27.6,51.5,39.2,36.4,24.4,451,39,28.8
"Jiménez, Eloy",650391,2022,25,292,327,86,58,12,0,16,72,28,22,8.6,".295",".500",".358","0.858","0.205",".337","54","146","0","0","40",".264",".534",".370",".370",".333",".271",".348",,"92.8","7.4",31.7,33,14.7,54.9,"103.54562625","96.686543438",71.7,7,128,618,373,1178,77.5,85,378,44.7,527,40.2,473,30.3,49.8,30.4,45.1,24.6,224,50,25.4
"Taveras, Leody",665750,2022,23,314,341,82,61,14,2,5,88,21,25.8,6.2,".261",".366",".309","0.675","0.105",".344","34","115","5","11","39",".226",".325",".297",".269",".277",".099",".311",,"89.3","12",28.7,10,4.3,36.1,"99.307027387","93.803918054",68.1,7,242,649,325,1274,82,76,417,48,612,43.5,554,28.5,49.2,34.3,39.1,26.5,230,44.8,22.6
"Naylor, Josh",647304,2022,25,449,498,115,67,28,0,20,80,38,16.1,7.6,".256",".452",".319","0.771","0.196",".268","79","203","1","6","47",".254",".441",".331",".329",".320",".187",".309",,"89.4","10.3",28.9,32,8.6,42.8,"101.054916237","94.744173602",72.8,6.8,275,905,494,1768,87.1,75,583,45.3,801,42.1,745,19.5,51,42,37.2,20.9,374,49.5,22.5
"García, Avisaíl",541645,2022,31,357,380,80,63,9,0,8,109,17,28.7,4.5,".224",".317",".266","0.583","0.093",".298","35","113","0","4","31",".231",".379",".258",".286",".273",".148",".332",,"88.7","2.8",27.6,16,6.4,44.8,"101.460367339","95.003346734",82.1,7.2,113,715,476,1367,78.4,107,495,44.1,603,42.9,587,36.7,59,31.2,42.4,26.4,250,56,22
"Delay, Jason",641511,2022,27,155,167,33,26,6,0,1,50,9,29.9,5.4,".213",".271",".265","0.536","0.058",".308","11","42","2","0","17",".199",".253",".243",".230",".252",".055",".293",,"84.9","15.7",31.1,2,1.9,28.3,"95.000275094","91.571062286",74.6,8,63,391,167,653,76.6,61,261,53.6,350,45.5,297,31.2,54.5,39.6,39.6,20.8,106,41.5,22.6
"Nootbaar, Lars",663457,2022,24,290,347,66,33,16,3,14,71,51,20.5,14.7,".228",".448",".340","0.788","0.220",".248","40","130","1","4","53",".246",".432",".342",".352",".359",".186",".324",,"91.7","10.7",30.4,27,12.1,46,"101.790400273","95.340542192",58.6,7.3,243,788,305,1389,80.7,76,393,48.3,671,44.1,613,23.9,39.2,43.8,34.4,21.9,224,46,25
"Upton, Justin",457708,2022,34,48,57,6,4,1,0,1,23,6,40.4,10.5,".125",".208",".263","0.471","0.083",".208","3","10","0","0","2",".155",".222",".231",".248",".291",".067",".304",,"88.5","26.5",36,1,4,32,"99.128878333","93.64988375",65.5,4.8,26,140,49,229,71.1,22,76,50.7,116,46.3,106,37.5,45.4,48,36,16,25,32,32
"Brantley, Michael",488726,2022,35,243,277,70,50,14,1,5,30,31,10.8,11.2,".288",".416",".370","0.786","0.128",".311","26","101","1","1","28",".304",".477",".345",".374",".385",".173",".347",,"89.8","10.7",39.5,13,6,45.1,"99.739801321","94.323002844",62.3,8.1,167,617,201,1006,91.1,27,303,48.3,486,42.7,430,12.7,41.5,37.2,41.9,20.9,215,44.2,22.8
"Altuve, Jose",514888,2022,32,527,604,158,91,39,0,28,87,66,14.4,10.9,".300",".533",".387","0.920","0.233",".315","57","281","1","18","103",".268",".452",".397",".356",".361",".185",".321",,"85.9","16.1",35.4,34,7.7,29.7,"97.300246419","92.671072541",64,7.9,307,1204,666,2308,89.1,71,653,44.2,1020,39.2,905,16.3,44.3,46.9,36.3,16.8,441,41,25.6
"Encarnacion, Jerar",666464,2022,24,77,81,14,8,3,0,3,32,3,39.5,3.7,".182",".338",".210","0.548","0.156",".256","14","26","0","2","7",".180",".302",".236",".231",".216",".122",".316",,"90.5","8",30.4,3,6.5,41.3,"100.049450435","94.552698043",76.2,7.4,37,212,69,339,66.4,44,131,50.7,172,41.9,142,42.7,54.6,37,34.8,28.3,46,50,26.1
"Tapia, Raimel",606132,2022,28,411,433,109,79,20,3,7,81,16,18.7,3.7,".265",".380",".292","0.672","0.115",".315","52","156","2","8","47",".256",".376",".293",".288",".283",".120",".318",,"87.6","4",27.5,17,5.1,38,"99.701438303","93.926071212",70.3,6.8,251,927,346,1578,86,73,522,47.1,743,44.2,698,21.5,55.4,30.8,39.8,29.3,334,54.2,18
"Suwinski, Jack",669261,2022,23,326,372,66,36,11,0,19,114,41,30.6,11,".202",".411",".298","0.709","0.209",".242","38","134","2","4","45",".206",".416",".311",".313",".302",".210",".316",,"88.3","14.3",26.3,26,12.2,40.4,"100.221227453","94.334188302",61.1,7.1,224,842,458,1572,79.6,100,490,51,802,44.2,695,30.6,43.2,43.7,34.7,21.6,213,43.2,31.9
"Perez, Salvador",521692,2022,32,445,473,113,66,23,1,23,109,18,23,3.8,".254",".465",".292","0.757","0.211",".285","76","207","0","0","48",".239",".481",".324",".324",".280",".242",".316",,"91.4","17.8",34.8,38,11.2,49,"101.468749294","95.293979056",77.1,5.2,184,878,527,1700,77.8,122,549,41.9,712,39.2,666,31.8,57.4,42.2,35.1,22.7,339,36.9,34.2
"Matijevic, J.J.",656695,2022,26,67,71,14,10,2,0,2,25,2,35.2,2.8,".209",".328",".254","0.582","0.119",".300","5","22","0","1","7",".218",".350",".258",".269",".262",".132",".348",,"88.8","8.9",33.3,1,2.4,42.9,"99.865977143","94.197589762",69.3,7.3,48,125,74,274,79.5,18,88,46.4,127,44.5,122,37.3,51.8,33.3,38.1,28.6,42,57.1,19
"Lopez, Alejo",664670,2022,26,145,156,38,31,5,1,1,21,9,13.5,5.8,".262",".331",".314","0.645","0.069",".301","10","48","1","3","15",".251",".337",".286",".284",".305",".086",".295",,"83.8","9.3",37.9,1,0.8,20.2,"94.42221","91.277312397",72.4,9.1,89,350,122,571,88.8,23,205,49.6,283,43.4,248,16.3,50.6,35.5,34.7,29.8,124,47.6,18.5
"Báez, Javier",595879,2022,29,555,590,132,84,27,4,17,147,26,24.9,4.4,".238",".393",".278","0.671","0.155",".292","67","218","2","9","64",".225",".387",".291",".285",".267",".162",".306",,"87.9","9.6",29.7,33,8,38,"99.689131182","93.890376232",67.9,6.6,263,954,719,2092,77.7,129,579,40.8,853,39.8,833,35.8,55.8,39.9,34.8,25.3,411,50.6,22.9
"Paredes, Isaac",670623,2022,23,331,381,68,32,16,0,20,67,44,17.6,11.5,".205",".435",".304","0.739","0.230",".195","45","144","1","0","48",".210",".362",".323",".301",".310",".152",".263",,"87.4","15.8",27.4,17,6.4,38.7,"98.355538496","93.255665472",60.7,7.4,149,894,446,1617,89,52,472,48.1,777,42.9,693,16.5,39.8,49.2,31.6,19.2,266,42.1,28.2
"Madrigal, Nick",663611,2022,25,209,228,52,45,7,0,0,27,14,11.8,6.1,".249",".282",".305","0.587","0.033",".286","7","59","1","3","19",".257",".314",".267",".284",".314",".057",".296",,"85.9","-0.2",26.6,0,0,24.6,"94.969870795","91.48588483",59.7,7.3,66,553,209,871,93.8,16,259,50.9,434,45.2,385,10.3,44.5,26.1,45.1,28.8,184,62.5,9.8
"d'Arnaud, Travis",518595,2022,33,396,426,106,62,25,1,18,90,19,21.1,4.5,".268",".472",".319","0.791","0.204",".306","60","187","0","0","61",".245",".429",".343",".316",".298",".185",".317",,"88.5","11.8",35,26,8.5,38.9,"99.567378882","93.920566898",70.1,8.5,149,932,460,1633,79.5,117,571,49.8,814,44.2,722,26.9,52.8,38.9,35.6,25.5,306,45.4,25.2
"Castro, Rodolfo",666801,2022,23,253,277,59,36,8,4,11,74,22,26.7,7.9,".233",".427",".296","0.723","0.194",".284","27","108","3","5","25",".214",".375",".314",".288",".279",".161",".302",,"87.3","11.7",25.6,12,6.7,35,"99.31755","93.717343409",67.7,7,203,499,305,1047,75.9,85,352,49.7,520,43.7,458,32.8,47.5,38.9,36.7,24.4,180,51.1,24.4
"Díaz, Yandy",650490,2022,30,473,558,140,98,33,0,9,60,78,10.8,14,".296",".423",".401","0.824","0.127",".323","57","200","3","3","71",".284",".432",".366",".365",".392",".148",".325",,"92.2","7.7",30.7,20,4.8,49,"103.107838195","96.208559878",63.6,8.2,204,1324,478,2157,90.4,65,677,49.3,1064,42.2,910,14.3,41.3,29,37.9,33.1,414,50,19.6
"Hall, Darick",669742,2022,26,136,142,34,16,8,1,9,44,5,31,3.5,".250",".522",".282","0.804","0.272",".301","16","71","0","0","19",".227",".476",".343",".313",".260",".249",".336",,"91.4","18.6",37,16,17.4,44.6,"101.637107174","95.146168043",72.2,5.5,48,321,162,543,77.7,44,197,50.3,273,43.5,236,33.7,52.5,40.2,37,22.8,92,34.8,35.9
"Gallo, Joey",608336,2022,28,350,410,56,27,8,2,19,163,56,39.8,13.7,".160",".357",".280","0.637","0.197",".219","47","125","0","3","48",".168",".398",".286",".302",".287",".230",".313",,"89.6","23.8",29.3,33,17.6,50.5,"103.219150538","95.983145645",70.1,7.5,317,916,389,1725,68.8,176,565,46.7,806,44.3,765,40.6,47.4,48.4,34,17.6,188,28.2,39.4
"Taylor, Michael A.",572191,2022,31,414,456,105,83,10,3,9,109,35,23.9,7.7,".254",".357",".313","0.670","0.103",".321","43","148","2","4","49",".225",".372",".297",".294",".289",".147",".306",,"86.3","12.1",33.5,21,6.8,32.9,"98.005175695","93.019305249",73.1,7.5,164,977,472,1717,81.3,113,605,48.2,828,43.2,741,29.3,51.5,36.5,37.7,25.8,310,42.3,28.1
"Flores, Wilmer",527038,2022,30,525,602,120,72,28,1,19,103,59,17.1,9.8,".229",".394",".316","0.710","0.165",".246","71","207","0","0","72",".231",".381",".312",".312",".320",".151",".286",,"87.8","20.7",35.7,27,6.3,35.4,"97.672013814","92.963528089",66.5,6.9,254,1369,662,2426,87.6,95,768,47.6,1155,42,1019,18.9,45.6,46.6,32.2,21.2,429,34.7,31.5
"Zunino, Mike",572287,2022,31,115,123,17,9,3,0,5,46,6,37.4,4.9,".148",".304",".195","0.499","0.156",".185","16","35","0","0","7",".182",".344",".219",".256",".231",".163",".307",,"91.8","20.8",34.3,6,8.6,41.4,"101.818613429","95.463730286",67.3,7.1,47,286,131,482,74,39,150,46.3,223,42.3,204,40.2,51,42.9,30,27.1,70,28.6,37.1
"Schrock, Max",621011,2022,27,26,27,4,4,0,0,0,6,1,22.2,3.7,".154",".154",".185","0.339","0.000",".200","1","4","0","0","1",".186",".237",".156",".202",".216",".051",".242",,"82.8","19.4",25,0,0,25,"94.127482","91.096783",69.8,10.3,11,42,32,87,90,3,30,49.4,43,48.3,42,20.8,60.9,15,40,45,20,40,15
"Henry, Payton",668721,2022,25,28,35,4,4,0,0,0,8,5,22.9,14.3,".143",".143",".314","0.457","0.000",".200","4","4","0","0","2",".193",".212",".241",".283",".355",".019",".271",,"79.5","-7.4",15,0,0,10,"90.405935","90.147309",65.7,5.3,12,86,35,133,73.9,12,46,52.6,70,36.1,48,28.3,45.1,15,50,35,20,75,5
"Adrianza, Ehire",501303,2022,32,97,110,17,14,3,0,0,25,11,22.7,10,".175",".206",".264","0.470","0.031",".233","7","20","0","1","8",".224",".293",".222",".276",".308",".069",".300",,"84.6","12.6",30.1,1,1.4,21.9,"94.938734722","91.55813831",62.5,8.5,75,222,107,422,85.2,20,135,51.2,216,43.4,183,22.2,44.8,43.8,38.4,17.8,73,50.7,17.8
"Freeman, Tyler",671289,2022,23,77,86,19,16,3,0,0,11,4,12.8,4.7,".247",".286",".314","0.600","0.039",".284","3","22","0","1","9",".228",".297",".274",".275",".302",".069",".267",,"85.9","10.3",28.4,1,1.5,26.9,"96.960101818","92.566031846",70.7,8.2,29,198,92,341,88.3,13,111,46,157,41.9,143,18.5,50.7,20.9,38.8,40.3,67,52.2,17.9
"Eaton, Nate",681987,2022,25,106,122,28,20,4,3,1,30,10,24.6,8.2,".264",".387",".331","0.718","0.123",".346","12","41","1","11","16",".236",".373",".313",".305",".310",".136",".323",,"85.8","13.6",43.8,4,5,27.5,"96.58405675","92.346357848",73,6.7,39,317,96,479,83.3,27,162,46.3,222,43.8,210,24.7,49.1,28.7,42.5,28.7,80,35,27.5
"Carpenter, Kerry",681481,2022,24,103,113,26,15,4,1,6,32,6,28.3,5.3,".252",".485",".310","0.795","0.233",".303","10","50","0","0","16",".212",".420",".342",".301",".275",".208",".306",,"87.2","14.5",37.5,8,11.1,36.1,"97.789840556","92.926224583",71.4,8.8,65,209,136,432,81.5,29,157,50.9,220,39.8,172,27.8,52.5,44.4,31.9,23.6,72,40.3,30.6
"Rodríguez, Julio",677594,2022,21,511,560,145,89,25,3,28,145,40,25.9,7.1,".284",".509",".345","0.854","0.225",".345","75","260","7","25","84",".252",".478",".366",".342",".317",".226",".354",,"92","10.1",32.7,48,13.1,50.7,"103.718795769","96.379006446",70.5,6.4,233,1058,619,2084,80.1,132,663,45.1,940,44,916,30.4,50.2,39.2,37.6,23.2,367,46.3,24
"Sosa, Lenyn",672820,2022,22,35,36,4,2,1,0,1,12,1,33.3,2.8,".114",".229",".139","0.368","0.115",".136","1","8","0","0","3",".182",".327",".161",".231",".205",".146",".277",,"86.6","5.7",30.4,2,8.7,26.1,"96.251788333","92.446245217",68.5,8.8,12,84,26,136,84,8,50,53.7,73,42.6,58,26.8,60.3,26.1,52.2,21.7,23,56.5,30.4
"Walker, Christian",572233,2022,31,583,667,141,78,25,2,36,131,69,19.6,10.3,".242",".477",".327","0.804","0.235",".248","94","278","2","2","84",".256",".497",".346",".362",".343",".241",".330",,"90","17",33.3,53,11.5,44,"101.466371179","95.00141326",67.9,7.8,265,1377,757,2543,84.4,130,832,48.2,1225,42.5,1080,24.6,44.7,38.8,37,24.2,459,39.2,30.9
"DeLuzio, Ben",641512,2022,27,20,25,3,2,1,0,0,5,3,20,12,".150",".200",".292","0.492","0.050",".200","0","4","1","0","3",".266",".303",".242",".326",".389",".037",".355",,"72.8","12.8",37.5,0,0,12.5,"84.559385","89.671839333",74.4,6.2,9,51,28,97,75,8,32,44.3,43,36.1,35,28.6,50.5,31.3,37.5,31.3,16,37.5,12.5
"Frazier, Clint",640449,2022,27,37,45,8,5,3,0,0,11,7,24.4,15.6,".216",".297",".356","0.653","0.081",".308","1","11","0","1","4",".209",".300",".305",".304",".349",".091",".297",,"85.9","18",23.1,1,3.8,30.8,"97.710853846","93.178426",67.9,8.9,33,91,42,168,84.2,9,57,50,84,38.1,64,27.5,41.1,53.8,30.8,15.4,26,50,19.2
"Quinn, Roman",596451,2022,29,79,87,17,12,3,2,0,36,7,41.4,8,".215",".304",".287","0.591","0.089",".395","7","24","3","4","15",".194",".278",".266",".250",".268",".084",".356",,"91.3","23.3",30.2,2,4.7,41.9,"101.843556842","95.652174595",68.2,8.1,47,212,76,347,73.8,32,122,51.6,179,44.7,155,35.2,46.7,53.5,25.6,20.9,43,30.2,34.9
"Díaz, Aledmys",649557,2022,31,305,327,74,49,13,0,12,53,18,16.2,5.5,".243",".403",".287","0.690","0.160",".256","38","123","1","1","35",".260",".405",".301",".310",".304",".145",".313",,"86.6","12.4",30.3,16,6.3,36.8,"99.127629206","93.589932143",74.2,7.5,138,612,367,1178,83.7,67,412,47.3,555,41.7,489,22.7,52.4,45.3,33.5,21.3,254,39.8,24.4
"Solano, Donovan",456781,2022,34,278,304,79,59,16,0,4,61,19,20.1,6.3,".284",".385",".339","0.724","0.101",".349","24","107","0","0","22",".263",".406",".319",".317",".321",".143",".336",,"88.3","10.7",36.1,13,5.9,41.2,"98.956029815","93.601690602",66.5,7.7,92,688,305,1189,88,48,399,51.1,600,41.7,490,20.9,49.5,34.2,38.4,27.4,219,45.2,23.3
"Hoskins, Rhys",656555,2022,29,589,672,145,80,33,2,30,169,72,25.1,10.7,".246",".462",".332","0.794","0.216",".292","79","272","1","2","81",".238",".465",".345",".342",".326",".227",".332",,"90.1","18.1",37.3,47,11.1,44.3,"100.842284953","94.804616643",60.7,6.9,269,1665,826,2897,82.8,151,876,49.8,1442,44,1274,25.7,41.9,45,32.3,22.6,424,36.3,33
"Barrera, Tres",668663,2022,27,50,53,9,8,1,0,0,16,2,30.2,3.8,".180",".200",".212","0.412","0.020",".265","4","10","0","0","2",".169",".228",".187",".192",".201",".059",".248",,"81.8","21.4",31.4,0,0,14.3,"91.985822941","90.149646176",67,4.1,24,119,43,194,88.1,8,67,51.5,100,49,95,24,53.6,34.3,40,25.7,35,37.1,28.6
"Zavala, Seby",664874,2022,28,178,205,48,32,14,0,2,64,19,31.2,9.3,".270",".382",".347","0.729","0.112",".404","21","68","0","0","22",".209",".346",".323",".290",".296",".137",".326",,"88.8","22.7",41.2,11,9.2,37,"98.11221069","93.374340172",77.3,8.1,76,504,247,875,73.4,86,323,47.8,418,42.6,373,37.6,53.5,39.5,30.3,30.3,119,29.4,33.6
"Moore, Dylan",664238,2022,29,205,255,46,27,11,2,6,75,34,29.4,13.3,".224",".385",".368","0.753","0.161",".320","24","79","8","21","41",".199",".377",".338",".327",".348",".178",".313",,"87.2","20.7",39.4,17,12.9,36.4,"98.982847692","93.508799615",59.2,7.4,119,625,287,1133,77,76,330,49.2,557,41.8,474,27.9,38.7,38.6,37.1,24.2,132,32.6,32.6
"Campusano, Luis",669134,2022,23,48,50,12,10,1,0,1,11,1,22,2,".250",".333",".260","0.593","0.083",".297","5","16","0","0","4",".225",".356",".257",".255",".236",".131",".284",,"87.7","16.4",26.3,2,5.3,36.8,"99.761276842","93.942856579",77,7.5,7,81,62,161,80.7,11,57,46,74,45.3,73,31.7,62.7,26.3,44.7,28.9,38,44.7,28.9
"Cooper, Garrett",643265,2022,31,414,469,108,64,33,2,9,119,40,25.4,8.5,".261",".415",".337","0.752","0.154",".340","50","172","0","0","37",".258",".454",".330",".345",".336",".197",".359",,"89.6","8.8",39,32,10.7,43.7,"101.295185","94.99247689",61,7,127,1122,502,1861,83.2,93,553,48.7,906,41.1,764,25.1,45.2,33.3,39.7,27,300,45.3,25
"O'Hearn, Ryan",656811,2022,28,134,145,32,24,6,1,1,35,8,24.1,5.5,".239",".321",".290","0.611","0.082",".313","16","43","0","0","14",".274",".450",".272",".336",".324",".176",".371",,"92.1","13.4",38,7,7,48,"102.062682041","95.76288949",67.9,9.5,86,271,155,547,87.2,24,188,50.6,277,39.5,216,24.1,49.4,43,30,27,100,46,21
"Torkelson, Spencer",679529,2022,22,360,404,73,48,16,1,8,99,37,24.5,9.2,".203",".319",".285","0.604","0.116",".255","28","115","1","0","38",".221",".391",".272",".306",".303",".170",".306",,"90.5","15",35.4,22,8.4,41.8,"100.743731756","94.657766412",67,8.8,172,870,478,1609,82.1,97,541,50.2,807,43,692,25.6,45.9,39.2,34.2,26.6,263,40.7,25.9
"Mercedes, Yermín",606213,2022,29,73,83,17,11,5,0,1,17,9,20.5,10.8,".233",".342",".325","0.667","0.109",".291","8","25","0","0","9",".253",".419",".301",".335",".343",".166",".329",,"87.5","25.3",42.9,4,7.1,28.6,"97.540917857","92.781276429",67.9,6.2,38,205,94,353,80.6,21,108,45,159,41.6,147,23.3,49.9,32.1,39.3,28.6,56,26.8,33.9
"Lewis, Royce",668904,2022,23,40,41,12,6,4,0,2,5,1,12.2,2.4,".300",".550",".317","0.867","0.250",".303","5","22","0","0","5",".265",".448",".370",".314",".283",".183",".303",,"90.7","19.4",31.4,2,5.7,40,"100.747413889","94.780763714",74.7,7.8,5,75,57,141,83.9,9,56,53.2,75,41.1,58,16.2,52.5,48.6,40,11.4,35,34.3,34.3
"Montero, Elehuris",660707,2022,23,176,185,41,19,15,1,6,60,8,32.4,4.3,".233",".432",".270","0.702","0.199",".318","20","76","0","0","21",".209",".342",".303",".258",".247",".133",".317",,"89.8","13.2",34.5,10,8.6,39.7,"100.524698276","94.381819741",70,9.5,82,315,236,674,78.3,49,226,47.9,323,37.2,251,35.5,52.2,37.9,47.4,14.7,116,36.2,28.4
"Wendle, Joey",621563,2022,32,347,371,90,62,24,1,3,50,15,13.5,4,".259",".360",".297","0.657","0.101",".293","32","125","3","12","27",".250",".344",".289",".280",".289",".094",".290",,"87.5","3",27.9,5,1.7,36.2,"98.002213624","93.083673569",66.6,7.3,144,739,338,1281,89.9,43,427,50,641,42.2,541,16.7,53.2,31.6,37.2,31.2,301,55.1,19.3
"Alberto, Hanser",593643,2022,29,156,159,38,25,9,2,2,25,3,15.7,1.9,".244",".365",".258","0.623","0.121",".279","15","57","1","0","13",".216",".316",".270",".239",".231",".100",".258",,"82.9","10.8",30.5,2,1.5,18.3,"93.791635156","91.008477165",76.4,5.8,80,258,167,521,80.9,37,194,48.8,254,44,229,26.2,61.6,42,34.4,23.7,131,50.4,26
"Chang, Yu",644374,2022,26,168,190,35,25,6,0,4,59,16,31.1,8.4,".208",".315",".289","0.604","0.107",".290","15","53","1","0","19",".207",".364",".273",".288",".289",".156",".314",,"88.8","14.3",35.1,10,9,36.9,"99.67517875","93.930700901",67.6,8,82,424,215,762,81,48,252,49,373,45.5,347,29.3,47.5,39.6,39.6,20.7,111,41.4,28.8
"Rojas, Jose",670351,2022,29,56,57,7,5,2,0,0,19,0,33.3,0,".125",".161",".140","0.301","0.036",".189","1","9","0","0","1",".165",".239",".134",".183",".180",".074",".252",,"84.8","27.9",21.6,1,2.7,32.4,"96.317041667","92.241079444",70.4,6.1,36,127,51,228,77.3,20,88,54.8,125,48.2,110,26,57.5,40.5,32.4,27,37,32.4,16.2
"Buxton, Byron",621439,2022,28,340,382,76,32,13,3,28,116,34,30.4,8.9,".224",".526",".306","0.832","0.302",".244","51","179","0","6","61",".240",".521",".356",".359",".321",".281",".362",,"92.9","21.4",34.2,37,16.4,50.2,"103.777473894","96.593327289",66.2,8.2,189,859,401,1529,75,128,513,50.7,775,41.5,635,34.1,46.8,54.2,27.6,18.2,225,30.7,36
"García Jr., Luis",671277,2022,22,360,377,99,67,23,2,7,84,11,22.3,2.9,".275",".408",".295","0.703","0.133",".337","45","147","4","3","29",".256",".416",".303",".305",".282",".160",".336",,"87.3","5.5",37.4,21,7.5,36.7,"98.963627429","93.569820789",67.6,6.4,319,539,415,1323,80.9,81,425,47.5,629,41.4,548,27.1,53.5,34.5,38.8,26.7,281,52.7,20.3
"Fortes, Nick",663743,2022,25,217,240,50,34,6,1,9,45,18,18.8,7.5,".230",".392",".304","0.696","0.162",".252","24","85","3","5","41",".249",".418",".308",".325",".321",".169",".314",,"89.3","15.4",30.2,12,7,37.8,"99.460571882","93.908283529",64.7,8.5,84,516,219,850,85.6,39,271,49.3,419,42.4,360,22.9,44.7,40.7,33.1,26.2,172,39.5,29.1
"Espinal, Santiago",669289,2022,27,449,491,120,88,25,0,7,68,36,13.8,7.3,".267",".370",".322","0.692","0.103",".300","51","166","6","6","51",".260",".354",".305",".298",".317",".094",".305",,"86.1","14.1",33.8,13,3.4,31.7,"96.814213298","92.407779843",67.1,7.8,182,1101,513,1912,89,70,634,49.4,945,42.3,808,15.6,46.1,37.7,39,23.4,385,43.6,19.2
"Moniak, Mickey",666160,2022,24,106,112,18,11,3,1,3,44,4,39.3,3.6,".170",".302",".207","0.509","0.132",".254","8","32","0","1","13",".156",".267",".223",".205",".194",".111",".267",,"84.9","19.1",22.2,5,7.9,31.7,"98.719537419","93.466598689",73.8,6.1,76,198,119,412,76.8,32,138,45.4,187,47.6,196,37.9,58.3,49.2,23.8,27,63,38.1,30.2
"Story, Trevor",596115,2022,29,357,396,85,47,22,0,16,122,32,30.8,8.1,".238",".434",".303","0.737","0.196",".309","66","155","0","13","53",".220",".416",".316",".306",".289",".196",".333",,"88.9","17.8",36,27,11.3,40.6,"100.613635333","94.400984812",69,6.8,122,947,419,1575,78.5,109,506,46.5,733,45.7,720,30.8,49.8,38.5,36.4,25.1,239,35.1,28.9
"Marsh, Brandon",669016,2022,24,424,461,104,71,18,4,11,158,28,34.3,6.1,".245",".384",".295","0.679","0.139",".360","52","163","4","10","49",".227",".387",".296",".292",".280",".160",".361",,"89.2","10.9",40.8,20,7.4,38.2,"99.629003534","94.108601774",64.7,7.5,238,979,520,1807,78,126,573,49,886,43.1,779,29.2,47.9,30.1,43.8,26.1,272,43.4,27.9
"Soto, Juan",665742,2022,23,524,664,127,73,25,2,27,96,135,14.5,20.3,".242",".452",".401","0.853","0.210",".249","62","237","2","6","93",".263",".516",".376",".403",".418",".253",".322",,"91","9.1",28.5,53,12.4,47.4,"102.236934112","95.653888852",56.3,6.7,499,1486,691,2765,86.2,100,727,46.7,1291,41.3,1141,19.4,35.5,33.6,42.1,24.3,428,47.4,27.1
"Duffy, Matt",622110,2022,31,228,247,57,47,8,0,2,50,17,20.2,6.9,".250",".311",".308","0.619","0.061",".313","16","71","0","0","14",".236",".349",".279",".286",".295",".112",".303",,"87.1","9.9",38.8,5,2.8,25.8,"96.07908618","92.086828814",64.3,7,104,542,230,934,88.2,37,313,52.1,487,45.2,422,21.8,45.7,24.7,39.9,35.4,178,46.1,25.8
"Arozarena, Randy",668227,2022,27,586,645,154,90,41,3,20,156,46,24.2,7.1,".263",".445",".327","0.772","0.182",".325","89","261","12","32","72",".228",".386",".336",".299",".296",".158",".309",,"89.9","8.8",28.2,34,7.9,41,"101.17822","94.772195116",64,6.8,282,1316,769,2527,78.5,159,741,45.8,1157,42.4,1072,28.7,46.1,32.4,44.2,23.4,432,50.2,19.7
"García, Leury",544725,2022,31,300,315,63,52,8,0,3,65,7,20.6,2.2,".210",".267",".233","0.500","0.057",".255","20","80","0","2","38",".235",".340",".221",".264",".260",".104",".300",,"87","6.2",30,10,4.2,35.6,"97.781782479","92.939701197",75.9,8.7,182,629,296,1155,82.6,78,447,51.2,589,42.7,492,24.4,56.4,33.3,39.6,27.1,240,53.3,21.7
"Soto, Livan",670869,2022,22,55,59,22,15,5,1,1,13,2,22,3.4,".400",".582",".414","0.996","0.182",".500","9","32","1","1","9",".278",".332",".424",".284",".302",".054",".362",,"83.8","19.8",40.9,0,0,15.9,"92.851194286","90.623598049",73.5,4.9,14,127,71,223,91.9,7,86,52.5,117,39.9,89,16.8,50.7,52.3,29.5,18.2,44,34.1,29.5
"Rizzo, Anthony",519203,2022,32,465,548,104,50,21,1,32,101,58,18.4,10.6,".224",".480",".338","0.818","0.256",".216","75","223","5","6","77",".236",".470",".352",".352",".348",".234",".299",,"89.4","19.3",33.9,40,10.9,40.8,"99.612268626","94.102554011",64.1,7.5,383,1150,453,2112,85.1,96,645,47.7,1006,42.3,892,22.8,46.1,45.9,30.9,23.2,366,33.3,35
"Verdugo, Alex",657077,2022,26,593,644,166,115,39,1,11,86,42,13.4,6.5,".280",".405",".328","0.733","0.125",".309","74","240","3","1","75",".275",".443",".319",".332",".325",".168",".320",,"89.1","8.4",37.8,31,6,38.2,"99.112574241","93.706486823",64,7.7,427,1430,530,2490,90.4,80,830,52,1296,44.3,1102,15.5,45.3,30.4,41.5,28.1,513,46.2,23
"Pasquantino, Vinnie",686469,2022,24,258,298,76,56,10,0,10,34,35,11.4,11.7,".295",".450",".383","0.833","0.155",".306","26","116","0","1","25",".289",".495",".365",".379",".379",".206",".332",,"91.2","12.1",34.1,20,8.8,46.9,"101.197336607","95.08140192",68,7.4,206,558,227,1039,91,30,332,47,488,42.2,438,15.3,46,39.8,38.5,21.7,226,40.7,25.2
"Guillorme, Luis",641645,2022,27,297,335,81,66,12,1,2,46,34,13.7,10.1,".273",".340",".351","0.691","0.067",".317","17","101","0","1","33",".254",".344",".311",".304",".335",".090",".301",,"86.2","4.3",35.6,6,2.4,24.9,"95.53920878","91.784068496",57.4,8.4,138,904,273,1373,91,38,421,53.4,733,42.9,589,13.5,40.6,28.1,43.1,28.9,253,56.9,14.6
"Swanson, Dansby",621020,2022,28,640,696,177,119,32,1,25,182,49,26.1,7,".277",".447",".329","0.776","0.170",".348","96","286","7","18","99",".256",".479",".337",".342",".312",".223",".358",,"90.2","15.7",37,50,10.8,46.3,"100.839209567","94.810341952",72.4,8.1,287,1500,803,2751,76.2,237,997,50.1,1378,44.1,1212,30.7,49.4,38.7,36.4,24.9,462,38.3,29.4
"Walls, Taylor",670764,2022,25,407,466,70,42,18,2,8,120,52,25.8,11.2,".172",".285",".268","0.553","0.113",".221","33","116","3","10","53",".194",".317",".252",".274",".287",".124",".274",,"86.3","16.6",32.6,18,6.2,28.5,"96.121545455","92.072558077",64.9,7.8,351,1117,348,1888,79.8,127,630,51.4,971,44,830,25.5,43,33.7,36.1,30.2,291,37.8,26.8
"Heredia, Guillermo",628338,2022,31,76,82,12,5,3,1,3,32,6,39,7.3,".158",".342",".220","0.562","0.184",".220","8","26","0","0","12",".157",".305",".246",".231",".218",".148",".270",,"86","14.6",38.6,5,11.4,31.8,"97.683478636","92.851456136",79.1,5.2,47,173,119,347,72.1,36,129,47,163,43.5,151,36.3,54.8,47.7,34.1,18.2,44,36.4,29.5
"Miller, Brad",543543,2022,32,222,241,47,37,3,0,7,70,18,29,7.5,".212",".320",".270","0.590","0.108",".274","32","71","2","4","20",".203",".348",".263",".269",".262",".145",".296",,"91.1","14.1",27.5,12,7.8,39.9,"100.033437368","94.372039868",71.7,7.2,150,496,249,914,73.1,87,324,49.5,452,44.5,407,36.3,50.7,30.7,38.6,30.7,153,42.5,28.1
"Longoria, Evan",446334,2022,36,266,298,65,38,13,0,14,83,27,27.9,9.1,".244",".451",".315","0.766","0.207",".297","42","120","0","0","31",".233",".461",".330",".330",".308",".228",".338",,"91.1","18.2",33.3,23,12.4,46.8,"101.592486559","95.291511667",62.7,7.2,159,664,313,1187,77.7,83,372,50,593,44,522,29.4,44.4,43,32.8,24.2,186,37.1,29
"Machín, Vimael",605353,2022,28,223,253,49,36,12,0,1,47,25,18.6,9.9,".220",".287",".300","0.587","0.067",".270","13","64","1","1","26",".243",".363",".268",".307",".324",".120",".307",,"89.3","10.2",36.3,7,3.9,39.1,"98.588009667","93.53259419",65.5,7.6,151,572,232,1002,89.5,32,306,46.6,467,40.4,405,17.9,44.7,29.6,40.2,30.2,179,44.7,27.4
"Huff, Sam",669087,2022,24,121,132,29,21,4,0,4,42,11,31.8,8.3,".240",".372",".303","0.675","0.132",".333","10","45","0","1","9",".224",".395",".296",".296",".289",".171",".343",,"88.9","9.7",35.4,8,10.1,36.7,"99.99883625","94.152076329",75.8,7,50,249,155,501,72.7,47,172,45.3,227,40.7,204,39,53.3,48.1,30.4,21.5,79,44.3,24.1
"Pérez, Michael",605421,2022,29,121,132,18,12,0,0,6,32,10,24.2,7.6,".149",".298",".214","0.512","0.149",".145","14","36","0","1","10",".201",".363",".228",".274",".262",".162",".273",,"88.8","18.3",35.6,7,7.8,36.7,"98.192780667","93.304814719",59.7,10.4,73,271,126,492,81.5,28,151,51.4,253,44.5,219,28.4,44.3,45.6,30,24.4,90,35.6,33.3
"Hernandez, Elier",609274,2022,27,33,35,6,4,2,0,0,15,1,42.9,2.9,".182",".242",".200","0.442","0.060",".316","3","8","0","0","4",".173",".239",".193",".190",".192",".066",".300",,"84","30.7",36.8,1,5.3,15.8,"92.420282","90.379245263",70.1,7.3,23,70,37,137,66,16,47,48.9,67,56.2,77,40.8,55.5,47.4,15.8,36.8,19,15.8,47.4
"Thaiss, Matt",642136,2022,27,69,81,15,12,1,0,2,24,11,29.6,13.6,".217",".319",".321","0.640","0.102",".295","8","22","0","1","9",".208",".322",".286",".284",".314",".114",".313",,"88.5","7.5",21.7,3,6.5,37,"98.469698696","93.243073043",69.6,8,47,166,89,324,74.1,29,112,49.7,161,39.8,129,34.2,46.9,41.3,30.4,28.3,46,56.5,19.6
"Sosa, Edmundo",624641,2022,26,176,190,40,23,11,4,2,50,5,26.3,2.6,".227",".369",".275","0.644","0.142",".304","21","65","1","6","26",".240",".363",".282",".287",".287",".123",".333",,"86.8","11.4",34.4,7,5.5,29.7,"97.432853438","92.759540157",69.8,7.4,65,336,226,653,82.9,37,217,47.6,311,41.7,272,31.4,57.1,42.2,31.3,26.6,128,46.9,20.3
"Witt Jr., Bobby",677951,2022,22,591,632,150,93,31,6,20,135,30,21.4,4.7,".254",".428",".294","0.722","0.174",".295","80","253","7","30","82",".252",".444",".311",".318",".294",".192",".325",,"89.7","16.8",32.5,40,8.7,38.6,"100.836506783","94.527115512",70.4,7.6,215,1372,613,2332,82.1,141,788,48,1120,43.1,1006,25.2,51.8,33.2,39.3,27.5,461,36.2,33.4
"Fairchild, Stuart",656413,2022,26,97,110,24,14,4,1,5,34,8,30.9,7.3,".247",".464",".336","0.800","0.217",".328","6","45","2","0","14",".224",".415",".350",".323",".316",".190",".346",,"88.9","13.3",31.7,6,9.5,41.3,"99.364164194","93.906276721",75.3,9,52,260,94,423,73.8,44,168,52.7,223,40,169,35.8,48.2,44.4,33.3,22.2,63,44.4,33.3
"Arroyo, Christian",624414,2022,27,280,300,80,57,16,1,6,49,13,16.3,4.3,".286",".414",".322","0.736","0.128",".326","36","116","1","5","32",".291",".438",".319",".332",".329",".147",".352",,"88.9","9.1",34.9,15,6.4,42.1,"100.637264188","94.490642232",76.8,7.4,106,574,261,1041,90.3,37,381,47.6,496,43.4,452,20.5,57.5,33.2,41.3,25.5,235,47.2,19.1
"Yelich, Christian",592885,2022,30,575,671,145,102,25,4,14,162,88,24.1,13.1,".252",".383",".355","0.738","0.131",".327","57","220","3","19","99",".253",".415",".328",".340",".356",".162",".351",,"91.5","3.6",30.3,34,8.2,48.6,"102.984892126","96.020852446",65.4,7,295,1646,720,2747,85.2,126,853,47.5,1305,41.7,1146,25.1,43.2,33.4,38.9,27.6,416,59.1,18
"Rooker, Brent",667670,2022,27,32,36,4,3,1,0,0,11,3,30.6,8.3,".125",".156",".222","0.378","0.031",".190","2","5","0","0","1",".182",".303",".186",".261",".273",".121",".277",,"87.8","13.5",33.3,1,4.8,42.9,"98.796148182","94.009091429",69.4,5.6,21,83,26,142,78,11,50,50.7,72,44.4,63,33.3,50.7,42.9,52.4,4.8,21,47.6,33.3
"Escobar, Eduardo",500871,2022,33,495,542,119,69,26,4,20,129,40,23.8,7.4,".240",".430",".295","0.725","0.190",".281","69","213","2","0","58",".243",".449",".311",".321",".299",".206",".326",,"88.3","20.6",38.7,35,9.4,37.6,"99.290072903","93.799689784",73.5,6.2,319,1216,465,2089,79.3,148,716,46.6,974,41.9,876,27.7,52.4,40.6,37.9,21.5,372,30.9,32.8
"Pratto, Nick",668472,2022,23,158,182,29,12,9,1,7,66,19,36.3,10.4,".184",".386",".271","0.657","0.202",".250","20","61","0","0","18",".169",".329",".287",".269",".263",".160",".291",,"86","19.7",34.4,12,12.5,36.5,"98.384692128","93.208049043",65.1,7.9,148,448,148,787,76,61,254,49.6,390,44.5,350,34.4,45.5,43.8,30.2,26,96,33.3,40.6
"Marte, Starling",516782,2022,33,466,505,136,91,24,5,16,97,26,19.2,5.1,".292",".468",".347","0.815","0.176",".340","63","218","9","18","76",".275",".436",".355",".337",".331",".162",".347",,"86.8","7.5",38.5,25,6.8,33.9,"99.153544837","93.595179373",67.5,6.6,217,1108,506,1920,83.5,105,636,49.1,942,44.8,860,24.3,49.8,38.8,37.1,24.1,369,50.1,20.1
"Lamb, Jake",571875,2022,31,97,111,21,11,6,1,3,38,11,34.2,9.9,".216",".392",".315","0.707","0.176",".321","6","38","1","0","13",".213",".395",".314",".313",".312",".182",".350",,"91.5","15",35.6,7,11.9,44.1,"100.710084667","94.859118475",63.5,6.8,62,257,112,453,80.1,28,141,49,222,42.4,192,31.1,43.3,39,37.3,23.7,59,37.3,33.9
"Vázquez, Christian",543877,2022,31,398,426,109,77,23,0,9,69,22,16.2,5.2,".274",".399",".315","0.714","0.125",".310","52","159","4","1","41",".257",".380",".312",".300",".301",".123",".312",,"87.9","10.7",36.1,17,5.1,36.4,"97.833724337","92.999999849",66.5,7,147,952,459,1632,88.2,64,543,50.1,817,43,702,17.2,49.2,28.3,44,27.7,332,45.2,22.6
"Bryant, Kris",592178,2022,30,160,181,49,32,12,0,5,27,17,14.9,9.4,".306",".475",".376","0.851","0.169",".338","14","76","0","0","28",".277",".436",".370",".345",".350",".159",".329",,"85","13.5",31.9,9,6.7,29.6,"96.85815","92.461882963",72.7,7.5,100,419,135,696,86.8,32,242,47.8,333,40.4,281,21.5,47.4,42.2,37.8,20,135,38.5,34.1
"Astudillo, Willians",553902,2022,30,54,55,13,12,0,0,1,3,1,5.5,1.8,".241",".296",".255","0.551","0.055",".240","4","16","0","1","5",".260",".315",".243",".259",".274",".055",".275",,"83","15.5",27.5,0,0,21.6,"95.272520769","91.848511961",86.2,6,7,76,57,150,89.3,6,56,43.3,65,36,54,17.2,66,37.3,37.3,25.5,51,45.1,21.6
"Maton, Nick",665155,2022,25,72,85,18,10,2,1,5,29,10,34.1,11.8,".250",".514",".341","0.855","0.264",".325","17","37","0","0","13",".219",".371",".364",".311",".319",".153",".358",,"86.6","18.6",37.8,3,6.7,31.1,"96.703721364","92.378948864",70.3,5.2,63,161,132,365,77.6,26,116,45.2,165,36.2,132,35.4,48.8,46.7,31.1,22.2,45,33.3,33.3
"Martin, Richie",621006,2022,27,30,33,5,3,0,2,0,10,3,30.3,9.1,".167",".300",".242","0.542","0.133",".250","3","9","1","3","4",".183",".266",".240",".239",".257",".083",".275",,"86.5","6.4",30,1,5,35,"97.404105","92.934049",61,11.5,13,74,38,130,77.8,8,36,45.4,59,37.7,49,28.3,40.8,25,55,20,20,50,20
"Robinson, Chuckie",642020,2022,27,59,60,8,4,2,0,2,17,0,28.3,0,".136",".271",".136","0.407","0.135",".150","5","16","0","0","3",".215",".366",".173",".248",".215",".151",".302",,"86.2","0.5",23.3,4,9.3,30.2,"97.52340381","92.76556",74.3,4.9,11,135,53,205,83.3,13,78,51.2,105,51.7,106,25.4,59.5,27.9,32.6,39.5,43,67.4,16.3
"Trammell, Taylor",666211,2022,24,102,117,20,7,9,0,4,33,13,28.2,11.1,".196",".402",".284","0.686","0.206",".242","10","41","1","2","15",".203",".360",".300",".289",".291",".157",".297",,"88.3","20.5",29.6,7,9.9,28.2,"97.776181429","92.975271014",69.5,8.1,77,206,121,430,77.7,33,148,49.5,213,44.9,193,33.7,47.7,38,38,23.9,71,39.4,33.8
"Baty, Brett",683146,2022,22,38,42,7,5,0,0,2,8,2,19,4.8,".184",".342",".244","0.586","0.158",".179","5","13","0","0","4",".278",".396",".260",".320",".331",".118",".352",,"91.1","10",43.3,2,6.7,36.7,"100.49892","94.923889",67.6,8.2,20,83,41,146,88,6,50,50.7,74,40.4,59,23.6,49.3,33.3,36.7,30,30,56.7,26.7
"Culberson, Charlie",518586,2022,33,115,124,29,21,6,0,2,31,5,25,4,".252",".357",".283","0.640","0.105",".329","12","41","3","2","19",".224",".313",".281",".252",".256",".089",".307",,"85.3","5.9",28.4,1,1.1,27.3,"95.647602143","91.889355952",76.4,8.2,72,218,129,439,81.2,31,165,49.2,216,41.5,182,30.5,59,38.6,34.1,27.3,88,58,17
"Lopez, Nicky",670032,2022,27,436,480,99,83,12,4,0,63,29,13.1,6,".227",".273",".281","0.554","0.046",".265","20","119","3","13","51",".246",".325",".251",".279",".299",".079",".287",,"84.9","4.9",31.3,6,1.6,22.9,"94.94043827","91.479636504",67.8,7.3,202,1083,403,1762,87.2,77,603,50.5,889,44.4,782,17.3,49.1,26.3,42.4,31.3,384,55.2,15.4
"Alonso, Pete",624413,2022,27,597,685,162,95,27,0,40,128,67,18.7,9.8,".271",".518",".352","0.870","0.247",".279","131","309","1","5","95",".258",".506",".366",".357",".342",".248",".325",,"89.8","18.2",34.5,59,12.3,44.8,"102.849215397","95.616516548",70.9,5.5,233,1483,644,2507,84.3,122,778,43.8,1098,44.4,1112,24.2,49.9,41.4,34.1,24.5,478,36.4,30.5
"Mitchell, Cal",668751,2022,23,212,232,48,32,11,0,5,52,18,22.4,7.8,".226",".349",".286","0.635","0.123",".276","17","74","1","3","21",".236",".376",".281",".296",".295",".140",".312",,"89.9","7.5",34,8,4.9,40.7,"99.042591235","93.818245342",69,7.4,123,492,222,850,84.2,46,291,49.6,422,42.1,358,26.8,50.5,45.7,31.5,22.8,162,46.3,21.6
"Marcano, Tucupita",672779,2022,22,160,177,33,23,6,2,2,44,10,24.9,5.6,".206",".306",".256","0.562","0.100",".270","13","49","1","2","18",".175",".252",".249",".217",".227",".078",".239",,"84.7","11.1",30.3,2,1.6,17.2,"94.100557069","91.080698696",64.3,6.8,70,363,210,672,88.6,26,229,53,356,46.6,313,21.3,46.1,41.8,34.4,23.8,122,47.5,23.8
"Suzuki, Seiya",673548,2022,27,397,446,104,66,22,2,14,110,42,24.7,9.4,".262",".433",".336","0.769","0.171",".326","46","172","5","9","54",".243",".429",".334",".328",".322",".186",".336",,"89.6","11.2",36.9,32,11,41.3,"100.244268881","94.350662098",56.8,7,168,1094,493,1876,84.1,84,529,50.2,931,44,817,22.8,39,28.3,38.6,33.1,290,40.7,25.5
"Cameron, Daz",663662,2022,25,64,70,14,9,3,1,1,20,5,28.6,7.1,".219",".344",".286","0.630","0.125",".302","8","22","0","2","6",".220",".416",".280",".306",".287",".196",".321",,"90.4","17.1",43.2,4,9.1,43.2,"100.319888182","94.301869318",68.2,9.4,31,150,78,266,80,18,90,49.6,132,44.7,119,30.7,47.7,36.4,36.4,27.3,44,31.8,31.8
"Brinson, Lewis",621446,2022,28,36,39,6,1,2,0,3,14,2,35.9,5.1,".167",".472",".211","0.683","0.305",".158","4","17","0","1","5",".175",".382",".289",".260",".219",".207",".287",,"87.8","12",30.4,3,13,34.8,"99.819679091","94.272659524",59.7,6.5,28,71,56,168,79.1,9,43,42.9,72,36.3,61,35,47.6,47.8,34.8,17.4,23,47.8,17.4
"Peterson, Jace",607054,2022,32,288,328,68,44,14,2,8,85,33,25.9,10.1,".236",".382",".316","0.698","0.146",".303","34","110","1","12","44",".233",".383",".306",".307",".314",".151",".328",,"88.6","9.7",33.7,15,7.2,36.1,"98.360158137","93.264631576",57.8,7.5,250,770,374,1420,83,71,418,50.9,723,39.9,567,26.7,40.9,38.9,38.5,22.6,208,46.6,26
"Kiermaier, Kevin",595281,2022,32,206,221,47,32,8,0,7,61,14,27.6,6.3,".228",".369",".281","0.650","0.141",".290","22","76","1","6","28",".252",".402",".286",".310",".302",".150",".357",,"87.9","5.3",33.8,10,6.9,38.6,"98.886186164","93.570432966",75.2,7.1,160,444,192,831,79.7,64,315,50.4,419,44,366,31.9,51.7,32.4,35.2,32.4,145,52.4,23.4
"Urshela, Gio",570482,2022,30,501,551,143,100,27,3,13,96,41,17.4,7.4,".285",".429",".338","0.767","0.144",".326","64","215","0","1","61",".267",".431",".332",".327",".323",".164",".327",,"88.9","11.8",38.6,29,7,37.6,"99.120552402","93.736875907",71.2,7.8,213,1098,620,2017,84.8,106,696,48.5,978,42.3,854,21.4,53.1,33.3,39.8,26.9,412,41.7,23.8
"Sierra, Magneuris",642423,2022,26,91,96,15,11,1,3,0,25,4,26,4.2,".165",".242",".200","0.442","0.077",".227","5","22","1","6","7",".200",".235",".195",".213",".233",".035",".275",,"82.2","7.2",22.4,0,0,16.4,"94.478225","91.413321017",69.3,9.2,37,204,93,346,82.3,22,124,51.7,179,43.1,149,26.8,54.9,40.3,34.3,25.4,67,53.7,11.9
"Duran, Ezequiel",677649,2022,23,208,220,49,33,10,1,5,54,12,24.5,5.5,".236",".365",".277","0.642","0.129",".295","25","76","1","4","25",".215",".322",".282",".257",".258",".108",".291",,"85.9","9.5",24.7,7,4.5,31.8,"97.9242875","93.124773224",72.4,7.6,64,426,236,790,78.2,62,284,49.6,392,44.2,349,29.1,55.7,39.6,29.9,30.5,154,50,12.3
"Tellez, Rowdy",642133,2022,27,529,599,116,58,23,0,35,121,62,20.2,10.4,".219",".461",".306","0.767","0.242",".215","89","244","1","2","67",".249",".492",".327",".351",".334",".243",".323",,"91.1","15.3",31.4,53,12.9,46,"102.553838927","95.690567213",61.1,7.1,397,1273,634,2392,83.6,116,706,48.3,1155,41.9,1002,23.8,43.5,37.7,43.6,18.7,411,39.7,29.9
"Bogaerts, Xander",593428,2022,29,557,631,171,118,38,0,15,118,57,18.7,9,".307",".456",".377","0.833","0.149",".362","73","254","2","8","84",".258",".393",".363",".325",".337",".136",".326",,"88.1","10.2",30.3,29,6.5,39.5,"99.97943964","94.08380455",63.5,7.5,283,1371,687,2500,81.5,141,764,48.2,1204,43.7,1093,24.8,45.7,37.2,37.4,25.3,446,46.6,21.1
"Biggio, Cavan",624415,2022,27,257,303,52,27,18,1,6,85,38,28.1,12.5,".202",".350",".318","0.668","0.148",".275","24","90","0","2","43",".192",".332",".302",".291",".309",".141",".285",,"88.3","19.5",36.2,12,6.9,32.8,"97.288596395","92.82033538",62.4,7,253,717,264,1282,81,79,416,52,667,44.6,572,25.9,40.3,46,31,23,174,35.6,37.4
"Urías, Ramón",602104,2022,28,403,445,100,66,17,1,16,98,30,22,6.7,".248",".414",".305","0.719","0.166",".287","51","167","0","1","50",".247",".432",".313",".322",".307",".185",".326",,"89.4","11",32.1,30,9.6,46.5,"100.690244675","94.67897342",70.8,7.3,151,969,429,1645,79,122,581,49.9,821,42.8,704,27.4,49.8,37.8,36.9,25.3,312,47.8,24.4
"Sánchez, Jesús",660821,2022,24,313,343,67,37,14,3,13,92,26,26.8,7.6,".214",".403",".280","0.683","0.189",".258","36","126","0","1","38",".220",".390",".298",".296",".286",".170",".311",,"89.5","11",25.7,22,9.9,40.5,"101.710457117","95.181364706",66.6,7.6,161,777,408,1391,81.1,78,413,44.6,620,42.6,593,29.6,47.8,41.9,30.6,27.5,222,46.8,26.6
"McCarthy, Jake",664983,2022,24,321,354,91,64,16,3,8,76,23,21.5,6.5,".283",".427",".342","0.769","0.144",".349","43","137","3","23","53",".253",".374",".337",".305",".314",".121",".331",,"87.4","8",32.5,12,4.8,33.3,"98.235931513","93.298753151",74.7,7.4,164,656,374,1263,80.2,97,491,52,657,42.4,536,28,53.1,34.9,41,24.1,249,51.8,21.7
"Brennan, Will",686823,2022,24,42,45,15,12,1,1,1,4,2,8.9,4.4,".357",".500",".400","0.900","0.143",".378","8","21","1","2","6",".285",".430",".385",".327",".334",".145",".316",,"89.8","5.4",34.2,2,5.3,42.1,"98.40309","93.633083243",77.9,8,14,96,29,150,88.3,7,60,51.3,77,36,54,17.9,63.3,42.1,47.4,10.5,38,52.6,21.1
"Murphy, Tom",608596,2022,31,33,42,10,7,2,0,1,13,8,31,19,".303",".455",".439","0.894","0.152",".474","1","15","0","0","9",".282",".542",".397",".416",".422",".260",".465",,"94.3","13.4",45,4,20,60,"104.918625","98.028022",69.6,5.5,18,99,49,181,76.4,13,55,43.6,79,36.5,66,33.3,44.8,45,30,25,20,35,30
"Stubbs, Garrett",596117,2022,29,106,121,28,18,4,1,5,30,14,24.8,11.6,".264",".462",".350","0.812","0.198",".324","16","49","0","2","19",".206",".308",".355",".277",".299",".102",".287",,"85.2","15.2",33.8,4,5.2,27.3,"96.098752571","92.112040145",51.9,7.7,55,315,121,505,90.2,12,123,46.9,237,44,222,21.2,39.2,50.6,36.4,13,77,46.8,20.8
"Aguilar, Jesús",542583,2022,32,464,507,109,74,19,0,16,119,28,23.5,5.5,".235",".379",".281","0.660","0.144",".278","51","176","0","1","39",".239",".409",".288",".302",".287",".170",".319",,"87.7","19.1",39.7,24,6.9,36,"98.459753543","93.301003066",64.7,6.4,174,1165,649,2078,82.2,110,622,46.2,961,43,893,27,49.5,36.3,39.1,24.6,350,32.9,30.9
"Plummer, Nick",663911,2022,25,29,31,4,1,1,0,2,12,1,38.7,3.2,".138",".379",".194","0.573","0.241",".133","6","11","0","0","4",".203",".421",".248",".291",".255",".218",".347",,"89.1","7.8",47.1,2,11.8,41.2,"100.664212222","94.946844118",60.4,14.6,12,55,25,96,81.3,6,32,55.2,53,37.5,36,36.2,49,41.2,47.1,11.8,17,47.1,29.4
"Mateo, Jorge",622761,2022,27,494,533,109,64,25,7,13,147,27,27.6,5.1,".221",".379",".267","0.646","0.158",".286","50","187","9","35","63",".222",".356",".281",".276",".269",".134",".316",,"86.8","14.8",35.5,21,6,32.7,"98.63578407","93.337279593",72.6,7.4,193,1043,599,1982,79.7,141,693,48.2,955,41.1,815,31.1,53.9,34.9,36.1,29,352,38.6,25.9
"Joe, Connor",656582,2022,29,404,467,96,65,20,4,7,97,55,20.8,11.8,".238",".359",".338","0.697","0.121",".296","28","145","2","6","56",".240",".348",".314",".313",".341",".109",".315",,"85.3","10.6",35.1,14,4.5,33.8,"97.624297516","92.833330754",58.5,8,238,1097,473,1900,85.5,82,566,50.9,968,41.9,797,21.2,40.4,36.4,39.6,24,308,47.1,19.5
"Varsho, Daulton",662139,2022,25,531,592,125,72,23,3,27,145,46,24.5,7.8,".235",".443",".302","0.745","0.208",".269","74","235","6","16","79",".213",".401",".323",".301",".284",".189",".292",,"87.7","14.9",33.6,40,10.2,35.6,"99.211725904","93.6867316",69.1,6.9,370,1196,665,2321,79.4,172,834,52,1207,44.1,1024,25.3,50.6,50.9,32.1,17,393,42.7,29.8
"Haniger, Mitch",571745,2022,31,224,247,55,36,8,0,11,65,20,26.3,8.1,".246",".429",".308","0.737","0.183",".293","34","96","0","0","31",".241",".467",".319",".331",".306",".226",".339",,"91.9","18.2",31.1,19,11.8,47.2,"101.996690741","95.72188441",65.7,6.9,101,556,291,996,80.2,63,318,48.6,484,40.2,400,29.6,45.5,44.1,32.9,23,161,37.3,29.2
"Mathias, Mark",664029,2022,27,81,91,20,11,3,0,6,30,9,33,9.9,".247",".506",".319","0.825","0.259",".304","20","41","0","3","13",".213",".393",".353",".298",".289",".180",".334",,"90.2","11.8",34.6,6,11.5,46.2,"99.592462692","93.998095769",56.7,7.9,65,223,104,404,70,33,110,48,194,43.3,175,34.6,39.4,36.5,38.5,25,52,42.3,30.8
"Molina, Yadier",425877,2022,39,262,270,56,43,8,0,5,40,5,14.8,1.9,".214",".302",".233","0.535","0.088",".234","24","79","0","2","19",".232",".345",".235",".260",".252",".113",".274",,"84.7","16.9",34.1,7,3.1,26,"95.0195225","91.560423363",75.2,7.2,75,548,325,986,81.5,70,379,51.1,504,45.5,449,22,58.6,36.3,38.6,25.1,223,39,29.6
"Herrera, Odúbel",546318,2022,30,185,197,44,29,9,1,5,42,11,21.3,5.6,".238",".378",".279","0.657","0.140",".281","21","70","0","6","23",".224",".353",".287",".272",".267",".130",".289",,"86.9","4",24.3,7,4.9,37.5,"99.933778143","94.012093741",68.6,7.3,99,392,198,737,89.9,24,238,47.1,347,40.7,300,24,52.6,38.2,26.4,35.4,144,57.6,17.4
"Ruiz, Esteury",665923,2022,23,35,36,6,4,1,1,0,7,1,19.4,2.8,".171",".257",".194","0.451","0.086",".214","2","9","2","1","3",".203",".256",".197",".215",".225",".053",".254",,"73","19.2",32.1,1,3.6,10.7,"85.063086429","89.873328519",71.4,7.5,8,71,48,133,80,10,50,52.6,70,43.6,58,22.7,56.4,39.3,32.1,28.6,28,50,21.4
"Donovan, Brendan",680977,2022,25,391,468,110,83,21,1,5,70,60,15,12.8,".281",".379",".394","0.773","0.098",".330","45","148","3","2","64",".266",".378",".349",".342",".381",".112",".322",,"87.7","6",32.7,11,3.4,37.7,"98.14258882","93.299366978",55.7,8,268,1213,416,1966,91,48,533,48.7,957,42.2,830,15.6,38.1,32.4,37.3,30.2,324,54.3,19.1
"Rivero, Sebastián",665861,2022,23,26,29,4,4,0,0,0,10,2,34.5,6.9,".154",".154",".214","0.368","0.000",".250","1","4","0","0","2",".163",".274",".175",".222",".222",".112",".264",,"87.2","12.7",17.6,1,5.9,35.3,"100.05495125","94.09649125",69.2,6.4,14,65,29,110,77.8,8,36,47.3,52,42.7,47,33.3,49.1,47.1,29.4,23.5,17,47.1,29.4
"Smith, Dominic",642086,2022,27,134,152,26,15,10,1,0,37,12,24.3,7.9,".194",".284",".276","0.560","0.090",".263","17","38","0","0","11",".220",".375",".254",".298",".299",".155",".298",,"89.6","10.9",28.3,7,7.1,46.5,"99.660695","94.216232222",67,8.3,77,342,140,577,84.7,28,183,47.3,273,45.4,262,26,45.4,33.3,45.5,21.2,99,47.5,28.3
"Kiner-Falefa, Isiah",643396,2022,27,483,531,126,102,20,0,4,72,35,13.6,6.6,".261",".327",".314","0.641","0.066",".296","48","158","4","22","66",".261",".339",".285",".292",".317",".078",".306",,"86.2","4.3",29.6,5,1.2,30.1,"96.614692718","92.355143236",58,8.9,208,1155,472,1940,93.9,35,577,51.3,995,45.2,876,11.3,44.7,31.5,38.9,29.6,419,55.8,14.8
"McGuire, Reese",624512,2022,27,249,274,67,49,14,1,3,56,12,20.4,4.4,".269",".369",".307","0.676","0.100",".332","22","92","0","1","25",".234",".335",".297",".270",".276",".100",".300",,"87","14.1",33.2,5,2.5,29.7,"96.374747396","92.217287539",66.2,7.9,152,540,222,967,89,34,310,48.4,468,44.4,429,21,51.7,36.1,35.6,28.2,202,42.1,20.3
"Vargas, Ildemaro",545121,2022,30,209,222,55,37,13,1,4,23,8,10.4,3.6,".263",".392",".299","0.691","0.129",".279","23","82","1","3","19",".228",".318",".302",".259",".265",".090",".255",,"87","7.4",28.2,4,2.1,29.3,"96.943626739","92.531312459",64.7,7.2,148,480,147,794,91.8,21,257,50,397,43.5,345,12.1,47.7,32.4,45.7,21.8,188,48.9,22.9
"Candelario, Jeimer",600869,2022,28,429,467,93,59,19,2,13,109,28,23.3,6,".217",".361",".272","0.633","0.144",".257","50","155","1","0","49",".226",".392",".277",".295",".283",".166",".303",,"87.2","13.5",37,27,8.3,34.6,"98.352499379","93.27808162",74.5,6.7,274,948,462,1739,82.2,107,601,46.4,807,42.2,734,25.4,52.6,39.8,33.6,26.5,324,42.6,24.1
"Chapman, Matt",656305,2022,29,538,621,123,68,27,1,27,170,68,27.4,11,".229",".433",".324","0.757","0.204",".277","76","233","2","2","83",".233",".456",".331",".345",".331",".223",".342",,"92.2","19",34,48,12.9,51.2,"102.906606237","96.223630699",64.2,7.9,233,1623,633,2637,76,203,847,50,1319,43.6,1150,28.7,41.7,44.8,36.5,18.8,373,34.6,30
"Pham, Tommy",502054,2022,34,554,622,131,90,23,1,17,167,56,26.8,9,".236",".374",".312","0.686","0.138",".304","63","207","3","8","89",".236",".394",".304",".314",".314",".158",".337",,"92.2","7.7",33.2,31,7.9,48.5,"102.514437436","95.778101436",60.8,8,260,1434,693,2505,83,135,792,52,1302,43.3,1084,26,42,34.2,39.8,26,392,48.2,22.4
"Burger, Jake",669394,2022,26,168,183,42,24,9,1,8,56,10,30.6,5.5,".250",".458",".302","0.760","0.208",".324","26","77","0","0","20",".225",".480",".327",".324",".281",".254",".339",,"90.7","12.3",33.3,17,14.9,43,"102.65301125","95.597171532",73.4,8.5,79,362,173,682,76.9,54,234,46.8,319,41.1,280,35.4,53.8,40.4,37.7,21.9,114,43,30.7
"LeMahieu, DJ",518934,2022,33,467,541,122,92,18,0,12,71,67,13.1,12.4,".261",".377",".357","0.734","0.116",".285","46","176","3","4","74",".271",".416",".329",".347",".367",".145",".319",,"89.2","3",32.8,21,5.3,41.1,"99.499628485","94.048075494",53.9,7.8,213,1397,431,2152,89.3,63,587,50.7,1089,42.6,916,15.7,39.5,24.8,37.8,37.3,399,54.6,17
"Devers, Rafael",646240,2022,25,555,614,164,94,42,1,27,114,50,18.6,8.1,".295",".521",".358","0.879","0.226",".329","88","289","1","3","84",".280",".514",".373",".365",".346",".234",".352",,"93.1","11.3",33.1,51,11.5,50.9,"103.784239231","96.704402472",76.3,7.4,394,1317,458,2232,77.8,173,781,45.8,1023,41.5,926,28.2,54.6,28.2,44.8,27,444,42.3,23.9
"Vargas, Miguel",678246,2022,22,47,50,8,6,1,0,1,13,2,26,4,".170",".255",".200","0.455","0.085",".206","8","12","0","1","4",".198",".342",".200",".254",".233",".145",".276",,"89.7","25.9",25.7,3,8.6,40,"98.538499444","93.609804857",66.7,9.9,39,106,46,202,77.6,17,76,56.4,114,40.1,81,24.3,51,37.1,37.1,25.7,35,37.1,40
"Carpenter, Matt",572761,2022,36,128,154,39,15,9,0,15,35,19,22.7,12.3,".305",".727",".412","1.139","0.422",".304","37","93","0","0","28",".231",".508",".472",".367",".351",".277",".315",,"89.8","22.4",41.1,13,13.7,42.1,"99.672980435","94.162418352",63.2,9.4,129,409,141,723,82.6,42,242,53.1,383,40.1,289,23.7,41.4,57.9,23.2,18.9,95,27.4,40
"Beckham, Tim",542921,2022,32,25,25,2,2,0,0,0,9,0,36,0,".080",".080",".080","0.160","0.000",".125","1","2","0","0","1",".189",".243",".071",".185",".189",".054",".295",,"90.5","-0.4",12.5,0,0,50,"101.5056975","95.50426",80.9,7.7,11,52,23,91,76.3,9,38,51.6,47,48.4,44,36.5,57.1,50,37.5,12.5,16,81.3,6.3
"Peraza, Oswald",672724,2022,22,49,57,15,11,3,0,1,9,6,15.8,10.5,".306",".429",".404","0.833","0.123",".359","2","21","0","2","8",".278",".379",".371",".345",".380",".101",".341",,"81.6","5.4",25,2,5,30,"95.3083725","92.10581375",75.3,10,11,100,38,160,90.2,6,61,50.6,81,45,72,17.7,49.4,35,42.5,22.5,40,57.5,15
"Bernard, Wynton",592144,2022,31,42,42,12,11,1,0,0,8,0,19,0,".286",".310",".286","0.596","0.024",".353","3","13","1","3","9",".235",".270",".262",".223",".235",".036",".290",,"84.6","-6.5",26.5,0,0,26.5,"95.746017059","92.083023235",73.1,5.4,23,93,48,167,73.5,18,68,55.7,93,51.5,86,25,55.1,29.4,50,20.6,34,67.6,5.9
"Rojas, Josh",668942,2022,28,443,510,119,84,25,1,9,98,55,19.2,10.8,".269",".391",".349","0.740","0.122",".323","56","173","3","23","66",".239",".373",".326",".308",".324",".135",".304",,"88.8","11.9",33.5,16,4.5,36.1,"98.050444128","93.265048338",62.5,7.4,302,1128,518,2033,83.7,103,630,49.6,1008,42.9,873,22.3,41,32.7,36.1,31.3,355,43.9,26.2
"Baddoo, Akil",668731,2022,23,201,225,41,34,3,2,2,64,24,28.4,10.7,".204",".269",".289","0.558","0.065",".289","9","54","6","9","30",".192",".279",".256",".256",".279",".086",".283",,"85","14.2",29.9,5,3.6,27,"96.42330597","92.211959254",70.8,8.1,168,491,209,916,80.5,58,298,46,421,44.5,408,28.8,47.1,34.3,35,30.7,137,42.3,24.8
"Laureano, Ramón",657656,2022,27,346,383,73,42,18,0,13,104,25,27.2,6.5,".211",".376",".287","0.663","0.165",".262","34","130","6","11","49",".217",".411",".294",".308",".293",".194",".310",,"88.7","14.9",28.9,28,11.6,38.4,"100.041538347","94.16358876",64.2,8.4,149,797,491,1514,79.9,97,482,49.6,751,43.5,658,30.3,46.4,41.3,32.2,26.4,242,43.4,30.2
"Guerrero Jr., Vladimir",665489,2022,23,638,706,175,108,35,0,32,116,58,16.4,8.2,".274",".480",".339","0.819","0.206",".289","97","306","3","8","90",".276",".482",".351",".354",".341",".206",".336",,"92.8","4.3",27.9,59,11.2,50.4,"105.507038582","97.328619789",71.5,6.5,377,1394,646,2596,83.8,141,871,47,1219,42.1,1092,24.4,49.7,37.8,39.9,22.2,526,52.3,17.1
"Gonzalez, Marwin",503556,2022,33,184,207,34,21,7,0,6,54,14,26.1,6.8,".185",".321",".255","0.576","0.136",".222","18","59","0","3","20",".215",".351",".257",".283",".284",".137",".303",,"88","19.4",34.1,8,5.9,37.3,"98.901115758","93.629768931",63.1,9,175,401,199,822,86.1,35,251,48.5,398,44.2,363,23.1,50,47.4,28.9,23.7,135,37.8,24.4
"Bemboom, Anthony",621532,2022,32,52,59,6,3,2,0,1,17,6,28.8,10.2,".115",".212",".207","0.419","0.097",".147","1","11","0","0","4",".182",".274",".196",".249",".268",".093",".273",,"90.1","7",30.6,2,5.6,36.1,"99.029268824","94.197804545",65.6,7.8,36,149,47,244,82.5,14,80,50,122,38.9,95,24.3,43.9,38.9,41.7,19.4,36,55.6,22.2
"Hicks, Aaron",543305,2022,32,384,453,83,64,9,2,8,109,62,24.1,13.7,".216",".313",".330","0.643","0.097",".279","40","120","3","10","54",".217",".338",".292",".302",".332",".121",".303",,"87.9","14.8",25.2,16,5.8,33.1,"98.078223577","93.127214322",62.4,7.2,437,1001,493,2017,80.3,121,615,49,986,44,886,25.8,41.1,44.2,32,23.7,278,44.6,23.7
"Haggerty, Sam",664059,2022,28,176,201,45,30,9,1,5,53,18,26.4,9,".256",".403",".335","0.738","0.147",".333","23","71","1","13","29",".229",".336",".320",".285",".312",".106",".324",,"86","13.6",32.5,5,4,24.6,"96.38917","92.207266333",71.7,8.8,145,396,171,735,78.4,56,259,49.1,361,44.1,324,28.2,49.3,43.7,32.5,23.8,126,46,20.6
"Pujols, Albert",405395,2022,42,307,351,83,45,14,0,24,55,28,15.7,8,".270",".550",".345","0.895","0.280",".252","68","169","2","1","42",".260",".517",".380",".367",".341",".258",".317",,"91.2","16.4",34.5,31,12,47.3,"102.064436899","95.425491822",63.5,6.7,127,735,435,1385,88,49,410,46.6,646,43,595,21.3,48.2,52.3,30.2,17.4,258,38,29.5
"Escobar, Alcides",444876,2022,35,124,131,27,21,4,2,0,32,5,24.4,3.8,".218",".282",".260","0.542","0.064",".293","8","35","1","1","12",".209",".266",".242",".234",".251",".057",".282",,"81.8","15.7",39.1,1,1.1,17.4,"92.492630217","90.550370549",70.8,5.3,53,272,164,510,84.5,29,187,51.8,264,43.9,224,22,54.3,26.1,45.7,28.3,92,38,20.7
"Rendon, Anthony",543685,2022,32,166,193,38,23,10,0,5,35,23,18.1,11.9,".229",".380",".326","0.706","0.151",".258","24","63","0","2","15",".238",".405",".314",".332",".339",".167",".304",,"89.6","18.7",42.1,11,8.3,37.6,"99.082562576","93.890380153",68.2,7.2,65,428,225,759,85,37,247,47.7,362,43.3,329,19.6,42.3,39.1,40.6,20.3,133,35.3,30.1
"Carroll, Corbin",682998,2022,21,104,115,27,12,9,2,4,31,8,27,7,".260",".500",".330","0.830","0.240",".333","14","52","1","2","13",".222",".372",".358",".297",".296",".150",".316",,"85.8","9.1",34.2,4,5.5,32.9,"97.229943784","92.678458904",62.8,7.2,44,262,122,458,78.6,31,145,50.4,231,45.4,208,29.3,44.8,37,34.2,28.8,73,47.9,19.2
"Park, Hoy",660829,2022,26,51,60,11,7,2,0,2,15,4,25,6.7,".216",".373",".276","0.649","0.157",".250","6","19","0","1","7",".208",".354",".282",".273",".270",".146",".281",,"85.1","10.3",20,4,10,25,"96.311552105","92.268094324",59.1,6.8,34,141,55,237,82.4,12,68,48.5,115,44.7,106,21.7,38.8,35,35,30,40,55,32.5
"Phillips, Brett",621433,2022,28,201,225,29,18,6,0,5,94,16,41.8,7.1,".144",".249",".217","0.466","0.105",".233","15","50","0","7","22",".159",".260",".213",".226",".233",".101",".301",,"88.5","22.8",32.1,5,4.5,29.5,"97.432571887","92.851488396",63.9,9,137,632,174,982,66.4,112,333,53.1,521,41.8,410,39.4,44.5,46.4,33.9,19.6,112,33.9,30.4
"Pache, Cristian",665506,2022,23,241,260,40,30,5,2,3,70,15,26.9,5.8,".166",".241",".218","0.459","0.075",".220","18","58","2","2","18",".228",".312",".207",".264",".276",".085",".321",,"89.4","3.8",25.3,6,3.4,40.8,"100.207713059","94.45821355",73.5,7,83,435,335,918,78.8,72,339,50.2,461,42.8,393,31,50.5,42.5,39.1,18.4,174,58,16.7
"Bradley Jr., Jackie",598265,2022,32,344,370,70,42,23,1,4,77,24,20.8,6.5,".203",".311",".255","0.566","0.108",".251","38","107","3","2","30",".222",".344",".252",".272",".273",".122",".286",,"87.6","7.4",29.4,13,4.8,37.2,"98.071881353","93.116593208",69.7,8.7,253,736,338,1387,75.9,120,497,51.4,713,42,582,29.4,49.7,39.8,36.4,23.8,269,51.3,21.2
"La Stella, Tommy",600303,2022,33,180,195,43,27,14,0,2,30,11,15.4,5.6,".239",".350",".282","0.632","0.111",".272","14","63","0","0","17",".232",".348",".277",".273",".277",".116",".274",,"87.9","14.6",37.3,3,2,32,"97.045650909","92.615035294",53.1,6.8,107,493,183,794,89.8,22,216,51.3,407,44.2,351,16.7,40.7,37.3,39.9,22.9,153,39.2,24.8
"Wong, Connor",657136,2022,26,48,56,9,5,3,0,1,16,5,28.6,8.9,".188",".313",".273","0.586","0.125",".250","7","15","0","0","8",".171",".361",".263",".275",".261",".190",".253",,"89.8","5.1",20.6,4,11.8,32.4,"99.758804706","94.271729091",65.1,7.2,22,141,54,221,81.2,13,69,48,106,39.4,87,30.6,48.9,35.3,41.2,23.5,34,64.7,17.6
"Calhoun, Kole",594777,2022,34,388,424,76,49,14,1,12,136,27,32.1,6.4,".196",".330",".257","0.587","0.134",".263","49","128","2","3","36",".221",".401",".260",".298",".281",".181",".338",,"90.8","15.4",40.4,25,9.8,48.2,"100.862031797","94.921499922",78.4,7,250,906,455,1700,72.5,165,600,45,765,41.2,700,36.3,53.1,45.9,34.5,19.6,255,38,26.3
"González, Luis",670768,2022,26,311,350,78,55,17,2,4,75,30,21.4,8.6,".251",".357",".320","0.677","0.106",".312","36","111","2","10","31",".217",".314",".299",".272",".291",".098",".281",,"86.8","10.8",27,6,2.5,31.7,"97.568349561","92.834925154",68,8.4,152,884,373,1472,83.8,82,506,50.6,744,42.6,627,23.3,47.2,29,36.1,34.9,241,47.3,27
"Hernández, Yonny",660634,2022,24,24,28,2,2,0,0,0,4,2,14.3,7.1,".083",".083",".154","0.237","0.000",".100","0","2","0","2","2",".167",".208",".121",".204",".231",".041",".201",,"82.3","-12.5",22.7,0,0,13.6,"91.606844","90.365624737",64.6,6,16,70,25,117,88.1,5,42,55.6,65,41.9,49,11.1,46.2,50,22.7,27.3,22,77.3,4.5
"Tucker, Cole",657061,2022,25,63,63,11,9,1,1,0,25,0,39.7,0,".175",".222",".175","0.397","0.047",".289","2","14","0","1","3",".182",".289",".172",".202",".182",".107",".302",,"82.4","4.8",39.5,3,7.9,23.7,"94.314187368","91.434396579",65.7,8.3,32,164,71,278,80.4,18,92,50.4,140,45.3,126,28.1,46,36.8,34.2,28.9,38,47.4,23.7
"Bote, David",623520,2022,29,116,127,30,18,8,0,4,45,6,35.4,4.7,".259",".431",".315","0.746","0.172",".382","12","50","0","1","15",".226",".354",".325",".284",".287",".128",".368",,"92.4","7.9",34.7,5,6.9,55.6,"102.8376175","96.457184366",61,6.9,43,287,138,494,79.1,32,153,50.8,251,45.7,226,33.5,44.7,43.1,31.9,23.6,72,48.6,11.1
"Cron, C.J.",543068,2022,32,575,632,148,88,28,3,29,164,43,25.9,6.8,".257",".468",".315","0.783","0.211",".307","102","269","0","0","79",".239",".441",".335",".319",".301",".203",".334",,"88.7","14.2",36.8,45,10.8,42.3,"101.410198894","94.867484771",62.9,7.8,250,1518,606,2500,84,123,768,48.8,1221,45.4,1134,24.3,47.7,33.7,40.6,25.7,416,39.2,27.9
"Wallach, Chad",595453,2022,30,35,40,5,3,1,0,1,9,4,22.5,10,".143",".257",".231","0.488","0.114",".160","4","9","0","0","3",".248",".464",".224",".341",".325",".216",".334",,"87","17.7",40.7,2,7.4,37,"98.675730769","93.413808846",70.1,7.1,20,87,47,168,75.4,15,61,51.8,87,42.3,71,30,47.6,33.3,40.7,25.9,27,40.7,33.3
"Carlson, Dylan",666185,2022,23,432,488,102,60,30,4,8,94,45,19.3,9.2,".236",".380",".316","0.696","0.144",".281","42","164","2","5","56",".234",".367",".306",".304",".315",".133",".298",,"86.1","12.9",35.7,15,4.4,27.2,"96.293953036","92.150882262",67.8,8,327,1098,484,1964,79.8,134,662,49.7,977,45,883,25.7,46.2,34.8,38,27.2,342,43,27.5
"Thomas, Cody",642137,2022,27,30,32,8,8,0,0,0,12,2,37.5,6.3,".267",".267",".313","0.580","0.000",".444","0","8","0","0","1",".228",".280",".264",".250",".276",".052",".380",,"89.5","9.3",33.3,0,0,38.9,"98.98887","93.831318889",87.7,4.8,22,80,23,125,61.4,22,57,52,65,44,55,48.1,63.2,50,22.2,27.8,18,44.4,22.2
"Strange-Gordon, Dee",543829,2022,34,59,59,18,16,1,1,0,8,0,13.6,0,".305",".356",".305","0.661","0.051",".353","2","21","2","3","6",".225",".274",".288",".219",".225",".049",".261",,"84.4","1.3",25.5,0,0,17.6,"92.76007","90.491009184",70.5,11.7,22,123,50,196,87.8,9,74,53.6,105,41.8,82,17.2,59.2,45.1,35.3,19.6,51,62.7,13.7
"Vientos, Mark",668901,2022,22,36,41,6,4,1,0,1,12,5,29.3,12.2,".167",".278",".268","0.546","0.111",".217","3","10","0","0","3",".186",".339",".252",".282",".286",".153",".280",,"93.3","13.1",16.7,2,8.3,45.8,"103.824514167","97.0921575",76.1,7.7,14,108,50,183,73.1,18,67,48.1,88,48.6,89,29.7,49.7,29.2,37.5,33.3,24,50,37.5
"Machado, Manny",592518,2022,29,578,644,172,102,37,1,32,133,63,20.7,9.8,".298",".531",".366","0.897","0.233",".337","102","307","1","9","100",".263",".469",".382",".345",".337",".207",".342",,"91.5","16",36.7,44,9.8,49,"102.622706786","95.790495526",74.4,7.1,265,1424,596,2371,82.3,144,813,46.1,1093,43.5,1032,24.9,50.8,40.7,33.1,26.2,447,37.6,23.7
"Polanco, Jorge",593871,2022,28,375,445,88,56,16,0,16,95,64,21.3,14.4,".235",".405",".346","0.751","0.170",".269","56","152","3","3","54",".249",".470",".333",".363",".362",".221",".335",,"89","21.7",37.7,29,10.2,38.7,"99.924839571","94.156301183",61.1,6.1,411,962,469,1900,82,100,556,47.9,910,44.3,841,25.7,42.4,46.5,33.1,20.4,284,30.6,34.9
"Refsnyder, Rob",608701,2022,31,153,177,47,30,11,0,6,46,15,26,8.5,".307",".497",".384","0.881","0.190",".394","21","76","1","1","25",".283",".493",".381",".378",".368",".211",".401",,"89.9","13.1",49.1,12,10.9,44.5,"100.556991091","94.660920727",58.9,8.7,100,398,176,732,79.6,45,221,51.2,375,44.1,323,24.8,42.5,39.1,32.7,28.2,110,37.3,24.5
"Stanton, Giancarlo",519317,2022,32,398,452,84,46,7,0,31,137,50,30.3,11.1,".211",".462",".297","0.759","0.251",".227","78","184","0","0","53",".236",".487",".327",".350",".324",".251",".363",,"95","10.8",26.9,51,19.3,52.3,"107.816149318","98.594697985",62.1,7.3,208,1077,450,1841,71,154,531,46.5,855,42.9,789,36.5,43.1,32.6,41.7,25.8,264,47,24.6
"Muñoz, Yairo",622168,2022,27,57,60,12,7,2,0,3,10,3,16.7,5,".211",".404",".250","0.654","0.193",".205","7","23","0","1","7",".230",".341",".283",".269",".269",".111",".279",,"85","1.3",14.9,2,4.3,36.2,"97.975921667","93.119471277",79.8,5.3,15,93,87,208,85.5,12,83,50,104,41.8,87,26,59.1,46.8,31.9,21.3,47,66,17
"Meneses, Joey",608841,2022,30,222,240,72,45,14,0,13,52,15,21.7,6.3,".324",".563",".367","0.930","0.239",".371","34","125","0","1","33",".266",".478",".395",".337",".314",".212",".345",,"91.4","9.5",39,17,9.9,47.1,"101.552249535","95.227615673",66.6,8.1,100,559,243,938,83.6,51,311,49.8,467,41,385,23.3,48.4,34.3,37.8,27.9,172,47.7,23.8
"Higgins, P.J.",664731,2022,29,201,229,46,28,11,1,6,58,22,25.3,9.6,".229",".383",".310","0.693","0.154",".290","30","77","0","0","23",".206",".298",".306",".268",".290",".093",".289",,"86","8.7",34.7,5,3.4,25.5,"95.709141571","91.886405683",61.9,6.7,97,503,253,916,84.6,41,266,47.8,430,44.6,401,27.6,43.1,34.7,35.4,29.9,147,44.9,21.1
"Chirinos, Robinson",455139,2022,38,195,220,35,22,9,0,4,67,19,30.5,8.6,".179",".287",".265","0.552","0.108",".248","22","56","0","1","10",".165",".291",".251",".246",".252",".126",".250",,"84.8","17.6",30.8,9,6.9,33.1,"97.472003281","92.774084488",72,4.9,97,542,178,853,78.1,63,288,46.9,400,42.9,366,33.3,50.3,49.2,35.4,15.4,130,40.8,25.4
"Downs, Jeter",669023,2022,23,39,41,6,4,1,0,1,21,1,51.2,2.4,".154",".256",".171","0.427","0.102",".278","4","10","0","0","4",".141",".198",".184",".161",".163",".058",".298",,"82.9","19",26.3,0,0,21.1,"94.900232","91.820564737",69.8,8,26,94,46,174,68.3,19,60,49.4,86,39.1,68,41.7,55.2,42.1,47.4,10.5,19,36.8,36.8
"Meadows, Austin",640457,2022,27,128,147,32,24,6,2,0,17,16,11.6,10.9,".250",".328",".347","0.675","0.078",".288","11","42","1","0","9",".299",".464",".307",".375",".390",".165",".345",,"87.8","17.2",34.2,7,6.3,39.6,"99.928750727","94.100384273",62.8,8.5,102,315,143,590,91.5,15,177,47.8,282,42.5,251,13.2,41,36,38.7,25.2,111,37.8,24.3
"Bell, Josh",605137,2022,29,552,647,147,98,29,3,17,102,81,15.8,12.5,".266",".422",".362","0.784","0.156",".296","71","233","1","0","78",".267",".428",".344",".347",".364",".162",".325",,"88.9","8.4",30.7,33,7.2,40.8,"100.551357456","94.511584791",68.8,6.4,568,1368,517,2505,83.6,131,804,46.7,1169,45.7,1144,21.7,45.3,37.1,35.7,27.2,456,50.7,19.7
"Dickerson, Alex",543105,2022,32,33,36,4,3,0,0,1,9,3,25,8.3,".121",".212",".194","0.406","0.091",".130","2","7","0","0","3",".211",".408",".189",".295",".276",".198",".290",,"90.1","18.2",33.3,2,8.3,41.7,"100.162001667","94.577181667",67.1,7.3,25,93,29,151,81.6,9,49,48.3,73,43.7,66,29.2,43,50,37.5,12.5,24,37.5,25
"Taylor, Tyrone",621438,2022,28,373,405,87,46,21,3,17,102,22,25.2,5.4,".233",".442",".286","0.728","0.209",".272","51","165","2","3","49",".236",".430",".314",".312",".289",".194",".322",,"88","16.9",34.7,27,9.9,37.6,"99.154219632","93.742033346",68.8,6.8,164,814,471,1522,84.3,84,534,51,776,41.8,636,26.5,50.9,40.9,38.3,20.8,274,38.3,33.2
"Grichuk, Randal",545341,2022,30,506,538,131,88,21,3,19,127,24,23.6,4.5,".259",".425",".299","0.724","0.166",".309","73","215","0","4","60",".230",".388",".315",".288",".273",".158",".307",,"90","8.7",27.3,26,6.8,43.6,"101.601495926","95.066145714",69.4,6.9,189,1168,520,1977,85.8,95,668,48.7,962,42,831,24.7,50.6,33.9,40.2,26,381,50.4,26
"Rios, Edwin",621458,2022,28,86,92,21,13,1,0,7,36,5,39.1,5.4,".244",".500",".293","0.793","0.256",".326","17","43","1","0","12",".225",".469",".338",".314",".275",".244",".386",,"88.5","10.9",46,7,14,40,"99.4546952","93.782557",68.4,7.5,56,156,122,347,71.1,35,121,51,177,43.5,151,34.9,50.4,42,36,22,50,38,34
"Trevino, Jose",624431,2022,29,335,353,83,59,12,1,11,62,15,17.6,4.2,".248",".388",".283","0.671","0.140",".274","43","130","1","2","39",".235",".368",".293",".280",".272",".133",".288",,"87.9","13",31,14,5.1,35,"98.396823259","93.244987844",60.7,6.9,118,658,389,1259,85.1,55,368,48.1,606,42.9,540,21.1,50,35.4,40.5,24.1,274,40.9,27.7
"Brosseau, Mike",670712,2022,28,141,160,36,25,5,0,6,48,14,30,8.8,".255",".418",".344","0.762","0.163",".345","23","59","0","2","15",".214",".375",".338",".304",".308",".161",".325",,"89.1","14.6",34.4,8,8.6,41.9,"98.509374894","93.686113441",66.6,7.3,59,426,184,686,72.4,62,225,49.3,338,46.1,316,31.1,46.9,35.5,39.8,24.7,93,40.9,34.4
"Hernández, Teoscar",606192,2022,29,499,535,133,72,35,1,25,152,34,28.4,6.4,".267",".491",".316","0.807","0.224",".335","77","245","3","6","71",".263",".523",".348",".357",".313",".260",".379",,"92.6","11.6",36.3,52,15,53.3,"103.420419483","96.496717867",69,7.3,211,1139,604,2082,74.9,173,688,47.9,997,40.8,850,35.1,48.8,38.6,34.9,26.5,347,44.4,25.6
"Piscotty, Stephen",572039,2022,31,126,139,24,15,4,0,5,48,9,34.5,6.5,".190",".341",".252","0.593","0.151",".253","14","43","0","2","12",".214",".360",".258",".277",".276",".145",".342",,"90.4","10.4",42.5,5,6.3,46.3,"99.744957","94.282117",75.2,7.2,62,301,162,554,73.5,49,185,44.4,246,41.9,232,41.6,55.1,37.5,41.3,21.3,80,45,20
"Palacios, Jermaine",650339,2022,25,70,77,10,8,0,0,2,27,4,35.1,5.2,".143",".229",".184","0.413","0.086",".186","6","16","0","0","8",".192",".327",".184",".242",".230",".135",".300",,"87.5","4.5",34.8,3,6.5,39.1,"98.38676913","93.33343",78.2,9.6,36,161,85,303,74.8,29,115,48.5,147,40.9,124,35.6,58.4,39.1,39.1,21.7,46,54.3,21.7
"Ruf, Darin",573131,2022,35,334,388,68,45,12,0,11,105,45,27.1,11.6,".204",".338",".307","0.645","0.134",".258","45","113","0","2","52",".218",".386",".291",".315",".320",".169",".315",,"89.2","14.8",34.5,20,8.6,40.5,"100.481181724","94.46914931",56.8,8,143,996,393,1620,80.6,89,458,49.8,807,42.7,692,27.5,40.4,42.2,29.3,28.4,232,41.8,29.7
"Rojas, Miguel",500743,2022,33,471,507,111,84,19,2,6,61,26,12,5.1,".236",".323",".283","0.606","0.087",".258","36","152","3","9","34",".259",".354",".268",".292",".306",".095",".297",,"86.1","10.1",33.1,8,1.9,27.1,"96.249960631","92.126001845",66.2,8,161,1049,527,1816,93.2,40,586,48.7,885,44.3,805,15.8,47.9,32.4,36.5,31.2,414,47.1,19.6
"Torrens, Luis",620443,2022,26,151,166,34,29,2,0,3,50,12,30.1,7.2,".225",".298",".283","0.581","0.073",".310","15","45","0","0","13",".239",".354",".261",".293",".302",".115",".362",,"90.3","8.9",34,5,4.9,46.6,"99.276666863","94.392982059",66.5,8.9,67,359,199,677,84.2,37,234,52,352,43,291,26.7,47,29.1,42.7,28.2,103,46.6,17.5
"Haase, Eric",606992,2022,29,323,351,82,50,17,1,14,97,24,27.6,6.8,".254",".443",".305","0.748","0.189",".316","44","143","0","0","41",".238",".412",".322",".304",".291",".174",".338",,"87.7","17",32.3,20,8.7,42.4,"100.507001491","94.311526476",70.3,6.1,152,698,434,1376,76.7,103,443,45.8,630,41.7,574,32.8,51.4,41.9,33.2,24.9,229,39.7,24.5
"Tovar, Ezequiel",678662,2022,20,33,35,7,5,1,0,1,9,2,25.7,5.7,".212",".333",".257","0.590","0.121",".261","2","11","0","0","2",".247",".398",".261",".302",".290",".151",".340",,"88.6","8.5",37.5,3,12.5,33.3,"98.390343333","93.258712083",82.1,6.3,10,66,36,126,84.8,7,46,44.4,56,35.7,45,32.4,58.7,41.7,33.3,25,24,50,25
"Reyes, Victor",622682,2022,27,315,336,80,55,19,3,3,77,13,22.9,3.9,".254",".362",".289","0.651","0.108",".322","34","114","2","2","27",".261",".382",".284",".297",".296",".121",".341",,"87.9","10.9",35.5,12,5,36.8,"98.899174333","93.571189707",71.5,6.8,232,704,296,1283,75.1,106,426,46.5,596,44,565,27.3,56,38,34.7,27.3,242,45.5,19.4
"Reynolds, Bryan",668804,2022,27,542,614,142,92,19,4,27,141,56,23,9.1,".262",".461",".345","0.806","0.199",".306","62","250","3","7","74",".249",".430",".349",".332",".334",".181",".336",,"90.2","12",35.5,32,7.9,42.9,"100.882578564","94.722792556",73,6.6,458,1243,542,2303,84.1,122,767,45.6,1051,43.4,1000,27.8,50.4,39.2,37.5,23.3,403,43.7,27.8
"Toro, Abraham",647351,2022,25,324,352,60,36,13,1,10,65,22,18.5,6.3,".185",".324",".239","0.563","0.139",".198","35","105","0","2","36",".225",".376",".246",".284",".276",".151",".278",,"87","16.7",31.2,18,6.8,29.7,"97.172547348","92.624451255",64.1,6.5,250,739,297,1340,85.2,63,425,49.5,663,41.9,561,21.6,47.3,42.2,36.1,21.7,263,38.8,35
"Thompson, Trayce",572204,2022,31,219,255,56,28,14,1,13,93,32,36.5,12.5,".256",".507",".353","0.860","0.251",".374","41","111","1","4","36",".250",".511",".370",".370",".349",".261",".429",,"92.2","16.4",45.3,21,16.4,46.9,"103.303449063","96.133570313",66,7.4,125,626,345,1138,71.9,102,363,48.3,550,43.5,495,37.8,43.9,55.5,27.3,17.2,128,31.3,32
"Vogelbach, Daniel",596129,2022,29,386,461,92,54,19,1,18,114,73,24.7,15.8,".238",".433",".360","0.793","0.195",".290","59","167","0","0","47",".235",".447",".349",".354",".359",".212",".335",,"89.4","15.8",38.1,29,10.6,39.9,"99.817658603","94.085066691",45.5,6.9,229,1267,557,2102,86.1,62,447,46.8,983,43.8,920,20.4,32.2,40.7,35.5,23.8,273,38.1,29.7
"Bleday, JJ",668709,2022,24,204,238,34,17,10,2,5,67,30,28.2,12.6,".167",".309",".277","0.586","0.142",".216","16","63","1","4","21",".185",".328",".266",".280",".293",".143",".272",,"86.3","25",37.4,12,8.6,33.8,"97.363228429","92.749834317",71.1,6.4,189,613,211,1029,78.6,75,351,48,494,42,432,27.9,46.7,49.6,32.4,18,139,25.2,38.1
"Kim, Ha-Seong",673490,2022,26,517,582,130,87,29,3,11,100,51,17.2,8.8,".251",".383",".325","0.708","0.132",".290","59","198","2","12","58",".250",".382",".313",".314",".324",".132",".308",,"86.7","16.1",34,18,4.2,32.4,"97.647567656","92.869312734",60.4,8.3,227,1403,642,2359,85.9,104,739,51.9,1223,43.1,1016,19.1,43.3,45.3,35.4,19.3,424,40.8,22.9
"Albies, Ozzie",645277,2022,25,247,269,61,37,16,0,8,47,16,17.5,5.9,".247",".409",".294","0.703","0.162",".270","35","101","5","3","36",".238",".396",".305",".299",".288",".159",".292",,"87.1","16.9",34.8,11,5.4,26.5,"96.497792157","92.315202794",81.2,6.2,197,522,282,1027,84.9,51,337,40.4,415,39.7,408,22.9,58.2,46.6,35.3,18.1,204,38.7,31.9
"Rutschman, Adley",668939,2022,24,398,470,101,52,35,1,13,86,65,18.3,13.8,".254",".445",".362","0.807","0.191",".291","42","177","0","4","70",".243",".417",".354",".341",".354",".174",".309",,"87.9","15.6",35.6,25,7.9,36.8,"99.028130823","93.60531527",61.1,6.4,417,1073,455,2009,88.5,65,563,45.9,922,41.8,840,17.9,40.5,39,40,21,315,40,26.7
"Alfaro, Jorge",595751,2022,29,256,274,63,42,14,0,7,98,11,35.8,4,".246",".383",".285","0.668","0.137",".364","40","98","0","1","25",".236",".411",".291",".298",".276",".175",".379",,"89.4","8",38.5,18,11.2,38.5,"102.020939625","95.196380755",80.8,6.3,126,535,322,1008,71.9,109,388,47.6,480,43.9,443,38,62.6,31.1,41.6,27.3,161,47.2,23
"Mayfield, Jack",608686,2022,31,70,74,13,10,1,1,1,17,3,23,4.1,".186",".271",".230","0.501","0.085",".231","6","19","0","1","8",".187",".255",".224",".219",".231",".068",".247",,"84.5","13.5",24.5,1,1.9,24.5,"93.707298519","91.084710943",64.1,8.6,31,125,84,255,84.1,13,82,50.2,128,45.9,117,25.2,48.2,47.2,24.5,28.3,53,45.3,30.2
"Lee, Korey",686676,2022,23,25,26,4,2,2,0,0,9,1,34.6,3.8,".160",".240",".192","0.432","0.080",".250","4","6","0","0","1",".107",".127",".192",".124",".141",".020",".167",,"83.6","10.5",12.5,0,0,25,"93.26511125","91.043435",76.4,9,7,60,27,100,76.2,10,42,55,55,39,39,30,60,31.3,50,18.8,16,56.3,25
"Springer, George",543807,2022,32,513,583,137,86,22,4,25,100,54,17.2,9.3,".267",".472",".342","0.814","0.205",".285","76","242","2","14","89",".262",".452",".352",".345",".340",".190",".325",,"88.7","13.9",31.8,35,8.4,42.3,"101.320507081","94.768491799",77.4,7.1,290,1240,525,2175,79,173,823,48.9,1063,42,913,28.2,50.9,45.7,32.3,22,418,44.3,24.4
"Fletcher, David",664058,2022,28,216,228,55,43,9,1,2,16,7,7,3.1,".255",".333",".288","0.621","0.078",".268","17","72","0","1","20",".286",".345",".275",".295",".318",".059",".309",,"82.1","15",41.1,0,0,7.4,"91.09124866","89.628919691",60.3,8.6,46,464,172,730,93.2,17,251,57,416,44,321,12.2,48.4,33.2,33.2,33.7,202,37.1,20.3
"Suzuki, Kurt",435559,2022,38,139,159,25,17,4,0,4,29,15,18.2,9.4,".180",".295",".266","0.561","0.115",".194","15","41","0","0","10",".194",".310",".254",".268",".280",".116",".244",,"85.2","24.1",31,4,3.5,26.5,"95.157941429","91.58600375",68.1,10.6,42,346,174,593,87.3,26,205,50.8,301,42.3,251,21.1,48.1,45.1,38.9,15.9,113,30.1,30.1
"Hayes, Ke'Bryan",663647,2022,25,505,560,123,89,24,3,7,122,48,21.8,8.6,".244",".345",".314","0.659","0.101",".307","41","174","5","20","55",".246",".363",".294",".304",".318",".117",".325",,"91","5.2",30.6,15,3.9,46.8,"102.263213822","95.477046745",61.2,7,205,1265,674,2227,89.3,69,647,47.5,1057,42.3,943,20.7,43.3,26,40.8,33.2,385,49.6,17.7
"Olivares, Edward",658668,2022,26,161,174,46,34,8,0,4,36,10,20.7,5.7,".286",".410",".333","0.743","0.124",".344","15","66","3","2","24",".290",".448",".326",".345",".340",".158",".375",,"89.2","6.6",34.9,8,6.3,38.9,"99.966220794","94.23725184",70.1,5.5,79,423,150,689,82.1,42,235,48.6,335,41.2,284,24.9,51.2,43.7,39.7,16.7,126,47.6,19.8
"Wong, Kolten",543939,2022,31,430,497,108,65,24,4,15,88,46,17.7,9.3,".251",".430",".339","0.769","0.179",".280","47","185","6","17","65",".234",".366",".336",".309",".326",".132",".292",,"87","14",33.5,19,5.4,35.5,"97.674374503","92.864768387",64.2,8.2,276,1132,578,2049,86.8,87,658,50,1025,41.4,849,20.4,43.1,41.8,33,25.2,349,43.6,23.5
"Renfroe, Hunter",592669,2022,30,474,522,121,68,23,1,29,121,39,23.2,7.5,".255",".492",".315","0.807","0.237",".281","72","233","1","1","62",".237",".448",".347",".324",".300",".211",".318",,"90.5","17.7",32.7,39,10.9,43.6,"101.645981292","95.173188394",66.2,7,247,1062,624,2027,81.2,117,623,46.4,941,41.3,838,27,47.8,40.5,36,23.5,358,37.4,30.2
"Moreno, Gabriel",672515,2022,22,69,73,22,20,1,0,1,8,4,11,5.5,".319",".377",".356","0.733","0.058",".350","7","26","0","0","10",".271",".356",".326",".296",".311",".085",".307",,"89.2","5.9",29.5,2,3.3,32.8,"97.748776129","93.009237869",61.5,9.4,38,132,75,265,86.8,12,91,55.8,148,44.2,117,19.7,47.9,14.8,45.9,39.3,61,55.7,14.8
"Arcia, Orlando",606115,2022,27,209,234,51,33,9,0,9,51,21,21.8,9,".244",".416",".316","0.732","0.172",".278","30","87","0","0","25",".252",".437",".321",".333",".327",".185",".334",,"90.7","11.7",30,12,7.5,42.5,"100.210780633","94.636873734",63.7,7,64,506,294,920,83.7,46,282,48.2,443,43.4,399,27.3,44.7,41.9,36.3,21.9,160,47.5,28.1
"Kwan, Steven",680757,2022,24,563,638,168,130,25,7,6,60,62,9.4,9.7,".298",".400",".373","0.773","0.102",".323","52","225","5","19","89",".269",".350",".341",".315",".349",".081",".302",,"85.1","11.8",34.6,7,1.4,20.8,"94.219058287","91.134248486",55.1,8.2,343,1659,547,2643,94.5,41,746,51.3,1355,42,1110,9,38.1,28.3,37.7,34,509,42.6,23.6
"Heyward, Jason",518792,2022,32,137,151,28,21,5,1,1,32,11,21.2,7.3,".204",".277",".278","0.555","0.073",".260","10","38","0","1","15",".215",".329",".253",".278",".288",".114",".281",,"87.6","13.1",26.7,5,4.8,38.1,"99.795272642","93.960513048",66.5,7.6,80,307,147,558,77.7,40,179,48.6,269,41.7,231,27.8,48.4,51.4,31.4,17.1,105,45.7,21
"Goldschmidt, Paul",502671,2022,34,561,651,178,102,41,0,35,141,79,21.7,12.1,".317",".578",".404","0.982","0.261",".368","115","324","0","7","106",".262",".503",".419",".372",".357",".242",".349",,"90.8","15.7",31.8,49,11.6,47.4,"102.244608246","95.440152299",59.8,6.7,227,1510,835,2701,78.4,167,774,47.9,1295,43.3,1169,26.8,41.7,36.3,36.3,27.4,424,40.8,28.8
"Vierling, Matt",663837,2022,25,325,357,80,60,12,2,6,70,23,19.6,6.4,".246",".351",".297","0.648","0.105",".290","32","114","4","7","41",".273",".409",".285",".325",".326",".136",".346",,"91.2","12",35.2,13,5,47.1,"101.211212846","94.995167231",59.9,8.3,118,875,364,1404,88,52,434,51.6,725,41.7,585,19.5,44.6,28.4,42.5,29.1,261,41.4,23.4
"Smith, Will",669257,2022,27,508,578,132,79,26,3,24,96,56,16.6,9.7,".260",".465",".343","0.808","0.205",".276","87","236","0","1","68",".256",".498",".349",".358",".340",".242",".314",,"89.9","18.4",36.8,43,10.3,43,"99.764565096","94.188464255",63.7,8.3,219,1303,723,2373,83.9,122,759,50.2,1192,40.8,968,19.3,42.6,36.5,36.8,26.7,416,31.5,37.3
"Rengifo, Luis",650859,2022,25,489,511,129,86,22,4,17,79,17,15.5,3.3,".264",".429",".294","0.723","0.165",".285","52","210","2","6","45",".254",".403",".314",".299",".284",".149",".302",,"86.9","9.9",31.1,22,5.4,33.6,"98.09743639","93.096324743",77.3,7.2,351,886,521,1818,85.9,97,690,49.1,893,41.5,754,21.5,55.7,38.7,44.8,16.5,411,48.2,23.6
"Harrison, Josh",543281,2022,34,386,425,99,71,19,2,7,71,21,16.7,4.9,".256",".370",".317","0.687","0.114",".297","27","143","1","2","50",".233",".348",".305",".289",".298",".115",".287",,"87.4","14.7",32,12,3.8,32.3,"96.783559748","92.431292303",72.9,8.4,123,899,404,1533,82.5,101,577,51.7,792,43.4,665,21.5,54.7,35.1,39.8,25.1,319,43.9,28.2
"McMahon, Ryan",641857,2022,27,529,597,130,84,23,3,20,158,60,26.5,10.1,".246",".414",".327","0.741","0.168",".311","67","219","3","7","67",".244",".435",".326",".333",".326",".191",".347",,"91.7","10.8",36.4,39,10.4,46.5,"102.094383676","95.689199432",63.4,7.5,379,1601,523,2559,79.1,176,843,51.9,1329,44.4,1137,28.2,45.2,35.3,36.4,28.3,374,44.7,27.5
"Pollock, AJ",572041,2022,34,489,527,120,79,26,1,14,98,32,18.6,6.1,".245",".389",".292","0.681","0.144",".278","56","190","1","3","61",".259",".440",".297",".324",".306",".181",".323",,"88.8","11.6",32.9,37,9.4,42,"100.414319188","94.34853632",74.1,7.6,210,935,539,1837,84.8,101,664,48.8,896,42.1,774,24.7,53.6,40.8,35.7,23.5,395,45.3,22
"Blackmon, Charlie",453568,2022,35,530,577,140,96,22,6,16,109,32,18.9,5.5,".264",".419",".314","0.733","0.155",".304","78","222","1","4","60",".257",".387",".317",".304",".309",".130",".323",,"86.2","12.4",36.7,19,4.4,30.6,"97.426435333","92.732128429",70.1,7.8,287,1293,429,2085,83.4,124,748,51.2,1067,43.9,915,21.4,51.5,43,36,21,428,44.4,23.8
"Guthrie, Dalton",656495,2022,26,21,28,7,6,0,0,1,7,6,25,21.4,".333",".476",".500","0.976","0.143",".462","5","10","0","1","3",".236",".343",".437",".362",".427",".107",".354",,"76.8","8.1",50,1,7.1,14.3,"89.103695714","89.921977143",63.5,4.2,8,60,42,120,75.8,8,33,43.3,52,38.3,46,32.7,40.8,21.4,35.7,42.9,14,42.9,14.3
"Walton, Donovan",622268,2022,28,76,78,12,3,8,0,1,16,1,20.5,1.3,".158",".303",".179","0.482","0.145",".186","8","23","0","0","9",".186",".305",".208",".223",".207",".119",".235",,"86.1","7.7",33.3,3,5,31.7,"96.609348667","92.307646667",67.8,8.4,47,154,96,298,93.2,7,103,51,152,43.6,130,17.8,52.7,36.7,38.3,25,60,48.3,26.7
"Brown, Seth",664913,2022,29,500,555,115,61,26,3,25,146,51,26.3,9.2,".230",".444",".305","0.749","0.214",".273","73","222","2","11","55",".249",".472",".323",".342",".322",".222",".352",,"89.2","15.8",34.9,46,13,41.4,"101.723429266","95.001222068",69.7,7.2,456,986,647,2198,82,131,726,47.4,1042,42.6,937,29.6,48.3,40.3,36.1,23.7,355,36.6,30.4
"Plawecki, Kevin",608700,2022,31,168,186,37,28,8,0,1,32,14,17.2,7.5,".220",".286",".286","0.572","0.066",".265","13","48","0","0","15",".228",".316",".259",".275",".295",".087",".282",,"89.3","11.4",28.3,0,0,37.7,"99.158922794","93.839090221",64.9,9.5,68,412,158,698,87.6,28,226,49.9,348,42.7,298,19.9,46.7,37.7,40.6,21.7,138,47.8,21
"Thompson, Bubba",669352,2022,24,170,181,45,39,5,0,1,56,7,30.9,3.9,".265",".312",".302","0.614","0.047",".389","9","53","3","18","18",".179",".248",".274",".212",".220",".069",".267",,"84.8","5.3",21.6,2,1.7,21.6,"95.6266222","91.8214983",79,6.5,61,322,220,647,73.4,68,256,50.1,324,45,291,32.6,58.7,32.8,47.4,19.8,116,58.6,19
"Kennedy, Buddy",671083,2022,23,83,94,18,13,2,2,1,23,8,24.5,8.5,".217",".325",".287","0.612","0.108",".279","12","27","0","0","10",".196",".287",".271",".257",".275",".091",".272",,"88.6","13",38.7,1,1.6,32.3,"96.315206452","92.208401452",61.1,8.8,55,199,91,363,82.2,21,118,53.2,193,43.8,159,21.5,41,30.6,33.9,35.5,62,43.5,25.8
"Stowers, Kyle",669065,2022,24,91,98,23,15,4,1,3,29,5,29.6,5.1,".253",".418",".306","0.724","0.165",".339","11","38","0","0","11",".262",".449",".316",".332",".315",".187",".384",,"91.1","16",38.7,7,11.3,50,"102.094287742","95.636152581",75.8,7.1,59,201,86,368,80.1,28,141,50.5,186,38.9,143,32.8,55.4,40.3,35.5,24.2,62,35.5,25.8
"Dickerson, Corey",572816,2022,33,281,297,75,51,17,1,6,48,12,16.2,4,".267",".399",".300","0.699","0.132",".301","36","112","0","0","28",".262",".379",".303",".294",".296",".117",".314",,"87.8","10.6",32.8,9,3.8,32.8,"97.888667863","93.019717253",76.3,6.8,185,673,186,1083,82.9,70,409,49.5,536,43.7,473,22.8,58.4,35.7,34.5,29.8,235,46.8,20.9
"Moran, Colin",592567,2022,29,109,128,23,15,3,0,5,30,16,23.4,12.5,".211",".376",".305","0.681","0.165",".234","23","41","0","0","11",".235",".405",".300",".325",".330",".170",".319",,"90.4","10.3",30.5,7,8.5,39,"99.499238293","94.098082593",73.6,6.2,73,306,128,530,83.8,28,173,44.3,235,39.4,209,27.7,49.8,47.6,29.3,23.2,82,50,28
"Benson, Will",666181,2022,24,55,61,10,9,1,0,0,19,3,31.1,4.9,".182",".200",".250","0.450","0.018",".278","3","11","0","0","8",".184",".237",".212",".229",".252",".053",".282",,"84.2","10.4",18.9,0,0,27,"96.206221667","92.304290833",60,8.3,48,116,60,229,80.6,14,72,52.4,120,41.9,96,30.6,42.8,40.5,40.5,18.9,37,48.6,18.9
"White, Eli",642201,2022,28,105,117,21,16,2,0,3,41,11,35,9.4,".200",".305",".274","0.579","0.105",".290","10","32","1","12","16",".187",".303",".260",".260",".265",".117",".307",,"86.4","21.5",30.8,3,4.6,29.2,"97.840377143","92.922132679",67.7,8.3,51,244,134,444,69.4,48,157,52.3,232,44.8,199,39.6,46.6,40,23.1,36.9,65,41.5,29.2
"Alvarez, Yordan",670541,2022,25,470,561,144,76,29,2,37,106,78,18.9,13.9,".306",".613",".406","1.019","0.307",".320","97","288","1","1","95",".319",".686",".427",".459",".421",".367",".410",,"95.2","12.3",40.7,78,21,59.8,"105.676985081","98.195923324",63.7,6.6,315,1261,541,2195,87.4,81,643,46,1009,40.9,898,23.5,42.7,39.1,38.8,22.1,371,39.9,30.5
"Collins, Zack",641470,2022,27,97,108,15,7,4,0,4,41,9,38,8.3,".155",".320",".231","0.551","0.165",".208","11","31","0","0","9",".183",".349",".245",".270",".259",".166",".315",,"91","20.1",35.1,5,8.8,40.4,"99.471708621","94.050769123",64.8,8.2,69,278,104,477,74.8,38,151,48.8,233,46.1,220,36.5,41.3,54.4,21.1,24.6,57,28.1,40.4
"Garrett, Stone",656448,2022,26,76,84,21,9,8,0,4,27,3,32.1,3.6,".276",".539",".309","0.848","0.263",".370","10","41","1","3","13",".198",".383",".360",".271",".240",".185",".309",,"92.9","22.8",28,5,10,52,"101.2777156","95.5788512",77.1,5.8,46,164,80,312,69.4,37,121,50.3,157,46.2,144,35,56.7,30,44,26,50,34,32
"Yepez, Juan",660766,2022,24,253,274,64,39,13,0,12,61,16,22.3,5.8,".253",".447",".296","0.743","0.194",".283","30","113","0","0","27",".216",".414",".319",".292",".263",".199",".281",,"86.5","17.1",33.2,18,9.2,33.7,"98.66909102","93.337373827",73.6,8.2,118,565,302,1035,83.7,59,363,47.6,493,39.9,413,26.1,54.5,42.9,37.2,19.9,196,37.8,31.1
"Contreras, Mark",676628,2022,27,58,61,7,3,1,0,3,21,1,34.4,1.6,".121",".293",".148","0.441","0.172",".114","6","17","0","1","9",".196",".440",".189",".305",".233",".244",".321",,"94.9","13.9",28.9,12,31.6,57.9,"104.284496316","97.133628947",83.6,7.7,17,143,32,220,75.3,25,97,52.7,116,43.2,95,32.6,62.7,42.1,31.6,26.3,38,47.4,23.7
"Hensley, David",682073,2022,26,29,34,10,6,2,1,1,6,5,17.6,14.7,".345",".586",".441","1.027","0.241",".409","5","17","0","0","7",".253",".462",".440",".361",".363",".210",".318",,"90.3","-0.4",34.8,1,4.3,39.1,"99.068174167","94.347446087",65.3,5.6,13,95,33,142,74.5,12,47,50.7,72,50.7,72,24.6,40.1,39.1,26.1,34.8,23,52.2,26.1
"Correa, Carlos",621043,2022,27,522,590,152,105,24,1,22,121,61,20.5,10.3,".291",".467",".366","0.833","0.176",".339","64","244","1","0","70",".268",".490",".362",".361",".347",".222",".347",,"89.9","11.6",35.3,46,11.4,44.7,"101.992873251","95.284200765",63.3,7,238,1373,707,2419,84.7,112,734,47.9,1159,42.4,1025,22,44.4,38.5,39.5,22,405,42,25.9
"Muncy, Max",571970,2022,31,464,565,91,47,22,1,21,141,90,25,15.9,".196",".384",".329","0.713","0.188",".227","69","178","0","2","69",".207",".443",".318",".346",".341",".236",".298",,"90.3","20.9",34.3,44,13.4,45.6,"100.488456196","94.680756043",60.4,8.9,345,1254,740,2436,78.8,157,740,50.3,1226,40.4,985,26.1,38.6,48,31.3,20.7,329,32.5,39.5
"Bethancourt, Christian",542194,2022,30,318,333,80,52,17,0,11,80,12,24,3.6,".252",".409",".283","0.692","0.157",".304","34","130","1","5","39",".251",".460",".301",".319",".282",".210",".335",,"90.1","9.4",31.4,28,11.7,44.8,"101.959454237","95.365619619",81,7.4,129,585,316,1106,73.2,119,444,49.5,548,43.4,480,34.7,62.5,35.6,41.4,23,239,46.4,23.8
"Slater, Austin",596103,2022,29,277,325,73,49,15,2,7,89,40,27.4,12.3,".264",".408",".366","0.774","0.144",".361","34","113","1","12","49",".254",".438",".344",".351",".359",".184",".371",,"89","6.6",43.2,20,10.5,39.5,"99.908713548","94.170847514",67.3,6.8,150,757,344,1326,75.9,99,410,45.9,609,41.2,546,31.5,45.2,31.1,42.6,26.3,190,53.7,19.5
"Schoop, Jonathan",570731,2022,30,481,510,97,62,23,1,11,107,19,21,3.7,".202",".322",".239","0.561","0.120",".234","38","155","0","5","48",".228",".356",".245",".275",".267",".128",".294",,"87","9.7",29.1,18,4.8,38.6,"99.967628556","93.993791257",75.2,6.9,170,983,549,1789,81.3,123,656,48.7,872,41.6,745,28.2,55.5,37,39.9,23,378,45.2,20.6
"Heim, Jonah",641680,2022,27,406,450,92,55,20,1,16,87,41,19.3,9.1,".227",".399",".298","0.697","0.172",".249","48","162","0","2","51",".220",".370",".306",".292",".293",".150",".279",,"89.3","17",29.6,22,6.9,39.9,"99.379567107","93.916796887",73,7.3,313,1005,387,1759,84.3,98,626,48.7,857,42.9,755,21.4,50.8,50.5,32.1,17.4,321,38.9,30.8
"Jones, Nolan",666134,2022,24,86,94,21,14,5,0,2,31,8,33,8.5,".244",".372",".309","0.681","0.128",".358","13","32","0","0","10",".251",".457",".297",".330",".315",".205",".393",,"89.3","15.9",49.1,8,14.5,49.1,"101.65603963","95.263844815",62.4,7.8,69,212,105,399,71.1,37,128,51.4,205,41.6,166,29.9,43.6,43.6,40,16.4,55,38.2,25.5
"Castro, Harold",605612,2022,28,420,443,114,84,21,2,7,79,17,17.8,3.8,".271",".381",".300","0.681","0.110",".318","47","160","1","0","37",".272",".433",".297",".317",".302",".161",".336",,"87","11.4",41.6,21,6.1,33.3,"97.109259586","92.622759201",69.3,7.5,297,901,402,1660,86.4,74,543,47.3,784,42.9,711,20,53.7,32.7,35,32.4,346,44.2,25.7
"Olson, Matt",621566,2022,28,616,699,148,70,44,0,34,170,75,24.3,10.7,".240",".477",".325","0.802","0.237",".274","103","294","0","0","86",".243",".481",".344",".347",".329",".238",".336",,"92.9","16.1",33.8,61,13.6,50.9,"103.665099911","96.545680491",73.9,6.7,380,1627,773,2893,76.7,231,991,46.4,1341,41.7,1205,28.9,49.5,38.7,39.3,22,450,39.6,28.4
"Clemens, Kody",665019,2022,26,117,127,17,8,4,0,5,33,8,26,6.3,".145",".308",".197","0.505","0.163",".148","17","36","0","1","13",".200",".351",".220",".260",".248",".151",".273",,"89.4","17.4",26.7,5,5.8,37.2,"98.286138605","93.203562907",71.5,7.3,85,258,150,509,80.3,37,188,51.7,263,44,224,27.4,53,54.7,25.6,19.8,86,38.4,36
"Harper, Bryce",547180,2022,29,370,426,106,59,28,1,18,87,46,20.4,10.8,".286",".514",".364","0.878","0.228",".324","65","190","4","11","63",".284",".542",".369",".381",".365",".258",".368",,"92.1","11.8",37.2,37,12.8,47.9,"102.954593636","96.099964685",82.1,5.6,325,842,381,1594,80.8,111,579,44.2,705,42,669,28.3,56.2,37.9,36.2,25.9,290,42.1,25.9
"Schwindel, Frank",643524,2022,30,271,292,62,43,11,0,8,58,19,19.9,6.5,".229",".358",".277","0.635","0.129",".261","36","97","0","0","23",".228",".363",".278",".280",".279",".135",".291",,"88.1","10.2",31.6,10,4.7,35.5,"98.512789626","93.354396573",73.8,7.4,172,599,332,1138,79.3,83,401,47.8,543,41.8,474,26.5,54.7,42.3,34.4,23.3,215,47.4,21.9
"Thomas, Lane",657041,2022,26,498,548,120,75,26,2,17,132,41,24.1,7.5,".241",".404",".301","0.705","0.163",".291","52","201","4","8","62",".222",".371",".308",".291",".287",".148",".302",,"86.4","12.5",32.6,24,6.5,34.5,"98.449522283","93.255458474",61.4,7.6,192,1379,535,2204,85.4,101,692,51.1,1127,43,947,21.1,44.1,41.8,34.8,23.5,371,45.3,21.3
"Grissom, Vaughn",687093,2022,21,141,156,41,30,6,0,5,34,11,21.8,7.1,".291",".440",".353","0.793","0.149",".350","18","62","2","5","24",".261",".432",".345",".333",".330",".171",".347",,"84.6","9",35.2,8,7.4,34.3,"97.006606667","92.504939352",70.6,6.1,73,321,166,588,84.8,30,197,47.4,279,41.8,246,25.6,51.9,44.4,31.5,24.1,108,44.4,24.1
"Soler, Jorge",624585,2022,30,270,306,56,30,13,0,13,90,31,29.4,10.1,".207",".400",".295","0.695","0.193",".256","34","108","2","0","32",".225",".449",".305",".329",".312",".224",".338",,"91.2","13.7",33.1,22,12.2,43.6,"103.631341","96.127923222",69.2,6.6,139,608,483,1276,76.9,95,411,46.6,594,42.6,544,31.5,46,49.7,34.3,16,181,43.1,27.6
"Andujar, Miguel",609280,2022,27,132,140,31,24,5,1,1,27,5,19.3,3.6,".235",".311",".257","0.568","0.076",".280","17","41","1","4","13",".250",".357",".247",".284",".280",".107",".317",,"84.4","9.2",34.3,4,3.7,31.5,"97.706368148","92.953611028",66,7.6,67,259,155,511,83.4,26,157,46.6,238,43.6,223,23.4,51.9,34.3,42.6,23.1,108,40.7,19.4
"Waters, Drew",671221,2022,23,96,109,23,11,6,1,5,40,12,36.7,11,".240",".479",".324","0.803","0.239",".353","18","46","0","0","14",".196",".386",".347",".296",".285",".191",".335",,"84.1","10.4",41.1,7,12.5,28.6,"96.323792143","92.407147857",69.9,6.5,53,284,90,433,75.3,36,146,48.3,209,45.7,198,32.8,47.1,39.3,33.9,26.8,56,48.2,28.6
"Pinto, René",650907,2022,25,80,83,17,12,3,0,2,35,2,42.2,2.4,".212",".325",".241","0.566","0.113",".349","10","26","0","0","5",".192",".298",".249",".228",".221",".106",".341",,"89.1","12.6",20,2,4.4,42.2,"100.210100435","94.321997111",74.8,8.9,24,188,83,325,73,33,122,50.2,163,41.5,135,36.8,56,17.8,64.4,17.8,45,48.9,31.1
"Stephenson, Tyler",663886,2022,25,166,183,53,38,9,0,6,47,12,25.7,6.6,".319",".482",".372","0.854","0.163",".409","35","80","0","1","24",".254",".397",".370",".316",".317",".143",".356",,"87.1","11.1",46.3,8,6.6,34.7,"97.521469508","92.827161901",62,7.7,78,408,205,732,82.4,40,227,50,366,45.8,335,27,43.6,46.3,34.7,19,121,40.5,18.2
"Solak, Nick",669256,2022,27,82,95,17,13,1,0,3,19,7,20,7.4,".207",".329",".309","0.638","0.122",".233","4","27","2","3","14",".243",".425",".291",".339",".339",".183",".316",,"86.7","5.7",28.1,5,7.8,34.4,"98.943208065","93.471604032",59.3,10.1,36,200,101,357,80.4,22,112,52.9,189,41.2,147,23.8,42.3,40.6,37.5,21.9,64,57.8,21.9
"Burdick, Peyton",680814,2022,25,92,102,19,11,4,0,4,35,8,34.3,7.8,".207",".380",".284","0.664","0.173",".283","11","35","0","1","8",".203",".401",".294",".299",".281",".198",".327",,"90","18",35.1,6,10.5,38.6,"100.275255357","94.431755179",77.9,9.5,39,267,75,401,77,34,148,47.4,190,44.9,180,33.6,52.6,35.1,33.3,31.6,57,31.6,33.3
"Bellinger, Cody",641355,2022,26,504,550,106,57,27,3,19,150,38,27.3,6.9,".210",".389",".265","0.654","0.179",".255","68","196","3","14","70",".213",".370",".284",".284",".272",".156",".304",,"89.4","20.3",34.4,30,8.3,38.1,"98.149983833","93.243694234",68.2,7.3,324,1337,558,2301,77.6,175,782,49.8,1147,44.5,1025,27.2,49.9,45.8,33.1,21.1,360,35.6,32.8
"Wade, Tyler",642180,2022,27,147,163,32,26,5,0,1,33,10,20.2,6.1,".218",".272",".272","0.544","0.054",".274","8","40","5","8","22",".218",".286",".247",".254",".273",".068",".282",,"83.9","11.5",37,2,1.7,16,"93.738133673","91.012158454",67.2,7.2,102,391,120,628,86.2,30,217,51.4,323,43,270,20.9,47.1,32.8,38.7,28.6,119,49.6,20.2
"Grisham, Trent",663757,2022,25,451,524,83,48,16,2,17,150,57,28.6,10.9,".184",".341",".284","0.625","0.157",".231","53","154","1","7","58",".203",".370",".280",".298",".301",".167",".302",,"88.3","15.1",25.5,25,8.1,35.5,"99.46593125","93.84436934",56.1,8,319,1398,439,2219,80.4,124,633,50.9,1129,44.9,996,26.2,38.7,43.5,31.6,24.8,310,46.1,30
"Edman, Tommy",669242,2022,27,577,630,153,105,31,4,13,111,46,17.6,7.3,".265",".400",".324","0.724","0.135",".308","57","231","3","32","95",".257",".398",".318",".314",".317",".141",".318",,"88.6","8.7",31.6,29,6.2,37.8,"98.931648319","93.598664536",64,6.4,443,1366,454,2328,88.2,86,729,48.9,1139,44.6,1039,20.6,47,37.8,38.7,23.5,468,49.4,20.5
"Suárez, Eugenio",553993,2022,30,543,629,128,71,24,2,31,196,73,31.2,11.6,".236",".459",".332","0.791","0.223",".302","87","249","0","0","76",".220",".473",".344",".344",".321",".253",".343",,"89.8","19.9",36.4,52,14.8,43.5,"100.691818466","94.681885812",63.6,7.9,244,1478,726,2617,76,193,804,48.3,1265,41.8,1095,33.1,41.8,44.3,31.3,24.4,352,34.1,39.2
"Casali, Curt",592200,2022,33,148,176,30,21,4,0,5,50,24,28.4,13.6,".203",".331",".318","0.649","0.128",".263","17","49","0","0","20",".187",".330",".295",".288",".307",".143",".279",,"87.1","25.4",35,6,6,39,"98.0141006","93.131572828",71.2,7,81,450,224,783,78.2,62,284,51,399,43.7,342,27.3,47.6,46,31,23,100,28,36
"Bart, Joey",663698,2022,25,261,291,56,39,6,0,11,112,26,38.5,8.9,".215",".364",".296","0.660","0.149",".326","25","95","1","2","34",".211",".379",".294",".298",".293",".167",".371",,"87.3","16.3",32.2,15,10.1,43,"101.289725342","94.721199726",63.4,7.2,130,662,286,1161,70.9,107,368,50,580,43.6,506,38,47.2,51.7,24.8,23.5,149,44.3,24.2
"O'Neill, Tyler",641933,2022,27,334,383,76,50,11,1,14,103,38,26.9,9.9,".228",".392",".308","0.700","0.164",".277","58","131","4","14","56",".233",".430",".307",".329",".318",".197",".335",,"89.8","13.6",36.6,27,11.3,43.3,"101.028153782","94.805530169",68,7.5,173,824,501,1594,76.6,123,525,48.4,772,41.9,668,30.9,46.3,42,35.7,22.3,238,42.4,25.2
"Nido, Tomás",621512,2022,28,284,313,68,50,15,0,3,76,14,24.3,4.5,".239",".324",".276","0.600","0.085",".314","28","92","0","0","31",".235",".383",".265",".285",".273",".148",".320",,"86.3","8.3",40.1,14,6.3,33.3,"97.78503301","92.921847902",81.6,6.5,137,598,282,1067,71,118,407,46.8,499,44,470,34.4,60.5,26.6,43.7,29.7,222,53.2,19.4
"Hoerner, Nico",663538,2022,25,481,517,135,98,22,5,10,57,28,11,5.4,".281",".410",".327","0.737","0.129",".300","55","197","2","20","60",".273",".384",".320",".309",".321",".111",".310",,"87.2","10.6",32.4,11,2.6,33.5,"97.678971875","92.920531108",65.1,7.5,246,916,562,1831,92.7,42,578,49.1,888,42.8,773,14.2,49.2,33.6,35.2,31.2,426,46.5,24.2
"Harris II, Michael",671739,2022,21,414,441,123,74,27,3,19,107,21,24.3,4.8,".297",".514",".339","0.853","0.217",".361","64","213","2","20","75",".266",".475",".368",".339",".310",".208",".360",,"89.5","4.5",32.8,31,10.1,45.1,"102.581692941","95.614748459",67.2,7.1,231,898,470,1655,84.3,83,528,47.5,786,43.7,723,28.1,52.4,32.1,43.5,24.4,308,55.8,17.9
"Bride, Jonah",681146,2022,26,162,187,33,28,4,0,1,32,19,17.1,10.2,".204",".247",".301","0.548","0.043",".246","6","40","0","1","17",".215",".311",".257",".285",".313",".096",".268",,"86.9","11.5",31.8,2,1.5,31.1,"96.774698182","92.509176031",47.3,7.5,88,428,222,797,89.1,20,184,48.8,389,41.9,334,17.1,35.9,40.2,36.4,23.5,132,46.2,21.2
"Almonte, Abraham",501659,2022,33,35,37,9,6,2,0,1,12,1,32.4,2.7,".257",".400",".297","0.697","0.143",".364","2","14","0","1","7",".195",".332",".306",".251",".239",".136",".297",,"88.1","14.6",34.8,1,4.3,30.4,"97.3089975","92.870767391",54.4,9.2,32,72,41,152,81.4,8,43,52,79,36.2,55,27.1,38.8,30.4,47.8,21.7,23,39.1,21.7
"Papierski, Michael",657709,2022,26,91,103,13,11,1,0,1,26,10,25.2,9.7,".143",".187",".228","0.415","0.044",".188","4","17","0","0","7",".171",".213",".197",".219",".253",".042",".240",,"77.4","12.2",28.4,0,0,9,"88.340397273","89.381348308",56.1,10.5,60,246,100,409,88.3,14,120,52.3,214,44.3,181,19.1,43.5,38.8,37.3,23.9,67,47.8,19.4
"MacKinnon, David",676950,2022,27,50,57,7,7,0,0,0,17,6,29.8,10.5,".140",".140",".228","0.368","0.000",".206","6","7","0","0","2",".208",".285",".181",".261",".288",".078",".306",,"85","8.2",26.5,1,2.9,20.6,"95.337789412","91.668894706",59.7,11.5,38,138,62,252,83.8,12,74,49.2,124,38.9,98,24.1,44.4,38.2,44.1,17.6,34,50,20.6
"Cordero, Franchy",614173,2022,27,242,275,53,27,17,1,8,92,28,33.5,10.2,".219",".397",".300","0.697","0.178",".313","29","96","1","4","36",".226",".419",".304",".317",".308",".193",".362",,"89.7","12.7",39,19,12.3,45.5,"103.480728533","95.902442667",69.7,7,187,625,227,1091,72.7,97,355,46.7,509,41.8,456,37.3,48.9,40.3,34.4,25.3,154,39.6,27.9
"Kreidler, Ryan",668952,2022,24,73,84,13,11,1,0,1,22,6,26.2,7.1,".178",".233",".244","0.477","0.055",".231","6","17","1","0","8",".210",".353",".218",".277",".275",".143",".293",,"88.2","14.8",34.5,4,7.3,32.7,"96.201781111","92.261975094",72.3,5.4,43,165,135,354,82,23,128,50,177,39.3,139,27.6,49.2,40,41.8,18.2,55,41.8,38.2
"Call, Alex",669743,2022,27,114,131,27,18,3,1,5,30,15,22.9,11.5,".237",".412",".336","0.748","0.175",".278","13","47","3","3","18",".211",".302",".332",".284",".313",".092",".286",,"86.3","18.4",29.8,1,1.2,31,"96.200864048","92.155563976",62.4,8.6,39,341,155,570,81.8,33,181,50.9,290,42.8,244,24.8,44.6,48.8,34.5,16.7,84,38.1,31
"Hernández, Enrique",571771,2022,30,361,402,80,50,24,0,6,71,34,17.7,8.5,".222",".338",".291","0.629","0.116",".257","45","122","2","0","48",".235",".366",".280",".298",".305",".132",".292",,"87.8","17.3",33.3,17,5.8,35,"98.797690959","93.474506164",70.7,6.4,142,795,423,1490,85.5,72,495,47,700,41.6,620,24.6,47.7,43.5,34,22.4,294,39.8,22.1
"Duran, Jarren",680776,2022,25,204,223,45,25,14,3,3,63,14,28.3,6.3,".221",".363",".283","0.646","0.142",".302","17","74","1","7","23",".220",".367",".284",".286",".282",".146",".317",,"89.3","7.6",27.5,11,7.7,38,"99.170221176","93.807350882",68.9,7.5,141,527,190,881,82.9,51,299,49.3,434,44.9,396,28.2,49.9,30.3,43,26.8,142,54.2,24.6
"Moncada, Yoán",660162,2022,27,397,433,84,53,18,1,12,114,32,26.3,7.4,".212",".353",".273","0.626","0.141",".265","51","140","0","2","41",".217",".389",".275",".291",".279",".172",".305",,"88.7","15.7",35.1,28,9.8,37.5,"99.519949858","93.912687082",66,7.9,302,967,407,1725,81.5,105,569,50,862,42.9,739,27.8,47.1,34.7,41.1,24.2,285,39.3,32.6
"Bader, Harrison",664056,2022,28,292,313,73,55,10,3,5,62,15,19.8,4.8,".250",".356",".294","0.650","0.106",".300","30","104","3","17","38",".232",".333",".286",".272",".278",".101",".293",,"83.4","16.7",28.4,8,3.4,26.3,"96.180596034","92.143730991",64.6,6.8,110,575,426,1187,89,38,345,45,534,40.6,482,22.3,48,34.5,46.1,19.4,232,41.4,25
"Myers, Wil",571976,2022,31,261,286,68,46,15,0,7,86,21,30.1,7.3,".261",".398",".315","0.713","0.137",".357","41","104","1","2","29",".222",".379",".311",".289",".282",".157",".330",,"88.5","13",37.6,13,7.3,37.6,"98.804888523","93.5431",61.5,8,125,609,367,1160,76.6,82,351,49.2,571,44.1,512,31.2,45.3,35.4,34.8,29.8,178,41.6,26.4
"Berti, Jon",542932,2022,32,358,404,86,62,17,3,4,89,42,22,10.4,".240",".338",".324","0.662","0.098",".308","28","121","5","41","47",".238",".370",".298",".311",".323",".132",".317",,"88","4.7",30.7,16,5.9,37,"98.782159778","93.452015688",65.5,8.6,101,1032,369,1570,83.1,89,528,51.3,806,42.5,668,24.5,44.5,30,40.7,29.3,270,53,21.5
"Castro, Jason",488771,2022,35,78,88,9,6,2,0,1,40,8,45.5,9.1,".115",".179",".205","0.384","0.064",".211","3","14","0","1","6",".157",".276",".183",".234",".242",".119",".314",,"88.6","10",35.9,2,5.1,35.9,"98.6215215","93.447724615",69.2,9.5,53,210,87,369,61.9,48,126,49.3,182,42.8,158,42.4,48,41,35.9,23.1,39,48.7,33.3
"Kepler, Max",596146,2022,29,388,446,88,60,18,1,9,66,49,14.8,11,".227",".348",".318","0.666","0.121",".249","43","135","2","3","54",".264",".428",".298",".342",".351",".164",".315",,"89.1","11.2",31.9,23,7.1,39.9,"100.09058546","94.217393221",70.6,7.6,253,881,465,1656,87.5,70,562,48.1,796,43.9,726,20,46.1,41.7,34.4,23.9,326,46.6,24.5
"Gurriel, Yuli",493329,2022,38,545,584,132,84,40,0,8,73,30,12.5,5.1,".242",".360",".288","0.648","0.118",".266","53","196","0","8","53",".239",".329",".285",".275",".286",".090",".276",,"88.2","14.6",30.3,9,1.9,35.6,"98.291200127","93.270425297",63.1,6.6,232,1220,543,2116,91.8,53,646,48.3,1023,46.6,986,14.3,48.5,29.5,39.4,31.2,475,41.7,24.6
"Contreras, Willson",575929,2022,30,416,487,101,54,23,2,22,103,45,21.1,9.2,".243",".466",".349","0.815","0.223",".270","55","194","2","4","65",".255",".480",".357",".369",".362",".225",".340",,"90.4","8.5",30.2,33,10.5,48.6,"103.238284065","96.034015696",73.1,7,262,1005,470,1825,79.1,126,602,45.8,824,41.6,750,31,50.6,40.3,36.2,23.5,315,51.1,22.9
"Judge, Aaron",592450,2022,30,570,696,177,87,28,0,62,175,111,25.1,15.9,".311",".686",".425","1.111","0.375",".340","131","391","3","16","133",".304",".732",".458",".468",".421",".428",".435",,"95.9","15",39,106,26.5,61.9,"107.110072714","99.053359221",66.1,6.9,457,1484,764,2906,79.7,178,878,45.7,1328,42.3,1228,29.8,42.7,47.3,31.5,21.3,400,37,38.3
"Jeffers, Ryan",680777,2022,25,212,236,44,26,10,1,7,62,23,26.3,9.7,".208",".363",".285","0.648","0.155",".259","27","77","0","0","25",".217",".457",".287",".324",".294",".241",".307",,"88.2","18.2",35.8,20,13.2,42.4,"101.152073919","94.809587415",66.8,7.4,77,515,302,948,83.1,53,314,49.6,470,42.3,401,22.6,46.2,38.4,35.1,26.5,151,37.7,33.8
"Lindor, Francisco",596019,2022,28,630,706,170,114,25,5,26,133,59,18.8,8.4,".270",".449",".339","0.788","0.179",".301","107","283","6","16","98",".253",".439",".342",".333",".325",".187",".319",,"89.3","13.8",29.2,42,8.3,41.3,"99.740565418","94.14308743",68.1,6.7,392,1614,739,2829,85.6,130,902,46.8,1324,43.3,1225,22.9,47.8,38.3,37.5,24.2,504,43.5,27.6
"Gregorius, Didi",544369,2022,32,214,232,45,31,9,4,1,36,13,15.5,5.6,".210",".304",".263","0.567","0.094",".246","19","65","0","1","17",".239",".344",".251",".282",".291",".105",".286",,"84.5","15.8",33.3,5,2.8,22.8,"94.452718539","91.340268249",81.6,7.6,152,458,202,827,87,42,323,47.9,396,42.6,352,24,60.5,32.8,42.8,24.4,180,41.7,26.7
"Estrada, Thairo",642731,2022,26,488,541,127,89,22,2,14,89,33,16.5,6.1,".260",".400",".322","0.722","0.140",".290","62","195","6","21","71",".246",".362",".317",".302",".313",".116",".302",,"86.2","8.1",31.6,18,4.4,31.1,"97.092146345","92.54814231",67.2,6.5,203,1131,509,1945,88,76,633,48.4,942,45.7,888,20.3,49.2,40,37.5,22.5,405,51.4,20.5
"Simmons, Andrelton",592743,2022,32,75,85,13,12,1,0,0,13,7,15.3,8.2,".173",".187",".244","0.431","0.014",".210","7","14","0","4","8",".160",".194",".204",".203",".234",".035",".195",,"81.4","1.1",20,0,0,10.8,"90.980371333","89.957394833",64.4,9.4,33,169,84,298,87.2,12,94,49,146,43,128,17.8,49,38.5,41.5,20,65,66.2,10.8
"Azocar, José",640492,2022,26,202,216,52,40,9,3,0,44,12,20.4,5.6,".257",".332",".298","0.630","0.075",".327","10","67","6","5","24",".243",".330",".278",".278",".287",".087",".313",,"88.3","9.4",31.3,4,2.5,30.6,"97.407050789","92.782399276",76,7.6,103,428,209,768,82.9,46,269,46.1,354,41.1,316,24.1,55.7,20,45,35,160,51.2,24.4
"Mountcastle, Ryan",663624,2022,25,555,609,139,88,28,1,22,154,43,25.3,7.1,".250",".423",".305","0.728","0.173",".303","85","235","1","4","62",".274",".522",".316",".363",".329",".248",".376",,"91.3","15.9",39.5,61,15,46.3,"101.941494208","95.335163391",79.1,6.1,226,1253,708,2340,78,181,824,44.5,1042,41.3,966,29.8,56.2,32.1,37.5,30.4,408,37.3,32.1
"Crawford, J.P.",641487,2022,27,518,603,126,93,24,3,6,80,68,13.3,11.3,".243",".336",".339","0.675","0.093",".275","42","174","2","3","57",".256",".346",".306",".318",".353",".090",".303",,"85.1","8.9",32.4,9,2,29.7,"96.663647706","92.35483867",61.9,6.7,338,1496,552,2477,90.8,71,770,50.2,1244,43.7,1082,14.3,41.3,33.7,39.3,27,445,46.5,18.2
"Palacios, Joshua",641943,2022,26,47,49,10,8,2,0,0,15,1,30.6,2,".213",".255",".245","0.500","0.042",".313","2","12","0","1","8",".206",".249",".225",".220",".238",".044",".302",,"81.3","4.9",28.1,0,0,31.3,"93.297935","91.528613125",72.9,9.1,23,120,63,209,79.5,16,78,51.2,107,46.4,97,26.1,55,31.3,28.1,40.6,32,50,12.5
"Camargo, Johan",622666,2022,28,152,166,36,30,3,0,3,37,13,22.3,7.8,".237",".316",".297","0.613","0.079",".295","15","48","0","0","8",".224",".314",".276",".269",".285",".090",".296",,"86.4","11.6",37.1,3,2.6,27.6,"96.285072982","92.157890439",68.1,6.1,153,402,139,718,80.8,41,213,43.6,313,42.8,307,24.9,48.7,41.4,33.6,25,116,43.1,22.4
"Anderson, Tim",641313,2022,29,332,351,100,81,13,0,6,55,14,15.7,4,".301",".395",".339","0.734","0.094",".347","25","131","0","13","50",".298",".450",".323",".342",".336",".152",".357",,"88.2","3.3",37.5,16,5.8,41.2,"98.957560507","93.5528044",75.8,7.3,95,640,345,1145,84.5,64,413,47.6,545,44.1,505,23.2,57.9,31,39,30,277,55.2,17
"Stefanic, Michael",683021,2022,26,61,69,12,10,2,0,0,12,5,17.4,7.2,".197",".230",".279","0.509","0.033",".245","0","14","0","0","5",".218",".290",".239",".270",".298",".072",".271",,"84.8","5",28,1,2,22,"93.49606","90.955379592",58.5,4.8,14,148,70,251,87.3,10,79,53.8,135,43.8,110,19.2,41.4,22,50,28,50,56,20
"Almora Jr., Albert",546991,2022,28,215,235,48,32,10,1,5,46,17,19.6,7.2,".223",".349",".282","0.631","0.126",".261","29","75","2","3","26",".234",".313",".279",".273",".293",".079",".298",,"84","6.7",29.8,3,1.8,25.4,"95.828660964","91.938692242",67.8,6,94,468,234,846,83,46,270,47.9,398,42.6,354,23.6,51.5,42.1,37.4,20.5,171,50.9,18.1
"Bouchard, Sean",656248,2022,26,74,97,22,13,6,0,3,25,21,25.8,21.6,".297",".500",".454","0.954","0.203",".404","11","37","0","0","9",".245",".362",".417",".364",".422",".117",".378",,"89.8","15.3",44,1,2,40,"100.2424568","94.5028188",57.2,8.9,37,244,113,418,77.4,26,115,48.1,201,44.3,185,27.8,37.8,48,30,22,50,38,26
"Cain, Lorenzo",456715,2022,36,145,156,26,20,5,0,1,36,8,23.1,5.1,".179",".234",".231","0.465","0.055",".229","9","34","2","2","17",".201",".260",".212",".234",".251",".059",".266",,"87.9","3.8",21.8,0,0,36.4,"99.010785455","93.632816636",73.7,6.7,82,368,160,623,82.6,40,230,50.1,312,42.7,266,25.8,53,34.5,41.8,23.6,110,59.1,15.5
"Hosmer, Eric",543333,2022,32,380,419,102,75,19,0,8,64,37,15.3,8.8,".268",".382",".334","0.716","0.114",".304","44","145","0","0","38",".253",".377",".313",".308",".323",".124",".306",,"88.4","3.1",29.3,18,5.7,39.7,"101.224912803","94.690963706",67,7,192,956,424,1617,90.1,49,496,45.8,740,41.7,675,18.9,49,36,39.4,24.6,317,57.1,15.1
"McKinney, Billy",641856,2022,27,52,57,5,3,1,0,1,16,4,28.1,7,".096",".173",".158","0.331","0.077",".111","4","9","0","0","3",".155",".251",".144",".201",".213",".096",".220",,"83.8","17.4",29.7,2,5.4,21.6,"94.801226111","91.441268889",59.5,8.2,50,131,64,256,83.3,13,78,51.2,131,40.2,103,27.8,42.2,32.4,43.2,24.3,37,40.5,35.1
"Henderson, Gunnar",683002,2022,21,116,132,30,18,7,1,4,34,16,25.8,12.1,".259",".440",".348","0.788","0.181",".333","18","51","1","1","12",".247",".442",".343",".339",".338",".195",".350",,"92.4","2",25.6,8,9.8,53.7,"103.04003561","96.431520488",66.4,5.9,74,289,140,539,78.5,37,172,48.1,259,42.7,230,26.6,41.2,40.2,29.3,30.5,82,57.3,15.9
"Rosario, Amed",642708,2022,26,637,670,180,134,26,9,11,111,25,16.6,3.7,".283",".403",".312","0.715","0.120",".326","71","257","4","18","86",".274",".402",".311",".311",".306",".128",".333",,"88.4","5",31.1,24,4.5,38.3,"99.690201132","93.991990529",67,7.4,195,1320,710,2395,84.6,120,779,48.6,1163,42.6,1021,21,53.1,30.4,40.6,29.1,530,52.5,16.8
"Ohtani, Shohei",660271,2022,27,586,666,160,90,30,6,34,161,72,24.2,10.8,".273",".519",".356","0.875","0.246",".320","95","304","9","11","90",".274",".569",".370",".387",".357",".296",".375",,"92.9","12.1",35,72,16.8,49.8,"103.823624272","96.520363788",72.1,6.8,535,1318,577,2546,76.9,203,877,47.8,1217,44.6,1135,28.1,49.3,36,36.2,27.8,428,43,30.1
"Davis, Jonathan",641505,2022,30,76,91,17,16,1,0,0,26,14,28.6,15.4,".224",".237",".344","0.581","0.013",".340","4","18","1","7","9",".223",".281",".278",".293",".344",".058",".339",,"84.6","2.8",33.3,0,0,21.6,"95.4263956","91.7385968",57.1,8,22,233,105,376,81.4,21,113,52.7,198,43.9,165,25,41.5,41.2,43.1,15.7,51,56.9,13.7
"Beer, Seth",666179,2022,25,111,126,21,17,3,0,1,31,11,24.6,8.7,".189",".243",".278","0.521","0.054",".250","9","27","0","0","4",".211",".331",".239",".280",".298",".120",".291",,"85.9","10.7",33.3,3,3.7,29.6,"97.17208925","92.66727557",69.4,7.7,61,262,135,469,76.7,37,159,48.8,229,44.3,208,28.7,47.5,35.8,39.5,24.7,81,46.9,19.8
"Stevenson, Cal",670276,2022,25,60,71,10,7,3,0,0,23,8,32.4,11.3,".167",".217",".261","0.478","0.050",".263","1","13","1","1","5",".208",".310",".224",".276",".298",".103",".330",,"87.6","10.6",32.5,2,5,32.5,"97.164706842","92.732142895",57.4,9.2,55,162,57,294,78.8,18,85,50.3,148,45.6,134,26.3,38.8,35,50,15,40,47.5,17.5
"Seager, Corey",608369,2022,28,593,663,145,87,24,1,33,103,58,15.5,8.7,".245",".455",".317","0.772","0.210",".242","83","270","0","3","91",".278",".524",".331",".373",".349",".246",".336",,"91.1","13.6",38.4,52,10.5,45.5,"101.598305628","95.219542252",80.7,7.5,423,1048,667,2268,85.1,130,875,47.8,1084,42.9,973,26.5,54.5,39.6,35.6,24.8,495,40.2,30.3
"De La Cruz, Bryan",650559,2022,25,329,355,83,50,20,0,13,90,19,25.4,5.4,".252",".432",".294","0.726","0.180",".304","43","142","0","4","38",".285",".516",".313",".360",".325",".231",".388",,"90.8","9.8",43.6,29,11.9,47.3,"101.407773607","95.226009918",70.7,5.7,156,766,405,1387,78.7,95,447,45.6,632,43.3,600,28.7,49.2,38.7,40.3,21,243,42.4,24.7
"Ward, Taylor",621493,2022,28,495,564,139,92,22,2,23,120,60,21.3,10.6,".281",".473",".360","0.833","0.192",".325","65","234","3","5","73",".265",".488",".362",".363",".349",".224",".350",,"90","15.8",41.8,47,12.4,42.9,"100.184571947","94.439550026",62.3,7,199,1328,616,2297,83.9,115,716,50.1,1150,44.3,1018,22.3,41.4,38.4,36.1,25.5,380,35.5,31.3
"Gordon, Nick",624503,2022,26,405,443,110,69,28,4,9,105,19,23.7,4.3,".272",".427",".316","0.743","0.155",".340","50","173","4","6","45",".259",".479",".321",".336",".306",".220",".346",,"90.6","12.5",36.6,29,9.4,44.7,"99.949105229","94.408223268",78.6,6.6,216,910,370,1550,79.6,127,623,51.2,793,43.3,671,28,59.4,41.1,32.7,26.2,309,42.1,29.8
"Bolt, Skye",621450,2022,28,106,116,21,15,2,0,4,30,7,25.9,6,".198",".330",".259","0.589","0.132",".233","13","35","0","5","10",".199",".340",".261",".266",".261",".140",".276",,"89.2","9.3",29.9,4,5.2,35.1,"98.380471053","93.373823467",67.4,7.7,79,223,147,483,78,35,159,48.9,236,40.4,195,28.9,47.2,37.7,40.3,22.1,77,48.1,24.7
"Murphy, Sean",669221,2022,27,537,612,134,77,37,2,18,124,56,20.3,9.2,".250",".426",".332","0.758","0.176",".290","66","229","0","1","67",".252",".453",".331",".346",".337",".202",".328",,"88.7","11.5",34.7,44,10.5,41.4,"101.085158756","94.706891435",71.1,7.8,263,1222,761,2372,82.7,139,805,47.8,1133,43.9,1042,24,49.3,39.7,36.6,23.7,418,42.1,23.4
"Herrera, Jose",645444,2022,25,111,124,21,19,2,0,0,34,9,27.4,7.3,".189",".207",".250","0.457","0.018",".273","5","23","0","0","9",".152",".182",".213",".186",".216",".030",".219",,"84.7","3",23.5,0,0,11.1,"92.613748158","90.421960667",60.5,8.2,89,265,107,475,83,25,147,51.2,243,47.6,226,23.5,42.1,43.2,34.6,22.2,81,65.4,11.1
"Tucker, Kyle",663656,2022,25,544,609,140,81,28,1,30,95,59,15.6,9.7,".257",".478",".330","0.808","0.221",".261","107","260","4","25","71",".263",".510",".348",".362",".337",".247",".320",,"90","19",34.4,46,10.2,42.4,"100.332560357","94.468288036",80.2,6.1,369,1216,565,2262,86.6,120,893,49.2,1114,43.3,980,20,52.7,41.9,34.8,23.3,451,34.4,37.7
"Senzel, Nick",669222,2022,27,373,420,86,68,13,0,5,76,30,18.1,7.1,".231",".306",".296","0.602","0.075",".276","25","114","5","8","45",".250",".366",".272",".303",".314",".116",".314",,"87.2","11.7",35,10,3.3,33.9,"97.72590723","92.94147061",68.2,8,136,876,383,1473,85.3,72,489,49.1,717,40.7,594,21.8,47.7,38,36.3,25.7,300,46.3,24.3
"Cabrera, Oswaldo",665828,2022,23,154,171,38,23,8,1,6,44,15,25.7,8.8,".247",".429",".312","0.741","0.182",".305","19","66","2","3","21",".219",".373",".322",".290",".287",".153",".305",,"86.8","21.5",41.1,7,6.3,34.8,"97.586874909","92.793437455",73.1,8.9,140,392,136,716,82.2,44,247,47.2,338,42.7,306,26.9,52.4,34.8,38.4,26.8,112,30.4,36.6
"Gamel, Ben",592325,2022,30,371,423,86,55,20,2,9,98,48,23.2,11.3,".232",".369",".324","0.693","0.137",".291","46","137","1","5","42",".244",".388",".308",".321",".336",".144",".332",,"88.8","11.3",38,17,6.2,37.6,"99.298905","93.815298881",64.9,7.7,265,974,425,1713,87.2,67,525,47.2,809,44.7,766,24.1,43.1,36.1,38.7,25.2,274,43.4,25.9
"Thomas, Alek",677950,2022,22,381,411,88,62,17,1,8,74,22,18,5.4,".231",".344",".275","0.619","0.113",".263","39","131","3","4","45",".237",".345",".272",".280",".284",".108",".294",,"87.4","2.6",27.9,12,3.8,34.6,"98.660118182","93.330771656",63.8,6.8,251,790,392,1483,81.8,89,490,51.8,768,43.1,639,25,49.2,32.1,39.1,28.8,312,57.7,15.7
"Adames, Willy",642715,2022,26,563,617,134,72,31,0,31,166,49,26.9,7.9,".238",".458",".298","0.756","0.220",".278","98","258","3","8","83",".237",".469",".325",".329",".298",".233",".334",,"88.9","18.9",36.4,52,13,43.6,"100.099002736","94.300793591",71.2,7.3,306,1348,695,2466,79.9,168,837,47.7,1176,42.8,1056,28.2,49.6,37.7,36.7,25.7,401,34.2,33.4
"Calhoun, Willie",641432,2022,27,52,62,7,3,3,0,1,8,9,12.9,14.5,".135",".250",".274","0.524","0.115",".140","3","13","0","0","7",".217",".349",".249",".317",".345",".133",".257",,"89.4","14.2",22.7,1,2.3,38.6,"99.757001364","94.052842093",58.9,4.3,55,99,71,233,89.4,7,66,48.1,112,46.8,109,14,36.9,43.2,40.9,15.9,44,36.4,29.5
"Hernandez, Yadiel",628450,2022,34,305,327,82,57,16,0,9,74,19,22.6,5.8,".269",".410",".312","0.722","0.141",".326","41","125","1","2","30",".245",".423",".315",".315",".293",".178",".326",,"88.8","3.5",35.6,20,8.6,42.1,"98.936412348","93.716495522",72.9,7.2,244,694,341,1303,76.5,108,459,48.3,630,43.7,570,29.5,51.5,28.3,45.5,26.2,233,50.6,23.2
"Merrifield, Whit",593160,2022,33,504,550,126,86,28,1,11,85,38,15.5,6.9,".250",".375",".298","0.673","0.125",".276","58","189","5","16","70",".242",".381",".294",".297",".294",".139",".290",,"87.1","15.1",37.9,18,4.2,31.1,"96.383459857","92.27510481",71.4,8.5,181,1155,575,2017,86.2,101,730,50.7,1023,44.2,892,19.4,50.9,35.1,35.8,29,427,41.2,28.8
"Cronenworth, Jake",630105,2022,28,587,684,140,89,30,4,17,131,70,19.2,10.2,".239",".390",".332","0.722","0.151",".275","88","229","0","3","88",".218",".366",".318",".304",".316",".148",".279",,"87.6","18.2",32.3,26,5.6,34.1,"97.917362826","93.091918039",60,7.2,327,1712,557,2665,88.7,95,840,52.5,1399,43.4,1156,18,41.8,34.3,36.2,29.5,464,36.2,34.1
"Madris, Bligh",676632,2022,26,113,123,20,12,7,0,1,31,10,25.2,8.1,".177",".265",".244","0.509","0.088",".235","7","30","1","2","10",".211",".331",".231",".270",".275",".121",".291",,"88.9","10.5",30.5,4,4.9,41.5,"99.381132683","94.178952099",66.9,7.9,80,287,108,492,79.2,35,168,51,251,39.6,195,26.8,46.3,39,31.7,29.3,82,51.2,23.2
"Canha, Mark",592192,2022,33,462,542,123,86,24,0,13,97,48,17.9,8.9,".266",".403",".367","0.770","0.137",".309","61","186","1","3","71",".246",".379",".343",".328",".351",".133",".310",,"87.7","10.9",32.2,18,4.9,36.6,"98.317698315","93.261380654",61,7.4,217,1285,584,2218,81.6,126,684,50.5,1121,43,953,22.2,42.9,39.3,32,28.7,369,46.1,24.7
"Margot, Manuel",622534,2022,27,336,363,92,68,18,2,4,68,24,18.7,6.6,".274",".375",".325","0.700","0.101",".332","47","126","3","7","36",".264",".363",".308",".301",".316",".099",".330",,"89.5","10.2",30.9,10,3.7,37.9,"99.958428538","94.191039654",74.4,8,121,788,395,1397,84.6,77,500,48.1,672,42.9,600,24.9,52.7,26,46.8,27.1,269,46.1,17.5
"Kemp, Tony",643393,2022,30,497,558,117,84,24,2,7,69,45,12.4,8.1,".235",".334",".307","0.641","0.099",".259","46","166","1","11","61",".222",".306",".287",".273",".296",".084",".257",,"84.4","15",33.9,7,1.6,14.9,"93.050155144","90.545713639",68.4,8.5,283,1242,461,2047,90.6,66,702,50.2,1027,44.3,907,13.4,48.9,39,38.1,22.9,436,43.3,24.3
"DeJong, Paul",657557,2022,28,210,237,33,18,9,0,6,79,21,33.3,8.9,".157",".286",".245","0.531","0.129",".213","25","60","2","3","19",".183",".344",".241",".272",".268",".161",".290",,"87.6","21.7",25.6,13,9.8,37.6,"99.542111493","93.858530902",70.7,6.4,92,530,311,977,73.4,90,338,48.9,478,43,420,35.2,48.8,45.1,24.8,30.1,133,32.3,34.6
"Reynolds, Matt",608703,2022,31,244,272,60,46,10,1,3,78,26,28.7,9.6,".246",".332",".320","0.652","0.086",".348","23","81","0","5","31",".218",".328",".293",".282",".297",".110",".322",,"90.2","5.6",36.5,5,3,42.4,"99.450327831","94.04816097",58.9,7.3,90,631,301,1080,84.7,46,300,47.7,509,40.7,434,29.2,41.5,26.3,42.5,31.1,167,51.5,20.4
"Drury, Brandon",592273,2022,29,518,568,136,75,31,2,28,126,38,22.2,6.7,".263",".492",".320","0.812","0.229",".293","87","255","3","2","87",".240",".439",".350",".321",".301",".199",".316",,"89.1","13.8",34.8,41,10.4,42.2,"100.586892132","94.438998321",62.5,6.7,210,1307,634,2242,85.8,97,684,48.8,1094,41.1,922,21.5,45.9,44.7,32.1,23.2,396,40.9,28.3
"Duvall, Adam",594807,2022,33,287,315,61,32,16,1,12,101,21,32.1,6.7,".213",".401",".276","0.677","0.188",".278","36","115","2","0","39",".207",".408",".295",".296",".272",".201",".317",,"88.3","23.4",36.2,24,12.8,41,"100.566076596","94.3357175",67.4,7.4,121,673,350,1220,78.6,86,402,48.9,596,42.3,516,29.2,50.5,48.4,32.4,19.1,188,29.3,38.8
"Zimmer, Bradley",605548,2022,29,105,117,13,6,5,0,2,45,5,38.5,4.3,".124",".229",".207","0.436","0.105",".190","5","24","2","3","18",".140",".289",".203",".231",".222",".149",".245",,"87","10.5",21.3,7,11.5,34.4,"99.040262143","93.699233818",68.9,6.4,56,240,113,439,71.3,45,157,51.9,228,45.8,201,38.3,51.7,31.1,39.3,29.5,61,54.1,27.9
"Kirilloff, Alex",666135,2022,24,144,156,36,26,7,0,3,36,5,23.1,3.2,".250",".361",".290","0.651","0.111",".308","21","52","0","0","14",".230",".383",".286",".285",".272",".153",".302",,"89.3","6.1",28.2,7,6.4,45.5,"99.634929455","94.165907909",71.3,7.7,94,341,158,614,85,32,214,48.9,300,42.5,261,20.1,50.3,31.8,37.3,30.9,110,55.5,26.4
"Capel, Conner",668843,2022,25,52,59,16,12,0,1,3,10,5,16.9,8.5,".308",".519",".356","0.875","0.211",".317","11","27","1","1","7",".276",".434",".371",".331",".330",".158",".329",,"87.6","7.9",34.1,3,6.8,31.8,"97.990665455","93.173799773",63.2,7,43,130,47,242,79.7,16,79,51.7,125,39.3,95,24.8,45,31.8,45.5,22.7,44,43.2,25
"Maile, Luke",571912,2022,31,181,206,40,27,10,0,3,54,19,26.2,9.2,".221",".326",".301","0.627","0.105",".291","17","59","0","0","19",".192",".313",".281",".266",".277",".120",".270",,"84.5","17",33.8,7,5.4,25.4,"95.943675231","91.987641385",65,8.8,34,488,226,821,80.4,53,271,50.8,417,42.3,347,27.6,44.9,38.5,40,21.5,130,37.7,32.3
"Ozuna, Marcell",542303,2022,31,470,507,106,64,19,0,23,122,31,24.1,6.1,".226",".413",".274","0.687","0.187",".252","56","194","1","2","56",".250",".490",".298",".337",".298",".240",".335",,"89.4","16.5",31.8,46,13.1,43.8,"101.775141886","95.035047714",68.2,6.2,219,1093,615,2023,80.4,124,634,46,930,40,809,28.7,49.4,41.2,37.2,21.6,352,38.4,30.7
"Clement, Ernie",676391,2022,26,163,179,30,26,4,0,0,26,11,14.5,6.1,".184",".209",".243","0.452","0.025",".217","6","34","1","0","19",".246",".354",".209",".291",".300",".108",".290",,"85","11.8",27.1,5,3.6,25.7,"94.798252206","91.426475368",63.4,7.9,61,377,164,629,86.9,27,206,51.7,325,46.9,295,16,49.6,30.7,40.7,28.6,140,47.1,28.6
"Araúz, Jonathan",660620,2022,23,38,41,5,4,0,0,1,12,1,29.3,2.4,".132",".211",".150","0.361","0.079",".154","5","8","0","0","3",".254",".388",".157",".281",".268",".134",".359",,"87.4","12.1",50,2,7.1,35.7,"99.193786429","93.86637037",57.1,8.8,30,92,35,160,78.8,11,52,56.9,91,42.5,68,25.4,44.4,35.7,53.6,10.7,28,39.3,10.7
"Profar, Jurickson",595777,2022,29,575,658,140,87,36,2,15,103,73,15.7,11.1,".243",".391",".331","0.722","0.148",".272","58","225","1","5","82",".250",".371",".320",".318",".339",".121",".305",,"87.5","12.9",34.7,19,4,34.3,"97.859468559","92.98708518",64.2,6.3,460,1603,662,2790,86,123,880,49.1,1371,43.3,1207,18.8,43.6,42.1,32.6,25.3,478,44.8,22.8
"Burleson, Alec",676475,2022,23,48,53,9,7,1,0,1,9,5,17,9.4,".188",".271",".264","0.535","0.083",".211","3","13","0","1","4",".250",".433",".245",".330",".321",".184",".307",,"91.7","4",35.9,4,10.3,48.7,"100.518393158","95.136274211",78.8,7.4,42,88,54,190,80.6,13,67,44.7,85,38.4,73,25.8,51.1,41,25.6,33.3,39,48.7,23.1
"Acuña Jr., Ronald",660670,2022,24,467,533,124,85,24,0,15,126,53,23.6,9.9,".266",".413",".351","0.764","0.147",".331","50","193","11","29","71",".270",".496",".335",".368",".356",".227",".369",,"91.2","10.8",32.8,44,12.8,49.7,"103.759318129","96.440064282",73.5,7.7,265,1286,548,2162,80.6,148,761,47.9,1035,42.7,924,24.9,47.9,40.4,39.5,20.1,344,47.7,24.7
"Hermosillo, Michael",641684,2022,27,61,73,7,5,2,0,0,27,7,37,9.6,".115",".148",".250","0.398","0.033",".206","4","9","0","1","7",".165",".254",".203",".260",".292",".090",".295",,"86.6","17.4",37.1,3,8.6,31.4,"97.961854118","92.983560882",72.8,5.7,44,161,76,296,72.5,25,91,42.2,125,42.6,126,44,50.7,37.1,42.9,20,35,37.1,22.9
"Gurriel Jr., Lourdes",666971,2022,28,453,493,132,94,32,1,5,83,31,16.8,6.3,".291",".400",".343","0.743","0.109",".346","52","181","4","3","52",".271",".412",".327",".325",".327",".141",".333",,"90.6","10.9",34.7,14,3.8,45.7,"100.376795914","94.662022446",68.4,7.5,180,1066,491,1852,85.7,89,624,49.2,912,42.9,795,21.3,48.7,35.5,36.8,27.7,372,45.7,22
"Hilliard, Sam",656541,2022,28,174,200,32,23,6,1,2,57,23,28.5,11.5,".184",".264",".280","0.544","0.080",".256","14","46","1","5","26",".212",".370",".251",".304",".309",".158",".317",,"92","13.4",27.7,11,9.2,48.7,"102.616565833","95.872595546",67.5,6.2,140,473,231,870,71.5,84,295,50.2,437,46.1,401,35.1,43.9,31.9,48.7,19.3,119,44.5,26.1
"McKenna, Ryan",663630,2022,25,156,172,37,25,10,0,2,55,11,32,6.4,".237",".340",".294","0.634","0.103",".350","11","53","1","2","23",".208",".338",".279",".267",".269",".131",".321",,"86.7","15.4",37.5,10,9.6,30.1,"97.3643112","92.729450101",72.3,7.6,60,348,145,597,73.2,63,235,54.5,325,42.8,255,35,52.6,40.4,31.7,27.9,104,43.3,25
"McCormick, Chas",676801,2022,27,359,407,88,60,12,2,14,106,46,26,11.3,".245",".407",".332","0.739","0.162",".308","44","146","3","4","47",".230",".423",".326",".326",".319",".192",".327",,"88.1","12.8",33.5,26,10.2,39,"98.903106371","93.652024395",69.7,7.4,165,854,465,1584,74.3,133,517,46.8,742,41.7,661,32.6,48.4,29.5,39.8,30.7,254,44.1,31.9
"Davis, J.D.",605204,2022,29,318,365,79,50,16,1,12,122,39,33.4,10.7,".248",".418",".340","0.758","0.170",".360","35","133","1","1","46",".239",".481",".333",".352",".333",".242",".386",,"92.4","12.3",34.8,32,16.2,56.1,"103.966730202","96.76614",76.8,7.7,166,911,341,1486,67.5,187,575,50.4,749,43.7,650,37.5,51.3,35.9,38.9,25.3,198,46,22.7
"Díaz, Elias",553869,2022,31,351,381,80,51,18,2,9,82,25,21.5,6.6,".228",".368",".281","0.649","0.140",".270","51","129","1","0","29",".217",".344",".284",".273",".274",".126",".284",,"88.4","11.1",28.3,16,5.9,39.3,"100.058292985","94.204058315",72.4,7.3,151,775,442,1445,87.1,64,496,47.4,685,41.9,606,22.7,51.8,32.4,41.2,26.5,272,47.8,22.8
"Rivera, Emmanuel",656896,2022,26,330,359,77,46,16,3,12,83,23,23.1,6.4,".233",".409",".292","0.701","0.176",".275","40","135","2","1","46",".234",".418",".306",".309",".293",".185",".311",,"90.4","9.8",32.3,23,9.3,38.3,"99.960196371","94.242469274",72.6,7.7,155,702,393,1324,83.8,77,475,49.4,654,44.1,584,25.8,50.1,39.1,34.7,26.2,248,49.2,26.2
"Nimmo, Brandon",607043,2022,29,580,673,159,106,30,7,16,116,71,17.2,10.5,".274",".433",".367","0.800","0.159",".317","64","251","2","3","102",".254",".405",".353",".337",".351",".152",".317",,"89.4","6.1",28.1,33,7,39.8,"100.251301732","94.354698482",64.8,7.6,308,1809,590,2781,86.3,128,932,51.7,1439,43.4,1208,19.6,43.8,29.6,41.5,28.9,470,51.7,20.6
"Heineman, Tyler",623168,2022,31,157,174,34,26,8,0,0,17,8,9.8,4.6,".217",".268",".276","0.544","0.051",".243","9","42","0","1","16",".247",".296",".248",".272",".304",".050",".276",,"82.7","19.9",34,0,0,13.2,"92.651305672","90.496265038",73.5,9.3,102,362,128,602,90.2,22,225,50.8,306,44,265,15.3,55.3,38.2,34.7,27.1,144,39.6,25.7
"Toglia, Michael",669911,2022,23,111,120,24,12,8,2,2,44,9,36.7,7.5,".216",".378",".275","0.653","0.162",".338","12","42","1","1","10",".214",".313",".285",".262",".273",".099",".355",,"87.4","17",32.8,5,7.5,40.3,"99.722920588","94.057525373",66,5.9,64,262,125,478,76.1,39,163,51.7,247,45,215,33.8,47.7,46.3,34.3,19.4,67,38.8,26.9
"Langeliers, Shea",669127,2022,24,142,153,31,14,10,1,6,53,9,34.6,5.9,".218",".430",".261","0.691","0.212",".294","22","61","0","0","14",".194",".349",".296",".260",".242",".155",".307",,"87.3","16.9",42.9,9,9.9,38.5,"99.086486739","93.605224725",73.4,7.4,63,307,150,583,67.9,68,212,49.6,289,44.4,259,42.7,54.2,54.9,30.8,14.3,91,37.4,24.2
"Ramírez, Harold",623912,2022,27,403,435,121,91,24,0,6,72,19,16.6,4.4,".300",".404",".343","0.747","0.104",".350","58","163","5","3","46",".276",".397",".327",".315",".321",".122",".333",,"88.5","4.8",32.2,16,4.8,41.2,"101.050881737","94.664812126",72.6,6.3,174,844,444,1578,83.5,89,539,47,742,40.9,645,25.5,56.4,35.8,43.3,20.9,335,51.9,16.4
"Caratini, Victor",605170,2022,28,272,314,54,33,12,0,9,67,31,21.3,9.9,".199",".342",".300","0.642","0.143",".228","34","93","0","0","26",".232",".358",".289",".311",".331",".126",".309",,"89.4","6.6",30,13,6.3,43.5,"100.649286408","94.496842039",60.9,7.7,191,734,289,1246,88.6,43,378,49.8,621,44,548,20.9,42.3,33.8,38.6,27.5,207,50.2,19.8
"Knizner, Andrew",668800,2022,27,260,293,56,42,10,0,4,62,26,21.2,8.9,".215",".300",".301","0.601","0.085",".268","25","78","1","0","28",".216",".310",".275",".279",".302",".094",".284",,"86","15.6",28.6,7,3.5,33.2,"97.694226667","92.856279899",65.4,6,81,628,332,1103,85.5,51,352,48.8,538,44.7,493,22.7,48.8,36.7,39.7,23.6,199,45.7,23.6
"Gomes, Yan",543228,2022,34,277,293,65,45,12,0,8,47,8,16,2.7,".235",".365",".260","0.625","0.130",".252","31","101","0","2","23",".250",".384",".271",".288",".277",".134",".299",,"85.3","9.4",37.9,8,3.4,28.9,"96.735466466","92.387642035",70.5,8.3,100,568,297,1006,88.8,38,340,47.9,482,43.2,435,19.4,54.2,40.9,35.3,23.8,235,46.4,21.3
"Santander, Anthony",623993,2022,27,574,647,138,81,24,0,33,122,55,18.9,8.5,".240",".455",".318","0.773","0.215",".248","89","261","2","0","78",".255",".492",".336",".356",".333",".237",".322",,"90.1","21.4",33.5,53,11.6,43.3,"101.330998114","94.979132939",65.5,6.9,505,1473,552,2618,86,111,792,46.2,1209,43.1,1128,21.5,47.7,43.1,35.7,21.2,457,32.2,28.7
"Vogt, Stephen",519390,2022,37,168,191,27,15,4,1,7,46,17,24.1,8.9,".161",".321",".241","0.562","0.160",".168","23","54","0","1","18",".210",".364",".249",".286",".286",".154",".283",,"87","21",38.9,10,7.9,27.8,"96.256857778","92.21418128",65.4,7.7,117,416,150,714,82.7,37,214,45.8,327,40.5,289,27.1,46.5,41.3,40.5,18.3,126,31,35.7
"Abreu, José",547989,2022,35,601,679,183,128,40,0,15,110,62,16.2,9.1,".304",".446",".378","0.824","0.142",".350","75","268","0","0","85",".292",".496",".361",".374",".368",".204",".356",,"92.2","8",34.5,47,9.5,51.8,"102.953606518","96.20270568",66.1,8.2,228,1589,759,2730,85.3,128,870,48.3,1316,41.9,1142,23.2,47.3,34.5,39.2,26.3,495,47.7,24
"Straw, Myles",664702,2022,27,535,596,118,93,22,3,0,87,54,14.6,9.1,".221",".273",".291","0.564","0.052",".261","32","146","1","21","72",".239",".316",".257",".281",".309",".077",".284",,"87","9.8",34.1,3,0.7,26.5,"95.486124533","91.784236481",57.9,9.2,126,1530,586,2360,91.9,60,742,54.4,1282,42,989,12.6,40.5,24,39.4,36.6,454,47.6,22.5
"Hill, Derek",656537,2022,26,83,92,19,16,2,0,1,28,5,30.4,5.4,".229",".289",".270","0.559","0.060",".327","3","24","0","3","8",".200",".263",".249",".239",".249",".063",".306",,"85.2","6.6",33.9,2,3.4,30.5,"97.503475769","92.844909216",66.7,5.7,25,185,87,332,84.3,16,102,46.1,153,41.3,137,31.4,50.9,28.8,45.8,25.4,59,54.2,16.9
"McNeil, Jeff",643446,2022,30,533,589,174,125,39,1,9,61,40,10.4,6.8,".326",".454",".382","0.836","0.128",".353","62","242","0","4","73",".279",".399",".365",".326",".340",".120",".313",,"86.9","12.8",39,13,2.7,30.2,"96.275278692","92.172015654",77.6,7.4,274,1284,432,2065,87.7,100,813,50.8,1048,42.2,872,15.9,53.8,33.3,39.8,26.8,477,41.3,22.9
"Mondesi, Adalberto",609275,2022,26,50,54,7,7,0,0,0,20,4,37,7.4,".140",".140",".204","0.344","0.000",".233","3","7","0","5","3",".170",".242",".166",".217",".231",".072",".283",,"88","7.8",16.7,1,3.3,26.7,"97.560296923","92.799797692",73.1,9.3,37,105,64,215,65.8,26,76,48.4,104,39.5,85,43.1,50.7,40,36.7,23.3,30,56.7,23.3
"García, Adolis",666969,2022,29,605,657,151,85,34,5,27,183,40,27.9,6.1,".250",".456",".300","0.756","0.206",".309","101","276","6","25","88",".242",".467",".324",".326",".294",".225",".345",,"92.1","13.2",36.9,55,12.9,47.4,"102.368780141","95.786867388",73.5,6.6,262,1508,642,2537,73.4,222,834,44.7,1135,41.2,1044,33.5,53.5,39.3,37.9,22.9,428,41.1,25
"Bichette, Bo",666182,2022,24,652,697,189,121,43,1,24,155,41,22.2,5.9,".290",".469",".333","0.802","0.179",".347","93","306","8","13","91",".271",".456",".347",".334",".315",".185",".355",,"91.9","8.5",33.3,48,9.6,50.3,"102.743171296","96.003278846",77.6,7.4,274,1489,614,2522,85.2,142,957,48.9,1233,42.6,1075,23,55.9,29.3,35.9,34.9,499,49.1,22
"Daza, Yonathan",602074,2022,28,372,408,112,87,21,2,2,58,26,14.2,6.4,".301",".384",".349","0.733","0.083",".347","34","143","3","0","56",".286",".368",".323",".316",".338",".081",".337",,"84.8","4.6",34.1,6,1.9,25,"95.180250189","91.627182587",66.1,7.4,178,817,448,1536,87.8,60,493,48.6,746,41.9,644,18.7,50.5,34.4,38.4,27.2,320,55.6,17.8
"Gallagher, Cam",595956,2022,29,42,47,9,4,5,0,0,13,3,27.7,6.4,".214",".333",".267","0.600","0.119",".310","5","14","0","0","1",".184",".248",".265",".219",".239",".064",".267",,"85.8","16.3",32.3,0,0,25.8,"96.084264286","92.051254643",68.9,7.5,17,112,32,174,80.6,12,62,51.7,90,39.1,68,22.4,48.9,48.4,38.7,12.9,31,41.9,29
"Adams, Riley",656180,2022,26,142,155,25,16,4,0,5,46,12,29.7,7.7,".176",".310",".245","0.555","0.134",".220","10","44","1","0","14",".198",".369",".249",".280",".266",".170",".294",,"90.2","13.5",25,9,9.4,45.8,"101.327463958","94.837029368",58.7,6,87,345,146,612,81.5,31,168,46.7,286,46.6,285,30.1,45.6,45.8,28.1,26,96,44.8,28.1
"Owings, Chris",572008,2022,30,56,68,6,4,2,0,0,24,10,35.3,14.7,".107",".143",".254","0.397","0.036",".188","0","8","0","1","6",".148",".210",".204",".243",".288",".062",".260",,"80.4","10.8",24.2,1,3,15.2,"93.847479375","91.246089355",61.1,6.9,31,159,64,261,69.6,21,69,43.3,113,40.6,106,38.4,42.9,33.3,45.5,21.2,33,57.6,18.2
"Locastro, Tim",641796,2022,29,43,46,8,5,1,0,2,7,2,15.2,4.3,".186",".349",".239","0.588","0.163",".176","4","15","2","8","13",".252",".421",".259",".316",".301",".170",".302",,"86.5","11.8",33.3,2,5.6,25,"96.334290556","92.286206571",73.3,10.8,26,105,25,166,72.7,18,66,54.2,90,42.2,70,23.9,55.4,47.2,33.3,19.4,36,38.9,19.4
"Adell, Jo",666176,2022,23,268,285,60,38,12,2,8,107,11,37.5,3.9,".224",".373",".264","0.637","0.149",".338","27","100","2","4","22",".195",".320",".278",".249",".240",".125",".328",,"87.4","16.7",33.3,16,9.9,37.7,"99.589186914","93.836446584",69.9,7.7,130,660,307,1175,69.9,121,402,48.9,575,41.5,488,36.2,51.9,45.7,31.5,22.8,162,40.7,22.8
"Alcántara, Sergio",642727,2022,25,205,224,45,30,8,1,6,57,12,25.4,5.4,".220",".356",".261","0.617","0.136",".267","29","73","2","1","26",".209",".297",".269",".247",".254",".089",".285",,"86.6","13.5",32.5,3,1.9,32.5,"95.873264737","91.967081987",58.8,7.2,111,582,208,942,84.3,44,280,50.5,476,44.1,415,23.8,42.8,40.3,31.8,27.9,154,45.5,30.5
"Steer, Spencer",668715,2022,24,95,108,20,13,5,0,2,26,11,24.1,10.2,".211",".326",".306","0.632","0.115",".269","8","31","1","0","12",".206",".308",".287",".278",".302",".102",".284",,"84.7","13.6",30.4,4,5.8,31.9,"96.403368857","92.284970435",59.5,8.2,17,246,134,428,85.6,18,125,49.1,210,40.7,174,21.2,41.8,43.5,33.3,23.2,69,43.5,24.6
"Friedl, TJ",670770,2022,26,225,258,54,31,10,5,8,40,20,15.5,7.8,".240",".436",".314","0.750","0.196",".251","25","98","2","7","33",".215",".343",".323",".286",".295",".128",".258",,"87.2","19.8",30.9,9,4.7,29.8,"97.321634111","92.6816085",63.1,7.4,195,586,202,996,86.9,41,313,49.8,496,43.5,433,20.3,43.5,44.5,31.4,24.1,191,35.1,32.5
"Payton, Mark",592622,2022,30,21,25,3,3,0,0,0,4,4,16,16,".143",".143",".280","0.423","0.000",".176","1","3","0","0","3",".162",".191",".216",".242",".296",".029",".201",,"84.6","22.5",11.8,0,0,11.8,"91.032321111","89.83413",75.4,10.7,19,54,28,131,90.7,4,43,43.5,57,40.5,53,15.7,53.4,47.1,35.3,17.6,17,47.1,17.6
"Stassi, Max",545358,2022,31,333,375,60,38,12,1,9,112,38,29.9,10.1,".180",".303",".267","0.570","0.123",".239","30","101","0","0","32",".177",".333",".258",".267",".265",".156",".266",,"88.6","9.5",26,21,9.4,39.5,"98.972653514","93.67534181",66.2,7.9,84,809,433,1436,73.6,128,484,50.9,731,41.9,601,34,44.1,35.4,40.4,24.2,223,52,25.6
"Lagares, Juan",501571,2022,33,60,62,11,8,2,1,0,15,2,24.2,3.2,".183",".250",".210","0.460","0.067",".244","0","15","0","0","4",".218",".322",".203",".248",".244",".103",".291",,"88.4","14.4",40,1,2.2,40,"98.693379565","93.50569",63.8,8.7,28,120,78,241,83.8,12,74,48.1,116,37.8,91,27.6,52.7,40,40,20,45,35.6,24.4
"Allen, Nick",669397,2022,23,299,326,62,45,13,0,4,64,19,19.6,5.8,".207",".291",".256","0.547","0.084",".250","19","87","2","3","31",".213",".278",".245",".244",".262",".065",".270",,"83.9","7.6",26,3,1.2,22.3,"94.329041897","91.214480087",73.7,7.8,86,636,333,1154,85.7,61,426,50.1,578,43.1,497,23.4,53,27.3,34.3,38.4,242,53.7,19.8
"Mercado, Óscar",640458,2022,27,121,128,25,14,6,1,4,29,5,22.7,3.9,".207",".372",".242","0.614","0.165",".236","16","45","2","2","17",".204",".367",".266",".263",".240",".163",".266",,"86.3","22.2",33.3,6,6.5,29,"96.400118085","92.245220968",81.1,8.3,51,244,154,471,83.1,32,189,49.5,233,40.8,192,26.6,56.7,45.2,30.1,24.7,93,32.3,35.5
"Garcia, Dérmis",660650,2022,24,116,125,24,13,6,0,5,55,8,44,6.4,".207",".388",".264","0.652","0.181",".339","20","45","0","0","13",".164",".334",".285",".245",".224",".170",".312",,"86.5","12.2",27.9,8,13.1,42.6,"100.773491613","94.52853623",77.7,6.7,45,237,195,535,67.6,61,188,45.2,242,43.4,232,44.5,51.2,55.7,26.2,18,61,45.9,26.2
"Goodrum, Niko",592348,2022,30,43,45,5,3,2,0,0,23,2,51.1,4.4,".116",".163",".156","0.319","0.047",".250","1","7","0","1","2",".179",".256",".146",".212",".216",".077",".386",,"81.9","7.7",20,1,5,35,"96.553149","92.2765745",77.6,9.8,44,99,53,204,68.4,24,76,48,98,37.3,76,42.7,53.9,35,40,25,20,50,20
"Narváez, Omar",553882,2022,30,262,296,54,37,12,1,4,57,29,19.3,9.8,".206",".305",".292","0.597","0.099",".248","23","80","0","0","21",".205",".301",".269",".269",".292",".096",".263",,"84.7","17.7",36.7,5,2.4,18.4,"94.078356176","91.054216305",73.5,7.1,213,695,235,1182,81.5,78,422,48.6,574,43.9,519,23.4,50,37.7,34.3,28,207,36.2,34.8
"Diaz, Jordan",672478,2022,21,49,51,13,10,3,0,0,7,2,13.7,3.9,".265",".327",".294","0.621","0.062",".310","1","16","0","0","3",".209",".276",".275",".230",".240",".068",".243",,"86.9","-4.8",26.2,0,0,31,"96.129837619","92.068414524",85.6,7.4,26,76,43,162,84.3,13,83,59.9,97,42,68,20.4,63.6,38.1,40.5,21.4,42,66.7,7.1
"Realmuto, J.T.",592663,2022,31,504,562,139,86,26,5,22,119,41,21.2,7.3,".276",".478",".342","0.820","0.202",".318","84","241","1","21","75",".273",".476",".354",".354",".340",".203",".355",,"90.3","13.1",35.6,44,11.3,47.2,"101.252893641","95.157569177",67.7,7.2,203,1241,630,2193,80.4,143,729,49.1,1077,43.5,954,25.7,49,38.2,33.6,28.2,390,44.6,25.6
"Dubón, Mauricio",643289,2022,27,243,265,52,38,9,0,5,30,13,11.3,4.9,".214",".313",".252","0.565","0.099",".221","24","76","3","2","31",".244",".351",".248",".279",".283",".107",".275",,"84.7","16.7",28.1,5,2.3,29.9,"96.436572294","92.243366359",72.7,7.5,95,512,287,933,87.8,42,343,50.6,472,42.9,400,15.2,55.6,34.4,43,22.6,221,39.4,31.7
"Mullins, Cedric",656775,2022,27,608,672,157,105,32,4,16,126,47,18.8,7,".258",".403",".318","0.721","0.145",".299","64","245","10","34","89",".233",".363",".315",".292",".297",".130",".294",,"88.8","17.4",29.3,24,4.9,37.3,"98.895231356","93.569582691",71.2,8.9,341,1477,525,2460,83.3,152,909,51.9,1276,43.7,1074,22.2,51.3,41.8,33.2,25,488,41,26.4
"Jansen, Danny",643376,2022,27,215,248,56,31,10,0,15,44,25,17.7,10.1,".260",".516",".339","0.855","0.256",".255","44","111","0","1","34",".260",".525",".364",".368",".341",".265",".321",,"90.4","22.2",34.7,23,13.1,46.6,"101.172294886","95.039463314",67.4,8.6,114,481,283,961,83.5,56,339,52.3,503,43.1,414,21.8,45.3,50,35.2,14.8,176,33.5,32.4
"Gosselin, Phil",594838,2022,33,74,77,11,10,0,1,0,24,2,31.2,2.6,".149",".176",".182","0.358","0.027",".220","2","13","0","0","6",".178",".264",".163",".211",".210",".086",".264",,"86.4","15",30,1,2,36,"96.7428284","92.3714142",59.4,7.7,41,181,82,310,80,17,85,46.1,143,46.5,144,27.1,46.5,28,38,34,50,44,26
"Barnes, Austin",605131,2022,32,179,212,38,24,6,0,8,37,27,17.5,12.7,".212",".380",".324","0.704","0.168",".222","26","68","1","2","31",".209",".333",".315",".298",".322",".124",".263",,"87.4","13.6",31,7,4.8,35.2,"98.048094085","93.029970704",65.9,7.1,87,537,213,850,86.9,39,297,53.1,451,41.5,353,17.9,42.1,33.8,35.2,31,145,43.4,29
"Martinez, J.D.",502110,2022,34,533,596,146,86,43,1,16,145,52,24.3,8.7,".274",".448",".341","0.789","0.174",".345","62","239","0","0","76",".256",".486",".343",".352",".328",".230",".351",,"89.1","14.1",42,49,12.5,41.7,"100.92394699","94.707836352",74.9,6.4,231,1363,654,2389,79,175,834,46.6,1114,41.6,994,30.1,51.9,31.6,38.9,29.5,393,38.2,30.8
"Ahmed, Nick",605113,2022,32,52,54,12,7,2,0,3,15,2,27.8,3.7,".231",".442",".259","0.701","0.211",".265","7","23","1","0","7",".192",".311",".302",".233",".222",".119",".269",,"86.9","4.4",32.4,2,5.4,32.4,"96.865202778","92.508848611",67.9,5.7,29,116,60,211,89.5,8,76,53.1,112,41.2,87,25,51.2,45.9,32.4,21.6,37,56.8,27
"Peralta, David",444482,2022,34,439,490,110,65,30,3,12,114,41,23.3,8.4,".251",".415",".316","0.731","0.164",".307","59","182","3","1","39",".248",".418",".315",".317",".317",".170",".333",,"90.3","15.1",35,28,8.5,44.4,"101.233296566","94.9223429",69.2,7,341,984,432,1830,85.7,87,609,48.1,880,44.5,815,26.4,50.4,38.1,39.6,22.4,331,36.3,28.4
"Casas, Triston",671213,2022,22,76,95,15,9,1,0,5,23,19,24.2,20,".197",".408",".358","0.766","0.211",".208","12","31","0","1","11",".190",".359",".344",".323",".352",".169",".272",,"86","2.2",28.3,4,7.5,41.5,"99.403010741","93.836791698",60.8,6.1,72,220,90,412,80.5,23,118,47.1,194,43.9,181,26.3,37.9,37.7,43.4,18.9,53,56.6,28.3
"Greene, Riley",682985,2022,21,376,418,95,68,18,4,5,120,36,28.7,8.6,".253",".362",".321","0.683","0.109",".354","42","136","4","1","46",".246",".402",".303",".320",".318",".156",".363",,"89.5","2.8",32,24,9.3,45.2,"102.14516814","95.266459961",64.3,7.1,242,950,455,1716,82.4,94,533,48.3,829,41.5,712,25.6,45.3,33.6,40.2,26.3,259,56.8,19.3
"Viloria, Meibrys",650619,2022,25,63,75,10,7,1,0,2,29,11,38.7,14.7,".159",".270",".280","0.550","0.111",".242","5","17","0","0","10",".143",".272",".256",".252",".269",".129",".263",,"88.4","5.6",31.4,3,8.6,37.1,"97.597577222","93.017521143",57.7,8.4,47,193,91,347,66.3,34,101,50.4,175,40.1,139,38.5,37.5,28.6,51.4,20,35,51.4,28.6
"Lowe, Nathaniel",663993,2022,26,593,645,179,123,26,3,27,147,48,22.8,7.4,".302",".492",".358","0.850","0.190",".363","76","292","2","2","74",".273",".470",".368",".346",".332",".197",".363",,"90.2","8.2",34.1,44,9.9,44.8,"101.963916216","95.317229707",74,7.5,228,1599,612,2525,82.1,172,961,51.4,1298,44.5,1124,24.9,52.2,30.7,40.8,28.5,446,48.2,21.5
"Walsh, Jared",665120,2022,28,423,454,91,56,18,2,15,138,27,30.4,5.9,".215",".374",".269","0.643","0.159",".281","44","158","1","2","41",".219",".383",".278",".282",".272",".164",".325",,"90.1","10.7",34,27,9.5,42.5,"100.931193759","94.894355638",66,8.3,269,956,443,1746,79.4,124,601,52.2,911,43.8,765,27.7,49.1,37.9,39.6,22.5,285,46.3,24.2
"Chavis, Michael",656308,2022,26,401,426,92,59,16,3,14,126,19,29.6,4.5,".229",".389",".265","0.654","0.160",".294","49","156","1","1","39",".215",".345",".282",".263",".254",".130",".313",,"85.4","11.1",33,21,7.5,38.7,"99.520768345","93.803336787",76.7,7.4,167,853,436,1524,79.1,121,579,49.5,755,43.7,666,30.8,57.7,38.7,40.1,21.1,279,44.8,21.9
"Luplow, Jordan",656669,2022,28,205,234,36,20,5,0,11,60,25,25.6,10.7,".176",".361",".274","0.635","0.185",".185","28","74","1","5","26",".198",".368",".281",".292",".294",".170",".279",,"87.2","17.7",24,11,7.5,32.9,"97.877095068","92.98903131",72.2,6.8,148,562,242,1006,77.9,79,358,49.3,496,45,453,29.9,47.9,50,29.5,20.5,146,41.1,32.9
"Stott, Bryson",681082,2022,24,427,466,100,69,19,2,10,89,36,19.1,7.7,".234",".358",".295","0.653","0.124",".274","49","153","4","12","58",".237",".352",".289",".288",".298",".115",".299",,"88.1","13.1",29.4,15,4.4,36.8,"97.97018994","93.096499761",60.8,7.7,244,1211,382,1877,86.7,78,587,51.4,965,46.3,869,17.2,45,32.6,35.6,31.8,340,46.5,23.5
"Kirk, Alejandro",672386,2022,23,470,541,134,101,19,0,14,58,63,10.7,11.6,".285",".415",".372","0.787","0.130",".299","63","195","0","0","59",".275",".447",".347",".354",".364",".172",".312",,"90.5","8.1",32,28,6.7,45.4,"101.053304663","94.989537614",59.6,6.9,223,1297,561,2200,89.5,67,637,48.6,1069,41.6,915,15.4,41,32.2,38.9,28.8,416,50,20.4
"Mazara, Nomar",608577,2022,27,159,171,42,32,8,0,2,40,10,23.4,5.8,".264",".352",".316","0.668","0.088",".342","18","56","0","0","16",".249",".369",".297",".297",".302",".119",".333",,"86.1","17.6",35.3,5,4.2,32.8,"97.016111333","92.550589748",65,7.1,57,423,200,714,80.5,43,221,47.6,340,40.9,292,26.8,46.5,33.6,38.7,27.7,119,36.1,29.4
"Gorman, Nolan",669357,2022,22,283,313,64,37,13,0,14,103,28,32.9,8.9,".226",".420",".300","0.720","0.194",".301","35","119","0","1","44",".237",".493",".316",".345",".310",".257",".372",,"89.2","20",46.7,26,14.4,43.3,"100.703871333","94.563796111",74.9,6,223,775,272,1317,74.4,115,450,45.6,601,42.8,564,34.5,51.1,38.9,37.8,23.3,180,27.2,38.3
"Newman, Kevin",621028,2022,28,288,309,79,57,18,2,2,48,16,15.5,5.2,".274",".372",".316","0.688","0.098",".322","24","107","2","8","31",".260",".340",".303",".287",".304",".080",".312",,"85.8","13.1",31.7,4,1.6,27.2,"96.298301429","92.167220464",64.9,8.4,95,635,310,1080,90.9,32,352,50.2,542,46.9,506,15.8,48.1,37,42.8,20.2,243,44,18.9
"Andrus, Elvis",462101,2022,33,535,577,133,84,32,0,17,92,39,15.9,6.8,".249",".404",".303","0.707","0.155",".272","58","216","4","18","66",".245",".370",".310",".296",".300",".125",".296",,"87.9","11.9",29.1,20,4.5,34.8,"98.336003699","93.236647643",62.3,8.4,245,1169,700,2252,85.8,98,688,49,1104,41.7,939,21.4,45.6,37.5,38.6,23.9,443,46.5,22.1
"Bregman, Alex",608324,2022,28,548,656,142,81,38,0,23,77,87,11.7,13.3,".259",".454",".366","0.820","0.195",".260","93","249","2","1","93",".256",".442",".358",".357",".368",".186",".298",,"88.9","19.5",36.2,35,7.3,37.8,"98.378645333","93.364139021",65.8,7.1,282,1449,633,2521,90.6,73,776,46.8,1180,42.7,1076,14.9,40.3,45.1,34.7,20.2,481,33.5,32.6
"Happ, Ian",664023,2022,27,573,641,155,94,42,2,17,149,58,23.2,9,".271",".440",".342","0.782","0.169",".336","72","252","4","9","72",".239",".396",".339",".312",".315",".157",".322",,"89.7","10.9",29.2,28,6.5,40.4,"100.312408396","94.405566288",71.8,7.6,490,1407,582,2572,79.5,185,904,49.4,1259,45.1,1149,27.2,49,40,34.6,25.5,428,47.4,24.8
"Peña, Jeremy",665161,2022,24,521,558,132,88,20,2,22,135,22,24.2,3.9,".253",".426",".289","0.715","0.173",".298","63","222","2","11","72",".251",".418",".309",".307",".288",".167",".337",,"88.1","8.7",32.9,38,9.7,36.7,"99.803563646","93.99255276",75.3,6.6,274,973,624,2004,84.7,107,701,46.5,931,41.1,823,29.7,55.2,42.6,33.2,24.2,392,47.7,22.4
"Castellanos, Nick",592206,2022,30,524,558,138,98,27,0,13,130,29,23.3,5.2,".263",".389",".305","0.694","0.126",".326","62","204","1","7","56",".250",".408",".304",".306",".293",".158",".332",,"87.5","14.6",36.9,26,6.6,35.1,"98.393032843","93.293370431",76.8,6.5,245,980,690,2066,79.8,150,741,46.7,965,42.7,883,32.2,57,35.6,32.1,32.3,396,42.9,28.5
"Grandal, Yasmani",518735,2022,33,327,376,66,54,7,0,5,79,45,21,12,".202",".269",".301","0.570","0.067",".249","27","88","0","1","15",".213",".323",".263",".288",".313",".110",".283",,"90","12.1",30,12,4.8,40,"99.46926856","94.06261824",58.6,7.9,244,943,334,1573,85.3,68,462,50.1,788,40.3,634,21.6,39.7,35.2,34.4,30.4,250,43.6,22
"Raleigh, Cal",663728,2022,25,370,415,78,30,20,1,27,122,38,29.4,9.2,".211",".489",".284","0.773","0.278",".226","63","181","0","1","46",".214",".485",".330",".329",".288",".271",".315",,"90.9","22.5",36,39,15.4,43.5,"101.200073622","95.046335375",77.6,6.6,351,813,402,1642,75.9,142,589,46.2,759,42.3,695,32.1,52.6,45.8,32,22.1,253,29.6,41.5
"Massey, Michael",686681,2022,24,173,194,42,28,9,1,4,46,9,23.7,4.6,".243",".376",".307","0.683","0.133",".304","17","65","0","3","16",".241",".461",".302",".334",".309",".220",".329",,"89.3","16.4",35.1,17,13,38.2,"99.036690645","93.797110403",73.5,7.4,121,402,148,719,77.7,59,264,49.9,359,42.6,306,27.8,54.5,50.4,31.3,18.3,131,38.9,31.3
"Velázquez, Nelson",676369,2022,23,185,206,38,22,7,3,6,65,19,31.6,9.2,".205",".373",".286","0.659","0.168",".281","26","69","2","5","20",".207",".415",".291",".307",".289",".207",".322",,"89.2","12.3",35,16,13.3,43.6,"100.265489661","94.367476923",74.2,6.9,97,431,231,810,71,81,279,47.2,376,42.6,339,36.5,47.4,39.2,40.8,20,120,43.3,29.2
"Davidson, Matt",571602,2022,31,34,37,5,3,0,0,2,13,3,35.1,8.1,".147",".324",".216","0.540","0.177",".158","3","11","1","0","3",".183",".412",".240",".284",".250",".229",".297",,"87.3","13.1",23.8,3,14.3,33.3,"99.907509091","94.240907143",57.5,5.8,9,74,43,139,81,8,42,52.5,73,51.1,71,32.3,46.8,47.6,28.6,23.8,21,47.6,33.3
"Barrera, Luis",642456,2022,26,77,85,18,12,5,0,1,17,6,20,7.1,".234",".338",".294","0.632","0.104",".283","7","26","0","3","3",".211",".319",".280",".264",".274",".108",".267",,"87.1","5.1",32.8,2,3.3,32.8,"96.470882","92.307228136",68.3,9.5,52,201,59,316,84.2,18,114,52.8,167,38.6,122,19.6,48.4,41,29.5,29.5,61,54.1,21.3
"Schwarber, Kyle",656941,2022,29,577,669,126,56,21,3,46,200,86,29.9,12.9,".218",".504",".323","0.827","0.286",".240","94","291","1","10","100",".236",".561",".355",".381",".340",".325",".363",,"93.3","19.2",35.4,76,20.1,54.4,"104.793857287","97.247555372",60.6,6.3,413,1605,781,2878,77.3,192,847,48.5,1397,44.1,1269,29.4,40.6,42.5,37.7,19.8,379,34.3,33.8
"Semien, Marcus",543760,2022,31,657,724,163,101,31,5,26,120,53,16.6,7.3,".248",".429",".304","0.733","0.181",".263","83","282","8","25","101",".243",".411",".317",".311",".301",".169",".294",,"87.3","19.9",32.4,37,6.8,34.9,"97.838624343","93.00847117",71.1,7.1,286,1514,800,2776,87.6,118,955,48.4,1344,43.7,1213,20.6,47.2,43.5,34,22.5,547,33.6,34
"Groshans, Jordan",677954,2022,22,61,65,16,15,0,0,1,13,4,20,6.2,".262",".311",".308","0.619","0.049",".319","2","19","0","0","9",".231",".305",".278",".261",".279",".074",".294",,"87.1","5",37.5,1,2.1,37.5,"98.61393375","93.529322917",63.4,7.6,21,152,79,263,89.4,9,85,51,134,46,121,17.9,44.5,27.1,41.7,31.3,48,47.9,25
"Allen, Greg",656185,2022,29,118,134,22,16,4,0,2,42,10,31.3,7.5,".186",".271",".260","0.531","0.085",".267","8","32","2","8","17",".175",".255",".242",".233",".250",".081",".270",,"87.6","8.5",25,2,2.5,32.5,"97.13406027","92.677602568",69.3,6.6,98,289,119,531,79,38,181,49.2,261,45.2,240,30.2,46.1,50,26.3,23.8,80,55,22.5
"Duggar, Steven",621453,2022,28,72,80,11,7,3,1,0,41,7,51.2,8.8,".153",".222",".225","0.447","0.069",".344","4","16","1","5","7",".145",".259",".205",".222",".223",".113",".340",,"92.9","16.9",34.4,2,6.3,46.9,"101.723999375","95.580566563",63.1,10.1,64,189,73,328,70.8,31,106,51.2,168,43.3,142,42.9,44.8,28.1,40.6,31.3,32,40.6,34.4
"Wallner, Matt",670242,2022,24,57,65,13,8,3,0,2,25,6,38.5,9.2,".228",".386",".323","0.709","0.158",".367","10","22","0","1","4",".178",".277",".311",".251",".279",".099",".316",,"87.5","12.9",21.9,3,9.4,53.1,"102.52181","95.903495313",68.1,3.9,34,164,52,257,65.8,27,79,45.1,116,45.1,116,38.1,44,46.9,34.4,18.8,32,53.1,12.5
"Nuñez, Dom",624513,2022,27,33,41,4,3,1,0,0,10,6,24.4,14.6,".121",".152",".244","0.396","0.031",".160","2","5","0","0","3",".161",".273",".196",".257",".283",".113",".224",,"85.3","15.8",28,1,4,32,"95.453406923","91.891524",60.9,6.7,38,99,37,178,84.9,8,53,48.9,87,45.5,81,20.6,38.2,24,60,16,25,28,40