"last_name, first_name","player_id","year","player_age","ab","pa","hit","single","double","triple","home_run","strikeout","walk","k_percent","bb_percent","batting_avg","slg_percent","on_base_percent","on_base_plus_slg","isolated_power","babip","b_rbi","b_total_bases","r_total_caught_stealing","r_total_stolen_base","r_run","xba","xslg","woba","xwoba","xobp","xiso","xbacon","avg_swing_speed","exit_velocity_avg","launch_angle_avg","sweet_spot_percent","barrel","barrel_batted_rate","hard_hit_percent","avg_best_speed","avg_hyper_speed","z_swing_percent","meatball_percent","pitch_count_offspeed","pitch_count_fastball","pitch_count_breaking","pitch_count","iz_contact_percent","in_zone_swing_miss","in_zone_swing","in_zone_percent","in_zone","edge_percent","edge","whiff_percent","swing_percent","pull_percent","straightaway_percent","opposite_percent","batted_ball","groundballs_percent","flyballs_percent"
"Benintendi, Andrew",643217,2023,28,562,621,147,106,34,2,5,89,52,14.3,8.4,".262",".356",".326","0.682","0.094",".301","45","200","2","13","72",".270",".383",".299",".314",".334",".113",".320","67","86.6","14.5",40.9,14,2.9,27,"95.498075212","91.757391695",70.4,8,348,1379,496,2351,84,135,845,51.1,1201,43.1,1014,19.3,49,29.8,41.3,28.9,477,39.6,26.6
"Vierling, Matt",663837,2023,26,479,530,125,89,21,5,10,112,44,21.1,8.3,".261",".388",".329","0.717","0.127",".321","44","186","6","6","63",".263",".397",".315",".322",".332",".134",".344","71.3","89.1","9.1",32.2,17,4.6,42.8,"100.577331105","94.490701519",59.1,7.7,203,1249,546,2133,86.8,85,645,51.5,1092,42.7,905,19.4,44.3,32,34.4,33.6,369,49.1,20.3
"Springer, George",543807,2023,33,613,683,158,111,25,1,21,125,60,18.3,8.8,".258",".405",".327","0.732","0.147",".291","72","248","5","20","87",".258",".421",".320",".330",".330",".163",".325","72.7","88.3","12",32.2,38,7.7,39.9,"100.34851102","94.297792755",73.3,7.8,303,1369,656,2528,84.2,153,967,52.2,1320,43.6,1102,22.3,49.3,37.5,38.1,24.4,491,44.8,25.9
"Narváez, Omar",553882,2023,31,128,146,27,20,5,0,2,27,14,18.5,9.6,".211",".297",".283","0.580","0.086",".245","7","38","0","0","12",".250",".398",".259",".314",".320",".149",".312","67.3","86","21",44.8,8,7.6,29.5,"96.611584231","92.320791442",68.7,6.4,63,358,117,576,85.6,28,195,49.3,284,46.9,270,16.6,46,32.4,42.9,24.8,105,26.7,40
"Gordon, Nick",624503,2023,27,91,93,16,8,5,1,2,11,1,11.8,1.1,".176",".319",".185","0.504","0.143",".179","7","29","0","0","13",".246",".431",".213",".291",".254",".185",".280",,"89.1","9.2",34.6,4,4.9,37,"98.478529","93.51084443",77,6.5,33,191,76,309,88.7,14,124,52.1,161,39.8,123,20.9,58.9,34.6,35.8,29.6,81,46.9,27.2
"Julien, Edouard",666397,2023,24,338,408,89,56,16,1,16,128,64,31.4,15.7,".263",".459",".381","0.840","0.196",".371","37","155","0","3","60",".228",".426",".366",".343",".353",".198",".364","71.1","89.5","8",38.8,28,13.1,44.9,"100.916636636","94.651510141",61.3,8.5,280,942,426,1727,77.8,117,526,49.7,858,40.5,699,29.1,37.6,40.2,31.3,28.5,214,50,22.4
"Waters, Drew",671221,2023,24,302,337,69,45,11,5,8,107,27,31.8,8,".228",".377",".300","0.677","0.149",".321","32","114","5","16","40",".230",".414",".296",".313",".303",".184",".353","73","87.4","17.2",38.4,20,10.1,35.9,"98.74293303","93.391262626",73,8.1,251,671,332,1317,76.9,105,455,47.3,623,43.9,578,32.5,51.3,40.4,35.4,24.2,198,34.3,34.8
"Frazier, Adam",624428,2023,31,412,455,99,63,21,2,13,68,32,14.9,7,".240",".396",".300","0.696","0.156",".258","60","163","4","11","59",".259",".363",".302",".301",".317",".104",".309","67","85.7","15.2",40.9,11,3.1,23.4,"95.278497399","91.650357101",67.2,7.7,240,1046,375,1750,88.6,68,599,51,892,42.5,744,19.2,48.3,36.3,37.1,26.6,350,37.4,25.1
"McGuire, Reese",624512,2023,28,187,206,50,36,12,1,1,53,11,25.7,5.3,".267",".358",".310","0.668","0.091",".366","16","67","1","2","15",".205",".282",".293",".243",".254",".077",".287","67.5","84","2.8",33.6,4,2.9,27,"95.837614394","91.965886641",64.5,7.6,106,412,188,765,82.6,43,247,50.1,383,44.1,337,23.1,53.2,35,37.2,27.7,137,56.2,13.9
"Moore, Dylan",664238,2023,30,145,165,30,13,9,1,7,56,16,33.9,9.7,".207",".428",".303","0.731","0.221",".280","19","62","3","7","18",".195",".433",".317",".315",".293",".238",".318","72.2","89","21.4",40.4,15,16.9,44.9,"100.440584889","94.544615618",63.5,8.1,100,351,191,682,76.5,51,217,50.1,342,43.3,295,33.4,46,44.9,34.8,20.2,89,29.2,30.3
"Aranda, Jonathan",666018,2023,25,87,103,20,13,4,1,2,31,13,30.1,12.6,".230",".368",".340","0.708","0.138",".327","13","32","0","0","13",".191",".309",".312",".279",".307",".119",".292","71.3","89","8.4",26.3,3,5.3,43.9,"98.83416931","93.60544",59.4,7.6,55,284,90,449,78,27,123,46.1,207,40.3,181,29.6,44.3,49.1,24.6,26.3,57,54.4,19.3
"Cronenworth, Jake",630105,2023,29,458,522,105,64,24,7,10,97,46,18.6,8.8,".229",".378",".312","0.690","0.149",".267","48","173","1","6","54",".234",".374",".301",".306",".317",".139",".295","68.3","87.4","15.2",35.7,16,4.4,33.2,"97.73147257","92.917093417",67.1,7.6,255,1257,442,2060,90.6,68,720,52.1,1073,44.4,914,16,47.6,35.4,37.3,27.2,367,37.6,29.2
"Harris II, Michael",671739,2023,22,505,539,148,94,33,3,18,101,25,18.7,4.6,".293",".477",".331","0.808","0.184",".334","57","241","4","20","76",".298",".494",".345",".356",".337",".196",".372","73.7","90.9","7.6",34.6,41,10,48.5,"103.586789505","96.131496609",68.2,7.5,283,1163,429,1954,82.2,117,657,49.3,964,44.5,869,24.4,52.9,33.3,38.7,27.9,408,48,17.4
"Polanco, Jorge",593871,2023,29,302,343,77,45,18,0,14,88,36,25.7,10.5,".255",".454",".335","0.789","0.199",".310","48","137","0","4","38",".247",".491",".340",".350",".329",".243",".344","70.6","88.4","21.6",39.6,30,13.8,40.6,"100.221097963","94.291735787",66.6,6.9,265,683,383,1400,84.5,68,439,47,659,40.5,568,24.9,46.4,41.9,36.4,21.7,217,29,39.2
"Taveras, Leody",665750,2023,24,511,554,136,88,31,3,14,117,35,21.1,6.3,".266",".421",".312","0.733","0.155",".318","67","215","4","14","67",".266",".412",".316",".320",".316",".146",".346","71.3","90.1","10.2",35.2,29,7.2,43.1,"100.592817638","94.514120854",70.9,7.4,416,1126,465,2106,84,119,742,49.7,1047,41.8,881,24.2,49.4,28.7,42.1,29.2,401,45.9,22.7
"Story, Trevor",596115,2023,30,158,168,32,20,9,0,3,55,9,32.7,5.4,".203",".316",".250","0.566","0.113",".290","14","50","3","10","12",".204",".359",".249",".265",".251",".155",".313","71.1","88.5","15.5",42.7,10,9.7,39.8,"99.807338431","94.011833627",69.7,7.3,36,379,149,640,75.2,57,230,51.6,330,43,275,31.7,50.8,35.9,36.9,27.2,103,39.8,25.2
"Yastrzemski, Mike",573262,2023,32,330,381,77,38,23,1,15,99,45,26,11.8,".233",".445",".330","0.775","0.212",".286","43","147","2","2","54",".228",".428",".333",".326",".325",".201",".324","70.6","90","19.6",35,23,9.8,44,"100.690515526","94.656883114",62.5,7.2,238,921,315,1573,82.8,84,487,49.5,779,44.5,701,23.6,41.2,41.9,38,20.1,234,32.9,32.5
"Abreu, José",547989,2023,36,540,594,128,86,23,1,18,130,42,21.9,7.1,".237",".383",".296","0.679","0.146",".276","90","207","1","0","62",".244",".414",".295",".315",".307",".170",".322","74","89","10.8",32.5,36,8.7,41.6,"100.821833606","94.59770588",65.2,6.7,196,1390,615,2400,82.1,134,749,47.9,1149,42.6,1022,26.4,50.1,32.7,39.4,27.9,416,45,21.9
"Grichuk, Randal",545341,2023,31,434,471,116,67,31,2,16,96,29,20.4,6.2,".267",".459",".321","0.780","0.192",".309","44","199","2","2","65",".259",".436",".333",".325",".315",".177",".334","74.5","89.6","14",35,24,7.1,45.3,"101.490095235","95.074647765",67,7.7,199,961,445,1721,85.7,78,545,47.2,813,42.4,730,26.7,50.1,44.7,31.5,23.8,340,40.9,24.4
"Baker, Luken",663609,2023,26,86,99,18,13,3,0,2,31,13,31.3,13.1,".209",".314",".313","0.627","0.105",".302","10","27","0","0","9",".233",".382",".285",".318",".334",".148",".365","73.9","93.1","16.9",38.2,4,7.3,52.7,"103.412949286","96.955525273",64.2,7.4,40,253,126,448,77.1,30,131,45.5,204,41.5,186,31.6,41.7,34.5,43.6,21.8,55,36.4,30.9
"Heim, Jonah",641680,2023,28,457,501,118,72,28,0,18,96,40,19.2,8,".258",".438",".317","0.755","0.180",".289","95","200","0","2","61",".252",".438",".324",".325",".314",".186",".320","68.4","89.2","17.3",34.3,29,8,38.5,"99.154937912","93.809775675",73.8,7,313,1165,438,1996,83.2,123,732,49.7,992,44.6,891,22.5,52,45.3,33,21.7,364,36.3,29.9
"Tellez, Rowdy",642133,2023,28,311,351,67,44,9,1,13,86,35,24.5,10,".215",".376",".291","0.667","0.161",".249","47","117","0","0","26",".232",".375",".288",".305",".310",".143",".321","74.5","89.9","15.2",35.7,20,8.7,40.4,"101.162097826","94.892917074",52.9,6.7,298,820,312,1503,85.4,58,397,49.9,751,43.9,660,21.9,38.5,35.7,40.9,23.5,230,37.8,30.4
"Moustakas, Mike",519058,2023,34,352,386,87,60,15,0,12,95,23,24.6,6,".247",".392",".293","0.685","0.145",".296","48","138","0","0","43",".215",".355",".294",".271",".266",".140",".290","71.6","89","18",28.3,15,5.7,37.9,"99.28083626","93.790160498",71.5,6.6,225,815,392,1502,80.4,109,556,52.1,778,45,673,27.3,53.2,39.6,34,26.4,265,34.3,29.1
"Hoerner, Nico",663538,2023,26,619,688,175,135,27,4,9,83,49,12.1,7.1,".283",".383",".346","0.729","0.100",".312","68","237","7","43","98",".272",".361",".322",".313",".338",".089",".312","68.8","86.6","10.5",33.2,10,1.8,33.4,"97.320472852","92.695131651",60.5,8.2,224,1482,655,2539,93.2,53,776,50.5,1282,41.4,1051,12.5,45.6,30.6,40.6,28.8,542,47.2,20.3
"Benson, Will",666181,2023,25,287,329,79,45,15,8,11,103,40,31.3,12.2,".275",".498",".365","0.863","0.223",".391","31","143","3","19","51",".226",".401",".369",".321",".323",".176",".353","70.3","90.2","14.6",40.5,19,10.3,42.2,"100.059735699","94.448386703",65.9,7.9,182,751,373,1368,76.4,107,453,50.2,687,42.7,584,31.5,42.8,38.4,43.2,18.4,185,38.4,28.1
"Haase, Eric",606992,2023,30,274,293,55,42,8,1,4,81,17,27.6,5.8,".201",".281",".247","0.528","0.080",".268","26","77","1","4","22",".214",".311",".233",".254",".261",".097",".305","72.5","87.1","13.4",29.2,9,4.6,35.9,"98.489376289","93.341904124",72.2,7.6,108,626,305,1118,77.4,90,399,49.5,553,45,503,32.6,54,38.5,37.4,24.1,195,43.1,22.6
"Hall, Darick",669742,2023,27,54,56,9,7,1,0,1,18,2,32.1,3.6,".167",".241",".196","0.437","0.074",".229","3","13","0","0","2",".213",".295",".193",".236",".241",".082",".320","72","92.5","14",27.8,1,2.8,38.9,"101.753775556","95.168221667",77.8,6.8,35,123,37,205,82.1,15,84,52.7,108,42.4,87,24.1,56.6,41.7,22.2,36.1,36,38.9,16.7
"Schwarber, Kyle",656941,2023,30,585,720,115,48,19,1,47,215,126,29.9,17.5,".197",".474",".343","0.817","0.277",".209","104","277","2","0","108",".215",".489",".350",".363",".358",".275",".337","77.1","92.4","19",34.3,61,16.4,48.8,"103.398490108","96.18179379",55.8,6.4,417,1718,740,3068,77.5,181,805,47,1442,42.8,1314,31.5,37.7,52.5,32.7,14.7,373,34.6,33.8
"Wallner, Matt",670242,2023,25,213,254,53,27,11,1,14,80,28,31.5,11,".249",".507",".370","0.877","0.258",".328","41","108","1","2","42",".230",".527",".377",".377",".355",".297",".369","77.4","91.9","21",32.3,25,18.8,48.1,"104.489305224","96.79268782",69.8,6.5,154,599,253,1046,68.6,108,344,47.1,493,43.4,454,36.3,47.1,45.9,27.1,27.1,133,31.6,33.8
"Bart, Joey",663698,2023,26,87,95,18,13,5,0,0,23,3,24.2,3.2,".207",".264",".263","0.527","0.057",".277","5","23","0","0","9",".195",".298",".239",".252",".258",".103",".269","73.6","86.2","15.4",23.1,4,6.2,26.2,"96.910206875","92.561974127",68.9,6.9,50,167,98,350,80.3,24,122,50.6,177,43.7,153,28.2,48.6,35.4,41.5,23.1,65,46.2,26.2
"Pinto, René",650907,2023,26,103,105,26,17,3,0,6,34,2,32.4,1.9,".252",".456",".267","0.723","0.204",".317","16","47","0","0","10",".251",".515",".306",".327",".265",".265",".374","72.9","90.5","16.9",44.9,11,15.9,40.6,"100.105437143","94.478489275",76,11.1,32,233,99,398,67.9,54,168,55.5,221,39.9,159,38,55.5,43.5,30.4,26.1,69,31.9,31.9
"Pederson, Joc",592626,2023,31,358,425,84,52,14,3,15,89,57,20.9,13.4,".235",".416",".348","0.764","0.181",".268","51","149","0","0","59",".258",".489",".331",".367",".369",".231",".341","72.6","92.1","15.2",33.5,33,12.1,52.2,"103.009948074","96.305444852",66,6.3,321,903,391,1723,82.6,88,506,44.5,767,41.7,718,24.6,45.2,45.6,32,22.4,272,40.1,30.1
"Haseley, Adam",656514,2023,27,36,39,8,6,2,0,0,8,3,20.5,7.7,".222",".278",".282","0.560","0.056",".286","2","10","0","1","6",".249",".356",".253",".295",".307",".107",".321",,"87.6","8",28.6,1,3.6,39.3,"98.964537143","93.482268571",77.1,7.8,12,70,38,129,83.3,9,54,54.3,70,50.4,65,27.1,54.3,32.1,39.3,28.6,28,50,21.4
"Laureano, Ramón",657656,2023,28,361,404,81,50,18,4,9,114,33,28.2,8.2,".224",".371",".304","0.675","0.147",".301","35","134","1","12","46",".227",".377",".298",".304",".308",".151",".332","71.1","88.2","12.9",34.7,24,9.7,35.9,"98.923313496","93.530379634",66.1,8,181,917,449,1653,83.7,90,553,50.6,837,42.3,700,29,46.8,42.3,31.5,26.2,248,46,25.4
"Walsh, Jared",665120,2023,29,104,116,13,5,4,0,4,45,11,38.8,9.5,".125",".279",".216","0.495","0.154",".164","11","29","0","0","10",".146",".254",".222",".224",".235",".107",".258","73.3","86.1","18.4",27.1,4,6.8,32.2,"98.135964828","93.156894386",66.2,6.5,70,275,99,459,63.9,53,147,48.4,222,43.4,199,45.3,46.2,57.6,22,20.3,59,35.6,28.8
"Peralta, David",444482,2023,35,394,422,102,69,25,1,7,72,20,17.1,4.7,".259",".381",".294","0.675","0.122",".296","55","150","1","4","47",".272",".407",".290",".312",".310",".135",".332","72.1","89.3","8.2",31.1,16,4.9,44.2,"100.838135399","94.678134417",74.3,8,289,830,340,1530,84.7,88,576,50.6,775,44.5,682,22.5,54.5,38.4,35.7,25.9,328,49.1,21.6
"Langeliers, Shea",669127,2023,25,448,490,92,47,19,4,22,143,34,29.2,6.9,".205",".413",".268","0.681","0.208",".246","63","185","2","3","52",".208",".429",".290",".299",".270",".221",".303","74.6","90.6","19.6",30.8,41,13.3,44.5,"101.929508117","95.365956026",69.9,7.8,259,1052,470,1921,76,159,662,49.3,947,43.3,833,32.1,50.3,43.8,30.5,25.6,308,36.7,31.2
"Rodríguez, Endy",682848,2023,23,186,204,41,29,7,2,3,49,17,24,8.3,".220",".328",".284","0.612","0.108",".281","13","61","0","0","27",".230",".381",".271",".296",".294",".150",".311","69.9","89.1","16.5",35.5,7,5.1,36.2,"97.95644029","93.14479073",68.1,7.7,136,431,163,776,87.3,32,252,47.7,370,42.5,330,21.4,46.3,47.8,27.5,24.6,138,32.6,33.3
"Martini, Nick",605361,2023,33,72,79,19,9,3,1,6,15,5,19,6.3,".264",".583",".329","0.912","0.319",".255","16","42","0","0","10",".250",".514",".382",".353",".317",".264",".316","70.7","91","23.6",45.6,6,10.5,45.6,"99.627005517","94.504043509",66.5,8.9,45,196,61,314,85.8,16,113,54.1,170,44.9,141,18.1,47.5,36.8,35.1,28.1,57,26.3,38.6
"Massey, Michael",686681,2023,25,428,461,98,64,18,1,15,99,24,21.5,5.2,".229",".381",".274","0.655","0.152",".261","55","163","2","6","42",".257",".434",".283",".318",".302",".178",".333","70.8","88.6","19.7",38,26,7.8,39.5,"99.467958364","93.868433587",72.5,7.9,295,967,472,1841,86.3,90,658,49.2,907,41.2,758,22.4,52.1,51.8,26.6,21.6,334,31.4,30.5
"Pillar, Kevin",607680,2023,34,197,206,45,26,10,0,9,50,6,24.3,2.9,".228",".416",".248","0.664","0.188",".255","32","82","1","4","29",".252",".422",".280",".296",".271",".170",".332","71","87.9","17.8",39.3,12,8,38.7,"98.402506267","93.29131396",72.8,9.1,108,389,216,756,82.3,48,271,49.2,372,40.3,305,26.5,56.3,48.7,30.7,20.7,150,35.3,28.7
"Burdick, Peyton",680814,2023,26,33,37,6,3,2,0,1,18,3,48.6,8.1,".182",".333",".270","0.603","0.151",".357","2","11","0","1","4",".151",".340",".269",".258",".243",".188",".333",,"93.9","17.3",33.3,2,13.3,60,"104.35911375","97.809352",75.7,6,21,91,35,150,58.9,23,56,49.3,74,46,69,46.3,53.3,33.3,26.7,40,15,40,40
"Carlson, Dylan",666185,2023,24,219,255,48,34,8,1,5,49,26,19.2,10.2,".219",".333",".318","0.651","0.114",".256","27","73","0","3","27",".232",".381",".293",".317",".330",".149",".296","69.9","89.3","15",34.1,10,5.8,37.6,"98.393567326","93.357659942",68,6.8,170,586,249,1047,82.5,61,349,49,513,43.9,460,22.6,46,32.9,41.6,25.4,173,43.9,26.6
"Hedges, Austin",595978,2023,30,185,212,34,28,5,0,1,47,11,22.2,5.2,".184",".227",".234","0.461","0.043",".236","16","42","0","1","14",".216",".295",".209",".256",".271",".078",".295","68.2","87.2","15.4",29.1,1,0.7,31.1,"97.087257286","92.598786763",72,7.6,71,441,185,741,80,52,260,48.7,361,43.5,322,28,52.1,40.4,38.4,21.2,151,45.7,20.5
"Carpenter, Kerry",681481,2023,25,418,459,116,77,17,2,20,115,32,25.1,7,".278",".471",".340","0.811","0.193",".338","64","197","0","6","57",".254",".468",".347",".338",".320",".214",".351","70.6","90.1","13.1",37.2,31,10.2,44,"99.813840795","94.326096744",72.2,7.1,330,832,500,1761,81.5,114,617,48.8,854,42.7,747,27,52.4,44.4,32.6,23,304,45.1,27.6
"Pérez, Carlos",656024,2023,26,49,53,10,5,4,0,1,11,4,20.8,7.5,".204",".347",".264","0.611","0.143",".243","3","17","0","0","5",".196",".304",".267",".251",".256",".109",".252","67.6","85.1","13.5",28.9,3,7.9,26.3,"96.852436316","92.441754737",64.9,6.6,27,115,36,197,85.2,9,61,47.7,94,47.7,94,22.7,49.2,39.5,31.6,28.9,38,50,15.8
"Marisnick, Jake",545350,2023,32,76,83,18,11,3,2,2,21,3,25.3,3.6,".237",".408",".280","0.688","0.171",".296","10","31","3","2","10",".221",".367",".294",".275",".266",".146",".300","70.4","88.5","21.9",31.6,3,5.3,36.8,"99.229713571","93.634970357",76.6,10,38,178,83,321,78.4,29,134,54.5,175,43.9,141,27.8,56.1,31.6,43.9,24.6,57,33.3,21.1
"Freeman, Tyler",671289,2023,24,153,168,37,26,7,0,4,30,10,17.9,6,".242",".366",".295","0.661","0.124",".275","18","56","0","5","20",".272",".400",".290",".317",".323",".128",".335","72.3","85.8","6.2",38.9,4,3.2,38.1,"99.035576452","93.596430081",66,6.6,75,378,131,636,88.1,25,210,50,318,45.8,291,17.8,47.6,38.9,38.1,23,126,50.8,15.9
"Anderson, Brian",605119,2023,30,318,361,72,48,12,3,9,108,36,29.9,10,".226",".368",".310","0.678","0.142",".309","40","117","3","1","38",".225",".388",".299",".314",".313",".163",".343","72.4","87.6","9.9",34.3,22,10.3,37.1,"99.655808491","93.945080472",69.4,8.7,194,803,343,1441,75.4,124,505,50.5,728,42.7,615,33.3,48.9,27.7,43.7,28.6,213,47.9,22.5
"Gallagher, Cam",595956,2023,30,143,149,18,12,6,0,0,46,4,30.9,2.7,".126",".168",".154","0.322","0.042",".184","7","24","0","0","6",".154",".209",".145",".175",".182",".055",".226","68.8","82.5","17.3",24.5,2,2,20.4,"94.077365208","91.145200104",69.5,8.7,45,356,138,585,83.2,36,214,52.6,308,42.7,250,22.3,51.5,38.8,38.8,22.4,98,46.9,23.5
"Blackmon, Charlie",453568,2023,36,359,413,100,63,24,5,8,55,39,13.3,9.4,".279",".440",".363","0.803","0.161",".307","40","158","1","4","57",".267",".410",".350",".339",".355",".143",".314","66.9","86.4","18.1",39,15,4.9,31.5,"97.605451688","92.81067263",65.8,8.4,216,942,281,1518,86.7,67,503,50.3,764,44.2,671,19.6,47.3,45.5,32.8,21.8,308,36.4,25.6
"Nevin, Tyler",663527,2023,26,95,111,19,13,3,1,2,25,12,22.5,10.8,".200",".316",".306","0.622","0.116",".246","10","30","1","0","11",".214",".372",".282",".308",".319",".158",".288","67.2","89.3","13.7",26.8,5,7,38,"98.360963056","93.498421127",69,10.1,44,295,94,464,83,28,165,51.5,239,39.9,185,22.7,46.6,28.2,38,33.8,71,45.1,33.8
"Myers, Wil",571976,2023,32,127,141,24,18,3,0,3,48,12,34,8.5,".189",".283",".257","0.540","0.094",".273","12","36","1","2","11",".189",".304",".243",".252",".259",".115",".304",,"87.6","11",29.6,5,6.2,29.6,"97.432230513","92.949601154",56.2,8.9,38,286,174,552,69.2,49,159,51.3,283,46.6,257,36.8,43.3,46.9,33.3,19.8,81,50.6,19.8
"Estrada, Thairo",642731,2023,27,495,530,134,92,26,2,14,120,22,22.6,4.2,".271",".416",".315","0.731","0.145",".331","49","206","7","23","63",".246",".373",".316",".293",".294",".127",".326","70.3","85.9","10.8",34.7,18,4.8,33.7,"97.898139565","92.983630679",67.3,6.5,207,1042,519,1923,89.3,65,606,46.8,900,43.2,830,21.5,51.7,44.3,32.9,22.8,377,45.4,22.3
"Chavis, Michael",656308,2023,27,91,96,22,17,3,0,2,33,5,34.4,5.2,".242",".341",".281","0.622","0.099",".357","5","31","0","1","16",".234",".303",".273",".258",".274",".068",".368","72.7","84.5","8.9",41.4,1,1.7,31,"97.534199655","92.767099828",72.3,10.1,57,214,75,375,73.2,37,138,50.9,191,44.8,168,34,53.3,46.6,22.4,31,58,53.4,15.5
"McKinney, Billy",641856,2023,28,128,147,29,19,3,1,6,39,17,26.5,11.6,".227",".406",".320","0.726","0.179",".274","14","52","0","1","19",".236",".469",".315",".343",".330",".233",".339","71.3","89.1","12.2",43.3,11,12.2,41.1,"99.630086889","94.008399667",66.5,8.3,103,329,155,611,79,44,210,51.6,316,43,263,28.6,44.7,48.9,32.2,18.9,90,41.1,31.1
"Haggerty, Sam",664059,2023,29,91,108,23,18,3,1,1,17,15,15.7,13.9,".253",".341",".364","0.705","0.088",".301","5","31","1","10","13",".266",".330",".321",".325",".376",".064",".327","69.3","85.9","12.1",32,1,1.3,26.7,"96.15900973","92.082525811",73,9,95,215,75,413,84.9,22,146,48.4,200,43.3,179,21.6,48.2,48,28,24,75,44,21.3
"Grandal, Yasmani",518735,2023,34,363,405,85,63,14,0,8,86,36,21.2,8.9,".234",".339",".309","0.648","0.105",".284","33","123","0","0","33",".220",".334",".288",".282",".297",".114",".288","70.7","87.9","10.8",32.3,13,4.7,34.4,"98.280329643","93.23662509",62.1,7.1,342,898,335,1641,82.5,89,509,50,820,44.8,735,24.9,44.7,36.2,37.6,26.2,279,45.2,25.4
"Pereira, Everson",677592,2023,22,93,103,14,10,4,0,0,40,8,38.8,7.8,".151",".194",".233","0.427","0.043",".264","10","18","0","4","6",".213",".318",".202",".274",".289",".105",".374","73.5","91.9","10",39.6,4,7.5,54.7,"101.939197778","95.917055283",78.2,6.7,44,196,110,388,66.2,52,154,50.8,197,42.3,164,43.1,52.6,41.5,35.8,22.6,53,47.2,22.6
"Fortes, Nick",663743,2023,26,294,323,60,44,10,0,6,59,17,18.3,5.3,".204",".299",".263","0.562","0.095",".234","26","88","2","4","33",".208",".329",".251",".264",".267",".120",".259","70.3","88.2","13.9",27.1,9,3.8,35,"98.518887881","93.393950383",65.3,8,100,591,348,1129,88.1,44,370,50.2,567,40.9,462,17.1,45.5,40.8,36.7,22.5,240,46.3,25
"Cabrera, Miguel",408234,2023,40,334,370,86,62,20,0,4,74,31,20,8.4,".257",".353",".322","0.675","0.096",".317","34","118","0","0","21",".243",".365",".299",".301",".311",".122",".312","68.2","89.1","7.4",34.2,11,4.2,37.6,"98.972070682","93.630273802",68.3,7.7,110,884,309,1381,81.8,86,473,50.2,693,41.8,577,25.6,48.3,35.7,38.8,25.5,263,49.8,18.3
"Garver, Mitch",641598,2023,32,296,344,80,50,11,0,19,82,44,23.8,12.8,".270",".500",".370","0.870","0.230",".313","50","148","0","0","45",".250",".496",".374",".365",".353",".246",".346","70.8","90","20.5",35.5,27,12.6,42.1,"100.978311963","94.653887243",61.9,8.3,147,709,469,1430,83.9,71,441,49.9,713,42.3,605,23.7,39.6,47.7,35,17.3,214,29.9,33.2
"Contreras, William",661388,2023,25,540,611,156,100,38,1,17,126,63,20.6,10.3,".289",".457",".367","0.824","0.168",".348","78","247","1","6","86",".251",".439",".357",".336",".334",".188",".327","73.8","91.3","4.7",27.1,39,9.4,48.7,"103.241329369","96.097846496",62.6,8,316,1295,634,2419,79,155,737,48.7,1178,42.7,1032,28,43.2,32.6,39.6,27.8,417,55.4,20.4
"Candelario, Jeimer",600869,2023,29,505,576,127,63,39,3,22,127,53,22,9.2,".251",".471",".336","0.807","0.220",".292","70","238","1","8","77",".231",".407",".346",".318",".319",".176",".307","69.3","88.3","14.1",36.9,30,7.9,36.4,"99.185208","93.708029184",68.1,5.9,373,1190,645,2333,83.9,123,763,48,1120,42.6,994,24.2,47.4,42.9,34.6,22.5,382,39.8,28
"Cabbage, Trey",663550,2023,26,53,56,11,7,3,0,1,26,2,46.4,3.6,".208",".321",".232","0.553","0.113",".370","7","17","1","1","5",".141",".246",".238",".183",".171",".105",".270","75.2","86.7","4.6",28.6,2,7.1,32.1,"98.960563571","93.579308214",87,4.7,46,105,48,215,60.9,34,87,46.5,100,48.8,105,51.4,65.1,32.1,39.3,28.6,28,57.1,25
"Flores, Wilmer",527038,2023,31,405,454,115,70,22,0,23,63,41,13.9,9,".284",".509",".355","0.864","0.225",".286","60","206","0","0","51",".254",".443",".368",".335",".329",".190",".300","67.5","86.4","22",36.2,27,7.8,32.5,"97.399441744","92.72835564",62.7,8.5,203,1056,491,1875,88.4,66,568,48.3,906,43.2,810,15.8,44.9,44.9,29,26.1,345,31.9,29.9
"d'Arnaud, Travis",518595,2023,34,267,292,60,36,13,0,11,67,21,22.9,7.2,".225",".397",".288","0.685","0.172",".258","39","106","0","0","31",".248",".440",".297",".326",".311",".192",".333","72.3","90.7","10.3",37.8,18,9,42.8,"101.038586","94.8353646",75.2,9.2,110,647,276,1115,76.3,103,434,51.7,577,39.2,438,28.6,52,38.8,33.8,27.4,201,42.3,24.9
"Abreu, Wilyer",677800,2023,24,76,85,24,16,6,0,2,23,9,27.1,10.6,".316",".474",".388","0.862","0.158",".431","14","36","1","3","10",".263",".483",".375",".356",".342",".220",".380","74.1","91.3","11.9",35.8,5,9.4,49.1,"102.696283846","96.010390962",63.7,6.4,56,209,66,361,75,29,116,50.4,182,41.3,149,31.7,44.6,41.5,28.3,30.2,53,41.5,30.2
"Walker, Jordan",691023,2023,21,420,465,116,79,19,2,16,104,37,22.4,8,".276",".445",".342","0.787","0.169",".331","51","187","4","7","51",".263",".430",".341",".332",".331",".168",".348","74.9","89.4","10.2",33.6,24,7.5,42.5,"101.884002327","95.105508896",72.4,7.2,212,859,441,1667,81.3,106,568,47,784,40.9,681,30,51.6,39.3,36.8,23.9,318,46.9,22.6
"Urshela, Gio",570482,2023,31,214,228,64,53,8,1,2,36,10,15.8,4.4,".299",".374",".329","0.703","0.075",".346","24","80","2","3","22",".258",".369",".307",".292",".296",".112",".312",,"87.5","8.6",34.8,7,3.9,33.7,"97.28858011","92.735387017",73.8,7,80,460,229,881,88.6,36,315,48.5,427,42,370,18.8,54.8,24.9,41.4,33.7,181,48.6,24.3
"Lawlar, Jordan",691783,2023,20,31,34,4,4,0,0,0,11,2,32.4,5.9,".129",".129",".206","0.335","0.000",".200","0","4","1","1","2",".140",".183",".166",".190",".216",".043",".217","68.6","77.8","13.9",15,0,0,5,"84.847072","88.627346842",70.6,10.4,7,80,21,134,75,12,48,50.7,68,47,63,32.3,46.3,40,45,15,20,55,20
"Calhoun, Willie",641432,2023,28,134,149,32,20,7,0,5,20,14,13.4,9.4,".239",".403",".309","0.712","0.164",".245","16","54","0","0","16",".258",".382",".307",".309",".327",".124",".301",,"90.7","11.9",35.7,4,3.5,42.6,"99.883095","94.214082",57.4,8,107,298,125,562,89.9,16,159,49.3,277,43.6,245,15.7,39.7,36.5,45.2,18.3,115,38.3,20.9
"Bauers, Jake",641343,2023,27,242,272,49,22,15,0,12,95,27,34.9,9.9,".202",".413",".279","0.692","0.211",".268","30","100","2","3","28",".223",".478",".297",".334",".300",".255",".364","75.1","89.1","13.8",36,28,18.7,48.7,"102.0116428","95.506092133",66.1,9.1,191,636,282,1169,75.6,96,394,51,596,43.5,508,33.3,45.8,41.3,35.3,23.3,150,37.3,32.7
"Kelenic, Jarred",672284,2023,23,372,416,94,56,25,2,11,132,41,31.7,9.9,".253",".419",".327","0.746","0.166",".359","49","156","5","13","44",".260",".439",".321",".333",".334",".179",".401","72.2","90.9","10.1",38.8,23,9.5,45.5,"101.460697521","95.139393983",66.4,6.1,334,704,515,1664,77.3,121,533,48.2,803,43.3,722,33.8,46.8,38.4,36.8,24.8,242,43.8,24.4
"Chapman, Matt",656305,2023,30,509,581,122,64,39,2,17,165,62,28.4,10.7,".240",".424",".330","0.754","0.184",".319","54","216","2","4","66",".222",".461",".328",".336",".316",".239",".329","75.5","93.4","18.5",32.4,59,17.1,56.4,"103.539639884","96.813201603",66.6,8.2,174,1476,595,2451,72.8,227,836,51.2,1255,42.8,1049,31.1,43.3,36.7,37.9,25.4,346,35,30.6
"Ford, Mike",645801,2023,30,219,251,50,28,6,0,16,81,24,32.3,9.6,".228",".475",".323","0.798","0.247",".276","34","104","0","0","32",".194",".412",".343",".309",".294",".219",".308","71.1","88.8","21",33.1,24,17.3,44.6,"101.141524429","94.781977914",64.6,7.1,195,411,304,1032,80.4,62,317,47.6,491,42.7,441,30.4,42.7,43.9,36.7,19.4,139,31.7,35.3
"McCarthy, Jake",664983,2023,25,276,312,67,53,7,5,2,62,26,19.9,8.3,".243",".326",".318","0.644","0.083",".305","16","90","4","26","37",".241",".336",".289",".295",".318",".095",".311","68.8","85.3","7.5",32,5,2.3,23.7,"95.717509423","91.881453188",71,7.9,168,601,284,1125,87.8,48,395,49.4,556,46.4,522,22.6,51.1,40.2,30.1,29.7,219,54.3,19.2
"Perdomo, Geraldo",672695,2023,23,407,495,100,70,20,4,6,86,64,17.4,12.9,".246",".359",".353","0.712","0.113",".295","47","146","4","16","71",".203",".277",".319",".277",".318",".074",".255","65.7","85.7","16.4",35.4,3,0.9,19.5,"94.552794268","91.28665535",59.4,8,277,1237,444,2064,89.3,68,636,51.8,1070,43.8,904,15.1,39.1,40.7,34.5,24.8,339,41.3,27.1
"Maldonado, Martín",455117,2023,36,362,407,69,42,12,0,15,139,30,34.2,7.4,".191",".348",".258","0.606","0.157",".260","36","126","0","0","33",".185",".362",".266",".269",".254",".177",".301","71.7","88.4","18.1",32.8,20,8.5,40,"99.511383636","93.988423653",65.5,8.7,102,910,417,1584,76.1,127,532,51.3,812,41.3,654,34.3,49.6,46,30.6,23.4,235,38.7,31.5
"Cave, Jake",595909,2023,30,184,203,39,25,8,1,5,55,15,27.1,7.4,".212",".348",".272","0.620","0.136",".270","21","64","0","3","18",".200",".359",".271",".277",".266",".160",".289","68.9","89.3","15.3",29.5,10,7.6,34.8,"98.602982576","93.425616336",68.2,8,135,428,195,813,81.6,50,272,49.1,399,41.3,336,27,48.8,31.8,34.1,34.1,132,38.6,34.8
"Valdez, Enmanuel",665839,2023,24,139,149,37,23,8,0,6,37,8,24.8,5.4,".266",".453",".311","0.764","0.187",".323","19","63","1","5","17",".231",".427",".328",".304",".278",".196",".316","70.4","87.5","10.2",35.3,11,10.8,33.7,"97.841454706","92.995234653",59.7,5.1,119,329,121,610,82.6,30,172,47.6,288,47.1,285,24.3,43.8,33.3,46.1,20.6,102,46.1,26.5
"Thompson, Bubba",669352,2023,25,53,60,9,4,4,1,0,16,4,26.7,6.7,".170",".283",".237","0.520","0.113",".237","4","15","2","4","10",".173",".256",".230",".228",".242",".083",".244",,"82.1","3.6",23.1,1,2.6,23.1,"94.908478235","91.577219394",74.8,8.6,21,111,62,220,64.9,27,77,46.8,103,47.7,105,38.3,52.3,33.3,41,25.6,39,56.4,15.4
"Millas, Drew",686452,2023,25,28,33,8,5,2,0,1,5,4,15.2,12.1,".286",".464",".375","0.839","0.178",".318","6","13","0","0","1",".278",".422",".365",".348",".368",".144",".339","69.3","84.5","2",33.3,2,8.3,20.8,"95.5493075","92.034070435",72.5,9,23,88,19,134,86,7,50,51.5,69,37.3,50,21.5,48.5,54.2,25,20.8,24,58.3,12.5
"Miller, Owen",680911,2023,26,291,314,76,54,17,0,5,61,17,19.4,5.4,".261",".371",".303","0.674","0.110",".310","27","108","2","13","29",".250",".361",".292",".288",".294",".112",".313","69.2","86.3","12.9",34.2,8,3.4,30.8,"97.106564615","92.584463305",63.8,8.9,107,704,281,1192,86.6,53,396,52.1,621,43.5,519,18.4,48.3,35,41,23.9,234,41.5,30.8
"Azocar, José",640492,2023,27,91,102,21,13,6,0,2,24,4,23.5,3.9,".231",".363",".278","0.641","0.132",".292","9","33","2","8","16",".256",".392",".280",".305",".302",".136",".348","70.1","87","12.5",31.9,5,6.9,26.4,"98.189845758","93.173306308",70.6,6,35,212,89,350,83.2,19,113,45.7,160,42.6,149,23.4,57.4,37.5,30.6,31.9,72,48.6,19.4
"Taylor, Michael A.",572191,2023,32,355,388,78,42,14,1,21,130,26,33.5,6.7,".220",".442",".278","0.720","0.222",".278","51","157","1","13","48",".220",".441",".308",".309",".278",".221",".346","74.4","88.1","13.4",30.6,31,13.5,38,"101.375261009","94.840009083",68.8,7.1,165,806,451,1526,76.2,118,496,47.2,721,44.6,680,34.1,49,37.1,40.6,22.3,229,45,28.8
"Pasquantino, Vinnie",686469,2023,25,231,260,57,31,17,0,9,31,25,11.9,9.6,".247",".437",".324","0.761","0.190",".250","26","101","0","0","24",".277",".457",".327",".349",".353",".180",".320",,"89.3","17.4",37.8,15,7.5,40.3,"99.9938884","94.167852814",62.8,5.1,235,502,229,1013,90.8,27,295,46.4,470,45.3,459,17.4,46.5,40.8,38.3,20.9,201,36.8,28.4
"Matos, Luis",682641,2023,21,228,253,57,41,13,1,2,33,20,13,7.9,".250",".342",".319","0.661","0.092",".285","14","78","0","3","24",".257",".366",".295",".307",".325",".109",".300","72.2","87.1","6.3",38.6,4,2,31,"97.615473402","92.870265619",69.7,6.9,107,504,221,901,90.6,28,299,47.6,429,42.8,386,17.2,46.5,37.1,45.2,17.8,197,45.7,23.4
"Blankenhorn, Travis",663905,2023,26,31,37,5,4,0,0,1,6,6,16.2,16.2,".161",".258",".297","0.555","0.097",".167","1","8","0","0","2",".225",".370",".262",".326",".351",".146",".279","73.6","92.3","6.1",24,1,4,52,"100.729610769","95.428808",66.1,5.1,22,71,34,136,79.5,8,39,43.4,59,36.8,50,31.7,44.1,36,36,28,25,52,24
"Mejía, Francisco",642336,2023,27,150,160,34,18,11,0,5,38,6,23.8,3.8,".227",".400",".258","0.658","0.173",".266","19","60","1","0","22",".201",".319",".280",".242",".235",".119",".266","67.8","87.5","18.9",33,5,4.3,32.2,"96.966115088","92.522121228",71.2,6.9,131,263,150,578,83.3,33,198,48.2,278,42.8,247,22.1,59.5,47.8,34.8,17.4,115,37.4,27
"Rutschman, Adley",668939,2023,25,588,687,163,111,31,1,20,101,92,14.7,13.4,".277",".435",".374","0.809","0.158",".303","80","256","2","1","84",".289",".473",".352",".374",".387",".184",".349","70.3","88.4","12.6",37,37,7.5,38.6,"99.614450772","93.937278476",60.7,6.9,552,1572,638,2904,89.3,89,834,47.3,1375,44.9,1304,15.6,41,37.2,31.3,31.5,492,42.9,26
"Crawford, Brandon",543063,2023,36,283,320,55,36,11,1,7,81,28,25.3,8.8,".194",".314",".273","0.587","0.120",".241","38","89","0","3","31",".214",".379",".260",".293",".292",".165",".296","71.5","89.8","14",32.4,21,10.1,43,"99.565776078","94.12075299",74.3,7.2,234,668,271,1227,80.9,85,445,48.8,599,43.4,533,29.6,52.2,38.6,38.2,23.2,207,43,31.4
"Paris, Kyren",677347,2023,21,40,46,4,4,0,0,0,17,4,37,8.7,".100",".100",".200","0.300","0.000",".174","1","4","0","3","4",".164",".245",".156",".235",".257",".081",".285","72.1","85.6","4.5",20.8,1,4.2,33.3,"99.014699091","93.507349545",79.8,7.4,26,97,51,189,74.6,18,71,47.1,89,45,85,36.8,50.3,29.2,50,20.8,24,58.3,25
"Allen, Greg",656185,2023,30,23,28,5,2,1,1,1,10,2,35.7,7.1,".217",".478",".333","0.811","0.261",".333","1","11","1","3","6",".099",".150",".349",".194",".233",".051",".175","69.1","88.3","20.7",28.6,0,0,14.3,"92.868712857","90.644473077",71.4,4.7,12,59,24,106,67.5,13,40,52.8,56,50,53,35.3,48.1,57.1,14.3,28.6,14,42.9,42.9
"Kim, Ha-Seong",673490,2023,27,538,626,140,100,23,0,17,124,75,19.8,12,".260",".398",".351","0.749","0.138",".306","60","214","9","38","84",".242",".362",".330",".313",".337",".119",".313","67.7","86.2","13.6",36.1,18,4.2,26.7,"96.561670433","92.283861587",55.1,8.6,220,1669,670,2727,85.2,118,799,53.1,1449,45.2,1233,17.8,38.9,42,37.3,20.8,424,41.3,25.2
"Vogelbach, Daniel",596129,2023,30,275,319,64,43,8,0,13,81,42,25.4,13.2,".233",".404",".339","0.743","0.171",".282","48","111","0","0","33",".226",".407",".327",".325",".333",".182",".320","70.9","91.7","14.5",31.4,18,9.3,50,"101.166799794","95.217899227",50.9,6.5,177,731,398,1400,86.6,47,352,49.4,692,41.9,587,21.6,36,39.7,36.1,24.2,194,43.3,26.8
"Stephenson, Tyler",663886,2023,26,465,517,113,78,20,2,13,135,47,26.1,9.1,".243",".378",".317","0.695","0.135",".314","56","176","1","0","59",".240",".401",".305",".314",".315",".162",".338","70.4","89.4","8.9",33.5,25,7.6,43.5,"100.030744788","94.357020636",61.8,7,226,1217,462,2051,80.3,122,620,49,1004,43.4,890,28.4,42.5,36.6,35.6,27.8,331,48.9,23.3
"Wallach, Chad",595453,2023,31,157,172,31,18,5,1,7,57,13,33.1,7.6,".197",".376",".259","0.635","0.179",".258","15","59","1","0","18",".209",".408",".275",".292",".270",".200",".330","73.2","87.7","16.7",35.3,11,10.8,33,"97.89839551","92.949197755",70.4,9.2,75,350,213,690,76.2,56,235,49.5,334,41.8,282,34.8,50,37.3,34.3,28.4,102,39.2,30.4
"Murphy, Tom",608596,2023,32,145,159,42,22,12,0,8,44,10,27.7,6.3,".290",".538",".335","0.873","0.248",".358","17","78","0","0","19",".256",".501",".367",".349",".310",".244",".369","72.5","89.5","13.7",40.8,15,14.6,44.7,"101.351947692","95.064785146",73.1,8.1,86,314,147,593,78.5,48,223,51.4,305,44.5,264,30.4,52.1,46.6,31.1,22.3,103,45.6,28.2
"Butler, Lawrence",671732,2023,22,123,129,26,18,4,0,4,35,4,27.1,3.1,".211",".341",".240","0.581","0.130",".259","10","42","0","0","10",".230",".430",".251",".294",".259",".200",".319","74.1","88.3","16.2",24.7,8,9,37.1,"100.126691591","94.139083636",65.4,9,109,236,121,500,80.3,35,178,54.4,272,40.8,204,29.7,47.8,30.3,37.1,32.6,89,42.7,32.6
"Ahmed, Nick",605113,2023,33,198,210,42,29,10,1,2,52,12,24.8,5.7,".212",".303",".257","0.560","0.091",".278","17","60","1","5","14",".225",".328",".247",".264",".269",".104",".306","69.7","85.2","12.8",32.9,4,2.7,31.5,"97.507589437","92.754850282",66.6,7.2,104,452,181,776,80.6,51,263,50.9,395,43.4,337,26.9,50.4,36.3,39,24.7,146,43.2,21.9
"Smith, Josh",669701,2023,25,195,232,36,21,8,1,6,55,25,23.7,10.8,".185",".328",".304","0.632","0.143",".222","15","64","0","1","29",".207",".398",".287",".323",".325",".191",".289","69.4","88.5","12.5",30.8,15,10.5,36.4,"99.426100571","93.805422714",62.2,7.9,160,547,209,977,85.9,43,305,50.2,490,41.1,402,21.3,42.3,42.7,35,22.4,143,46.2,32.2
"Lindor, Francisco",596019,2023,29,602,687,153,87,33,2,31,137,66,19.9,9.6,".254",".470",".336","0.806","0.216",".277","98","283","4","31","108",".250",".462",".346",".346",".335",".212",".323","71","91.2","19.2",35.8,49,10.4,43.9,"100.821281314","94.916417775",70.3,7.4,402,1527,687,2741,83.9,150,929,48.2,1321,42.9,1177,22.8,48,44.7,35.4,19.9,472,34.1,31.4
"Grisham, Trent",663757,2023,26,469,555,93,48,31,1,13,154,75,27.7,13.5,".198",".352",".315","0.667","0.154",".264","50","165","3","15","67",".211",".404",".299",".322",".326",".193",".315","70.5","90.3","18.3",32.8,38,11.9,40,"100.701927386","94.880503967",60.3,7.8,318,1354,547,2341,77.9,161,728,51.6,1208,43.4,1017,28.3,41.6,43.8,33.8,22.5,320,38.1,28.1
"Mathias, Mark",664029,2023,28,62,72,14,12,2,0,0,15,10,20.8,13.9,".226",".258",".333","0.591","0.032",".298","6","16","0","3","6",".229",".281",".278",".290",".336",".052",".302","67","83.6","1.3",25.5,0,0,29.8,"95.306408333","91.78803234",63.5,8,42,183,59,299,77.7,21,94,49.3,148,39,117,29.8,40.5,34,46.8,19.1,47,63.8,8.5
"Hernández, Enrique",571771,2023,31,465,508,110,76,23,0,11,97,34,19.1,6.7,".237",".357",".289","0.646","0.120",".273","61","166","1","4","57",".222",".338",".282",".273",".278",".117",".278","72.3","87.8","17",31,17,4.5,33.7,"97.831208503","92.980265241",66,7.6,247,1068,491,1964,84.1,102,640,49.4,970,43.1,847,23.6,46.7,35,38.2,26.7,374,37.4,28.1
"Casas, Triston",671213,2023,23,429,502,113,66,21,2,24,126,70,25.1,13.9,".263",".490",".367","0.857","0.227",".317","65","210","0","0","66",".249",".502",".367",".370",".356",".253",".353","75.8","91.1","15.7",36.1,40,13.1,46.6,"102.616692288","95.686960262",66.5,7.1,370,1059,519,2062,77.3,151,666,48.6,1002,44.3,914,28.1,43.6,40,39,21,305,36.4,31.5
"Diaz, Yainer",673237,2023,24,355,377,100,55,22,0,23,74,11,19.6,2.9,".282",".538",".308","0.846","0.256",".292","60","191","0","0","51",".280",".546",".354",".358",".308",".266",".349","73.7","90.3","11.5",36.9,35,12.2,43.9,"101.571037778","95.208391603",76.4,7.9,144,603,424,1298,82.8,77,447,45.1,585,39.4,511,27.6,58.6,39.4,35.5,25.1,287,44.3,29.6
"Thaiss, Matt",642136,2023,28,262,307,56,41,6,0,9,83,36,27,11.7,".214",".340",".319","0.659","0.126",".272","31","89","0","2","32",".227",".412",".295",".332",".334",".185",".333","73.3","88.5","9.2",34.6,19,10.4,40.7,"100.494365275","94.474114254",72.3,7.2,249,688,228,1241,70.5,134,455,50.7,629,44,546,34.2,46,37.9,35.2,26.9,182,42.9,27.5
"Ozuna, Marcell",542303,2023,32,530,592,145,75,29,1,40,134,57,22.6,9.6,".274",".558",".346","0.904","0.284",".293","100","296","0","0","84",".277",".585",".381",".395",".350",".308",".371","75","91.8","15.6",34.9,66,16.6,49,"103.257673232","96.232240934",69.8,6.7,259,1231,706,2366,82.9,132,771,46.7,1105,42,993,26.7,48.4,42.5,30.9,26.6,398,39.9,32.4
"Palacios, Richie",680700,2023,26,93,102,24,12,6,0,6,11,6,10.8,5.9,".258",".516",".307","0.823","0.258",".234","16","48","0","2","9",".241",".424",".346",".308",".291",".183",".270","66.7","88.1","6.3",29.8,6,7.1,33.3,"96.959688095","92.583407229",66.8,6.4,56,241,85,408,88.1,17,143,52.5,214,45.6,186,15.1,45.6,40.5,35.7,23.8,84,53.6,29.8
"Martinez, J.D.",502110,2023,35,432,479,117,55,27,2,33,149,34,31.1,7.1,".271",".572",".321","0.893","0.301",".324","103","247","0","1","61",".265",".554",".369",".367",".319",".289",".398","72.9","93.4","16.9",41.1,50,17.1,55.1,"103.470071027","96.728137226",75.4,7.1,184,1005,534,1865,76.5,160,680,48.4,902,43.9,818,34.4,53,37.7,37.7,24.7,292,35.6,37
"Tena, José",677588,2023,22,31,34,7,5,2,0,0,13,3,38.2,8.8,".226",".290",".294","0.584","0.064",".389","3","9","0","0","2",".169",".277",".264",".233",".242",".108",".291","70.1","88.5","13.3",44.4,1,5.6,27.8,"96.036994444","92.052317222",62.8,7,10,93,43,158,85.2,8,54,54.4,86,43.7,69,29.9,42.4,27.8,33.3,38.9,18,38.9,33.3
"Trammell, Taylor",666211,2023,25,46,56,6,3,0,0,3,22,9,39.3,16.1,".130",".326",".286","0.612","0.196",".143","11","15","1","0","7",".167",".419",".279",".322",".316",".252",".321","69.1","91.5","26.2",16.7,4,16.7,45.8,"101.893273333","95.415335833",65.9,8.3,46,102,65,239,65.4,28,81,51,123,44.4,107,42.2,42.7,54.2,25,20.8,24,33.3,33.3
"Sosa, Edmundo",624641,2023,27,279,300,70,43,15,2,10,74,8,24.7,2.7,".251",".427",".293","0.720","0.176",".306","30","119","2","4","34",".234",".391",".309",".290",".277",".157",".317","73.1","86.8","13.8",34.1,14,6.7,32.2,"98.656224369","93.335070971",75.8,7.5,118,666,274,1126,78.3,93,428,50.1,565,42.9,484,28.7,59.5,47.1,33.2,19.7,208,42.8,23.6
"Betts, Mookie",605141,2023,30,584,693,179,99,40,1,39,107,96,15.4,13.9,".307",".579",".408","0.987","0.272",".316","107","338","3","14","126",".288",".572",".416",".408",".394",".284",".350","71.3","92.4","20.6",42.5,60,12.4,48.5,"100.865674689","95.28290971",60.3,7.2,276,1640,620,2712,91.8,66,803,49.1,1331,41.2,1117,16.7,38.1,45.4,35.3,19.3,482,27.6,35.7
"Palacios, Joshua",641943,2023,27,247,264,59,38,9,2,10,56,12,21.2,4.5,".239",".413",".279","0.692","0.174",".269","40","102","0","5","26",".255",".439",".297",".317",".296",".184",".331","71.5","91.3","7.7",30.9,19,9.8,45.4,"101.193022979","95.127376383",72.5,9.3,133,542,229,958,79.3,74,358,51.6,494,43.7,419,26.7,52,41.2,39.2,19.6,194,47.9,25.3
"Devers, Rafael",646240,2023,26,580,656,157,90,34,0,33,126,62,19.2,9.5,".271",".500",".351","0.851","0.229",".292","100","290","1","5","90",".276",".543",".359",".379",".357",".268",".352","73.4","93.1","12.4",30,58,12.7,55.1,"104.483705833","97.182864659",77.1,6,426,1539,480,2579,76.2,213,896,45.1,1162,42.3,1092,26.1,52.6,35.9,39.8,24.3,457,42.7,28.4
"Meneses, Joey",608841,2023,31,611,657,168,118,36,1,13,130,38,19.8,5.8,".275",".401",".321","0.722","0.126",".329","89","245","0","0","71",".244",".365",".314",".289",".293",".122",".308","69.7","89.4","9.4",32.9,26,5.4,41.7,"99.929364091","94.237468244",64.7,7.4,250,1375,740,2543,85.8,113,798,48.5,1234,41.5,1055,23.6,47.6,39.5,33.1,27.5,484,48.1,19.2
"Schoop, Jonathan",570731,2023,31,136,151,29,21,8,0,0,37,13,24.5,8.6,".213",".272",".278","0.550","0.059",".287","7","37","0","0","15",".228",".336",".249",".279",".293",".107",".309",,"89.4","11.2",32.7,4,4,38.6,"100.684305882","94.547389109",74.8,8.3,63,370,144,599,79.4,44,214,47.7,286,43.1,258,29.2,52.6,38.6,38.6,22.8,101,45.5,17.8
"McLain, Matt",680574,2023,23,365,403,106,63,23,4,16,115,31,28.5,7.7,".290",".507",".357","0.864","0.217",".385","50","185","5","14","65",".252",".441",".370",".332",".322",".190",".368","70.3","89.3","13.8",39.6,27,10.8,42.4,"100.203855242","94.354982348",57.7,9,176,971,401,1672,80.1,98,492,51,852,42.4,709,28,41.9,32.8,38.4,28.8,250,40,26.4
"Hernández, Yonny",660634,2023,25,22,27,3,2,1,0,0,8,2,29.6,7.4,".136",".182",".231","0.413","0.046",".200","4","4","0","0","5",".135",".171",".197",".204",".238",".037",".212","64.9","86.8","12.3",31.3,0,0,6.3,"93.056397143","90.796007857",69.4,9,11,71,21,111,76.5,8,34,44.1,49,50.5,56,28.9,40.5,25,37.5,37.5,16,50,25
"Aguilar, Jesús",542583,2023,33,104,115,23,16,2,0,5,31,8,27,7,".221",".385",".281","0.666","0.164",".261","9","40","0","0","8",".187",".319",".282",".248",".253",".133",".268",,"86.7","16.3",33.8,5,6.8,29.7,"97.05863973","92.593433699",57.3,6.5,80,238,89,448,81.8,25,137,53.3,239,45.1,202,23.9,46.7,39.2,36.5,24.3,74,35.1,25.7
"Allen, Nick",669397,2023,24,303,329,67,57,4,2,4,52,17,15.8,5.2,".221",".287",".263","0.550","0.066",".253","20","87","1","5","29",".220",".292",".245",".252",".266",".072",".269","66.2","84.8","6.8",29,3,1.2,26.6,"95.649982295","91.839086803",68,7.7,113,686,306,1168,89.1,45,411,51.8,604,44.5,519,19.1,49.2,27.8,42.1,30.1,259,54.8,18.5
"Yoshida, Masataka",807799,2023,29,537,580,155,104,33,3,15,81,34,14,5.9,".289",".445",".338","0.783","0.156",".316","72","239","0","8","71",".268",".428",".339",".325",".319",".160",".315","71.4","89","3.9",29.5,30,6.6,40.6,"100.123813246","94.28056556",58.6,8.6,339,1224,514,2197,86.5,89,659,51.2,1125,42.8,940,18.3,43.3,35.4,35.2,29.5,458,55,19.4
"Rodríguez, Julio",677594,2023,22,654,714,180,109,37,2,32,175,47,24.5,6.6,".275",".485",".333","0.818","0.210",".330","103","317","10","37","102",".268",".475",".347",".343",".327",".208",".364","77.2","92.7","8.5",31.8,57,11.9,52,"104.082287708","96.812366417",72.1,7.6,326,1347,636,2511,83.3,144,861,47.6,1195,41.5,1042,28.3,53.9,39.5,36.6,23.9,481,47.6,24.5
"Gurriel Jr., Lourdes",666971,2023,29,551,592,144,83,35,2,24,103,33,17.4,5.6,".261",".463",".309","0.772","0.202",".282","82","255","0","5","65",".259",".444",".329",".325",".309",".185",".319","69.9","89.7","10.6",35.3,38,8.4,46,"99.859212133","94.368560668",67.5,7.7,265,1298,494,2216,88.2,89,755,50.4,1118,43.8,971,18.7,49.1,39.1,34.2,26.7,450,43.3,24.4
"Julks, Corey",667452,2023,27,298,323,73,53,14,0,6,75,22,23.2,6.8,".245",".352",".297","0.649","0.107",".306","33","105","3","15","35",".245",".373",".286",".294",".298",".128",".326","71.4","87.9","17",36,11,4.9,36,"98.704102411","93.406924598",62.5,6.9,118,730,375,1326,82,72,399,48.1,638,43.7,580,25.4,45.8,37.8,37.3,24.9,225,36.9,23.6
"Rooker, Brent",667670,2023,28,463,526,114,63,20,1,30,172,49,32.7,9.3,".246",".488",".329","0.817","0.242",".317","69","226","0","4","61",".233",".479",".348",".342",".319",".246",".369","73.6","91.6","17.6",37.3,46,15.6,49.5,"102.653891351","95.962225864",66.1,7.3,295,1185,510,2152,73.4,183,687,48.3,1039,42.1,905,38.2,46.1,35.3,40,24.7,295,33.2,36.9
"Pache, Cristian",665506,2023,24,84,95,20,10,7,1,2,27,10,28.4,10.5,".238",".417",".319","0.736","0.179",".327","11","35","3","2","12",".239",".390",".320",".313",".320",".151",".352","70","89.9","8.6",39.7,4,6.9,44.8,"100.563091852","94.814341481",69.1,8.1,43,226,96,382,69.7,40,132,50,191,44.2,169,35.2,47.6,46.6,34.5,19,58,44.8,15.5
"Brown, Seth",664913,2023,30,343,378,76,42,19,1,14,101,30,26.7,7.9,".222",".405",".286","0.691","0.183",".270","52","139","1","3","33",".232",".455",".298",".322",".297",".223",".328","73.8","90.5","16.4",32.7,30,12.2,46.5,"101.550084098","95.093750082",71.3,7.6,325,679,329,1442,82.5,86,492,47.9,690,42.7,616,31.3,50.3,42.9,35.5,21.6,245,37.1,34.7
"Pratto, Nick",668472,2023,24,306,345,71,48,16,0,7,138,29,40,8.4,".232",".353",".307","0.660","0.121",".388","35","108","1","1","33",".205",".335",".292",".277",".284",".130",".367","69.7","87.5","13.4",40.7,14,8.1,41.9,"99.593088023","93.891924767",58.8,6.9,245,819,327,1452,78.2,93,426,49.9,724,44,639,35.3,43.1,37.2,39,23.8,172,36.6,24.4
"Bellinger, Cody",641355,2023,27,499,556,153,97,29,1,26,87,40,15.6,7.2,".307",".525",".356","0.881","0.218",".319","97","262","6","20","95",".266",".436",".370",".328",".324",".170",".318","70","87.9","17.2",38,26,6.1,31.4,"97.661544057","92.874372388",67.8,8.4,253,1277,486,2158,85,113,751,51.3,1107,44.4,958,20.1,49.9,43.2,35.6,21.2,424,35.8,29.2
"Rocchio, Brayan",677587,2023,22,81,86,20,14,6,0,0,27,4,31.4,4.7,".247",".321",".279","0.600","0.074",".364","8","26","0","0","9",".181",".242",".263",".207",".218",".061",".268","68.1","85.8","1.5",30.9,0,0,18.2,"94.852003214","91.529307455",69.9,3.8,48,184,97,342,77.6,26,116,48.5,166,44.2,151,32.6,54.7,34.5,45.5,20,55,60,14.5
"Stevenson, Andrew",664057,2023,29,37,40,7,6,1,0,0,8,2,20,5,".189",".216",".250","0.466","0.027",".241","1","8","1","4","4",".166",".204",".216",".204",".228",".038",".211","69.5","85.4","1.6",17.2,0,0,20.7,"93.953987857","91.077675357",68.3,3.4,14,66,24,116,85.4,6,41,51.7,60,47.4,55,25.8,53.4,27.6,27.6,44.8,29,62.1,20.7
"Young, Jared",676724,2023,27,43,47,8,3,0,3,2,13,3,27.7,6.4,".186",".465",".255","0.720","0.279",".214","8","20","0","2","8",".183",".371",".302",".273",".253",".187",".263","74.1","88.8","10.3",26.7,3,10,36.7,"99.890179333","93.947768",72.3,9.2,34,105,32,174,76.5,16,68,54,94,43.1,75,31.5,52.9,53.3,23.3,23.3,30,46.7,33.3
"Kennedy, Buddy",671083,2023,24,24,29,4,3,1,0,0,6,4,20.7,13.8,".167",".208",".310","0.518","0.041",".222","1","5","0","0","1",".225",".285",".255",".304",".358",".060",".300","69.8","84.8","15.3",44.4,0,0,22.2,"95.771788889","91.885894444",55,9.2,19,73,28,120,81.8,6,33,50,60,39.2,47,26.7,37.5,33.3,33.3,33.3,18,38.9,27.8
"Marte, Ketel",606466,2023,29,569,650,157,97,26,9,25,109,71,16.8,10.9,".276",".485",".358","0.843","0.209",".300","82","276","2","8","94",".262",".430",".361",".342",".349",".169",".324","73.1","91.1","10.7",30.8,37,8,42.8,"101.585403319","95.10445528",67.2,7.3,436,1342,591,2483,85.9,116,823,49.3,1225,44.5,1105,20.5,45.5,42.2,37.6,20.2,465,45.8,25.2
"McKenna, Ryan",663630,2023,26,122,139,31,22,7,0,2,40,9,28.8,6.5,".254",".361",".316","0.677","0.107",".354","18","44","0","5","23",".223",".336",".298",".276",".288",".113",".324","73.4","91","13",31,6,6.9,40.2,"100.293034146","94.525848049",76,8.5,92,287,103,515,79.3,40,193,49.3,254,41,211,34.7,53.2,33.3,39.1,27.6,87,46,27.6
"Mitchell, Garrett",669003,2023,24,65,73,16,10,2,1,3,26,7,35.6,9.6,".246",".446",".315","0.761","0.200",".351","7","29","1","1","10",".222",".359",".326",".290",".294",".137",".362","74.3","86.7","7.5",40,4,10,37.5,"99.541273","93.933683077",68.6,5.5,47,178,46,289,68.8,30,96,48.4,140,46,133,39.7,45.3,37.5,35,27.5,40,40,30
"Urías, Luis",649966,2023,26,144,177,28,19,6,0,3,41,21,23.2,11.9,".194",".299",".337","0.636","0.105",".250","18","43","0","0","18",".183",".317",".298",".299",".327",".135",".255","68","84.9","14.7",23.3,6,5.8,30.1,"96.082011923","92.126535243",55.6,8.8,61,425,166,741,81.4,37,204,49.5,367,41.7,309,26.4,39.8,49.5,31.1,19.4,103,46.6,30.1
"Frelick, Sal",686217,2023,23,191,223,47,34,9,1,3,37,28,16.6,12.6,".246",".351",".341","0.692","0.105",".286","24","67","0","7","29",".234",".309",".309",".298",".335",".074",".292","67.1","83.3","8.1",29.3,4,2.5,23.6,"94.342516154","91.339554231",58.2,6.1,109,474,253,878,90.6,23,245,47.9,421,41.9,368,14.6,43.1,29.3,37.6,33.1,157,53.5,15.9
"Anderson, Tim",641313,2023,30,493,524,121,100,18,2,1,122,26,23.3,5,".245",".296",".286","0.582","0.051",".323","25","146","2","13","52",".250",".337",".260",".280",".292",".087",".333","68.8","87.8","2",32.4,11,2.9,39.4,"99.22965129","93.713640376",71.5,8.4,213,1063,496,1942,82.3,123,696,50.1,974,41.6,808,25.3,53.5,29.5,42.9,27.6,373,61.4,10.7
"Morel, Christopher",666624,2023,24,388,429,96,50,17,3,26,133,36,31,8.4,".247",".508",".313","0.821","0.261",".303","70","197","2","6","62",".239",".491",".347",".340",".307",".252",".363","75.7","92.1","12.4",29.5,41,15.9,50,"103.542229453","96.326775098",71.9,7.3,193,855,443,1655,72,162,579,48.6,805,43,712,37,49.8,51.6,32.9,15.5,258,42.6,29.5
"Garrett, Stone",656448,2023,27,234,271,63,37,17,0,9,82,26,30.3,9.6,".269",".457",".343","0.800","0.188",".365","40","107","1","3","40",".262",".446",".344",".346",".342",".184",".400","74.7","91.1","17.3",37.6,15,9.6,48.4,"102.21494641","95.483708974",75.1,6.9,120,549,284,1039,76.2,86,361,46.3,481,43,446,32.6,52.8,33.1,39.5,27.4,157,31.8,29.3
"Votto, Joey",458015,2023,39,208,242,42,22,6,0,14,62,27,25.6,11.2,".202",".433",".314","0.747","0.231",".212","38","90","0","0","26",".188",".376",".326",".302",".302",".188",".268","68.7","89.3","13.9",23.3,16,11,39.7,"99.750614932","94.225792534",69.8,6.8,154,476,251,938,75.5,81,331,50.5,474,40.2,377,30.8,47.8,45.2,35.6,19.2,146,48.6,32.9
"Greene, Riley",682985,2023,22,378,416,109,75,19,4,11,114,35,27.4,8.4,".288",".447",".349","0.796","0.159",".384","37","169","0","7","51",".286",".507",".344",".367",".348",".221",".410","75.5","91.6","6.6",36.8,30,11.3,47.3,"103.007318636","95.926317652",68.3,6.7,238,971,437,1746,79.6,117,574,48.7,840,43.3,747,28.2,46.8,40.2,37.6,22.2,266,48.9,21.8
"Hayes, Ke'Bryan",663647,2023,26,494,525,134,81,31,7,15,104,28,19.8,5.3,".271",".453",".309","0.762","0.182",".315","61","224","6","10","65",".265",".442",".324",".322",".305",".177",".336","72.3","92.2","13.2",34.1,29,7.4,48.3,"101.67326359","95.450846324",61,7.6,218,1093,456,1929,89.3,62,578,49.1,948,42.1,812,21.2,45.6,27,41.7,31.3,393,42,26.2
"Vázquez, Christian",543877,2023,32,327,355,73,54,13,0,6,82,25,23.1,7,".223",".318",".280","0.598","0.095",".279","32","104","0","1","34",".220",".325",".264",".267",".278",".105",".294","66.6","86.7","10",36,8,3.2,32.8,"96.86717918","92.517706337",65.3,7.5,101,781,334,1324,78.8,89,420,48.6,643,44.1,584,26.2,48.7,30.8,41.7,27.5,247,42.9,23.5
"LeMahieu, DJ",518934,2023,34,497,562,121,81,22,3,15,125,60,22.2,10.7,".243",".390",".327","0.717","0.147",".295","44","194","2","2","55",".252",".394",".315",".323",".336",".142",".336","68.2","89.6","3.8",31.6,22,5.9,43,"100.265359786","94.32212244",54.4,7.9,185,1421,474,2254,87,82,632,51.5,1161,44.7,1007,19.7,39.2,31.8,40.6,27.5,374,55.6,17.4
"Batten, Matthew",676946,2023,28,120,139,31,23,6,0,2,30,17,21.6,12.2,".258",".358",".355","0.713","0.100",".330","11","43","2","2","19",".209",".263",".321",".270",".312",".054",".279","68.8","85","15",28.6,1,1.1,25.3,"95.026010222","91.57059809",51,7.1,53,346,98,547,78.1,28,128,45.9,251,43.7,239,27.4,40,34.1,28.6,37.4,91,41.8,22
"Busch, Michael",683737,2023,25,72,81,12,7,3,0,2,27,8,33.3,9.9,".167",".292",".247","0.539","0.125",".227","7","21","0","1","9",".180",".352",".241",".268",".259",".173",".282","70.3","89.1","4.7",15.2,3,6.5,50,"99.829793043","94.652839348",70.4,6.8,57,182,92,353,78.6,24,112,45,159,46.7,165,30.2,47.9,34.8,39.1,26.1,46,58.7,30.4
"Domínguez, Jasson",691176,2023,20,31,33,8,3,1,0,4,8,2,24.2,6.1,".258",".677",".303","0.980","0.419",".211","7","21","0","1","6",".274",".539",".403",".363",".318",".265",".369","75.3","89.6","-0.8",43.5,4,17.4,56.5,"100.334175833","95.070167391",73.8,9.2,33,62,20,120,75.6,11,45,50.8,61,37.5,45,33.9,49.2,43.5,39.1,17.4,23,47.8,26.1
"Rosario, Amed",642708,2023,27,510,545,134,95,25,8,6,99,29,18.2,5.3,".263",".378",".305","0.683","0.115",".314","58","193","2","15","70",".267",".384",".297",".306",".311",".117",".332","71.2","88.3","7.6",33.8,14,3.4,39.4,"99.501582705","93.941784576",69.2,6.7,171,1111,533,1979,85.7,92,644,47,930,42.2,836,23.1,53.4,30.4,40.6,29,414,48.1,18.1
"Harper, Bryce",547180,2023,30,457,546,134,83,29,1,21,119,80,21.8,14.7,".293",".499",".401","0.900","0.206",".352","72","228","3","11","84",".282",".530",".384",".396",".396",".248",".383","75.5","91.8","9.1",36.8,52,15.2,46.8,"103.839812899","96.235486154",77.9,6.2,341,998,557,2021,78.8,135,637,40.5,818,42.3,854,33.5,51.4,36.5,37.7,25.7,342,45.3,22.8
"Call, Alex",669743,2023,28,375,439,75,52,14,1,8,78,53,17.8,12.1,".200",".307",".307","0.614","0.107",".230","38","115","8","9","43",".208",".335",".280",".294",".315",".127",".261","70.2","86.8","17",30.5,16,5.3,30.1,"97.369230205","92.725954777",61.3,6.7,196,1079,428,1832,87.5,69,554,49.3,904,43.6,799,18.6,40.3,43,34.4,22.5,302,39.4,28.8
"Smith-Njigba, Canaan",675986,2023,24,32,37,4,2,1,1,0,16,4,43.2,10.8,".125",".219",".216","0.435","0.094",".235","5","7","0","1","3",".148",".280",".199",".238",".243",".132",".293",,"87","0.2",23.5,2,11.8,41.2,"98.203554444","93.770274118",62.5,6.9,15,82,56,159,74,13,50,50.3,80,44,70,36.6,44.7,52.9,29.4,17.6,17,64.7,11.8
"García, Adolis",666969,2023,30,555,632,136,68,29,0,39,175,65,27.7,10.3,".245",".508",".328","0.836","0.263",".280","107","282","1","9","108",".245",".529",".354",".365",".330",".284",".356","73.6","92.1","15.7",36,62,16.1,49.7,"102.949539534","96.163808523",71.5,7.7,274,1493,612,2562,76.5,197,837,45.7,1171,42.2,1082,31.6,48.6,39.6,35.5,24.9,386,37.8,36
"Castellanos, Nick",592206,2023,31,626,671,170,102,37,2,29,185,36,27.6,5.4,".272",".476",".311","0.787","0.204",".337","106","298","2","11","79",".255",".449",".335",".322",".298",".194",".360","72.4","88.9","14.4",36.5,46,10.3,43.2,"100.3894813","94.419143027",74.6,6.2,359,1195,702,2427,77.9,182,822,45.4,1102,44.5,1080,35.4,56.2,46.5,30.6,22.8,447,41.8,28.9
"Kirk, Alejandro",672386,2023,24,372,422,93,69,16,0,8,45,42,10.7,10,".250",".358",".334","0.692","0.108",".265","43","133","0","0","34",".252",".392",".308",".321",".336",".141",".285","70.1","87.6","6.3",31.9,17,5.2,38.3,"98.523712317","93.313905535",57.4,7.9,173,1004,413,1725,92.5,36,480,48.5,836,42.2,728,12.8,41.6,27.1,45.9,27.1,329,50.5,21.9
"Nootbaar, Lars",663457,2023,25,426,503,111,73,23,1,14,99,72,19.7,14.3,".261",".418",".367","0.785","0.157",".307","46","178","1","11","74",".262",".442",".344",".357",".369",".180",".340","72.2","89.1","7.2",30.8,29,8.8,37.8,"100.334219085","94.369985457",53.4,7.6,353,1123,469,2074,86.5,76,562,50.7,1052,45.3,939,18.5,35.5,32,42.9,25.1,331,50.5,23
"Chisholm Jr., Jazz",665862,2023,25,352,383,88,55,12,2,19,118,26,30.8,6.8,".250",".457",".304","0.761","0.207",".318","51","161","3","22","50",".220",".433",".325",".307",".277",".213",".330","72.9","90.3","10.7",25.3,29,12.2,41.8,"101.207728421","95.01360943",64.4,6.3,330,826,301,1545,72.7,130,477,48,741,44.9,693,36.2,44.9,41.4,35.9,22.8,237,50.2,27.8
"Johnson, Bryce",669369,2023,27,43,48,7,5,1,0,1,15,4,31.3,8.3,".163",".256",".229","0.485","0.093",".214","3","11","0","3","7",".178",".273",".218",".233",".244",".094",".267",,"86.3","15.6",24.1,2,6.9,24.1,"96.4034325","92.2155375",64.4,8,25,103,36,176,81,11,58,51.1,90,43.2,76,30.1,47.2,44.8,31,24.1,29,55.2,27.6
"Donaldson, Josh",518626,2023,37,165,189,25,7,5,0,13,50,22,26.5,11.6,".152",".418",".249","0.667","0.266",".115","26","69","0","0","18",".199",".474",".284",".325",".290",".276",".281","73.3","92.1","11.7",23.1,19,16.2,51.3,"102.387973559","95.920847692",64.1,7.2,59,414,177,718,78.2,49,225,48.8,351,45.8,329,26.7,44.8,47,32.5,20.5,117,48.7,29.9
"Loftin, Nick",679845,2023,24,62,68,20,14,5,1,0,12,4,17.6,5.9,".323",".435",".368","0.803","0.112",".392","10","27","0","2","10",".252",".367",".348",".309",".311",".115",".317","69.9","86.3","10.8",31.4,4,7.8,35.3,"97.571840769","92.911844706",71,4.8,37,131,66,250,83,15,88,49.6,124,40,100,21.4,46.8,45.1,29.4,25.5,51,49,23.5
"Rivas III, Alfonso",663845,2023,26,109,123,25,11,10,1,3,36,9,29.3,7.3,".229",".422",".303","0.725","0.193",".310","15","46","0","1","8",".214",".346",".313",".282",".289",".132",".315","70.6","89.2","11.1",41.3,5,6.7,38.7,"99.241921351","93.848616164",60.8,8.5,68,343,103,539,82.2,31,174,53,286,45,243,27.4,42.7,36,37.3,26.7,75,37.3,29.3
"Miller, Brad",543543,2023,33,56,67,12,7,4,0,1,11,10,16.4,14.9,".214",".339",".328","0.667","0.125",".244","6","19","0","0","8",".222",".366",".300",".315",".335",".144",".271","71.4","87.5","7.7",26.1,3,6.5,28.3,"97.20916087","92.655313913",56.9,5.5,48,150,70,291,83.3,13,78,47.1,137,47.1,137,22.4,39.9,30.4,52.2,17.4,46,43.5,26.1
"Duran, Jarren",680776,2023,26,332,362,98,54,34,2,8,90,24,24.9,6.6,".295",".482",".346","0.828","0.187",".381","40","160","2","24","46",".266",".410",".354",".322",".322",".145",".365","73.4","89.9","10.7",32,13,5.3,46.3,"102.136277603","95.439128926",73.2,6.9,257,809,257,1397,86.1,71,509,49.7,695,44,615,24.6,51.5,32.8,36.5,30.7,244,41.8,24.6
"Sosa, Lenyn",672820,2023,23,164,173,33,21,6,0,6,40,5,23.1,2.9,".201",".348",".224","0.572","0.147",".227","14","57","1","0","12",".245",".415",".241",".290",".266",".171",".322","70.8","89.4","14.1",30.5,10,7.8,38.3,"98.778247581","93.561915041",65.4,7,54,353,147,628,83.7,34,208,50.6,318,41.6,261,24,53.2,32,32.8,35.2,128,42.2,26.6
"Rios, Edwin",621458,2023,29,28,34,2,0,1,0,1,16,5,47.1,14.7,".071",".214",".235","0.449","0.143",".091","2","6","0","0","3",".153",".275",".219",".271",".302",".122",".356",,"89.5","20.9",50,1,8.3,33.3,"99.808933333","94.657801667",62.3,8.5,49,67,31,153,70.8,14,48,50.3,77,39.2,60,38.9,47.1,33.3,58.3,8.3,12,25,33.3
"Garcia, Maikel",672580,2023,23,464,515,126,98,20,4,4,115,38,22.3,7.4,".272",".358",".323","0.681","0.086",".344","50","166","7","23","59",".270",".397",".299",".320",".327",".127",".357","69.8","91.8","6.1",36.9,14,3.9,50.6,"101.538604663","95.500565408",63.6,8.4,159,1205,495,1989,84.4,103,662,52.3,1041,42.6,848,19.5,43.1,29.4,42.8,27.8,360,48.3,18.3
"McNeil, Jeff",643446,2023,31,585,648,158,119,25,4,10,65,39,10,6,".270",".378",".333","0.711","0.108",".288","55","221","0","10","75",".249",".346",".314",".296",".315",".097",".279","68.1","86","14.4",32.1,7,1.3,27.4,"95.984354131","92.004150754",75.9,7,283,1343,468,2193,92.6,62,836,50.3,1102,42,922,13.5,53,37.5,35.4,27.2,526,42.2,22.1
"Walls, Taylor",670764,2023,26,303,349,61,39,12,2,8,92,44,26.4,12.6,".201",".333",".305","0.638","0.132",".261","36","101","1","22","50",".199",".303",".287",".277",".303",".104",".286","69.3","86.7","19.1",32.1,7,3.3,28.8,"95.825872762","91.918126429",65.6,7.4,227,854,285,1420,78.4,106,490,52.6,747,44.4,630,27.2,43,36.3,38.2,25.5,212,35.8,31.6
"O'Hearn, Ryan",656811,2023,29,346,368,100,63,22,1,14,82,15,22.3,4.1,".289",".480",".322","0.802","0.191",".340","60","166","1","5","48",".258",".469",".339",".324",".294",".212",".337","72.2","91.9","12",35.1,27,10.1,51.5,"101.483905448","95.348954007",72.1,7.6,239,764,354,1451,86.1,70,502,48,696,42.7,620,23.3,50.7,38.4,34,27.6,268,44,27.6
"Albies, Ozzie",645277,2023,26,596,660,167,99,30,5,33,107,46,16.2,7,".280",".513",".336","0.849","0.233",".289","109","306","1","13","96",".263",".474",".358",".341",".323",".211",".318","70","88.7","16.6",37.4,41,8.2,39,"98.667615565","93.481568303",77.8,6.3,501,1406,573,2563,86.6,121,910,45.6,1169,39.3,1007,20.6,54.6,51.7,31.6,16.7,497,36.8,33.8
"Alberto, Hanser",593643,2023,30,82,90,18,10,5,0,3,13,4,14.4,4.4,".220",".390",".261","0.651","0.170",".224","16","32","0","0","11",".237",".354",".279",".276",".278",".117",".279",,"84.3","15.5",33.3,3,4.2,22.2,"95.125589412","91.615970746",84.6,9.5,24,108,104,273,90.9,10,110,47.6,130,35.2,96,19.8,66.7,43.1,30.6,26.4,72,38.9,29.2
"Herrera, Jose",645444,2023,26,101,120,21,16,5,0,0,30,13,25,10.8,".208",".257",".296","0.553","0.049",".292","7","26","0","1","15",".207",".259",".256",".260",".298",".052",".296","66.2","85.9","11.3",35.1,0,0,19.5,"94.392826389","91.196413194",58.3,8.2,55,302,103,510,85.4,23,158,53.1,271,46.1,235,19.6,39,48.1,26,26,77,46.8,22.1
"Turang, Brice",668930,2023,23,404,448,88,70,9,3,6,94,38,21,8.5,".218",".300",".285","0.585","0.082",".268","34","121","4","26","46",".222",".322",".262",".275",".291",".100",".289","68.5","85.5","12.6",34.3,9,2.9,27,"96.246595556","92.125077484",67.2,7.7,304,1012,423,1795,83.7,102,624,51.8,929,44.8,804,21.7,47.9,27.6,40.3,32.1,315,42.5,25.1
"Rutherford, Blake",666164,2023,26,35,36,6,6,0,0,0,10,1,27.8,2.8,".171",".171",".194","0.365","0.000",".240","2","6","0","0","4",".160",".193",".166",".171",".183",".033",".224","70.1","87.1","-0.7",8,0,0,20,"95.001394615","91.6505196",77.9,5.9,24,64,42,135,79.2,11,53,50.4,68,53.3,72,31.7,60.7,32,52,16,25,68,24
"Capel, Conner",668843,2023,26,73,86,19,14,5,0,0,25,12,29.1,14,".260",".329",".372","0.701","0.069",".396","3","24","3","5","6",".237",".298",".322",".304",".353",".061",".361",,"86.4","13.1",41.7,0,0,18.8,"95.34904875","91.752705745",60.6,9.9,56,191,73,353,78.9,24,114,53.3,188,41.9,148,29.9,41.6,41.7,27.1,31.3,48,37.5,25
"Florial, Estevan",664314,2023,25,61,71,14,10,3,1,0,20,7,28.2,9.9,".230",".311",".324","0.635","0.081",".333","8","19","0","3","5",".236",".340",".288",".303",".330",".104",".343","72.3","86.2","17.2",38.1,1,2.4,33.3,"97.559811429","92.823458333",72.8,5.4,55,150,66,294,69.2,33,107,50,147,40.8,120,36.5,46.6,35.7,33.3,31,42,42.9,23.8
"Turner, Trea",607208,2023,30,639,691,170,104,35,5,26,150,45,21.7,6.5,".266",".459",".320","0.779","0.193",".310","76","293","0","30","102",".263",".453",".333",".331",".317",".190",".343","72.4","89.9","13",36.1,41,8.4,42.2,"100.292342286","94.550003245",74.2,6.5,336,1435,732,2675,82.2,162,910,45.9,1227,41.9,1122,29.6,53.1,35.9,40.6,23.5,490,40.2,30.6
"Hampson, Garrett",641658,2023,28,221,252,61,45,12,1,3,67,23,26.6,9.1,".276",".380",".349","0.729","0.104",".379","23","84","0","5","30",".236",".331",".323",".292",".316",".094",".338","67.4","86.6","11.8",37.1,5,3.1,28.3,"96.842874595","92.486054257",59.4,7.9,96,594,232,975,83.2,51,303,52.3,510,42.7,417,26.3,43.3,35.2,34,30.8,159,45.3,22.6
"Reyes, Franmil",614177,2023,27,59,65,11,9,0,0,2,24,4,36.9,6.2,".186",".288",".231","0.519","0.102",".257","7","17","0","0","5",".177",".349",".227",".266",".233",".173",".301",,"93","-2.1",27,6,16.2,43.2,"103.742906316","96.448538649",71.3,8.5,21,150,101,293,76.3,23,97,46.4,136,39.2,115,35.2,48.5,51.4,40.5,8.1,37,56.8,21.6
"Taylor, Chris",621035,2023,32,338,384,80,49,15,1,15,125,41,32.6,10.7,".237",".420",".326","0.746","0.183",".327","56","142","3","16","51",".219",".401",".323",".311",".310",".183",".346","71.2","86.2","21.5",38.8,21,9.8,37.4,"98.961485421","93.52875061",71.5,7,188,924,405,1622,70.6,176,599,51.7,838,44.9,729,35.8,47.6,45.8,27.6,26.6,214,31.8,39.7
"Lopez, Nicky",670032,2023,28,225,262,52,40,8,3,1,40,26,15.3,9.9,".231",".307",".326","0.633","0.076",".276","25","69","2","6","32",".233",".314",".288",".294",".328",".081",".283","65.3","86.7","0.5",32.1,2,1.1,23.7,"95.31187172","91.719033135",67.9,6.7,145,639,195,1022,84.6,55,358,51.5,527,41.7,427,22,47.9,30,42.6,27.4,190,57.9,13.2
"Suárez, Eugenio",553993,2023,31,598,694,139,88,29,0,22,214,70,30.8,10.1,".232",".391",".323","0.714","0.159",".314","96","234","1","2","68",".218",".421",".313",".323",".314",".204",".336","72.3","90.3","18.9",37.7,52,13.2,43,"100.661115455","94.726665316",65.7,8.4,296,1641,740,2903,75.4,233,949,49.8,1445,40.7,1182,32.8,44.5,46.3,32.7,21,395,34.2,34.4
"Odor, Rougned",596059,2023,29,138,157,28,15,9,0,4,37,17,23.6,10.8,".203",".355",".299","0.654","0.152",".247","18","49","1","2","21",".238",".390",".291",".319",".330",".153",".325","73.2","90.1","19.9",38.6,7,6.9,37.6,"99.290219","94.0237374",71.3,7.2,92,298,165,585,83.5,32,194,46.5,272,41,240,27.1,48.5,38.6,41.6,19.8,101,31.7,23.8
"Pollock, AJ",572041,2023,35,133,144,22,13,4,0,5,32,9,22.2,6.3,".165",".308",".215","0.523","0.143",".173","15","41","1","0","15",".197",".356",".227",".265",".248",".159",".259","72.5","89.4","13",24.3,7,6.8,41.7,"99.325343077","93.993071942",70.5,7.2,80,270,168,557,83.7,30,184,46.9,261,41.3,230,25.8,51.5,43.7,35,21.4,103,48.5,29.1
"Beaty, Matt",607461,2023,30,61,72,14,10,4,0,0,14,6,19.4,8.3,".230",".295",".347","0.642","0.065",".298","4","18","0","0","8",".198",".252",".300",".274",".320",".054",".257","68.1","82.3","7.5",34,0,0,14.9,"93.12115","90.789146596",68.8,4.4,50,133,83,271,87.5,11,88,47.2,128,46.9,127,21.2,48.7,42.6,46.8,10.6,47,46.8,17
"Tapia, Raimel",606132,2023,29,148,169,35,27,4,1,3,40,17,23.7,10.1,".236",".338",".317","0.655","0.102",".302","13","50","2","10","28",".222",".340",".293",".297",".308",".119",".307","71.2","85.4","1.6",31.8,7,6.4,34.5,"98.091692222","93.117951776",62.6,8.4,117,384,129,662,75.8,44,186,45.2,297,43.2,284,29,49.5,26.4,42.7,30.9,110,60,18.2
"Dubón, Mauricio",643289,2023,28,467,492,130,91,26,3,10,70,19,14.2,3.9,".278",".411",".309","0.720","0.133",".308","46","192","2","7","76",".271",".392",".311",".303",".303",".121",".317","69.8","87","9.5",37,18,4.5,29.5,"96.983512626","92.50482157",76.1,7.1,155,917,453,1671,86,90,641,50.4,842,42.2,706,17.7,58.6,31.3,38.8,30,400,45.5,22.5
"Fairchild, Stuart",656413,2023,27,219,255,50,27,16,2,5,69,25,27.1,9.8,".228",".388",".321","0.709","0.160",".306","28","85","3","10","34",".227",".385",".312",".312",".320",".158",".327","70.4","85.9","14.3",32.3,12,7.7,29.7,"97.468722267","92.766466376",75.6,9.3,94,579,218,957,75.1,94,377,52.1,499,42.3,405,33.9,51.1,51,27.1,21.9,155,40,28.4
"Kelly, Carson",608348,2023,28,136,151,28,21,5,0,2,40,14,26.5,9.3,".206",".287",".278","0.565","0.081",".274","13","39","0","1","13",".185",".286",".255",".248",".262",".101",".263","70.4","86.8","15.6",27.8,2,2.1,33,"97.454185918","92.779088763",63.8,9.1,51,332,135,559,74.6,47,185,51.9,290,42.8,239,30.2,45.6,33,39.2,27.8,97,42.3,25.8
"Ruiz, Keibert",660688,2023,24,523,562,136,94,24,0,18,58,31,10.3,5.5,".260",".409",".308","0.717","0.149",".263","67","214","1","1","55",".271",".427",".310",".322",".318",".156",".304","66.4","87.4","15.3",39.4,27,5.8,31.9,"97.263733176","92.681495075",66.6,6.7,349,916,539,1887,92,49,610,48.5,916,43.2,815,14.3,51.1,45.2,36.2,18.6,467,38.8,24.6
"Barrero, José",676480,2023,25,133,149,29,19,8,0,2,44,15,29.5,10.1,".218",".323",".295","0.618","0.105",".307","17","43","2","3","15",".218",".325",".276",".278",".296",".107",".323",,"87.5","17.2",31.1,3,3.3,35.6,"98.756577778","93.466827753",70.5,7.4,67,273,195,584,79,39,186,45.2,264,39,228,35.2,50.2,47.8,34.4,17.8,90,38.9,28.9
"Buxton, Byron",621439,2023,29,304,347,63,28,17,1,17,109,35,31.4,10.1,".207",".438",".294","0.732","0.231",".253","42","133","0","9","49",".207",".431",".311",".316",".298",".224",".324","76.2","91.5","20.1",33.2,29,14.6,45.7,"102.5176971","95.782166382",72.7,7.4,196,744,345,1367,79.4,101,491,49.4,675,41,560,30.6,50,49.2,33.7,17.1,199,31.7,32.2
"Carpenter, Matt",572761,2023,37,188,237,33,16,12,0,5,67,41,28.3,17.3,".176",".319",".322","0.641","0.143",".231","31","60","0","1","18",".169",".336",".293",".308",".325",".168",".267","69.1","87","24.4",35.7,14,11.1,31,"97.461539355","92.730769677",60.4,7.7,132,583,256,1014,82.1,54,301,49.1,498,43.9,445,28.3,40.4,51.6,28.6,19.8,126,27.8,40.5
"Conforto, Michael",624424,2023,30,406,470,97,68,14,0,15,106,53,22.6,11.3,".239",".384",".334","0.718","0.145",".284","58","156","0","4","58",".241",".420",".315",".330",".338",".178",".326","73","88.9","11.9",31.9,24,7.9,39.8,"100.09818404","94.217973543",69,6.9,316,1055,435,1900,82.6,107,616,47,893,42.8,814,24.9,45.3,31.6,43.4,25,304,44.7,27.3
"Meyers, Jake",676694,2023,27,309,341,70,43,16,1,10,88,26,25.8,7.6,".227",".382",".296","0.678","0.155",".283","33","118","2","5","42",".211",".357",".297",".283",".282",".147",".294","69.2","86","13.9",34.7,14,6.3,27.9,"96.65184","92.333391091",69.4,7.8,151,656,394,1325,82.1,83,464,50.5,669,40.3,534,27,48.3,40.1,32.4,27.5,222,41.9,30.6
"Yelich, Christian",592885,2023,31,550,632,153,99,34,1,19,140,78,22.2,12.3,".278",".447",".370","0.817","0.169",".342","76","246","3","28","106",".272",".455",".353",".356",".366",".183",".366","73.6","91.7","3.5",30.4,38,9.2,50.1,"103.18368722","96.096251589",68.1,6.5,346,1408,658,2559,82.3,144,812,46.6,1193,42.4,1085,26.8,45,35,34.1,30.9,411,57.4,17.3
"Turner, Justin",457759,2023,38,558,626,154,100,31,0,23,110,51,17.6,8.1,".276",".455",".345","0.800","0.179",".304","96","254","1","4","86",".257",".452",".346",".338",".329",".195",".317","66.4","89.5","16.5",36.8,26,5.7,39,"98.567368238","93.587032225",63.5,8.3,226,1684,570,2670,87.8,105,863,50.8,1358,41.6,1112,17.5,45,37.9,34.8,27.3,454,35.7,33
"Adams, Jordyn",677941,2023,23,39,40,5,5,0,0,0,16,0,40,0,".128",".128",".125","0.253","0.000",".208","1","5","2","1","1",".179",".233",".110",".175",".177",".054",".295","68.7","91.8","6.2",29.2,0,0,33.3,"97.6870375","93.7931525",78.8,8.7,21,81,33,138,71.4,18,63,58,80,39.1,54,35.3,61.6,37.5,45.8,16.7,24,50,29.2
"Carter, Evan",694497,2023,20,62,75,19,9,4,1,5,24,12,32,16,".306",".645",".413","1.058","0.339",".412","12","40","0","3","15",".239",".395",".435",".336",".362",".156",".389","71.4","89","9",43.6,4,10.3,46.2,"100.9176555","94.634860513",59.4,6.3,50,200,71,336,76.2,24,101,50.6,170,42.9,144,30.2,34.5,59,23.1,17.9,39,43.6,15.4
"Profar, Jurickson",595777,2023,30,459,521,111,73,27,2,9,90,50,17.3,9.6,".242",".368",".321","0.689","0.126",".279","46","169","0","1","55",".245",".352",".304",".307",".327",".107",".305","71.1","86.5","14.8",37.7,15,4,31.8,"97.18982877","92.606877674",68.8,7.1,344,1215,449,2104,87.7,90,731,50.5,1062,42.9,904,20,47.2,41.2,36.9,21.9,374,40.1,24.1
"Hicks, Aaron",543305,2023,33,269,312,68,50,9,1,8,69,42,22.1,13.5,".253",".383",".353","0.736","0.130",".311","36","103","0","6","44",".205",".304",".326",".282",".313",".099",".276","66.9","85.3","12.6",26.4,8,4,29.4,"96.660790808","92.357553401",61.2,6.8,300,637,363,1354,80.8,77,400,48.3,654,43.5,589,25.6,40.3,43.8,32.3,23.9,201,47.8,23.4
"Caratini, Victor",605170,2023,29,201,226,52,41,4,0,7,45,19,19.9,8.4,".259",".383",".327","0.710","0.124",".296","25","77","1","1","23",".256",".377",".312",".309",".325",".121",".323","72.1","91.3","10.8",23.3,8,5,44.7,"101.5286345","95.04057195",65.8,7.7,125,455,193,805,84.9,42,279,52.7,424,48.2,388,21.1,45.3,39.6,44,16.4,159,52.8,20.1
"Kjerstad, Heston",677008,2023,24,30,33,7,4,1,0,2,10,2,30.3,6.1,".233",".467",".281","0.748","0.234",".278","3","14","0","0","3",".257",".554",".318",".360",".303",".297",".386","72.9","92.3","19.3",45,4,20,55,"102.058443","95.872824",58.3,5.6,24,60,35,124,80,7,35,48.4,60,47.6,59,36.2,46.8,40,30,30,20,30,40
"Miranda, Jose",669304,2023,25,142,152,30,23,4,0,3,24,9,15.8,5.9,".211",".303",".263","0.566","0.092",".235","13","43","0","0","12",".239",".344",".252",".281",".289",".106",".287",,"87.9","10.1",29.7,5,4.2,37.3,"98.190953051","93.099214068",73,6.8,52,297,143,545,81.8,32,176,44.2,241,40.4,220,25.2,51.7,43.2,35.6,21.2,118,49.2,18.6
"Barnes, Austin",605131,2023,33,178,200,32,25,5,0,2,43,17,21.5,8.5,".180",".242",".256","0.498","0.062",".222","11","43","1","2","15",".211",".310",".229",".273",".288",".100",".280","68.6","84.8","6.1",28.3,4,2.9,25.4,"96.019005147","92.044198148",64.5,8.4,52,509,170,778,81.9,49,271,54,420,45.6,355,22.2,44,37.7,40.6,21.7,138,51.4,21.7
"Araúz, Jonathan",660620,2023,24,59,66,8,5,0,0,3,18,5,27.3,7.6,".136",".288",".203","0.491","0.152",".132","9","17","0","0","3",".184",".291",".217",".243",".248",".107",".265","71.9","86.7","16.5",25.6,3,7,27.9,"96.758202381","92.53641878",57.1,8.8,47,144,68,273,76.3,18,76,48.7,133,44.3,121,29.8,44.3,34.9,41.9,23.3,43,39.5,32.6
"Santana, Carlos",467793,2023,37,550,619,132,75,33,1,23,104,65,16.8,10.5,".240",".429",".318","0.747","0.189",".255","86","236","0","6","78",".237",".382",".323",".309",".317",".145",".291","71.4","88.8","12.8",31.3,30,6.7,36.4,"99.367236","93.791213073",68.2,7.3,428,1359,569,2463,82.8,139,808,48.1,1185,41.4,1019,22.1,45.3,47.1,32.2,20.7,450,43.3,24.2
"Muncy, Max",571970,2023,32,482,579,102,48,17,1,36,153,85,26.4,14.7,".212",".475",".333","0.808","0.263",".221","105","229","2","1","95",".230",".506",".344",".362",".349",".275",".332","71.3","91.2","21.7",33.7,49,14.6,46.6,"101.315308623","95.11269018",57.2,7,351,1264,722,2485,79.2,138,664,46.7,1160,42.6,1059,29.6,39.3,51.3,30.7,17.9,335,33.4,38.5
"Giménez, Andrés",665926,2023,24,557,616,140,93,27,5,15,112,32,18.2,5.2,".251",".399",".314","0.713","0.148",".289","62","222","6","30","76",".241",".371",".309",".297",".305",".130",".301","68.8","84.8","13.1",29.9,25,5.5,27,"96.663934128","92.344201908",71,7.2,315,1296,582,2346,81.6,144,782,46.9,1101,42.3,993,25.4,54.6,40,36.1,23.9,452,46.7,22.1
"Machado, Manny",592518,2023,30,543,601,140,89,21,0,30,109,50,18.1,8.3,".258",".462",".319","0.781","0.204",".268","91","251","2","3","75",".250",".465",".334",".334",".314",".216",".311","76.7","91","15",30.2,46,10.5,45.9,"102.375377","95.525381708",69.5,6.8,212,1320,586,2284,83.5,130,788,49.6,1134,44.5,1017,23.9,49.3,35.5,39.3,25.2,440,40.2,28.9
"Clemens, Kody",665019,2023,27,139,148,32,21,7,0,4,40,8,27,5.4,".230",".367",".277","0.644","0.137",".295","13","51","0","0","15",".223",".355",".281",".274",".270",".132",".313",,"90.4","15.2",29.3,6,6.1,40.4,"99.1065508","94.157477879",63.4,9,109,344,130,609,79.3,42,203,52.5,320,38.9,237,27.9,47.6,40.4,38.4,21.2,99,40.4,30.3
"Grissom, Vaughn",687093,2023,22,75,80,21,17,3,1,0,15,2,18.8,2.5,".280",".347",".313","0.660","0.067",".344","9","26","1","0","5",".275",".386",".289",".305",".308",".112",".339","69","86.2","5.1",29.5,4,6.6,36.1,"97.935623","93.0150535",74,9,39,165,73,289,90.4,11,114,53.1,154,39,113,20,55.4,31.1,34.4,34.4,61,59,16.4
"Olson, Matt",621566,2023,29,608,720,172,88,27,3,54,167,104,23.2,14.4,".283",".604",".389","0.993","0.321",".302","139","367","0","1","127",".262",".571",".413",".395",".372",".310",".359","74.8","93.7","16.1",31,73,16.4,55.5,"104.825276757","97.314084392",71.5,7,451,1810,691,3092,75.6,247,1012,45.8,1415,42.5,1313,28.4,46.8,36,40.2,23.8,445,38.7,34.4
"Reyes, Pablo",622569,2023,29,167,185,48,37,9,0,2,21,14,11.4,7.6,".287",".377",".339","0.716","0.090",".315","20","63","2","7","27",".261",".398",".315",".311",".315",".137",".295","69.4","88.1","14.7",34,6,4,36,"98.745577123","93.451553172",62,9,58,439,141,709,88.1,27,227,51.6,366,41.9,297,14.9,41.7,40,40,20,150,43.3,21.3
"Stott, Bryson",681082,2023,25,585,640,164,115,32,2,15,100,39,15.6,6.1,".280",".419",".329","0.748","0.139",".312","62","245","3","31","78",".265",".393",".323",".312",".317",".127",".318","67.9","88.1","10.1",36.4,23,4.7,35.2,"97.379136163","92.802445092",59.1,7.8,355,1705,509,2665,88.7,93,823,52.2,1392,45.1,1201,15.3,45,31.4,35.4,33.2,494,47.4,23.1
"Short, Zack",670097,2023,28,221,253,45,29,9,0,7,66,28,26.1,11.1,".204",".339",".292","0.631","0.135",".255","33","75","0","5","17",".207",".366",".281",".296",".297",".159",".297","70.5","87.6","21.2",33.3,14,8.8,33.5,"98.045696579","93.141459737",64.2,7.4,74,624,259,1027,81.4,65,349,53.3,544,42.5,434,24.9,41.9,47.2,32.7,20.1,159,37.1,30.8
"Smith, Pavin",656976,2023,27,191,228,36,24,5,0,7,45,35,19.7,15.4,".188",".325",".317","0.642","0.137",".209","30","62","1","1","26",".221",".390",".293",".328",".345",".169",".290","72.7","89.9","13.8",34.9,11,7.5,41.8,"99.896326164","94.182208207",58.1,7.8,153,515,220,923,89.8,27,264,49.2,454,44.4,410,20.1,40.4,32.9,46.6,20.5,146,43.8,26.7
"Perez, Salvador",521692,2023,33,538,580,137,93,21,0,23,135,19,23.3,3.3,".255",".422",".292","0.714","0.167",".294","80","227","0","0","59",".262",".465",".302",".326",".302",".203",".348","72.7","90.1","15.6",38,36,8.8,44,"101.357412537","94.955683293",77.5,7.2,240,1019,601,2061,80.3,136,690,43.2,890,37.1,765,30.2,60.2,39.7,36.3,24.1,411,36,30.2
"Melendez, MJ",669004,2023,24,533,602,125,75,29,5,16,170,62,28.2,10.3,".235",".398",".316","0.714","0.163",".311","56","212","4","6","65",".231",".439",".310",".326",".314",".209",".338","72.1","93.2","16.9",34.6,42,11.4,49.6,"101.434950217","95.609327411",69.3,7.4,362,1327,590,2440,72.6,230,839,49.6,1210,43.5,1063,34.4,47.9,42,37.1,21,367,35.4,34.6
"Harrison, Josh",543281,2023,35,103,114,21,16,3,0,2,20,3,17.5,2.6,".204",".291",".263","0.554","0.087",".229","10","30","0","0","8",".224",".325",".248",".278",".290",".100",".283","68.3","86.6","10.7",30.6,2,2.4,25.9,"95.64006814","91.873132235",67.7,6.9,33,242,88,392,79.6,30,147,55.4,217,43.1,169,21.9,51.3,40,38.8,21.2,85,49.4,16.5
"Doyle, Brenton",686668,2023,25,399,431,81,50,16,5,10,151,22,35,5.1,".203",".343",".250","0.593","0.140",".295","48","137","5","22","48",".197",".344",".257",".258",".245",".147",".315","71.2","88.3","11.7",29.9,22,8.7,35,"99.107707983","93.693021345",73.8,8.2,173,855,446,1591,75.7,140,576,49,780,43.3,689,35.8,52.6,40.9,33.1,26,254,49.6,25.6
"Heyward, Jason",518792,2023,33,334,377,90,52,23,0,15,64,34,17,9,".269",".473",".340","0.813","0.204",".291","40","158","2","2","56",".245",".409",".348",".318",".319",".164",".301","73.8","87.7","15.4",33,22,8.1,37.4,"99.253685693","93.70715033",65.6,7.1,242,745,373,1439,85.8,66,471,49.8,718,42.2,608,20.7,47,45.4,34.4,20.1,273,41.8,21.6
"Henderson, Gunnar",683002,2023,22,560,622,143,77,29,9,28,159,56,25.6,9,".255",".489",".325","0.814","0.234",".306","82","274","3","10","100",".257",".479",".346",".347",".327",".223",".358","75.4","92","11.4",32.9,46,11.4,52,"102.730226238","96.062562903",66.7,7.6,319,1323,561,2405,79.5,166,809,50.4,1213,43.8,1053,26.4,46.8,36.6,38.1,25.2,404,45.8,26.5
"Hummel, Cooper",669450,2023,28,23,26,2,1,1,0,0,9,2,34.6,7.7,".087",".130",".192","0.322","0.043",".143","0","3","0","1","2",".199",".296",".163",".270",".291",".097",".327",,"92.3","7.2",28.6,0,0,50,"99.447424286","94.335640714",67.9,6,19,61,33,116,71.1,11,38,48.3,56,44.8,52,34,45.7,78.6,7.1,14.3,14,64.3,14.3
"García, Avisaíl",541645,2023,32,108,118,20,13,3,1,3,39,6,33.1,5.1,".185",".315",".241","0.556","0.130",".258","12","34","0","2","8",".219",".411",".241",".292",".273",".193",".344","71.9","90.4","10.2",27.5,8,11.6,49.3,"101.874794412","95.412467794",76.4,7.3,43,215,131,436,78.9,32,152,45.6,199,39.7,173,37.3,54.1,34.8,31.9,33.3,69,53.6,18.8
"DeLuca, Jonny",676356,2023,24,42,45,11,8,1,0,2,8,3,17.8,6.7,".262",".429",".311","0.740","0.167",".281","6","18","0","1","5",".216",".351",".320",".272",".268",".135",".267","70.8","83.7","8.7",32.4,2,5.9,17.6,"94.424031176","91.212015588",71.4,6,18,99,40,167,89.1,6,55,46.1,77,40.1,67,25.8,55.7,58.8,23.5,17.6,34,47.1,29.4
"Bride, Jonah",681146,2023,27,88,106,15,12,3,0,0,22,11,20.8,10.4,".170",".205",".286","0.491","0.035",".221","7","18","1","0","9",".241",".344",".237",".325",".351",".103",".322","69.4","89","4.1",34.8,3,4.3,40.6,"97.607345882","93.199746912",49,10.7,67,259,121,460,86.1,17,122,54.1,249,43.3,199,17.4,35,42,36.2,21.7,69,50.7,17.4
"Pérez, Carlos",542208,2023,32,168,189,38,28,4,0,6,40,13,21.2,6.9,".226",".357",".293","0.650","0.131",".256","20","60","0","0","17",".255",".389",".285",".313",".321",".134",".330","70.3","89.2","16",33.3,7,5.3,39.4,"99.571600455","94.025299771",65,7.3,80,421,200,738,87.2,29,227,47.3,349,40.8,301,21.5,46.1,53,34.8,12.1,132,37.9,26.5
"Dalbec, Bobby",666915,2023,28,49,53,10,7,2,0,1,28,4,52.8,7.5,".204",".306",".264","0.570","0.102",".450","1","15","0","1","6",".186",".385",".254",".273",".248",".199",".435","70.9","92.2","13.3",42.9,5,23.8,57.1,"105.673860909","97.867807619",66,7.9,30,129,61,229,60,28,70,46.3,106,45,103,47.3,48,38.1,19,42.9,21,38.1,23.8
"Adams, Riley",656180,2023,27,143,158,39,20,13,2,4,45,11,28.5,7,".273",".476",".331","0.807","0.203",".368","21","68","0","0","8",".223",".358",".344",".284",".286",".135",".323","75.2","89.9","18.1",42,5,5,41,"101.2133664","94.80910202",71.2,8.5,91,318,122,567,82.3,36,203,50.3,285,41.1,233,28.3,52.9,41,26,33,100,34,25
"Lipcius, Andre",686531,2023,25,35,38,10,8,1,0,1,8,3,21.1,7.9,".286",".400",".342","0.742","0.114",".346","4","14","0","0","3",".247",".381",".326",".304",".307",".134",".321","65.7","87.3","16.7",29.6,0,0,29.6,"95.892785","92.191342222",74.3,4.9,13,91,51,163,81.8,10,55,45.4,74,42.9,70,24.4,47.9,25.9,48.1,25.9,27,29.6,44.4
"Schneider, Davis",676914,2023,24,116,141,32,11,12,1,8,43,21,30.5,14.9,".276",".603",".404","1.007","0.327",".369","20","70","0","1","23",".208",".467",".424",".355",".349",".259",".331","69.3","89.5","26",49.3,13,17.8,38.4,"99.241608649","93.865637397",65,7,71,326,146,583,67.8,58,180,47.6,277,40.4,235,37.3,39.1,50.7,27.4,21.9,73,20.5,38.4
"Jeffers, Ryan",680777,2023,26,286,335,79,48,15,2,14,93,33,27.8,9.9,".276",".490",".369","0.859","0.214",".359","43","140","2","3","46",".230",".441",".369",".336",".330",".211",".339","73.9","90.5","17.2",34.2,23,11.6,42.7,"101.812058454","95.327122694",62,6.9,119,739,369,1327,79.8,79,392,47.6,632,40.8,542,29.2,45.4,40.7,33.7,25.6,199,40.7,29.1
"Alvarez, Yordan",670541,2023,26,410,496,120,64,24,1,31,92,69,18.5,13.9,".293",".583",".407","0.990","0.290",".306","97","239","0","0","77",".292",".632",".415",".436",".409",".340",".376","76.7","93.3","17.1",35.7,58,18,52.2,"104.629318875","96.977658344",64.7,6.1,235,1018,522,1908,86.7,75,564,45.7,872,40.6,774,22.4,43.7,40.4,32.3,27.3,322,36,35.7
"Fletcher, Dominic",666150,2023,25,93,102,28,20,5,1,2,22,7,21.6,6.9,".301",".441",".350","0.791","0.140",".377","14","41","2","0","10",".223",".339",".340",".267",".278",".116",".293",,"89.7","8.5",38.4,3,4.1,39.7,"98.576652222","93.730650845",64.9,8.2,45,211,112,380,87,17,131,53.2,202,38.4,146,21.1,50,34.2,45.2,20.5,73,52.1,24.7
"Caballero, José",676609,2023,26,231,280,51,37,9,1,4,66,28,23.6,10,".221",".320",".343","0.663","0.099",".285","26","74","3","26","37",".200",".300",".305",".297",".329",".100",".279","69.3","83.3","21.5",33.1,6,3.6,23.7,"94.973345476","91.572536826",57.5,6.6,114,673,284,1140,84.7,50,326,49.7,567,40.2,458,23.2,43.2,45.6,30.8,23.7,169,31.4,25.4
"Lowe, Brandon",664040,2023,28,377,436,87,50,15,1,21,119,50,27.3,11.5,".231",".443",".328","0.771","0.212",".275","68","167","0","7","58",".229",".447",".334",".338",".328",".219",".333","73.2","91.4","16",32.6,28,10.7,47.5,"101.419435954","95.219077088",75.3,7,363,824,452,1718,80.4,121,617,47.7,819,42.5,730,32,51.6,47.1,37.9,14.9,261,41.4,30.7
"Huff, Sam",669087,2023,25,43,45,11,6,2,0,3,17,2,37.8,4.4,".256",".512",".289","0.801","0.256",".348","6","22","0","0","5",".227",".500",".337",".320",".261",".273",".375","73.9","90.2","5.4",26.9,4,15.4,50,"104.015641538","96.642975769",76.9,8.8,23,71,47,159,65,21,60,49.1,78,40.3,64,44.4,56.6,50,15.4,34.6,26,61.5,23.1
"Bruján, Vidal",660644,2023,25,76,84,13,11,2,0,0,21,5,25,6,".171",".197",".241","0.438","0.026",".236","6","15","2","3","14",".166",".213",".206",".211",".237",".047",".230","68.3","86","12",19.6,1,1.8,23.2,"96.067439615","92.059905962",75.9,5.4,85,160,37,299,81.3,20,107,47.2,141,45.2,135,22.8,52.8,41.1,32.1,26.8,56,53.6,23.2
"Ramos, Heliot",671218,2023,23,56,60,10,5,4,0,1,20,4,33.3,6.7,".179",".304",".233","0.537","0.125",".257","2","17","0","0","5",".187",".348",".236",".259",".241",".161",".291","75","90.9","13.4",30.6,5,13.9,41.7,"102.149756471","95.210486765",71.7,7.3,30,142,64,246,80.2,18,91,51.6,127,44.7,110,31.5,51.6,30.6,38.9,30.6,36,52.8,19.4
"Lewis, Kyle",641786,2023,27,51,54,8,5,2,0,1,21,3,38.9,5.6,".157",".255",".204","0.459","0.098",".241","2","13","0","0","2",".179",".264",".204",".217",".225",".084",".305","71","89.1","23.6",26.7,2,6.7,26.7,"96.484900667","92.305203667",66.9,6.1,24,123,61,231,68.4,25,79,51.1,118,44.2,102,35.8,47.2,46.7,23.3,30,30,33.3,36.7
"Raleigh, Cal",663728,2023,26,513,569,119,65,23,1,30,158,54,27.8,9.5,".232",".456",".306","0.762","0.224",".273","75","234","0","0","78",".229",".468",".326",".329",".303",".239",".330","75","89.5","20.3",36.5,45,12.6,41,"101.028271404","94.749354873",70.9,6.8,506,1206,530,2338,78.8,163,768,46.3,1083,41.5,970,29.9,49.7,50.8,29.2,19.9,356,31.7,35.1
"Montero, Elehuris",660707,2023,24,284,307,69,41,15,2,11,111,15,36.2,4.9,".243",".426",".290","0.716","0.183",".352","39","121","0","0","40",".196",".319",".306",".254",".250",".123",".323","75.3","88.3","9.9",31.8,12,6.8,44.3,"101.047431818","94.674275852",65.7,5.3,173,520,355,1165,79.7,68,335,43.8,510,39.7,462,39.3,53,39.8,35.2,25,176,44.9,23.3
"Moniak, Mickey",666160,2023,25,311,323,87,50,21,2,14,113,9,35,2.8,".280",".495",".307","0.802","0.215",".397","45","154","3","6","35",".244",".450",".339",".307",".272",".206",".386","72.9","89","19.7",38.9,25,12.6,39.2,"100.288235","94.38207288",78.4,7.4,212,570,300,1161,72,118,422,46.9,538,40.9,470,38.8,61.7,45.5,34.3,20.2,198,32.3,31.3
"Edman, Tommy",669242,2023,28,479,528,119,77,25,4,13,84,35,15.9,6.6,".248",".399",".307","0.706","0.151",".275","47","191","4","27","69",".259",".393",".306",".312",".318",".134",".313","70.8","89.1","7.5",27.9,20,5,38.8,"99.456717727","93.865892803",61.9,8.8,269,1053,399,1809,92.1,45,573,51.1,926,43.3,784,16.1,45.7,41,37.1,21.9,402,51.7,21.4
"Stefanic, Michael",683021,2023,27,62,71,18,15,2,1,0,8,8,11.3,11.3,".290",".355",".380","0.735","0.065",".333","6","22","1","0","5",".245",".315",".332",".300",".341",".070",".282","64.5","87.9","7.3",38.9,0,0,22.2,"95.236837778","91.852155283",64.3,7.9,16,155,67,253,95.1,4,81,49.8,126,47.4,120,7,39.5,20.4,48.1,31.5,54,42.6,18.5
"Contreras, Willson",575929,2023,31,428,495,113,66,27,0,20,111,51,22.4,10.3,".264",".467",".358","0.825","0.203",".311","67","200","3","6","55",".275",".498",".358",".375",".368",".222",".370","76.2","91.3","10.1",34.1,39,12.2,46.9,"103.922488176","96.441608585",68.9,6.8,208,1109,508,1950,81.3,116,619,46.1,898,42.5,828,29,48.5,35.6,39.1,25.3,320,48.1,23.1
"Belt, Brandon",474832,2023,35,339,404,86,44,23,0,19,141,61,34.9,15.1,".254",".490",".369","0.859","0.236",".370","43","166","0","0","53",".207",".435",".369",".333",".330",".228",".351","72.7","88.7","19.8",44.5,30,15,40,"100.691962551","94.453475333",67,6.6,229,1200,296,1801,75,142,568,47.1,848,45.1,813,32.5,41,41,32,27,200,31,39
"Straw, Myles",664702,2023,28,462,518,110,88,18,3,1,97,42,18.7,8.1,".238",".297",".301","0.598","0.059",".295","29","137","6","20","52",".239",".302",".268",".273",".303",".063",".299","66.1","86.3","9.4",34,2,0.5,23.3,"95.141368287","91.593212265",60,9.7,84,1334,422,1991,88.5,77,667,55.8,1111,43.7,871,14.1,44,23.9,40.3,35.8,377,48.5,20.7
"Grossman, Robbie",543257,2023,33,353,420,84,50,23,1,10,98,57,23.3,13.6,".238",".394",".340","0.734","0.156",".292","49","139","0","1","56",".221",".356",".323",".308",".328",".135",".300","67.2","88.2","20.2",32.3,18,6.8,37.3,"98.380623258","93.356276654",60.2,8.2,272,911,420,1716,86.1,72,519,50.2,862,43.8,752,20.1,38.1,39.5,37.6,22.8,263,32.3,35.4
"Bichette, Bo",666182,2023,25,571,601,175,122,30,3,20,115,27,19.1,4.5,".306",".475",".339","0.814","0.169",".355","73","271","3","5","69",".301",".496",".349",".356",".335",".195",".377","70.1","90.2","6.2",38.3,44,9.6,44.9,"101.736681894","95.184330552",77.1,8.4,170,1348,517,2225,87,111,851,49.6,1104,42.1,937,21.1,56.6,25.8,33.7,40.5,457,46.4,18.8
"Wisdom, Patrick",621550,2023,31,268,302,55,23,8,1,23,111,30,36.8,9.9,".205",".500",".289","0.789","0.295",".237","46","134","2","4","43",".211",".492",".333",".333",".294",".281",".358","76.6","92.7","21.7",33.3,32,20.1,54.7,"103.448312785","96.664593567",69.9,7.7,148,777,300,1318,73.2,122,455,49.4,651,43.6,574,33.8,46.7,44.7,39,16.4,159,32.1,39.6
"Kiermaier, Kevin",595281,2023,33,370,408,98,63,21,6,8,86,29,21.1,7.1,".265",".419",".322","0.741","0.154",".321","36","155","1","14","58",".256",".352",".320",".299",".317",".096",".334","69.8","86.7","5.6",29.4,10,3.5,33.2,"97.999902837","93.084577651",71.6,7.8,264,776,363,1508,78,119,542,50.2,757,42.2,637,30.6,49.6,38.4,40.1,21.5,289,55.7,18.7
"France, Ty",664034,2023,28,587,665,147,103,32,0,12,117,43,17.6,6.5,".250",".366",".337","0.703","0.116",".294","58","215","0","1","79",".264",".421",".315",".340",".350",".156",".330","71.8","87.5","13.7",36.9,32,6.8,38.6,"99.277871319","93.765945224",74,7.5,249,1401,586,2425,89.1,95,875,48.7,1182,44,1069,21.9,53.2,39.7,38.6,21.7,471,41.8,23.1
"Canzone, Dominic",686527,2023,25,173,182,38,19,13,0,6,32,8,17.6,4.4,".220",".399",".258","0.657","0.179",".237","21","69","0","1","23",".255",".489",".282",".332",".292",".233",".313","70.9","89.7","16.3",31.9,17,12.1,42.6,"100.579175634","94.554437376",67.1,8.8,115,292,159,605,83.2,34,202,49.8,301,42.6,258,25.5,54.4,48.9,31.2,19.9,141,42.6,31.2
"Lukes, Nathan",664770,2023,28,26,31,5,3,1,1,0,9,4,29,12.9,".192",".308",".290","0.598","0.116",".278","2","8","0","0","4",".211",".308",".266",".278",".306",".097",".305","63.5","86.5","13",38.9,0,0,38.9,"97.669105556","92.926628889",75.8,13.4,14,67,23,112,89.4,5,47,55.4,62,44.6,50,19.4,55.4,16.7,44.4,38.9,18,27.8,38.9
"Bregman, Alex",608324,2023,29,622,724,163,106,28,4,25,87,92,12,12.7,".262",".441",".363","0.804","0.179",".270","98","274","1","3","103",".263",".440",".351",".353",".365",".178",".305","70.2","88.6","17.6",35.8,29,5.4,38.2,"98.071537732","93.248960689",61.1,7,287,1590,700,2789,91.3,70,807,47.3,1320,41.7,1163,14.1,38.7,40.8,37.1,22.2,537,35.4,31.1
"Smith, Dominic",642086,2023,28,527,586,134,100,21,1,12,91,47,15.5,8,".254",".366",".326","0.692","0.112",".286","46","193","1","1","57",".254",".403",".306",".321",".327",".149",".307","68.6","86.3","12.8",37,29,6.6,30.8,"97.225088721","92.631850959",68.7,6.5,296,1290,524,2210,86.2,102,740,48.7,1077,42.1,931,19.9,49,36.1,38.6,25.3,438,42.7,25.8
"Joe, Connor",656582,2023,30,413,472,102,56,31,4,11,110,50,23.3,10.6,".247",".421",".339","0.760","0.174",".311","42","174","5","3","63",".244",".406",".332",".328",".336",".162",".332","73.8","88.9","16.7",37.2,25,8.2,41.8,"100.015548477","94.249815814",59.1,7.6,252,1076,496,1983,82.7,102,590,50.3,998,44.2,877,23.6,39.5,37.2,38.8,24,304,35.5,25.3
"Bader, Harrison",664056,2023,29,319,344,74,53,12,2,7,59,17,17.2,4.9,".232",".348",".274","0.622","0.116",".261","40","111","3","20","44",".230",".378",".271",".288",".277",".148",".285","70.8","85.9","17.8",32.8,14,5.3,31.7,"97.622516107","92.819025115",63.3,7.1,129,640,359,1238,86.4,50,367,46.8,580,39.7,491,24.6,48.5,38.5,37.4,24.2,265,37,30.9
"Martínez, J.P.",679881,2023,27,40,44,9,7,1,0,1,16,2,36.4,4.5,".225",".325",".250","0.575","0.100",".320","4","13","0","0","7",".176",".291",".246",".225",".219",".116",".293","71","86.1","20.1",34.6,1,3.8,26.9,"97.144359231","92.664466923",66,9.8,23,99,37,173,74.2,16,62,54.3,94,43.9,76,34.5,48.6,42.3,42.3,15.4,26,34.6,26.9
"Maton, Nick",665155,2023,26,249,293,43,26,9,0,8,73,38,24.9,13,".173",".305",".288","0.593","0.132",".206","32","76","2","1","29",".190",".334",".268",".286",".303",".145",".267","69.4","86.1","18.2",31.8,15,8.4,31.5,"97.063386705","92.575397771",67.5,6.2,270,505,410,1243,76.7,90,387,46.1,573,42.1,523,31.2,45.1,37.4,36.9,25.7,179,36.3,40.8
"Bouchard, Sean",656248,2023,27,38,43,12,6,2,0,4,14,4,32.6,9.3,".316",".684",".372","1.056","0.368",".381","7","26","1","0","11",".239",".535",".432",".374",".317",".296",".385","71.3","91","7.8",44,5,20,44,"100.303571538","95.1290384",62.2,10.5,26,86,38,162,89.1,5,46,45.7,74,41.4,67,30.6,44.4,36,40,24,25,44,36
"Herrera, Iván",671056,2023,23,37,44,11,9,2,0,0,11,5,25,11.4,".297",".351",".409","0.760","0.054",".423","4","13","0","0","6",".261",".377",".349",".342",".379",".116",".372","74.1","91.3","12.2",23.1,2,7.7,61.5,"105.291267692","98.076363846",65.1,9.5,16,130,41,200,83.9,9,56,43,86,38.5,77,24.7,42.5,26.9,26.9,46.2,26,53.8,7.7
"Alfaro, Jorge",595751,2023,30,48,52,7,2,4,0,1,15,2,28.8,3.8,".146",".292",".212","0.504","0.146",".188","4","14","0","0","2",".203",".333",".223",".266",".265",".129",".296","76.1","88.9","-6.1",18.2,2,6.1,36.4,"98.859325882","93.625075152",79.7,5.1,18,98,49,175,90.5,6,63,45.1,79,40,70,31.5,61.7,45.5,33.3,21.2,33,66.7,18.2
"Bleday, JJ",668709,2023,25,256,303,50,29,11,0,10,72,42,23.8,13.9,".195",".355",".310","0.665","0.160",".226","27","91","1","5","35",".200",".354",".297",".300",".315",".154",".274","72.5","88.6","15.5",29.9,12,6.4,35.3,"98.165226087","93.234953169",68.7,8.6,253,640,222,1213,79.5,83,404,48.5,588,42.6,517,28.2,43.6,46,31.6,22.5,187,43.9,29.9
"Smith, Kevin",675656,2023,26,135,146,25,16,4,0,5,51,5,34.9,3.4,".185",".326",".220","0.546","0.141",".253","11","44","0","1","15",".178",".334",".236",".236",".213",".156",".285","69.4","88","13.6",30.3,8,9,36,"99.217505476","93.806065119",64.5,6.3,43,285,138,519,79.4,34,165,49.1,256,41.7,217,31.8,53.4,32.6,29.2,38.2,89,47.2,32.6
"O'Neill, Tyler",641933,2023,28,238,266,55,32,14,0,9,67,28,25.2,10.5,".231",".403",".312","0.715","0.172",".284","21","96","0","5","27",".241",".452",".313",".335",".321",".211",".336","72.5","89.2","15",29.2,21,12.3,43.3,"101.468190235","94.898490824",66.7,7.6,108,590,274,1042,81.5,61,329,47.3,493,42.7,445,27.8,44.9,35.7,42.1,22.2,171,43.3,29.8
"Friedl, TJ",670770,2023,27,488,556,136,88,22,8,18,90,47,16.2,8.5,".279",".467",".352","0.819","0.188",".308","66","228","6","27","73",".238",".325",".353",".290",".317",".087",".291","68.6","86.7","16.1",32,13,3.2,27.6,"96.368739947","92.196228515",59,8.2,380,1268,439,2194,88.6,75,660,50.9,1118,42.8,940,18.4,42.2,42.3,36.7,21,409,42.8,25.9
"Siri, Jose",642350,2023,27,338,364,75,35,13,2,25,130,20,35.7,5.5,".222",".494",".267","0.761","0.272",".269","56","167","3","12","58",".209",".443",".319",".297",".256",".234",".337","73.3","88.4","14.4",33,28,13.2,37.7,"100.583268942","94.368878077",69.7,6.7,144,708,341,1340,70.4,131,443,47.4,636,41.8,561,40.3,53,45.8,34,20.3,212,40.6,34.4
"Winn, Masyn",691026,2023,21,122,137,21,17,2,0,2,26,10,19,7.3,".172",".238",".230","0.468","0.066",".196","12","29","1","2","8",".215",".289",".211",".252",".271",".074",".268","68.7","86","12.8",26.7,2,2,36.6,"97.541426531","92.925402245",59.5,8.2,55,308,131,535,82.2,30,169,53.1,284,43,230,21.6,43.4,25.7,33.7,40.6,101,47.5,24.8
"Cooper, Garrett",643265,2023,32,422,457,106,70,18,1,17,132,31,28.9,6.8,".251",".419",".304","0.723","0.168",".324","61","177","0","0","42",".248",".433",".313",".317",".302",".185",".360","73.8","89","13.3",40.4,30,10.3,41.1,"100.493592808","94.333162534",66.9,7.3,111,1096,501,1818,79.8,115,569,46.7,850,41.9,762,30.7,52.4,34.9,40.1,25,292,42.8,25.3
"Neto, Zach",687263,2023,22,289,329,65,39,17,0,9,77,20,23.4,6.1,".225",".377",".308","0.685","0.152",".272","34","109","1","5","38",".224",".410",".302",".315",".308",".186",".302","69.3","89.1","14.5",33.8,19,8.8,40.3,"99.587439533","93.888217243",69.8,7.7,86,685,385,1288,80.6,89,458,50.9,656,41.7,537,28.7,47.9,42.1,31.9,25.9,216,38.9,32.4
"Rosario, Eddie",592696,2023,31,478,516,122,74,24,3,21,122,34,23.6,6.6,".255",".450",".305","0.755","0.195",".300","74","215","4","3","64",".250",".440",".322",".317",".300",".190",".334","70.4","88.6","14.5",35.9,34,9.5,35.4,"98.60055257","93.424315434",73.6,6.3,364,964,492,1908,77.2,148,648,46.1,880,40.9,781,29.8,57.4,42.3,39,18.7,359,39.8,28.4
"Ibáñez, Andy",628451,2023,30,356,383,94,58,23,2,11,69,24,18,6.3,".264",".433",".312","0.745","0.169",".300","41","154","0","1","42",".266",".446",".320",".330",".315",".180",".331","69.6","89.1","12.9",33.2,26,9,42.9,"99.890798819","94.208427735",70.4,7.6,166,801,331,1376,87.2,59,461,47.6,655,44.1,607,22.6,51.8,34.9,39.4,25.6,289,44.3,26.6
"Mateo, Jorge",622761,2023,28,318,350,69,46,14,2,7,82,22,23.4,6.3,".217",".340",".267","0.607","0.123",".267","34","108","5","32","58",".237",".378",".265",".292",".287",".141",".317","73.4","88.4","10.4",28.3,13,5.3,38.5,"100.431419748","94.295455274",68.1,8.4,165,731,328,1317,84.1,68,429,47.8,630,40.4,532,28.1,50.3,38.1,36.9,25,244,45.9,25
"Acuña Jr., Ronald",660670,2023,25,643,735,217,137,35,4,41,84,80,11.4,10.9,".337",".596",".416","1.012","0.259",".338","106","383","14","73","149",".351",".668",".428",".461",".430",".318",".404","77.3","94.7","7.4",33.6,86,15.3,55.2,"106.368689571","98.157029125",70.7,7.3,309,1631,697,2782,85.6,139,965,49,1364,40.8,1135,18.7,46.2,37,40,23,562,48.8,22.4
"Castro, Willi",650489,2023,26,358,409,92,60,18,5,9,99,34,24.2,8.3,".257",".411",".339","0.750","0.154",".328","34","147","5","33","60",".228",".365",".327",".302",".314",".137",".312","72","86.5","15.1",34.5,18,6.8,31.8,"98.698827717","93.374549289",69,7.5,286,844,379,1586,82.2,96,540,49.4,783,42.7,678,27.9,51.6,38.6,34.8,26.5,264,41.7,26.1
"Goldschmidt, Paul",502671,2023,35,593,687,159,103,31,0,25,161,87,23.4,12.7,".268",".447",".363","0.810","0.179",".327","80","265","2","11","89",".264",".491",".350",".365",".360",".228",".361","72.1","91.3","12.8",35.6,52,12,50.8,"102.40959555","95.767792759",61.8,7.6,222,1679,754,2847,76.8,202,870,49.4,1407,41.3,1175,27.5,44,31.5,36.1,32.4,435,41.4,26.9
"Arozarena, Randy",668227,2023,28,551,654,140,95,19,3,23,156,80,23.9,12.2,".254",".425",".364","0.789","0.171",".310","83","234","10","22","95",".234",".434",".347",".347",".351",".200",".329","72.9","91.7","11.3",31.8,49,12.3,48.4,"102.055211709","95.651873174",61,6.8,308,1416,765,2679,76.5,178,757,46.3,1241,41.7,1117,29.1,43,33.8,43.5,22.8,400,43.3,25.3
"Refsnyder, Rob",608701,2023,32,202,243,50,39,9,1,1,47,33,19.3,13.6,".248",".317",".365","0.682","0.069",".316","28","64","2","7","31",".257",".388",".314",".342",".374",".131",".334","72.9","87.7","11.9",42,6,3.8,34.4,"98.411482208","93.313190455",61.1,5.9,152,557,228,1004,80.4,61,311,50.7,509,42.5,427,23.1,40.1,39.5,40.8,19.7,157,43.9,19.7
"Hill, Derek",656537,2023,27,47,50,8,7,1,0,0,11,3,22,6,".170",".191",".220","0.411","0.021",".222","1","9","0","1","3",".195",".241",".190",".222",".243",".046",".255",,"84.1","7",27.8,0,0,22.2,"94.906839412","91.702141818",67.4,6.3,23,96,67,190,85,9,60,46.8,89,46.8,89,25.3,47.9,27.8,44.4,27.8,36,55.6,19.4
"Wade Jr., LaMonte",664774,2023,29,429,519,110,77,14,2,17,95,76,18.3,14.6,".256",".417",".373","0.790","0.161",".290","45","179","0","2","64",".258",".456",".347",".361",".374",".198",".328","72.8","88.4","17.4",33.6,31,9.1,39.8,"99.530093174","93.945744444",62,8,384,1197,427,2102,87.6,79,639,49,1030,41.3,867,20.8,39.5,43,30.7,26.3,342,39.5,28.7
"Peterson, Jace",607054,2023,33,374,430,79,59,10,4,6,101,47,23.5,10.9,".211",".307",".304","0.611","0.096",".270","37","115","2","15","35",".212",".334",".275",".287",".306",".122",".289","67.6","85.7","14.4",33.5,13,4.7,28.1,"96.5144975","92.272958155",60.7,8,271,953,396,1740,84.1,86,540,51.1,889,45.1,785,25,42.2,35.3,36.7,28.1,278,43.2,29.1
"Realmuto, J.T.",592663,2023,32,489,540,123,70,28,5,20,138,35,25.6,6.5,".252",".452",".310","0.762","0.200",".307","63","221","5","16","70",".249",".467",".324",".334",".310",".218",".346","73.5","89.8","16.7",36.2,40,11.2,43.3,"101.30139764","94.961935393",70.7,7.6,227,1150,570,2096,81.4,136,735,49.6,1039,42.2,885,26.2,50.5,42.1,32.6,25.3,356,37.6,28.9
"Lowe, Nathaniel",663993,2023,27,623,724,163,105,38,3,17,165,93,22.8,12.8,".262",".414",".360","0.774","0.152",".329","82","258","0","1","89",".259",".408",".340",".339",".358",".149",".350","74.1","89.8","7.2",36.7,30,6.5,41.6,"101.145951991","94.820277484",67.2,7.2,313,1876,690,3044,85.9,143,1014,49.5,1508,43.6,1328,20.6,43.8,28.4,41.9,29.7,461,48.2,20.2
"Diaz, Jordan",672478,2023,22,272,293,60,41,9,0,10,69,17,23.5,5.8,".221",".364",".273","0.637","0.143",".258","27","99","1","0","20",".222",".372",".278",".284",".276",".150",".298","73.2","90","5.4",29.9,13,6.4,43.6,"101.524778137","95.000604729",76.3,8.9,174,564,286,1083,83.7,65,399,48.3,523,40.4,438,29.9,56,33.8,38.2,27.9,204,53.4,19.1
"Kessinger, Grae",666197,2023,25,40,45,8,5,2,0,1,12,5,26.7,11.1,".200",".325",".289","0.614","0.125",".259","1","13","1","0","3",".189",".387",".275",".292",".279",".199",".269","70.2","86.3","13.6",32.1,3,10.7,32.1,"97.098432857","92.549216429",62.2,8.5,11,106,30,165,76.5,12,51,49.7,82,43,71,31.1,44.8,39.3,46.4,14.3,28,42.9,39.3
"Perkins, Blake",663368,2023,26,143,168,31,20,7,0,4,46,23,27.4,13.7,".217",".350",".325","0.675","0.133",".290","20","50","2","5","28",".192",".304",".303",".279",".304",".112",".283","69.1","85.8","14.8",31.3,5,5.1,29.3,"96.112014167","92.145352105",55.3,8.6,112,447,136,725,81.2,39,207,51.6,374,42.5,308,22.9,36.7,38.4,29.3,32.3,99,43.4,29.3
"Abrams, CJ",682928,2023,22,563,614,138,86,28,6,18,118,32,19.2,5.2,".245",".412",".300","0.712","0.167",".279","64","232","4","47","83",".243",".402",".306",".304",".297",".160",".305","71.5","87.4","13.5",32.6,31,6.9,35.9,"98.814933243","93.426357297",71.9,8,279,1237,547,2212,84.3,125,794,49.9,1105,44.3,980,22.5,53.5,35.9,39.9,24.2,451,44.8,25.1
"Urías, Ramón",602104,2023,29,360,396,95,66,22,3,4,101,27,25.5,6.8,".264",".375",".328","0.703","0.111",".355","42","135","1","3","45",".223",".339",".310",".281",".291",".117",".309","70.8","89.2","7.9",30.4,18,6.9,38.1,"99.139793769","93.685443346",68.9,7.9,172,823,342,1461,79.8,104,515,51.2,748,42.8,626,28.7,49.1,38.1,37.7,24.2,260,52.7,20.4
"Vaughn, Andrew",683734,2023,25,566,615,146,93,30,2,21,129,36,21,5.9,".258",".429",".314","0.743","0.171",".299","80","243","0","0","67",".247",".430",".321",".319",".305",".183",".320","70.2","90.6","11.2",30.3,37,8.4,46.5,"101.661403","95.348849294",64.8,6.9,277,1151,656,2317,86.6,96,716,47.7,1105,41.8,968,24.1,47.5,37.4,35.1,27.6,439,44.4,23.7
"Campusano, Luis",669134,2023,24,163,174,52,38,7,0,7,21,7,12.1,4,".319",".491",".356","0.847","0.172",".331","30","80","0","0","27",".302",".467",".364",".353",".343",".166",".347","68.7","88.5","13.2",38.5,11,7.7,40.6,"98.855264444","93.558759091",74,8.2,53,323,175,601,86,32,228,51.2,308,41.6,250,18.1,55.2,42,37.1,21,143,40.6,21
"Eaton, Nate",681987,2023,26,53,56,4,4,0,0,0,21,2,37.5,3.6,".075",".075",".125","0.200","0.000",".125","1","4","0","3","2",".175",".214",".101",".199",".220",".040",".293",,"84.3","10.4",25,0,0,28.1,"96.38448875","92.327478065",66.1,7.2,14,126,43,208,72.2,20,72,52.4,109,48.1,100,36.9,49.5,34.4,34.4,31.3,32,53.1,9.4
"Heineman, Tyler",623168,2023,32,38,47,9,7,1,1,0,8,8,17,17,".237",".316",".383","0.699","0.079",".300","3","12","0","1","5",".246",".305",".325",".328",".390",".059",".312","65.5","82.1","21.9",36.7,0,0,26.7,"94.913085","91.494745714",63.5,5,27,121,30,181,87,7,54,47,85,44.2,80,21.2,47,40,33.3,26.7,30,36.7,13.3
"Brantley, Michael",488726,2023,36,54,57,15,11,2,0,2,2,2,3.5,3.5,".278",".426",".298","0.724","0.148",".255","7","23","0","0","7",".277",".362",".309",".288",".299",".085",".284","68.6","90.4","14.1",35.8,0,0,37.7,"98.240166296","93.463209245",55.6,7.3,34,153,24,220,94.3,4,70,57.3,126,43.6,96,8,40,52.8,28.3,18.9,53,37.7,26.4
"Hernández, Teoscar",606192,2023,30,625,678,161,104,29,2,26,211,38,31.1,5.6,".258",".435",".305","0.740","0.177",".342","93","272","2","7","70",".251",".478",".317",".334",".302",".227",".378","74","91.3","12.3",35.2,58,13.8,49.4,"103.014681476","96.109592578",73,6.7,292,1281,841,2673,75.2,236,951,48.7,1302,42.8,1144,35.8,53.6,36.6,37.5,25.9,421,42.8,26.8
"Suzuki, Seiya",673548,2023,28,515,583,147,90,31,6,20,130,59,22.3,10.1,".285",".485",".357","0.842","0.200",".341","74","250","7","6","75",".278",".475",".358",".357",".354",".197",".370","72.4","91.4","10.8",36.5,41,10.5,48,"102.157061122","95.610201816",60.5,7.9,275,1409,578,2445,84.2,121,766,51.8,1266,42.5,1040,21.3,40.9,37,41.3,21.7,392,43.6,24
"Davis, Henry",680779,2023,23,225,255,48,31,10,0,7,69,25,27.1,9.8,".213",".351",".302","0.653","0.138",".273","24","79","5","3","27",".219",".345",".287",".290",".307",".126",".315","73.1","88.6","12.5",35,11,7,41.4,"100.600949494","94.584235478",62.8,8.2,108,536,309,1031,85.2,44,297,45.9,473,40.9,422,27,44.5,45.9,35.7,18.5,157,43.9,21
"Duran, Ezequiel",677649,2023,24,406,439,112,74,22,2,14,120,23,27.3,5.2,".276",".443",".324","0.767","0.167",".358","46","180","4","8","55",".253",".438",".330",".320",".304",".185",".359","73.4","90.1","14",36.3,25,8.7,43.9,"101.553371259","95.026970874",72.2,6.6,163,888,471,1657,80.1,112,564,47.1,781,41,679,28.5,54,34.3,38.1,27.7,289,39.8,23.2
"Guerrero Jr., Vladimir",665489,2023,24,602,682,159,103,30,0,26,100,67,14.7,9.8,".264",".444",".345","0.789","0.180",".277","94","267","3","5","78",".295",".509",".340",".380",".374",".215",".354","75.5","92.1","10.5",32.4,56,11.1,49.2,"104.050992964","96.528144743",74.2,7.3,289,1353,600,2441,84.7,133,867,47.9,1169,41.5,1014,23,50.6,38.3,39.9,21.7,506,45.3,21.7
"Swanson, Dansby",621020,2023,29,565,638,138,88,25,3,22,154,66,24.1,10.3,".244",".416",".328","0.744","0.172",".297","80","235","1","9","81",".249",".461",".325",".344",".333",".212",".342","71.5","89.3","13",35.1,45,10.9,39.7,"99.817409223","94.10753236",71.3,7,350,1334,688,2558,76.4,214,905,49.6,1269,42.6,1089,28.7,47.3,42.9,37,20.1,413,44.1,25.2
"Peña, Jeremy",665161,2023,25,577,634,152,107,32,3,10,129,43,20.3,6.8,".263",".381",".324","0.705","0.118",".323","52","220","9","13","81",".261",".377",".310",".310",".322",".116",".336","71.7","88","5.5",32.4,18,4,35.8,"99.143524796","93.690137489",73.2,6.9,299,1112,646,2299,86.7,104,781,46.4,1067,41.4,953,28.4,53.2,41.8,35.6,22.7,450,54.4,18.9
"Kwan, Steven",680757,2023,25,638,718,171,123,36,7,5,75,70,10.4,9.7,".268",".370",".340","0.710","0.102",".294","54","236","3","21","93",".281",".362",".313",".319",".353",".081",".316","64.1","86","10.7",37.7,6,1.1,18.8,"94.063409324","91.031738203",59,8.4,311,1860,562,2843,94,53,885,52.7,1499,42.5,1209,11.2,41.2,27.7,39.5,32.8,570,46.7,20
"Murphy, Sean",669221,2023,28,370,438,93,51,21,0,21,98,49,22.4,11.2,".251",".478",".365","0.843","0.227",".286","68","177","0","0","65",".267",".540",".366",".393",".379",".273",".362","74.4","91.5","13.1",38.1,44,16.1,45.8,"103.261524161","96.100888462",69.5,7.9,190,979,480,1748,80.9,114,598,49.2,861,41.2,720,25.9,45.9,48,35.2,16.8,273,41.4,27.8
"Torres, Gleyber",650402,2023,26,596,672,163,108,28,2,25,98,67,14.6,10,".273",".453",".347","0.800","0.180",".288","68","270","6","13","90",".280",".484",".346",".363",".355",".204",".334","71.7","89.7","15.1",37.3,40,7.9,40.3,"99.649800996","94.055057585",68.9,7.6,301,1374,738,2647,83.7,145,885,48.5,1284,43,1139,21.8,46.8,33.9,39.3,26.6,504,38.9,30.6
"Ortega, Rafael",542364,2023,32,114,136,25,21,3,0,1,33,20,24.3,14.7,".219",".272",".341","0.613","0.053",".300","8","31","1","6","16",".212",".276",".288",".287",".336",".064",".300","69.2","86.8","10.6",30.5,0,0,26.8,"96.157611282","92.079292949",62.8,6.7,92,308,160,583,83.2,31,184,50.3,293,44.1,257,23.1,43.1,47.6,30.5,22,82,50,25.6
"Alonso, Pete",624413,2023,28,568,658,123,54,21,2,46,151,65,22.9,9.9,".217",".504",".318","0.822","0.287",".205","118","286","1","4","92",".242",".534",".346",".369",".341",".291",".328","75.7","89.5","18.2",32.3,62,14.7,40.1,"102.342134502","95.253955701",61.9,6.8,307,1475,624,2567,82.1,134,750,47.2,1212,42.2,1083,26.2,43.7,43.7,32.8,23.5,421,36.3,35.4
"Duvall, Adam",594807,2023,34,320,353,79,32,24,2,21,110,22,31.2,6.2,".247",".531",".303","0.834","0.284",".299","58","170","0","4","45",".207",".441",".347",".305",".270",".233",".313","72.2","88.8","28.9",33,28,13,39.1,"100.072491121","94.161800748",63.8,7.5,130,717,353,1336,78.8,86,406,47.6,636,43.2,578,31,48.3,58.1,25.6,16.3,215,20.9,40
"Rivera, Emmanuel",656896,2023,27,257,283,67,50,13,0,4,56,22,19.8,7.8,".261",".358",".314","0.672","0.097",".313","29","92","0","1","32",".261",".404",".295",".315",".317",".143",".330","69.4","90.7","11.2",35.6,12,5.9,46.3,"100.267371553","94.647965854",68.6,7.1,131,635,292,1132,83.7,60,367,47.2,535,41,465,26.7,46.7,32.2,40,27.8,205,43.4,24.9
"Ortiz, Joey",687401,2023,24,33,34,7,6,1,0,0,9,0,26.5,0,".212",".242",".206","0.448","0.030",".280","4","8","0","0","4",".246",".338",".192",".249",".243",".092",".334",,"88.2","0.1",40,2,8,44,"103.097561667","95.754698333",61.2,10.7,15,67,27,112,82.9,7,41,59.8,67,42,47,22.8,50.9,24,36,40,25,60,12
"Velazquez, Andrew",623205,2023,28,81,94,14,9,3,0,2,30,10,31.9,10.6,".173",".284",".264","0.548","0.111",".245","3","23","3","13","12",".145",".234",".249",".223",".243",".088",".238","69.9","87.7","8.9",27.8,2,3.7,24,"96.831931429","92.415965714",81.9,8.1,56,224,60,353,69.7,44,145,51.3,177,42.6,147,35.5,55.8,44.4,29.6,25.9,54,57.4,20.4
"Andrus, Elvis",462101,2023,34,374,406,94,67,20,1,6,71,25,17.5,6.2,".251",".358",".304","0.662","0.107",".294","44","134","4","12","39",".229",".316",".290",".270",".284",".087",".283","68.4","87.5","5.5",28.1,8,2.6,31,"97.859729735","92.978938439",61.4,7.2,166,863,383,1592,88.1,59,496,50.7,808,42,669,20.1,45,38.9,37.6,23.5,306,55.9,19.9
"Voit, Luke",572228,2023,32,68,74,15,12,3,0,0,27,4,36.5,5.4,".221",".265",".284","0.549","0.044",".366","4","18","0","2","5",".225",".348",".251",".282",".288",".123",".373",,"86.7","12.5",43.9,3,7.3,36.6,"99.142414286","93.71975122",74.2,8.8,52,129,90,284,66.3,33,98,46.5,132,44.4,126,40.7,49.3,41.5,36.6,22,41,46.3,24.4
"Zavala, Seby",664874,2023,29,175,193,30,19,4,0,7,70,12,36.3,6.2,".171",".314",".230","0.544","0.143",".230","18","55","0","1","17",".188",".317",".239",".251",".249",".129",".313","68.9","87.5","14.9",34.9,6,5.5,36.7,"97.657285556","92.931823645",71.2,7.3,77,425,194,763,73.5,74,279,51.3,392,41.6,318,38.4,54.3,41.3,40.4,18.3,109,40.4,30.3
"Marsh, Brandon",669016,2023,25,404,472,112,69,25,6,12,144,59,30.5,12.5,".277",".458",".372","0.830","0.181",".397","60","185","2","10","58",".229",".394",".358",".322",".333",".164",".355","71.8","91.3","12.4",37.7,24,9.1,48.7,"100.732382538","94.960692423",61.5,6.7,294,1143,454,1984,82.6,100,574,47,933,41.6,825,27.4,42.4,37.4,31.7,30.9,265,45.7,26.8
"Schmitt, Casey",669477,2023,24,253,277,52,32,15,0,5,65,13,23.5,4.7,".206",".324",".255","0.579","0.118",".253","30","82","1","2","28",".231",".360",".254",".282",".281",".129",".309","70.5","88.1","15.1",32,13,6.7,34,"99.016028632","93.561277316",71.3,8,136,514,236,965,82.9,59,346,50.2,485,45,435,27.1,55,37.6,36.1,26.3,194,41.8,27.8
"Solano, Donovan",456781,2023,35,394,450,111,79,26,1,5,100,40,22.2,8.9,".282",".391",".369","0.760","0.109",".366","38","154","0","0","43",".279",".430",".338",".351",".367",".151",".373","68.1","90.2","13.1",43.1,18,6.1,43.7,"100.102935676","94.475306983",64.9,7.5,202,1040,449,1806,83.8,95,585,49.9,901,41.8,755,25.4,47.4,34.2,43.4,22.4,295,41,23.1
"Haniger, Mitch",571745,2023,32,211,229,44,24,13,1,6,65,15,28.4,6.6,".209",".365",".266","0.631","0.156",".270","28","77","0","1","27",".237",".437",".274",".313",".293",".200",".341","71.9","91","15.9",36.7,16,10.9,46.9,"100.797604054","94.934929728",64.1,8.1,131,498,228,925,80.8,60,313,52.8,488,42.1,389,27.8,45.8,38.8,34.7,26.5,147,35.4,31.3
"Senzel, Nick",669222,2023,28,301,330,71,48,10,0,13,74,26,22.4,7.9,".236",".399",".297","0.696","0.163",".269","42","120","2","6","49",".244",".369",".302",".297",".305",".125",".321","69.5","87.4","15.2",29.3,11,4.8,34.1,"98.198786726","93.126818628",70.8,9.2,116,698,293,1189,84.8,66,433,51.4,612,45.1,537,21.6,49.4,45,31.9,23.1,229,42.4,25.3
"Rodgers, Brendan",663898,2023,26,178,192,46,32,9,1,4,41,11,21.4,5.7,".258",".388",".313","0.701","0.130",".316","20","69","0","0","21",".250",".426",".307",".319",".305",".176",".326","72","88.3","4.8",35.8,15,10.9,40.1,"99.673456471","93.922127574",65.4,7.6,71,351,207,696,85.8,33,233,51.1,356,43.2,301,25.4,48.1,29.9,45.3,24.8,137,53.3,23.4
"Zunino, Mike",572287,2023,32,124,140,22,12,7,0,3,61,15,43.6,10.7,".177",".306",".271","0.577","0.129",".317","11","38","0","0","11",".156",".275",".261",".242",".252",".120",".307",,"85.9","15.1",28.6,5,7.9,34.9,"99.668005625","93.953864127",61.9,7.8,52,377,144,606,70.4,53,179,47.7,289,46.9,284,42.8,46.7,52.4,33.3,14.3,63,47.6,23.8
"Gelof, Zack",680869,2023,23,270,300,72,37,20,1,14,82,26,27.3,8.7,".267",".504",".337","0.841","0.237",".331","32","136","2","14","40",".247",".451",".357",".331",".319",".204",".353","71.5","89.8","11.8",38.6,21,11.1,41.3,"99.898924043","94.270075904",71.6,6.2,163,613,302,1155,72.4,115,416,50.3,581,45.1,521,33.7,50.4,42.3,38.6,19,189,41.3,28
"Arias, Gabriel",672356,2023,23,315,345,66,41,15,0,10,113,28,32.8,8.1,".210",".352",".275","0.627","0.142",".290","26","111","4","3","36",".227",".408",".276",".305",".292",".181",".353","74.9","91.1","3.7",31,20,9.9,46.3,"101.9318672","95.322139548",76.9,7.3,142,731,373,1345,70.8,154,527,50.9,685,39.9,537,37.7,55.5,33,37.4,29.6,203,52.7,20.7
"McKinstry, Zach",656716,2023,28,464,518,107,73,21,4,9,113,44,21.8,8.5,".231",".351",".302","0.653","0.120",".284","35","163","6","16","60",".243",".401",".289",".312",".314",".158",".319","67.9","87.2","17.8",37.1,27,7.6,33.5,"97.726678239","92.940971652",68.1,7.8,321,1228,463,2114,88.1,84,703,49.2,1032,40.8,856,20.5,47.3,30.6,40.4,28.9,356,35.7,34
"Triolo, Jared",669707,2023,25,181,209,54,42,9,0,3,63,24,30.1,11.5,".298",".398",".388","0.786","0.100",".440","21","72","1","6","30",".253",".382",".350",".326",".348",".129",".385","69.3","86.6","10.6",39.5,7,5.9,33.6,"98.027101167","93.167449076",62.8,6.2,60,476,240,839,77.6,57,255,48.4,406,39.8,334,32.4,43.7,38.7,32.8,28.6,119,40.3,23.5
"Díaz, Aledmys",649557,2023,32,315,344,72,47,20,1,4,66,17,19.2,4.9,".229",".337",".280","0.617","0.108",".273","24","106","0","1","25",".232",".333",".268",".274",".286",".101",".292","70.8","87.8","11.3",27.6,7,2.8,33.5,"97.951582698","93.010438968",70.2,9,132,638,294,1179,85.5,62,427,51.6,608,42.2,498,22.3,52.8,40.2,37,22.8,254,47.2,18.1
"Riley, Austin",663586,2023,26,636,715,179,107,32,3,37,172,59,24.1,8.3,".281",".516",".345","0.861","0.235",".324","97","328","1","3","117",".268",".524",".363",".366",".338",".255",".365","76.3","92.3","13.5",35.2,66,13.9,49.2,"103.384251814","96.274145591",69.9,7.6,283,1708,659,2861,79.1,204,978,48.9,1399,41,1172,27.8,48.2,38.7,37.9,23.4,475,41.1,28.6
"Porter, Logan",682515,2023,27,31,38,6,4,1,0,1,11,5,28.9,13.2,".194",".323",".324","0.647","0.129",".263","3","10","0","0","4",".193",".322",".297",".298",".324",".129",".299","70.7","88.5","20.8",33.3,1,4.8,42.9,"99.09998","93.924758",67.1,6.8,28,78,27,146,74.5,12,47,47.9,70,37.7,55,32.4,46.6,33.3,47.6,19,21,38.1,33.3
"Taylor, Samad",669392,2023,24,60,69,12,9,2,1,0,22,7,31.9,10.1,".200",".267",".279","0.546","0.067",".308","4","16","0","8","11",".191",".350",".248",".273",".273",".159",".297","69.7","87.5","8.7",35,4,10,22.5,"95.343506842","91.835216757",68.2,8.1,46,170,73,310,75.2,26,105,49.7,154,40.3,125,31.6,49,25,37.5,37.5,40,52.5,27.5
"Young, Jacob",696285,2023,23,107,121,27,19,7,1,0,22,10,18.2,8.3,".252",".336",".322","0.658","0.084",".318","12","36","0","13","9",".230",".319",".294",".280",".302",".088",".290","68","86.4","1.8",31.8,0,0,30.7,"96.998412927","92.554752222",60.8,7.9,37,258,123,466,87.2,19,149,52.6,245,43.6,203,20.9,46.1,37.5,36.4,26.1,88,58,13.6
"Villar, David",681584,2023,26,124,140,18,7,6,0,5,45,11,32.1,7.9,".145",".315",".236","0.551","0.170",".173","12","39","1","1","15",".206",".410",".244",".305",".290",".204",".320","69.5","87.7","19",38.8,11,13.8,32.5,"98.11393275","93.142108354",59.9,7.9,60,269,146,544,73.6,43,163,50,272,41.7,227,38.5,43,35,42.5,22.5,80,33.8,35
"Robles, Victor",645302,2023,26,107,126,32,26,5,1,0,18,11,14.3,8.7,".299",".364",".385","0.749","0.065",".360","8","39","1","8","15",".263",".361",".338",".324",".354",".098",".317",,"86.7","9.9",25.8,2,2.2,30.1,"98.782711395","93.526191163",81.1,8.1,37,239,116,454,82.4,31,176,47.8,217,41.9,190,22,53.1,36.6,34.4,29,93,54.8,19.4
"Velázquez, Nelson",676369,2023,24,162,179,38,15,6,0,17,51,14,28.5,7.8,".235",".586",".302","0.888","0.351",".221","34","95","0","0","35",".249",".570",".369",".370",".315",".320",".360","72.9","91","14.4",31.3,24,21.4,49.1,"102.412957857","95.873260446",73.6,7.2,114,317,212,704,75.3,60,243,46.9,330,43.2,304,33.7,50.1,45.5,27.7,26.8,112,38.4,41.1
"McCormick, Chas",676801,2023,28,403,457,110,69,17,2,22,117,40,25.6,8.8,".273",".489",".353","0.842","0.216",".331","70","197","6","19","59",".241",".458",".362",".340",".325",".218",".338","71","88","14.6",38.4,32,11.1,38.8,"98.933604225","93.594692676",70.6,7.9,182,961,508,1805,78,132,600,47.1,850,41.8,755,29.4,49.2,42.2,33.2,24.6,289,42.2,31.1
"Vargas, Ildemaro",545121,2023,31,262,286,66,47,13,2,4,20,19,7,6.6,".252",".363",".304","0.667","0.111",".259","31","95","1","1","32",".264",".372",".292",".305",".316",".108",".285","69.5","87.1","4.1",26,6,2.4,31.3,"97.156948151","92.578474076",60.5,8.1,171,612,214,1024,92.7,24,331,53.4,547,43.9,450,12.6,45.9,41.5,39.4,19.1,246,57.3,16.7
"Crawford, J.P.",641487,2023,28,534,638,142,88,35,0,19,125,94,19.6,14.7,".266",".438",".380","0.818","0.172",".314","65","234","0","2","94",".257",".390",".359",".341",".373",".132",".335","71.9","88.3","15.1",35.3,20,4.8,36.2,"99.143101569","93.649442623",58.4,8.6,352,1548,584,2629,87.3,98,772,50.2,1321,41.9,1103,18.6,38.6,43.2,34.1,22.7,414,39.6,23.7
"Cowser, Colton",681297,2023,23,61,77,7,5,2,0,0,22,13,28.6,16.9,".115",".148",".286","0.434","0.033",".175","4","9","0","1","15",".204",".283",".226",".304",".357",".079",".312","70.8","87.4","4.6",37.5,1,2.5,42.5,"98.6348775","93.48871",61.8,6.3,67,204,80,364,76.6,25,107,47.5,173,42.6,155,26.5,40.4,37.5,30,32.5,40,47.5,17.5
"Adames, Willy",642715,2023,27,553,638,120,65,29,2,24,165,71,25.9,11.1,".217",".407",".310","0.717","0.190",".259","80","225","3","5","73",".234",".435",".311",".333",".327",".200",".332","72.5","87.4","18.2",35,49,12.4,36.5,"99.086365635","93.664258959",71.5,7.4,358,1319,696,2596,79.3,176,851,45.8,1191,41.8,1087,31,50,45.2,36.3,18.5,394,36.3,31.5
"Wendle, Joey",621563,2023,33,297,318,63,42,16,3,2,67,13,21.1,4.1,".212",".306",".248","0.554","0.094",".264","20","91","1","7","33",".232",".330",".242",".266",".269",".099",".300","68.3","89.2","3.8",31.8,8,3.4,39.4,"97.966208793","93.354777576",62.5,6.3,239,648,234,1180,85,54,361,48.9,578,42.1,498,25,47.7,29.2,39.4,31.4,236,55.9,19.9
"Madrigal, Nick",663611,2023,26,270,294,71,52,16,1,2,24,10,8.2,3.4,".263",".352",".311","0.663","0.089",".283","28","95","2","10","34",".276",".342",".294",".298",".323",".066",".302","66","86.2","3.7",29.9,2,0.8,27.5,"95.88199459","91.943884016",59.5,8.1,56,668,255,1065,96,13,326,51.5,548,42.5,453,9.4,45,29.9,44.2,25.9,251,56.2,16.7
"Farmer, Kyle",571657,2023,32,336,369,86,59,14,2,11,86,23,23.3,6.2,".256",".408",".317","0.725","0.152",".311","46","137","4","2","49",".249",".409",".316",".314",".311",".160",".332","66.6","86.4","13.2",36.1,17,6.7,32.9,"97.416251746","92.785266614",62.7,7.7,137,787,363,1398,87,58,445,50.8,710,41.7,583,23.2,47.7,37.3,39.3,23.4,252,42.5,25
"Mauricio, Ronny",677595,2023,22,101,108,25,19,4,0,2,31,7,28.7,6.5,".248",".347",".296","0.643","0.099",".338","9","35","0","7","11",".237",".366",".284",".286",".287",".129",".342","74.7","90.7","7.6",37.1,4,5.7,38.6,"101.420100857","94.781974",71.8,7,89,194,96,401,77.9,27,122,42.4,170,41.6,167,30.9,54.9,40,45.7,14.3,70,47.1,15.7
"Correa, Carlos",621043,2023,28,514,580,118,69,29,2,18,131,59,22.6,10.2,".230",".399",".312","0.711","0.169",".272","65","205","0","0","60",".245",".420",".309",".327",".328",".176",".329","74.8","90.4","10.6",31.1,37,9.6,45.9,"102.481230628","95.635527984",62.1,6.1,252,1239,611,2257,83.4,111,668,47.6,1075,41,925,25.1,43.6,35.5,37.3,27.2,386,46.4,21.5
"Vosler, Jason",613564,2023,29,62,65,10,4,2,1,3,25,3,38.5,4.6,".161",".371",".200","0.571","0.210",".206","10","23","0","0","6",".148",".299",".241",".212",".188",".151",".248",,"86","25.8",29.7,3,8.1,21.6,"95.814316316","92.05862973",71.1,6.9,41,146,93,291,69.8,32,106,51.2,149,46,134,37.7,50.2,51.4,21.6,27,37,27,35.1
"Fermin, Freddy",666023,2023,28,217,235,61,41,10,1,9,50,13,21.3,5.5,".281",".461",".321","0.782","0.180",".323","32","100","0","0","26",".270",".456",".333",".331",".313",".186",".349","68.8","89.9","11.7",35.1,17,9.9,42.7,"99.612583571","94.265238631",80.8,7.1,84,468,283,921,83.7,59,361,48.5,447,44.7,412,24.3,54.6,40.4,37.4,22.2,171,47.4,21.1
"Stewart, DJ",621466,2023,29,160,185,39,19,9,0,11,56,15,30.3,8.1,".244",".506",".333","0.839","0.262",".298","26","81","1","1","21",".230",".464",".358",".340",".322",".234",".351","71","89.9","16.5",34,13,12.3,44.3,"100.7570575","94.657703462",77.8,6.4,106,433,157,748,71.8,79,280,48.1,360,43.2,323,35.8,50.8,58.5,28.3,13.2,106,40.6,26.4
"De La Cruz, Bryan",650559,2023,26,579,626,149,98,32,0,19,142,40,22.7,6.4,".257",".411",".304","0.715","0.154",".307","78","238","1","4","60",".267",".446",".309",".330",".316",".179",".355","72.2","89.9","11.8",41,39,8.8,42.5,"100.272527091","94.400399818",68.2,6.8,226,1347,724,2467,78.3,170,782,46.4,1146,42.3,1044,28.7,50.1,34.4,38.9,26.7,442,40.7,24.9
"Myers, Dane",667472,2023,27,67,70,18,14,3,0,1,19,2,27.1,2.9,".269",".358",".286","0.644","0.089",".354","9","24","1","1","9",".297",".405",".278",".310",".313",".108",".406","71.8","91.8","-1.8",28.6,1,2,53.1,"102.8359952","96.283255918",63.4,8.8,23,141,75,262,77.8,20,90,54.2,142,38.9,102,25.2,48.5,36.7,40.8,22.4,49,61.2,10.2
"Andujar, Miguel",609280,2023,28,84,90,21,10,7,0,4,13,6,14.4,6.7,".250",".476",".300","0.776","0.226",".254","18","40","0","2","9",".257",".426",".330",".318",".307",".169",".304","71.8","89.2","5.3",28.2,5,7,42.3,"99.273052778","94.096687887",64.5,9.2,31,172,93,327,88.8,11,98,46.5,152,43.7,143,21.6,51.1,42.3,33.8,23.9,71,49.3,25.4
"Newman, Kevin",621028,2023,29,225,253,57,38,16,0,3,34,17,13.4,6.7,".253",".364",".311","0.675","0.111",".280","28","82","1","8","28",".270",".381",".296",".313",".329",".111",".314","66.9","86.5","12",35.4,5,2.5,29.3,"96.650571327","92.359183077",64.8,7.7,83,553,227,912,89.3,33,308,52.1,475,42.3,386,14.8,46.6,38.4,35.9,25.8,198,44.9,22.7
"Ruiz, Esteury",665923,2023,24,449,497,114,84,24,1,5,99,20,19.9,4,".254",".345",".309","0.654","0.091",".315","47","155","13","67","47",".234",".324",".290",".275",".290",".090",".299","70.1","82.7","9.9",32.7,9,2.5,20,"93.969654118","91.300618171",69.9,7.8,180,1000,451,1753,82.8,103,603,49.2,863,42,737,25.3,51.9,38,33.8,28.2,355,50.7,20.3
"Bryant, Kris",592178,2023,31,300,335,70,50,10,0,10,68,29,20.3,8.7,".233",".367",".313","0.680","0.134",".270","31","110","0","0","36",".243",".417",".302",".324",".322",".174",".314","69.3","85.7","14.4",34.1,14,6,31.5,"97.280290431","92.645822586",70,7,190,682,301,1281,84.2,65,411,45.8,587,42.4,543,25,45.9,44.4,38.8,16.8,232,37.9,31.9
"Winker, Jesse",608385,2023,29,166,197,33,27,5,0,1,51,26,25.9,13.2,".199",".247",".320","0.567","0.048",".278","23","41","0","0","16",".203",".300",".269",".289",".324",".097",".292","69.9","86.8","13.6",33.6,5,4.3,31.9,"97.510447586","92.771752672",66.7,6.6,121,476,196,831,80.4,53,271,48.8,406,47.2,393,25.1,42.6,40.5,36.2,23.3,116,38.8,20.7
"Meckler, Wade",685133,2023,23,56,64,13,12,1,0,0,25,6,39.1,9.4,".232",".250",".328","0.578","0.018",".419","4","14","0","0","6",".212",".261",".273",".268",".310",".049",".382","66","81.4","7.8",45.2,0,0,22.6,"94.155130667","91.124019667",53,6.3,53,131,73,271,71.8,20,71,49.4,134,48.3,131,38.1,35.8,38.7,54.8,6.5,31,48.4,19.4
"Fletcher, David",664058,2023,29,89,97,22,19,1,0,2,9,7,9.3,7.2,".247",".326",".302","0.628","0.079",".256","12","29","0","0","7",".228",".281",".276",".252",".285",".053",".254","64.8","83.3","9.3",32.1,0,0,19.8,"94.18126","91.176736104",66.7,9.2,32,199,83,327,89.8,12,118,54.1,177,42.5,139,16.4,50.5,32.1,38.3,29.6,81,49.4,18.5
"Arcia, Orlando",606115,2023,28,488,533,129,87,25,0,17,102,39,19.1,7.3,".264",".420",".321","0.741","0.156",".301","65","205","0","1","66",".242",".396",".321",".306",".302",".154",".305","71.1","88.2","5.4",30.6,27,6.9,41.1,"99.189217927","93.735384508",65.4,8.1,200,1195,618,2132,82.3,125,708,50.8,1082,43,917,24.3,46.2,39.8,35.5,24.7,389,53.5,20.8
"Sánchez, Jesús",660821,2023,25,360,402,91,51,23,3,14,107,38,26.6,9.5,".253",".450",".327","0.777","0.197",".321","52","162","1","3","43",".261",".477",".334",".350",".335",".216",".372","74.4","90.4","5.6",32.9,31,12.2,46.3,"103.172158492","95.857175913",68.8,7.9,289,939,347,1657,78.9,113,535,46.9,778,43.6,723,30.1,48.9,32.9,33.7,33.3,255,49.8,18
"Soto, Juan",665742,2023,24,568,708,156,88,32,1,35,129,132,18.2,18.6,".275",".519",".410","0.929","0.244",".296","109","295","5","12","97",".279",".539",".395",".407",".416",".260",".361","74.6","93.2","6.7",28.5,58,13,55.3,"104.484350409","97.215905977",57.8,7,494,1555,699,2897,85.8,111,782,46.7,1353,41.9,1214,20.5,35.8,35.5,43.1,21.3,445,51.9,25.2
"Burleson, Alec",676475,2023,24,315,347,77,48,20,1,8,45,23,13,6.6,".244",".390",".300","0.690","0.146",".261","36","123","1","3","34",".272",".454",".300",".337",".326",".183",".316","70.4","89.9","12.4",36.6,16,5.9,41,"99.931806194","94.381917566",71.5,6,213,611,343,1238,88.3,50,426,48.1,596,43.8,542,17.7,52,37.4,35.2,27.5,273,43.6,24.2
"Pham, Tommy",502054,2023,35,426,481,109,63,27,3,16,106,47,22,9.8,".256",".446",".328","0.774","0.190",".300","68","190","3","22","55",".278",".475",".332",".359",".353",".197",".370","73.8","92.3","5.7",34.4,35,10.7,49.1,"103.076305767","96.158685951",60.6,7.9,277,1003,488,1917,86,81,579,49.9,956,42.3,810,23.6,40.5,37.4,40.2,22.4,326,48.5,21.5
"Davis, J.D.",605204,2023,30,480,546,119,77,23,1,18,152,52,27.8,9.5,".248",".412",".325","0.737","0.164",".320","69","198","0","1","61",".239",".414",".321",".323",".320",".176",".347","72.2","91.1","7.8",33.5,32,9.6,45.2,"101.437064311","95.258851108",79.1,8.2,162,1315,466,2092,73.2,224,837,50.6,1058,42.5,890,34,53.1,38.9,33.5,27.5,334,53.3,20.4
"Dickerson, Corey",572816,2023,34,144,152,36,26,7,1,2,28,7,18.4,4.6,".250",".354",".283","0.637","0.104",".296","17","51","1","0","12",".254",".374",".277",".289",".288",".120",".314","69.9","88.1","9.4",32.5,4,3.4,27.4,"97.378993103","92.855205862",72.2,6,107,277,139,546,85.3,29,197,50,273,41.9,229,22.4,60.4,31.6,41.9,26.5,117,45.3,27.4
"Baty, Brett",683146,2023,23,353,389,75,54,12,0,9,109,29,28,7.5,".212",".323",".275","0.598","0.111",".280","34","114","0","2","41",".235",".383",".266",".300",".297",".149",".340","75.8","89.5","6.6",33.3,19,7.7,44.3,"101.615153008","95.076203184",64.3,8.1,200,869,364,1510,78.3,106,489,50.3,760,42.1,635,31.6,46.1,37.4,32.1,30.5,246,50.4,20.3
"Ward, Taylor",621493,2023,29,356,409,90,58,18,0,14,80,39,19.6,9.5,".253",".421",".335","0.756","0.168",".284","47","150","2","4","60",".251",".437",".329",".340",".338",".187",".323","69.5","90.7","14.3",34,23,8.2,43.9,"100.268469209","94.588852374",66.8,7.7,141,908,444,1635,87.5,66,528,48.6,790,43.1,701,21.1,44.3,37.6,37.2,25.2,282,41.1,32.3
"O'Hoppe, Logan",681351,2023,23,182,199,43,23,6,0,14,48,14,24.1,7,".236",".500",".296","0.796","0.264",".240","29","91","1","0","23",".252",".507",".337",".347",".311",".255",".340","69.9","90.5","19.6",31.9,21,15.6,46.7,"100.792061765","94.855250815",70.2,7.9,95,395,187,761,81.1,49,259,48.5,369,44.3,337,32.1,51.5,54.8,29.6,15.6,135,37.8,28.9
"Colás, Oscar",693049,2023,24,245,263,53,39,9,0,5,71,12,27,4.6,".216",".314",".257","0.571","0.098",".281","19","77","3","4","32",".223",".347",".249",".266",".264",".125",".312","75.5","88.9","7.1",28.1,14,7.9,40.4,"101.394884419","94.790742442",70,6.6,185,436,259,934,80.2,60,303,46.3,433,43.2,404,31.8,53.9,28.7,40.4,30.9,178,51.7,15.7
"Franco, Wander",677551,2023,22,442,491,124,78,23,6,17,69,42,14.1,8.6,".281",".475",".344","0.819","0.194",".297","58","210","10","30","65",".296",".488",".349",".365",".360",".192",".349","71.8","89.4","8.9",35,29,7.7,43,"99.940366243","94.232389735",63.3,7,453,946,417,1901,90.6,58,615,51.1,971,44.1,839,14.8,45.2,35.8,39.3,24.9,377,47.7,23.9
"Semien, Marcus",543760,2023,32,670,753,185,112,40,4,29,110,72,14.6,9.6,".276",".478",".348","0.826","0.202",".291","100","320","3","14","122",".258",".434",".354",".335",".334",".175",".308","68.7","88.4","19.1",37.5,37,6.5,37,"98.08417844","93.189258191",72.9,7.4,360,1499,745,2799,88.4,118,1019,49.9,1398,43.1,1205,18,47.1,46.9,32.9,20.2,565,34,35.4
"Brennan, Will",686823,2023,25,432,455,115,86,24,0,5,57,16,12.5,3.5,".266",".356",".299","0.655","0.090",".296","41","154","5","13","41",".285",".380",".285",".306",".319",".095",".329","68.2","85.7","9.4",35.8,9,2.4,29.2,"96.456825397","92.245172918",73.4,8.4,223,938,362,1611,86.9,81,620,52.5,845,43.6,702,18.2,56.6,33.2,41.1,25.7,377,47.2,17.8
"Gonzalez, Romy",663853,2023,26,93,97,18,9,4,2,3,36,2,37.1,2.1,".194",".376",".208","0.584","0.182",".273","14","35","0","7","11",".207",".389",".244",".269",".227",".182",".341",,"90.5","5",40.7,8,13.6,42.4,"102.349377586","95.451526034",65.1,5.2,39,197,106,363,76.4,26,110,46.6,169,43.8,159,38.1,49.9,37.3,30.5,32.2,59,50.8,20.3
"Marte, Starling",516782,2023,34,315,341,78,65,7,1,5,69,16,20.2,4.7,".248",".324",".301","0.625","0.076",".303","28","102","4","24","38",".260",".410",".278",".315",".312",".150",".333","70.6","88.2","6.3",30.6,14,5.6,39.5,"100.135976281","94.129016405",71.5,7,129,709,336,1269,82.6,76,437,48.1,611,41.8,530,27.8,53.8,35.9,35.5,28.6,248,53.2,24.6
"Westburg, Jordan",676059,2023,24,208,228,54,32,17,2,3,56,16,24.6,7,".260",".404",".311","0.715","0.144",".336","23","84","1","4","26",".256",".407",".309",".317",".313",".151",".350","70.2","90.2","13.4",38.1,10,6.5,44.5,"100.977982987","94.800749545",69.9,7.5,119,478,200,869,81.8,54,297,48.9,425,42.3,368,26,48.7,45.2,36.1,18.7,155,41.3,21.3
"Rosario, Eguy",666703,2023,23,36,37,9,5,1,1,2,12,1,32.4,2.7,".250",".500",".270","0.770","0.250",".318","6","18","0","0","6",".188",".361",".322",".245",".210",".173",".281","70.6","84.9","14.7",37.5,2,8.3,25,"96.1199475","92.12647375",64.1,7,11,88,40,157,74,13,50,49.7,78,47.1,74,30.7,47.8,37.5,25,37.5,24,41.7,12.5
"Amaya, Miguel",665804,2023,24,131,156,28,19,4,0,5,40,12,25.6,7.7,".214",".359",".329","0.688","0.145",".264","18","47","0","0","17",".225",".391",".310",".329",".340",".166",".323","73.6","87","18.6",34.4,9,9.7,33.3,"98.56994087","93.346325055",64.4,9.1,70,340,159,624,82.6,35,201,50,312,41.7,260,27.3,46.3,40.9,34.4,24.7,93,36.6,35.5
"Castro, Harold",605612,2023,29,258,270,65,51,13,0,1,66,9,24.4,3.3,".252",".314",".275","0.589","0.062",".332","31","81","0","1","24",".240",".341",".258",".264",".264",".102",".320","66.6","86.2","10",38.5,6,3.1,28.7,"96.109616082","92.139749948",71.1,6.9,202,500,230,994,82,60,334,47.3,470,47.2,469,28.6,56.3,32.8,37.9,29.2,195,46.7,24.1
"Rizzo, Anthony",519203,2023,33,373,421,91,65,14,0,12,97,35,23,8.3,".244",".378",".328","0.706","0.134",".298","41","141","3","0","45",".244",".400",".312",".320",".328",".156",".329","68.8","90","17.8",41.2,19,6.9,37.5,"99.161259855","93.823202582",64.1,7.3,260,909,434,1670,84.6,79,512,47.8,799,43.5,727,25,48.4,41.5,38.3,20.2,277,33.9,30.7
"Soderstrom, Tyler",691016,2023,21,125,138,20,16,1,0,3,43,11,31.2,8,".160",".240",".232","0.472","0.080",".212","7","30","0","0","9",".212",".333",".216",".274",".280",".121",".321","73","89.3","5.7",26.5,5,6,39.8,"101.153127381","94.848388313",70.6,7.1,117,243,125,519,77.8,40,180,49.1,255,44.1,229,32.9,49.7,38.6,37.3,24.1,83,54.2,21.7
"Naylor, Bo",666310,2023,23,198,230,47,23,13,0,11,53,30,23,13,".237",".470",".339","0.809","0.233",".267","32","93","0","5","33",".214",".387",".347",".311",".320",".173",".291","72.1","87.7","21",37,12,8.2,30.8,"97.298027397","92.697509448",66.5,7,140,536,259,1011,84.9,49,325,48.4,489,44.8,453,21.8,44.5,38.4,34.2,27.4,146,31.5,28.1
"Wells, Austin",669224,2023,23,70,75,16,6,6,0,4,14,3,18.7,4,".229",".486",".257","0.743","0.257",".226","13","34","0","0","8",".276",".581",".309",".369",".303",".305",".341","71.5","89.5","13.6",33.3,8,14,42.1,"100.530293103","94.505064211",78.9,8.1,70,145,68,296,80.4,22,112,48,142,42.2,125,29.6,57.1,33.3,43.9,22.8,57,47.4,33.3
"Blanco, Dairon",680118,2023,30,124,138,32,18,7,4,3,33,10,23.9,7.2,".258",".452",".324","0.776","0.194",".330","18","56","5","24","19",".237",".374",".333",".302",".305",".137",".323","74.4","86.7","9.1",28,6,6.5,32.3,"99.0288","93.631459412",71.3,7.9,61,289,130,509,78.5,39,181,49.9,254,43.2,220,29.3,50.3,39.8,36.6,23.7,93,50.5,23.7
"Cron, C.J.",543068,2023,33,258,278,64,40,12,0,12,65,17,23.4,6.1,".248",".434",".295","0.729","0.186",".284","37","112","0","0","38",".252",".475",".312",".333",".301",".222",".337","73.6","87.7","12.8",31.8,27,13.8,40,"101.506528673","94.849164308",63.6,6.6,76,606,313,1068,79.5,69,336,49.4,528,40.9,437,28.3,47.6,41,34.9,24.1,195,43.1,25.6
"Hosmer, Eric",543333,2023,33,94,100,22,17,3,0,2,25,6,25,6,".234",".330",".280","0.610","0.096",".299","14","31","0","0","7",".202",".307",".269",".248",".249",".106",".275",,"85.1","3.4",23.2,4,5.8,34.8,"98.408715","93.221496176",65.7,4.7,69,236,80,407,79.1,28,134,50.1,204,45.5,185,23.6,52.1,27.5,43.5,29,69,58,17.4
"Dixon, Brandon",641525,2023,31,79,86,16,10,4,0,2,31,1,36,1.2,".203",".329",".244","0.573","0.126",".292","9","26","0","1","10",".181",".299",".249",".236",".230",".117",".296","75.9","87","16.5",32,4,8,32,"98.9704412","93.4991262",60.2,5.8,51,163,81,313,76.3,23,97,51.4,161,46,144,34.9,48.6,38,36,26,50,40,30
"Gurriel, Yuli",493329,2023,39,298,329,73,50,16,3,4,44,26,13.4,7.9,".245",".359",".304","0.663","0.114",".272","27","107","0","4","32",".235",".325",".287",".275",".297",".090",".274","70.6","88.6","16.5",32.2,5,1.9,34.9,"97.568536744","92.903397315",62.9,8.1,107,751,246,1189,89.5,39,373,49.9,593,41.9,498,16,46.8,39.5,34.5,26,258,40.7,24.4
"Wade, Tyler",642180,2023,28,51,55,13,11,1,1,0,13,4,23.6,7.3,".255",".314",".309","0.623","0.059",".342","2","16","0","4","8",".215",".277",".278",".250",".272",".062",".288",,"85.3","8.6",21.1,0,0,23.7,"96.3496675","92.270185938",56.9,7.8,23,117,50,205,86.4,9,66,56.6,116,41,84,23.3,43.9,39.5,36.8,23.7,38,57.9,10.5
"Slater, Austin",596103,2023,30,185,207,50,36,9,0,5,58,20,28,9.7,".270",".400",".348","0.748","0.130",".369","20","74","2","2","24",".247",".442",".330",".334",".327",".195",".360","73.3","91.1","7.5",34.6,15,11.8,46.5,"101.910679365","95.591557937",63.8,7.7,112,467,190,808,78.7,53,249,48.3,390,43.8,354,29.8,42.3,33.1,33.1,33.9,127,49.6,26
"Fitzgerald, Tyler",666149,2023,25,32,34,7,3,2,0,2,10,2,29.4,5.9,".219",".469",".265","0.734","0.250",".250","5","15","0","2","3",".157",".262",".310",".207",".206",".106",".228","71.8","87.3","18.2",18.2,1,4.5,27.3,"96.060203636","92.053845455",69.6,8.8,14,84,32,147,81.8,10,55,53.7,79,38.1,56,25.8,44.9,50,31.8,18.2,22,40.9,50
"Báez, Javier",595879,2023,30,510,547,113,82,18,4,9,125,24,22.9,4.4,".222",".325",".267","0.592","0.103",".274","59","166","0","12","58",".232",".360",".261",".281",".279",".128",".307","74.1","88","9.4",28.9,20,5.2,39.7,"100.19637776","94.157773958",68.2,6.3,241,1012,566,1970,78.3,127,591,44.3,867,39.6,775,32.7,54.8,37.4,38.1,24.5,388,50.5,23.5
"Hays, Austin",669720,2023,27,520,566,143,89,36,2,16,141,38,24.9,6.7,".275",".444",".325","0.769","0.169",".345","67","231","1","5","76",".238",".425",".330",".309",".293",".187",".325","71.7","89.4","10.4",31,34,8.9,40.1,"100.462787656","94.411352037",63.8,7.6,259,1126,587,2122,82.6,112,644,47.5,1009,42.1,893,28.4,46.6,37,38.5,24.5,384,44.8,29.7
"Ramírez, José",608070,2023,30,611,691,172,107,36,5,24,73,73,10.6,10.6,".282",".475",".356","0.831","0.193",".285","80","290","6","28","87",".296",".485",".346",".360",".371",".189",".335","70.5","90","18",36.8,38,7,40.4,"100.07775","94.35370079",67.2,7.7,575,1319,589,2610,91.2,73,829,47.2,1233,42.6,1113,15.6,46.6,49.6,30.5,19.9,544,34.9,28.5
"Casali, Curt",592200,2023,34,80,96,14,12,2,0,0,23,11,24,11.5,".175",".200",".290","0.490","0.025",".246","6","16","0","0","8",".206",".296",".239",".283",".317",".090",".288","69.3","85.1","21",30,1,1.7,26.7,"95.735611724","91.958875614",69,7.8,19,221,90,371,82.2,23,129,50.4,187,41.5,154,24.7,45.8,41.7,31.7,26.7,60,43.3,25
"Williams, Alika",675961,2023,24,101,112,20,15,5,0,0,35,9,31.3,8,".198",".248",".270","0.518","0.050",".303","6","25","0","0","7",".197",".264",".238",".245",".269",".067",".302","69.2","83.4","10.1",38.8,2,3,25.4,"96.112825938","92.073845625",68.9,6.1,30,292,95,458,80.9,30,157,49.8,228,41.9,192,31.7,47.6,35.8,41.8,22.4,67,49.3,22.4
"Nola, Austin",543592,2023,33,130,154,19,15,3,0,1,31,18,20.1,11.7,".146",".192",".260","0.452","0.046",".184","8","25","0","0","9",".199",".264",".220",".267",".306",".065",".262","66.1","85.8","15",24.3,1,1,25.2,"95.942156531","92.024479794",56.6,7.3,46,399,166,633,91.8,15,184,51.3,325,44.5,282,16.1,39.3,36.9,35,28.2,103,46.6,20.4
"Tucker, Kyle",663656,2023,26,574,674,163,92,37,5,29,92,80,13.6,11.9,".284",".517",".369","0.886","0.233",".289","112","297","5","30","97",".287",".533",".372",".386",".376",".246",".341","71.9","90.2","14.8",35.4,52,10.6,45.9,"100.798373008","94.831132546",71.8,7.4,408,1411,615,2570,87.4,118,934,50.6,1300,43.1,1108,18.5,47,44.1,32.7,23.2,492,38.6,32.7
"Arroyo, Christian",624414,2023,28,195,206,47,28,16,0,3,45,7,21.8,3.4,".241",".369",".268","0.637","0.128",".295","24","72","3","1","23",".232",".348",".274",".272",".265",".116",".306","71.9","86.3","11.1",35.9,7,4.6,32.7,"97.619093067","92.82512",79.4,6.8,75,397,202,734,83.3,49,293,50.3,369,43.6,320,25.3,59.7,33.3,37.9,28.8,153,46.4,21.6
"Paredes, Isaac",670623,2023,24,492,571,123,68,24,0,31,104,58,18.2,10.2,".250",".488",".352","0.840","0.238",".257","98","240","0","1","71",".228",".374",".362",".316",".333",".146",".288","68.1","86.9","22.2",32.4,23,5.9,28.5,"96.372683866","92.205361059",66,6.8,259,1287,653,2366,89.2,78,719,46.1,1090,42.5,1006,18.2,45.6,52.7,28,19.3,389,31.6,28.5
"Olivares, Edward",658668,2023,27,354,385,93,54,23,4,12,64,22,16.6,5.7,".263",".452",".317","0.769","0.189",".289","36","160","5","11","47",".266",".452",".329",".335",".321",".187",".324","71.1","87.3","12.2",34.2,23,7.9,37.7,"99.121503973","93.605326233",70.8,7.7,186,817,320,1420,86.5,67,498,49.5,703,40.7,578,22.9,50.7,42.1,32.2,25.7,292,42.8,24.7
"Mullins, Cedric",656775,2023,28,404,455,94,53,23,3,15,101,43,22.2,9.5,".233",".416",".305","0.721","0.183",".271","74","168","3","19","51",".224",".359",".311",".291",".299",".134",".297","71.1","88.9","21.6",28.1,20,6.5,37.1,"98.843959934","93.556146126",70.8,8.7,220,1062,371,1782,80.9,125,655,51.9,925,42.6,759,24.9,49.6,44.5,36.8,18.7,310,36.8,31.3
"Kepler, Max",596146,2023,30,438,491,114,66,22,2,24,106,45,21.6,9.2,".260",".484",".332","0.816","0.224",".288","66","212","1","1","72",".266",".507",".348",".362",".338",".241",".349","72.3","91.9","14.7",35.7,41,12.2,47.9,"102.056672262","95.65094244",70.2,6.9,277,1042,503,1924,88.1,80,672,49.7,957,43.6,838,19.8,47.5,43.2,35.7,21.1,336,37.5,31
"Espinal, Santiago",669289,2023,28,230,254,57,41,14,0,2,36,18,14.2,7.1,".248",".335",".310","0.645","0.087",".285","25","77","1","2","30",".255",".341",".285",".295",".318",".087",".303","69.2","87","11.4",33,2,1,29.4,"96.258875464","92.131124845",63.7,6.9,90,598,239,989,88.5,36,312,49.5,490,43,425,17.6,44.3,40.6,35,24.4,197,44.2,23.4
"García Jr., Luis",671277,2023,23,447,482,119,88,18,4,9,60,27,12.4,5.6,".266",".385",".304","0.689","0.119",".286","50","172","4","9","61",".259",".409",".297",".309",".300",".150",".298","71.2","88.3","4.6",31.9,23,5.8,36.5,"99.158102245","93.638514796",74,8,350,769,495,1700,87.5,72,577,45.9,780,42.3,720,17.9,50.6,32.2,40.8,27.1,395,53.4,18.2
"Thomas, Cody",642137,2023,28,42,46,10,6,3,0,1,17,4,37,8.7,".238",".381",".304","0.685","0.143",".375","2","16","0","0","1",".152",".216",".300",".205",".225",".065",".255","74.2","86.5","12.3",20,1,4,24,"96.18155","92.283248",68.4,9.6,50,119,20,198,73.1,18,67,49.5,98,47.5,94,35,50.5,36,36,28,25,52,28
"McCann, James",543510,2023,33,207,226,46,26,14,0,6,57,9,25.2,4,".222",".377",".269","0.646","0.155",".274","26","78","1","3","25",".259",".433",".279",".318",".304",".174",".354","70.4","89.8","16.6",37.4,11,7.1,43.9,"100.5154664","94.458814667",70,7.4,110,464,205,847,82,53,294,49.6,420,42.3,358,31.4,54.2,34.2,45.8,20,155,40,30.3
"Wong, Kolten",543939,2023,32,224,250,41,31,6,0,4,53,18,21.2,7.2,".183",".263",".256","0.519","0.080",".218","27","59","2","3","25",".213",".296",".236",".266",".286",".083",".279","70.3","85.6","14",28.7,3,1.7,27,"96.00426619","92.008496429",67.5,8.5,160,522,251,984,88,41,341,51.3,505,42.1,415,21.7,47.9,45.4,30.5,24.1,174,46,29.9
"Renfroe, Hunter",592669,2023,31,498,548,116,65,31,0,20,125,44,22.8,8,".233",".416",".297","0.713","0.183",".270","60","207","0","0","60",".221",".369",".308",".289",".287",".149",".293","74.7","88.3","15",29.5,23,6.1,39.1,"100.508778984","94.37524563",70.6,6.4,193,1057,641,2107,81.9,126,695,47,984,42.6,892,26.4,50.8,48.7,33.2,18.1,376,42.8,25.3
"Motter, Taylor",600301,2023,33,76,82,13,10,3,0,0,31,5,37.8,6.1,".171",".211",".232","0.443","0.040",".289","2","16","0","0","3",".185",".275",".204",".235",".244",".091",".312","72.8","87","19.2",37.8,4,8.9,46.7,"101.880473913","95.200464444",69.8,6.8,21,201,78,324,78.8,24,113,50,162,38.3,124,29,50,44.4,33.3,22.2,45,35.6,24.4
"Happ, Ian",664023,2023,28,580,691,144,84,35,4,21,153,99,22.1,14.3,".248",".431",".360","0.791","0.183",".299","84","250","3","14","86",".249",".427",".345",".349",".364",".178",".338","71.8","89.9","13",36.7,39,9,39,"99.676936326","94.121891884",66.9,6.5,530,1691,528,2862,81.7,172,938,49,1403,44.7,1279,25.3,44.4,37.2,36.7,26.1,433,41.8,25.6
"McCutchen, Andrew",457705,2023,36,390,473,100,69,19,0,12,100,75,21.1,15.9,".256",".397",".378","0.775","0.141",".312","43","155","3","11","55",".250",".406",".345",".350",".375",".157",".335","71.8","89.6","12.3",33.7,20,6.8,44.6,"100.329192449","94.60717314",64.4,7.4,240,1126,504,2008,80.1,129,649,50.2,1007,44.8,898,27.4,41.6,48.3,30.6,21.1,294,42.9,27.2
"Freeman, Freddie",518692,2023,33,637,730,211,121,59,2,29,121,72,16.6,9.9,".331",".567",".410","0.977","0.236",".370","102","361","1","23","131",".315",".567",".411",".406",".396",".252",".386","70.5","90","15.2",46.6,58,11.1,42.2,"100.590638269","94.617661541",76.1,6.9,386,1535,706,2753,85.7,147,1027,49,1350,42.3,1165,20.4,51,35.3,36.5,28.2,521,35.9,29.6
"Barnhart, Tucker",571466,2023,32,109,123,22,18,3,0,1,42,12,34.1,9.8,".202",".257",".285","0.542","0.055",".313","9","28","0","1","6",".176",".225",".250",".232",".267",".049",".291","67.3","87","16.5",30.9,1,1.5,23.5,"94.835397941","91.474245672",63.5,8,52,276,133,503,86.7,22,165,51.7,260,41,206,25.3,47.1,42.6,32.4,25,68,45.6,20.6
"Hensley, David",682073,2023,27,84,94,10,8,1,0,1,35,10,37.2,10.6,".119",".167",".213","0.380","0.048",".188","3","14","0","1","12",".176",".272",".184",".246",".264",".096",".302","70.2","90.8","2.4",28.6,2,4.1,46.9,"100.3932356","94.460252041",56.3,8.9,55,224,89,404,77.6,26,116,51.1,206,38.2,154,29.4,37.9,30.6,42.9,26.5,49,53.1,20.4
"Suwinski, Jack",669261,2023,24,447,534,100,51,21,2,26,172,75,32.2,14,".224",".454",".339","0.793","0.230",".290","74","203","2","13","63",".214",".465",".341",".346",".334",".250",".347","73.7","90.5","22.4",34.2,44,15.7,43.4,"102.173377122","95.316292734",61.1,6.9,410,1243,470,2281,77.8,150,675,48.4,1105,45.2,1032,30.1,39,40.2,36.7,23.1,281,28.1,36.3
"Frazier, Clint",640449,2023,28,66,76,13,11,1,1,0,23,10,30.3,13.2,".197",".242",".303","0.545","0.045",".302","3","16","2","4","10",".192",".253",".256",".259",".298",".062",".294",,"82.5","11.4",37.2,0,0,25.6,"95.683515","92.233654884",69.2,7.5,33,183,81,320,81.5,20,108,48.8,156,45.3,145,28.2,44.4,30.2,41.9,27.9,43,46.5,25.6
"Monasterio, Andruw",655316,2023,26,282,315,73,55,14,1,3,66,28,21,8.9,".259",".348",".330","0.678","0.089",".326","27","98","2","7","38",".245",".375",".302",".308",".319",".129",".319","67.1","88.8","17.7",41.3,12,5.5,33.5,"97.113217523","92.687779124",61,8.2,107,791,336,1345,84.2,66,419,51.1,687,41.9,563,21.7,42.1,33.9,38.5,27.5,218,33.5,27.5
"Duffy, Matt",622110,2023,32,191,209,48,38,8,0,2,39,12,18.7,5.7,".251",".325",".306","0.631","0.074",".303","16","62","0","1","17",".267",".347",".281",".298",".321",".080",".332","67.5","86.4","8.8",35.7,4,2.6,33.1,"96.70870961","92.368218506",64.8,8.7,97,442,157,751,84.2,41,260,53.4,401,44.2,332,23,48.1,32.5,39,28.6,154,50.6,19.5
"Montes, Coco",663796,2023,26,38,41,7,4,2,0,1,12,2,29.3,4.9,".184",".316",".244","0.560","0.132",".240","3","12","0","0","3",".144",".237",".247",".202",".206",".094",".210",,"82.5","19.8",34.6,1,3.8,19.2,"93.994207692","91.098721923",80,11.3,14,86,28,141,81.7,11,60,53.2,75,42.6,60,28.7,61.7,38.5,30.8,30.8,26,30.8,38.5
"Outman, James",681546,2023,26,483,567,120,78,16,3,23,181,68,31.9,12,".248",".437",".353","0.790","0.189",".343","70","211","3","16","86",".225",".395",".344",".324",".333",".170",".356","73.4","87.9","15.7",38.2,34,11.1,39.9,"99.962159145","94.027798454",68.6,8.1,298,1277,652,2352,73.3,206,772,47.9,1126,42.2,992,36.6,46,45.8,32.4,21.9,306,39.2,30.4
"Mastrobuoni, Miles",670156,2023,27,133,149,32,26,5,0,1,32,13,21.5,8.7,".241",".301",".308","0.609","0.060",".310","5","40","1","13","24",".257",".355",".275",".302",".323",".097",".339","68.1","87.5","13.7",31.7,2,1.9,34.6,"98.095820612","93.493071531",53.1,5.6,84,337,155,605,82.7,27,156,48.6,294,42.3,256,22.6,38,35.6,36.5,27.9,104,45.2,18.3
"Peguero, Liover",678894,2023,22,198,213,47,35,4,1,7,67,11,31.5,5.2,".237",".374",".280","0.654","0.137",".320","26","74","2","6","21",".225",".332",".284",".267",".271",".107",".342","73.1","89.3","4.1",27.6,7,5.2,39.6,"100.157487846","94.198605039",72.9,8.8,101,444,203,811,79.6,63,309,52.3,424,42.4,344,29.4,51.7,38.1,38.1,23.9,134,52.2,20.9
"Smith, Will",669257,2023,28,464,554,121,79,21,2,19,89,63,16.1,11.4,".261",".438",".359","0.797","0.177",".277","76","203","0","3","80",".255",".436",".345",".350",".359",".181",".313","68.6","89.3","15.6",37.5,26,6.7,41.6,"99.645654456","94.001340492",67.9,7.4,202,1392,536,2292,83.8,122,751,48.2,1106,43.6,999,19.5,45.7,34.9,36.2,28.9,387,37.7,32.3
"Cruz, Nelson",443558,2023,42,143,152,35,24,5,1,5,46,6,30.3,3.9,".245",".399",".283","0.682","0.154",".323","23","57","0","1","9",".238",".422",".291",".297",".277",".184",".348",,"92.4","10.2",33.7,9,9.2,48,"103.031683673","96.058311429",66.1,7.8,92,297,149,566,78.5,39,181,48.4,274,41.7,236,36.1,52.3,39.8,37.8,22.4,98,46.9,22.4
"Tatis Jr., Fernando",665487,2023,24,575,635,148,89,33,1,25,141,53,22.2,8.3,".257",".449",".322","0.771","0.192",".299","78","258","4","29","91",".276",".513",".332",".364",".339",".237",".364","73","91.9","11",31.5,48,11,49.3,"102.94128633","96.024566651",78.7,7.3,312,1263,595,2335,77.5,195,865,47,1099,43.9,1026,30.5,54.1,39.5,42.7,17.8,438,47.7,25.1
"Wiemer, Joey",686894,2023,24,367,410,75,43,19,0,13,116,36,28.3,8.8,".204",".362",".283","0.645","0.158",".258","42","133","4","11","48",".206",".374",".284",".290",".285",".168",".299","71.7","89.3","10.5",28.9,23,9.1,39.1,"99.675385433","94.031570395",65.9,6.6,179,725,554,1585,74.9,128,510,48.8,774,42.6,675,33.6,47.1,43.1,37.2,19.8,253,46.6,28.9
"Rafaela, Ceddanne",678882,2023,22,83,89,20,12,6,0,2,28,4,31.5,4.5,".241",".386",".281","0.667","0.145",".333","5","32","1","3","11",".197",".302",".287",".242",".242",".104",".295","69.3","85.5","8.1",39.3,3,5.4,33.9,"97.368647857","92.774270364",75.4,8.5,26,211,77,354,77.5,29,129,48.3,171,42.4,150,29.5,56.5,28.6,35.7,35.7,56,42.9,23.2
"Vientos, Mark",668901,2023,23,218,233,46,31,5,1,9,71,10,30.5,4.3,".211",".367",".253","0.620","0.156",".264","22","80","0","1","19",".236",".433",".267",".309",".280",".197",".350","73.7","92.5","9.5",24.2,16,10.7,51,"103.444965733","96.432401342",70.1,5.7,89,433,272,847,71.7,83,293,49.4,418,42.4,359,36.7,53,35.6,44.3,20.1,149,53.7,22.8
"Choi, Ji Man",596847,2023,32,104,117,17,6,5,0,6,35,10,29.9,8.5,".163",".385",".239","0.624","0.222",".169","13","40","0","0","12",".231",".496",".267",".349",".307",".265",".350","72.2","93.4","11.9",33.8,14,19.7,59.2,"103.507719167","97.052984225",71.8,6.6,81,267,130,517,79,37,176,47.4,245,44.5,230,30.8,46.4,53.5,25.4,21.1,71,40.8,31
"Locastro, Tim",641796,2023,30,56,67,13,8,3,0,2,22,3,32.8,4.5,".232",".393",".338","0.731","0.161",".344","3","22","0","6","13",".220",".374",".327",".317",".328",".154",".362","68.3","83.3","22.2",30.6,3,8.3,22.2,"95.152971765","91.909539091",62.1,9.2,28,139,53,238,72.7,21,77,52.1,124,40.3,96,32.3,52.1,44.4,30.6,25,36,33.3,33.3
"Verdugo, Alex",657077,2023,27,546,602,144,89,37,5,13,93,45,15.4,7.5,".264",".421",".324","0.745","0.157",".294","54","230","3","5","81",".274",".420",".322",".331",".337",".146",".331","67.5","89.2","8.8",35.4,23,5,37.6,"99.116993728","93.701176864",57.5,8.5,361,1392,461,2364,91.8,59,721,53,1254,44.7,1056,15.6,40.9,34.9,39.5,25.5,458,44.8,23.1
"Rortvedt, Ben",666163,2023,25,68,79,8,5,1,0,2,19,11,24.1,13.9,".118",".221",".241","0.462","0.103",".128","4","15","0","0","6",".177",".282",".219",".265",".291",".105",".245","70.9","88","16.3",34.7,3,6.1,34.7,"97.8061004","93.052757347",63.5,6.5,37,199,69,322,81.2,19,101,49.4,159,43.8,141,27.9,42.2,38.8,32.7,28.6,49,40.8,26.5
"Carroll, Corbin",682998,2023,22,565,645,161,96,30,10,25,125,57,19.4,8.8,".285",".506",".362","0.868","0.221",".325","76","286","5","54","116",".264",".445",".370",".345",".345",".181",".339","73.2","90","11",32.7,34,7.6,40.9,"100.972563211","94.780604736",65.3,6.6,324,1369,573,2431,85.6,109,759,47.8,1162,43.4,1056,21.6,45.8,38.4,36.9,24.7,450,45.3,24
"Ohtani, Shohei",660271,2023,28,497,599,151,73,26,8,44,143,91,23.9,15.2,".304",".654",".412","1.066","0.350",".342","95","325","6","20","102",".290",".646",".433",".428",".402",".356",".405","77.4","94.4","13.2",35.6,70,19.6,54.2,"105.748559101","97.769057809",70.5,6.6,451,1141,596,2321,76,177,737,45.4,1046,42.6,982,32.3,48.2,37,37.8,25.2,357,42.6,30.3
"Rogers, Jake",668670,2023,28,331,365,73,41,11,0,21,118,28,32.3,7.7,".221",".444",".286","0.730","0.223",".268","49","147","1","1","47",".224",".448",".312",".319",".292",".224",".351","70","90.4","14.7",40.3,26,12,45.6,"100.372054766","94.614399346",66.3,7.5,136,813,391,1432,74.6,127,500,53.1,754,42.9,609,31.7,45.8,41.7,35.6,22.7,216,36.6,32.4
"Steer, Spencer",668715,2023,25,582,665,158,95,37,3,23,139,68,20.9,10.2,".271",".464",".356","0.820","0.193",".318","86","270","3","15","74",".248",".417",".355",".332",".338",".169",".325","71.5","88.7","15.3",35.3,30,6.7,37.1,"99.167567432","93.741896795",63.1,8.2,267,1655,591,2684,82.8,148,860,50.7,1362,42.1,1131,24.1,43.8,40.5,33.8,25.7,447,38,27.5
"Hopkins, TJ",686759,2023,26,41,44,7,7,0,0,0,17,2,38.6,4.5,".171",".171",".227","0.398","0.000",".292","1","7","0","1","7",".178",".235",".189",".216",".234",".056",".305","70.7","88.7","-1.4",12.5,0,0,50,"100.301459167","94.505625417",62.2,5.7,29,93,43,174,74.5,13,51,47.1,82,48.9,85,34.6,44.8,33.3,37.5,29.2,24,66.7,16.7
"Torkelson, Spencer",679529,2023,23,606,684,141,75,34,1,31,171,67,25,9.8,".233",".446",".313","0.759","0.213",".269","94","270","0","3","88",".245",".488",".326",".348",".325",".243",".340","75","91.8","17.1",33.2,62,14.1,50.9,"102.691928356","96.002045502",67.5,8.3,374,1457,768,2814,82.4,171,970,51.4,1436,40.5,1130,24.7,46.2,46.1,30.7,23.2,440,33.9,31.6
"Merrifield, Whit",593160,2023,34,547,592,149,111,27,0,11,101,36,17.1,6.1,".272",".382",".318","0.700","0.110",".313","67","209","10","26","66",".241",".340",".304",".278",".290",".099",".294","64.8","85.1","14.4",37.2,11,2.4,24.3,"94.880835796","91.453019024",69.8,8.8,197,1235,561,2200,85.5,111,766,49.9,1097,43.6,959,19.5,51.1,31.4,40.5,28.1,452,40.5,25.7
"Santander, Anthony",623993,2023,28,591,656,152,82,41,1,28,152,55,23.2,8.4,".257",".472",".325","0.797","0.215",".299","95","279","1","5","81",".232",".431",".340",".320",".305",".199",".313","72.9","90.6","20.2",33,45,10.2,46,"101.732013378","95.319994041",66.9,6.4,495,1548,576,2764,82.1,149,833,45,1245,44.6,1234,23.5,49,46,33,21,443,35,32.5
"Ramos, Henry",592656,2023,31,74,86,18,14,3,1,0,21,11,24.4,12.8,".243",".311",".349","0.660","0.068",".340","5","23","1","2","9",".227",".317",".303",".300",".335",".091",".316","70.5","82.4","13.8",32.1,2,3.8,20.8,"93.908450769","91.1952025",71.1,6.1,78,162,57,311,82.3,17,96,43.1,135,42.8,134,29.7,47.6,35.8,47.2,17,53,43.4,22.6
"Ellis, Drew",656403,2023,27,23,29,5,3,0,0,2,7,6,24.1,20.7,".217",".478",".379","0.857","0.261",".214","4","11","1","0","4",".202",".481",".373",".368",".367",".279",".291","71.8","90.7","20.2",31.3,3,18.8,37.5,"99.8001575","94.034668125",61.5,4.7,6,82,32,128,82.5,7,40,50.8,65,38.3,49,28,39.1,81.3,12.5,6.3,16,37.5,37.5
"Reynolds, Bryan",668804,2023,28,574,640,151,91,31,5,24,138,53,21.6,8.3,".263",".460",".330","0.790","0.197",".304","84","264","1","12","85",".275",".493",".338",".359",".342",".219",".360","70.2","90.9","10.9",36.9,49,11.1,47.3,"101.022834344","94.957065034",73.1,6.9,524,1374,518,2524,82.1,151,843,45.7,1154,42.5,1072,28.2,47.4,37.8,34.8,27.4,442,44.1,28.7
"Baddoo, Akil",668731,2023,24,312,357,68,43,13,1,11,89,42,24.9,11.8,".218",".372",".310","0.682","0.154",".268","34","116","3","14","40",".216",".372",".299",".301",".310",".155",".304","72.2","88.1","10.8",26.5,14,6.2,36.8,"99.048422545","93.595535682",68.6,6.7,262,783,311,1415,84.9,72,477,49.4,695,41.5,585,25.3,47,37.2,34.1,28.8,226,46.9,26.5
"Edwards, Xavier",669364,2023,23,78,84,23,20,3,0,0,14,3,16.7,3.6,".295",".333",".329","0.662","0.038",".359","3","26","0","5","12",".248",".316",".295",".269",".285",".068",".304","64","82.2","10.7",31.8,1,1.5,13.6,"92.462308667","90.352298305",70.7,6.4,43,188,55,298,87.1,15,116,55,164,48.3,144,20.5,52.3,37.9,28.8,33.3,66,51.5,19.7
"Garlick, Kyle",664247,2023,31,28,30,5,2,1,0,2,11,2,36.7,6.7,".179",".429",".233","0.662","0.250",".200","4","12","0","0","2",".195",".555",".280",".333",".248",".361",".321",,"92.1","17.2",29.4,5,29.4,58.8,"101.56641","95.962162941",50.8,7.5,20,49,44,120,76.7,7,30,49.2,59,43.3,52,38.3,39.2,29.4,58.8,11.8,17,41.2,41.2
"Marte, Noelvi",682622,2023,21,114,123,36,26,7,0,3,25,8,20.3,6.5,".316",".456",".366","0.822","0.140",".384","15","52","2","6","15",".291",".435",".357",".341",".343",".144",".373","74.1","91.3","1.9",27,7,7.9,46.1,"102.585447111","95.933338989",64.8,7,77,203,121,444,83,25,147,51.1,227,42.1,187,26.3,47.1,30.3,52.8,16.9,89,52.8,19.1
"Lee, Korey",686676,2023,24,65,70,5,3,1,0,1,20,5,28.6,7.1,".077",".138",".143","0.281","0.061",".091","3","9","0","0","4",".187",".278",".134",".236",".245",".091",".271","70.3","85.3","8.2",26.7,2,4.4,35.6,"96.082436087","92.296326",79.7,6.5,46,163,47,279,76.4,26,110,49.5,138,42.3,118,31.4,54.8,24.4,33.3,42.2,45,51.1,20
"Taylor, Tyrone",621438,2023,29,231,243,54,26,17,1,10,55,8,22.6,3.3,".234",".446",".267","0.713","0.212",".263","35","103","0","9","36",".243",".435",".302",".307",".277",".192",".319","69.7","87.7","18.2",33.9,12,6.8,39.5,"99.373020909","93.756534489",67.2,6.6,112,475,237,889,84.3,48,305,51.1,454,44.3,394,24.9,51.9,50.3,35,14.7,177,33.9,31.6
"Encarnacion-Strand, Christian",687952,2023,23,222,241,60,40,7,0,13,69,14,28.6,5.8,".270",".477",".328","0.805","0.207",".336","37","106","0","2","29",".266",".480",".346",".346",".324",".214",".386","73.4","90.3","18.6",38.6,16,10.5,48.4,"101.855748701","95.359737582",70.9,7.5,111,545,213,936,81.7,57,312,47,440,38.9,364,29.4,52.7,37.3,35.3,27.5,153,34.6,31.4
"Adell, Jo",666176,2023,24,58,62,12,5,3,1,3,25,4,40.3,6.5,".207",".448",".258","0.706","0.241",".300","6","26","0","1","7",".163",".330",".299",".238",".217",".166",".287","79.2","87.3","12.6",18.2,3,9.1,39.4,"100.889991765","94.658375455",70.9,6.9,25,152,70,261,72.6,26,95,51.3,134,41,107,38.5,51.7,36.4,39.4,24.2,33,48.5,24.2
"Daza, Yonathan",602074,2023,29,74,80,20,14,6,0,0,13,3,16.3,3.8,".270",".351",".304","0.655","0.081",".323","7","26","0","1","8",".227",".315",".286",".254",".264",".088",".272",,"85","13.6",30.2,1,1.6,19,"94.851176667","91.438476",69.9,9.1,24,158,78,275,92.5,7,93,48.4,133,51.6,142,19.7,57.1,28.6,30.2,41.3,63,44.4,33.3
"Segura, Jean",516416,2023,33,301,326,66,56,5,2,3,47,22,14.4,6.7,".219",".279",".277","0.556","0.060",".251","21","84","2","6","25",".238",".343",".250",".284",".295",".106",".282","70","88","2.9",22.4,9,3.5,38.8,"99.845816452","94.042211093",65.1,7,110,733,315,1246,88,47,391,48.2,601,40.6,506,19.2,50.5,29.8,43.5,26.7,255,59.2,15.7
"Rojas, Josh",668942,2023,29,314,350,77,56,17,0,4,81,27,23.1,7.7,".245",".338",".303","0.641","0.093",".313","40","106","0","12","47",".228",".331",".284",".278",".290",".103",".306","67.9","87.1","13",35.6,9,3.8,28.9,"96.683976983","92.417791379",61.8,6.2,225,740,297,1350,83.2,70,428,51.3,693,42.9,579,24.2,44.3,42.3,31.8,25.9,239,41.8,28.5
"Gonzales, Nick",693304,2023,24,115,128,24,13,8,1,2,36,6,28.1,4.7,".209",".348",".268","0.616","0.139",".278","13","40","1","0","12",".200",".313",".268",".257",".262",".113",".288","68.7","85.5","8.7",26.8,3,3.7,26.8,"95.857527561","91.98471963",76,8.8,62,247,158,498,76.7,45,193,51,254,45.2,225,32.4,52.6,45.1,36.6,18.3,82,58.5,23.2
"Cordero, Franchy",614173,2023,28,69,71,13,5,2,0,6,25,2,35.2,2.8,".188",".478",".211","0.689","0.290",".184","13","33","0","0","9",".209",".430",".286",".280",".232",".221",".331","78.1","91.4","8.8",31.8,7,15.9,38.6,"102.414123182","95.547664419",67.2,7.2,37,130,77,250,71.6,25,88,52.4,131,45.6,114,38.1,50.4,45.5,36.4,18.2,44,52.3,25
"Bell, Josh",605137,2023,30,547,617,135,85,28,0,22,134,63,21.7,10.2,".247",".419",".325","0.744","0.172",".287","74","229","1","0","52",".257",".459",".323",".343",".335",".203",".339","72.3","90.1","9.3",31.3,42,10.1,43,"101.611186796","94.955559951",70.8,6.2,583,1235,528,2428,82.8,137,796,46.3,1125,44.5,1080,25.8,47.7,43.5,31.7,24.8,416,48.8,26
"Fry, David",681807,2023,27,101,113,24,14,6,0,4,30,8,26.5,7.1,".238",".416",".319","0.735","0.178",".299","15","42","0","2","12",".236",".440",".321",".330",".317",".204",".336","70.8","89.5","16.5",40.8,9,12.7,39.4,"99.124261667","93.797494507",74.3,8.4,39,243,108,431,76.5,38,162,50.6,218,38.5,166,27.9,56.6,49.3,32.4,18.3,71,36.6,29.6
"Gomes, Yan",543228,2023,35,382,419,102,70,20,2,10,81,21,19.3,5,".267",".408",".315","0.723","0.141",".309","63","156","0","1","44",".259",".414",".312",".322",".315",".156",".331","69","87.4","15.1",37,24,7.8,36.4,"98.498293636","93.349708864",69.1,6.3,144,938,388,1586,83.8,85,526,48,761,43.5,690,24.2,52.5,30.5,38.3,31.2,308,37,28.9
"Gorman, Nolan",669357,2023,23,406,464,96,52,17,0,27,148,53,31.9,11.4,".236",".478",".328","0.806","0.242",".296","76","194","2","7","59",".231",".498",".345",".351",".324",".267",".363","74","91","22.2",38.8,43,16.5,48.5,"102.010586077","95.537335212",72.9,7.2,306,1047,416,1889,72,182,649,47.1,890,42.3,798,35.6,49,43.1,28.8,28.1,260,28.5,38.5
"Madris, Bligh",676632,2023,27,26,30,4,3,1,0,0,7,4,23.3,13.3,".154",".192",".267","0.459","0.038",".211","0","5","0","0","4",".195",".303",".222",".278",".303",".108",".267","72.5","85.5","19.2",26.3,1,5.3,26.3,"95.901878","92.158883158",77.8,10.3,23,52,29,117,78.6,9,42,46.2,54,38.5,45,31,49.6,36.8,26.3,36.8,19,36.8,26.3
"Bohm, Alec",664761,2023,26,558,611,153,102,31,0,20,94,42,15.4,6.9,".274",".437",".327","0.764","0.163",".296","97","244","1","4","74",".286",".456",".329",".344",".339",".170",".341","72","89.4","11.1",35.1,27,5.7,41.7,"100.435445021","94.400147213",68.9,7.9,211,1378,509,2252,88.1,94,790,50.9,1146,43.6,981,18.1,49.8,28.3,42.1,29.6,470,42.6,23.8
"India, Jonathan",663697,2023,26,454,529,111,71,23,0,17,109,52,20.6,9.8,".244",".407",".338","0.745","0.163",".281","61","185","2","14","78",".248",".425",".327",".338",".344",".177",".324","71.3","89.5","15.2",37.2,27,7.7,38.6,"99.676934286","94.0396352",56.9,7.5,243,1280,528,2205,84.8,97,638,50.8,1121,43.1,950,22,38.6,41.5,31.3,27.3,352,39.5,29.3
"Stanton, Giancarlo",519317,2023,33,371,415,71,34,13,0,24,124,41,29.9,9.9,".191",".420",".275","0.695","0.229",".210","60","156","0","0","43",".212",".470",".297",".326",".295",".258",".321","81","93.3","12.5",27.4,39,15.7,48.4,"106.135021532","97.484200526",60.2,6.3,151,998,460,1719,76,115,480,46.3,797,43,740,34.1,42.5,39.9,37.9,22.2,248,42.7,26.2
"Mountcastle, Ryan",663624,2023,26,423,470,114,74,21,1,18,107,37,22.8,7.9,".270",".452",".328","0.780","0.182",".315","68","191","1","3","64",".266",".506",".333",".356",".328",".239",".353","76.3","91.4","12",35.9,39,12.1,44.9,"102.167820745","95.45427677",73.6,6.2,233,948,448,1743,82.5,103,588,45.8,799,41.9,731,28.3,54.7,31.3,39.3,29.4,323,44,26.3
"Clement, Ernie",676391,2023,27,50,52,19,16,1,1,1,4,1,7.7,1.9,".380",".500",".385","0.885","0.120",".391","10","25","0","1","7",".326",".437",".378",".332",".333",".111",".347","65.8","84.1","16.3",36.2,1,2.1,19.1,"93.814947083","91.098558936",70.5,9,23,95,29,155,92.7,4,55,50.3,78,42.6,66,10.1,57.4,34,36.2,29.8,47,40.4,21.3
"Trejo, Alan",676701,2023,27,207,227,48,33,11,0,4,51,16,22.5,7,".232",".343",".288","0.631","0.111",".286","26","71","1","5","24",".231",".341",".277",".278",".288",".110",".305","67.8","85.5","14.6",36.5,7,4.4,22.6,"94.830734557","91.440444522",69.8,7.5,115,486,217,875,85.6,43,298,48.8,427,43.5,381,21.9,50.6,47.2,30.8,22,159,42.1,25.2
"Luciano, Marco",682617,2023,21,39,45,9,6,3,0,0,17,6,37.8,13.3,".231",".308",".333","0.641","0.077",".409","0","12","0","1","4",".218",".308",".293",".291",".322",".091",".386","72.8","93","-5.1",31.8,0,0,54.5,"104.542077273","96.768048182",60.7,8.7,17,95,58,184,66.7,17,51,45.7,84,36.4,67,45.2,39.7,31.8,31.8,36.4,22,54.5,13.6
"Bae, Ji Hwan",678225,2023,23,334,371,77,56,17,2,2,92,30,24.8,8.1,".231",".311",".296","0.607","0.080",".310","32","104","9","24","54",".220",".294",".272",".266",".288",".074",".304","67.1","88.1","1.1",24.3,5,2,36.8,"98.940343707","93.542422069",67.2,7.8,159,942,329,1506,81.7,91,496,49,738,42,633,25.4,47.6,25.1,39.3,35.6,247,61.5,12.1
"Marcano, Tucupita",672779,2023,23,202,220,47,30,12,2,3,35,10,15.9,4.5,".233",".356",".276","0.632","0.123",".265","18","72","2","5","16",".245",".375",".275",".292",".290",".130",".296","65.7","88.3","14.4",32,9,5.2,34.9,"97.898414815","93.051435926",72.4,7.3,100,426,174,731,89.9,28,276,52.1,381,42.5,311,15.6,51.8,38.4,36.6,25,172,43,25
"Guillorme, Luis",641645,2023,28,107,120,24,16,6,1,1,28,10,23.3,8.3,".224",".327",".288","0.615","0.103",".291","9","35","0","0","12",".192",".266",".269",".238",".263",".074",".263","65.2","85.9","11.8",31.7,1,1.2,25.6,"95.16521675","91.660992405",59.3,10.8,62,290,103,481,90.2,14,143,50.1,241,43.9,211,17.6,41.4,23.2,39,37.8,82,42.7,25.6
"Brosseau, Mike",670712,2023,29,73,78,15,9,2,0,4,20,4,25.6,5.1,".205",".397",".256","0.653","0.192",".224","8","29","0","0","4",".194",".345",".281",".259",".246",".151",".267",,"81.3","13.4",32.1,4,7.5,20.8,"93.339704815","91.087220755",64.4,8.4,39,161,79,299,74.3,27,105,54.5,163,46.8,140,31.3,48.2,41.5,35.8,22.6,53,41.5,34
"Horwitz, Spencer",687462,2023,25,39,44,10,7,2,0,1,12,4,27.3,9.1,".256",".385",".341","0.726","0.129",".346","7","15","0","0","5",".215",".347",".322",".293",".305",".132",".311","69.9","87","1.5",37,2,7.4,37,"98.125544286","93.47029037",69,9.5,31,83,50,169,83.3,10,60,51.5,87,40.8,69,28.4,47.9,48.1,33.3,18.5,27,63,18.5
"Toglia, Michael",669911,2023,24,141,152,23,14,5,0,4,50,10,32.9,6.6,".163",".284",".224","0.508","0.121",".218","9","40","1","1","18",".202",".321",".225",".258",".259",".119",".312","75.2","90.2","16.7",31.9,5,5.5,44,"101.117121957","94.904654725",71.8,5.5,88,297,170,580,79.1,41,196,47.1,273,42.2,245,38.8,49.8,39.6,29.7,30.8,91,38.5,33
"Higashioka, Kyle",543309,2023,33,242,260,57,34,13,0,10,74,14,28.5,5.4,".236",".413",".274","0.687","0.177",".292","34","100","0","0","24",".235",".449",".293",".310",".276",".214",".336","72.5","90.1","15.5",36.6,19,11,48.3,"101.070818721","94.981513333",67.1,8.3,120,497,302,1010,81.6,64,347,51.2,517,40.7,411,28.6,49.5,50,32,18,172,40.1,27.3
"Cruz, Oneil",665833,2023,24,32,40,8,6,1,0,1,8,7,20,17.5,".250",".375",".375","0.750","0.125",".292","4","12","0","3","7",".204",".363",".335",".317",".342",".159",".265",,"89.5","10.5",20,1,4,36,"101.6460775","94.939502083",62.2,6.1,43,66,46,162,78.3,10,46,45.4,74,41.7,68,30.1,45.1,28,36,36,25,44,28
"Arenado, Nolan",571448,2023,32,560,612,149,95,26,2,26,101,41,16.5,6.7,".266",".459",".315","0.774","0.193",".279","93","257","3","3","71",".262",".439",".327",".320",".313",".177",".315","71.4","88.8","16.9",33,34,7.3,38.1,"99.311427863","93.760489679",65.5,7.4,226,1246,633,2285,89.4,73,687,45.9,1049,42.5,971,20.2,48.5,46.9,32.1,21,467,38.8,25.7
"Mercado, Óscar",640458,2023,28,31,32,9,6,3,0,0,4,1,12.5,3.1,".290",".387",".313","0.700","0.097",".333","5","12","1","2","3",".271",".325",".304",".274",".294",".054",".311",,"85.5","22.8",29.6,0,0,33.3,"96.442122857","92.401284444",73.3,13.4,17,58,32,112,79.5,9,44,53.6,60,50.9,57,23.3,53.6,33.3,33.3,33.3,27,33.3,25.9
"Mancini, Trey",641820,2023,31,235,263,55,39,12,0,4,78,21,29.7,8,".234",".336",".299","0.635","0.102",".327","28","79","0","0","31",".211",".334",".280",".274",".282",".123",".317","72.6","88.9","12.3",32.5,6,3.8,40.6,"99.887541875","94.139181069",68.6,6.5,106,569,281,1050,75.6,86,352,48.9,513,44,462,32.7,49.5,35.6,37.5,26.9,160,47.5,21.3
"Fermín, José",665877,2023,24,51,61,12,11,1,0,0,8,6,13.1,9.8,".235",".255",".339","0.594","0.020",".279","4","13","1","0","2",".275",".340",".281",".325",".373",".065",".326","65.3","89.5","9.9",35.6,0,0,33.3,"96.978837143","92.544193571",57.5,9.1,15,145,32,219,90.8,6,65,51.6,113,38.8,85,12.2,41.1,35.6,42.2,22.2,45,46.7,11.1
"Ramírez, Harold",623912,2023,28,400,434,125,92,19,2,12,79,22,18.2,5.1,".313",".460",".353","0.813","0.147",".359","68","184","3","5","58",".267",".413",".349",".318",".314",".146",".332","72.3","89.1","6.1",29.4,15,4.6,40.7,"100.416096914","94.469777121",71.9,7,172,773,478,1564,82.4,90,510,45.3,709,40.7,637,28.1,56.5,32.1,39.4,28.4,327,55.4,19.3
"Kiner-Falefa, Isiah",643396,2023,28,326,361,79,60,12,1,6,70,28,19.4,7.8,".242",".340",".306","0.646","0.098",".289","37","111","5","14","39",".253",".352",".286",".296",".315",".099",".318","67.5","88.8","7.2",33.5,8,3.1,39.2,"99.088839688","93.71146918",61.2,8,138,841,364,1454,88.3,55,472,53,771,40.5,589,19.6,44.9,32.3,41.2,26.5,260,50.4,20
"Phillips, Brett",621433,2023,29,63,71,11,7,1,0,3,36,8,50.7,11.3,".175",".333",".268","0.601","0.158",".333","6","21","1","3","9",".148",".274",".268",".236",".244",".127",".344","68.1","86.7","18.2",29.6,2,7.4,29.6,"97.02516","92.563343462",68.5,7.4,23,210,53,298,60.2,45,113,55.4,165,44.3,132,47.1,47,48.1,22.2,29.6,27,40.7,40.7
"Altuve, Jose",514888,2023,33,360,410,112,72,21,2,17,71,44,17.3,10.7,".311",".522",".393","0.915","0.211",".348","51","188","2","14","76",".241",".423",".393",".332",".332",".182",".300","70.5","86","11.4",29.7,24,8.3,31.4,"97.888341268","92.956086549",61.3,6.7,187,827,372,1557,87.5,53,424,44.4,692,39.8,621,18.7,45.1,45.2,38.3,16.6,290,49.3,21.7
"Yepez, Juan",660766,2023,25,60,65,11,8,1,0,2,20,4,30.8,6.2,".183",".300",".246","0.546","0.117",".237","2","18","1","0","5",".241",".373",".243",".298",".300",".132",".362","72.7","80","25.2",35,3,7.5,25,"95.107661","91.89714525",68,7.7,28,155,79,271,81.6,16,87,47.2,128,43.5,118,26.1,50.9,37.5,35,27.5,40,25,25
"Wong, Connor",657136,2023,27,371,403,87,51,25,2,9,134,22,33.3,5.5,".235",".385",".287","0.672","0.150",".341","36","143","2","8","55",".208",".365",".292",".274",".263",".157",".324","71.2","89.1","15.5",34,22,9.1,37.8,"100.083071271","94.144066723",70.7,6.7,150,889,371,1541,77.5,124,551,50.6,779,44.7,689,32.3,52.8,42.7,33.6,23.7,241,43.6,25.3
"Hamilton, David",666152,2023,25,33,39,4,2,2,0,0,10,6,25.6,15.4,".121",".182",".256","0.438","0.061",".174","0","6","1","2","2",".149",".175",".216",".226",".280",".026",".214","74","89","17.7",13,0,0,26.1,"95.572363333","92.129266522",57,7.5,45,81,32,160,89.8,5,49,53.8,86,45.6,73,20.3,43.1,26.1,30.4,43.5,23,56.5,21.7
"Owings, Chris",572008,2023,31,25,25,4,4,0,0,0,12,0,48,0,".160",".160",".160","0.320","0.000",".308","0","4","0","0","0",".136",".171",".141",".134",".136",".035",".262",,"88.9","20.1",15.4,0,0,46.2,"103.229842","96.312212",74,12.6,20,47,21,95,70.3,11,37,52.6,50,36.8,35,36.8,60,30.8,46.2,23.1,13,46.2,23.1
"Wynns, Austin",642851,2023,32,130,145,27,20,6,0,1,39,9,26.9,6.2,".208",".277",".268","0.545","0.069",".286","10","36","0","1","11",".183",".253",".245",".227",".246",".070",".260","68.9","86.7","14.4",27.4,2,2.1,27.4,"95.852031111","91.950941444",65.3,8.6,58,367,138,604,75.8,51,211,53.5,323,42.1,254,27.8,48.2,36.8,34.7,28.4,95,47.4,20
"Mead, Curtis",678554,2023,22,83,92,21,16,3,1,1,21,7,22.8,7.6,".253",".349",".326","0.675","0.096",".328","5","29","0","0","12",".221",".310",".302",".275",".297",".090",".295","71.2","83.5","12.6",29,2,3.2,22.6,"95.687367419","91.854202903",67.1,8.8,42,188,91,341,83.6,18,110,48.1,164,47.8,163,24.6,49,33.9,38.7,27.4,62,41.9,21
"Soler, Jorge",624585,2023,31,504,580,126,66,24,0,36,141,66,24.3,11.4,".250",".512",".341","0.853","0.262",".272","75","258","0","1","77",".258",".539",".361",".375",".349",".281",".356","75.8","91.3","17.8",36.5,55,15,48,"103.053956467","95.950783079",66.7,6.4,207,1246,713,2315,80.5,136,697,45.1,1045,41.7,966,27.6,44.1,46.6,35.7,17.7,367,36.2,31.6
"Stallings, Jacob",607732,2023,33,241,276,46,29,14,0,3,67,27,24.3,9.8,".191",".286",".278","0.564","0.095",".249","20","69","0","0","22",".191",".309",".256",".265",".279",".119",".262","67.2","89.7","9.1",28.5,10,5.6,40.2,"98.748890698","93.710206784",59.4,7.8,60,680,271,1084,87.2,41,320,49.7,539,40.4,438,22.8,40.9,34.1,36.3,29.6,179,48,27.4
"Peraza, Oswald",672724,2023,23,173,191,33,23,8,0,2,50,13,26.2,6.8,".191",".272",".267","0.539","0.081",".256","14","47","3","4","15",".220",".334",".246",".282",".294",".113",".310","71.9","87.2","9.8",27.6,5,4.1,28.5,"98.567658226","93.419530488",72.7,9.4,96,417,163,721,77.5,57,253,48.2,348,40.3,291,33.1,49.5,48,39,13,123,50.4,18.7
"Wisely, Brett",689172,2023,24,120,131,21,14,5,0,2,40,9,30.5,6.9,".175",".267",".231","0.498","0.092",".241","8","32","1","2","10",".178",".297",".222",".240",".237",".119",".269","69.3","85.9","17.9",31.7,6,7.3,32.9,"97.293427179","92.707060519",71,7.3,73,317,106,531,74.5,47,184,48.8,259,44.6,237,31.6,51.8,37.8,32.9,29.3,82,41.5,24.4
"Cabrera, Oswaldo",665828,2023,24,298,330,63,47,11,0,5,72,25,21.8,7.6,".211",".299",".275","0.574","0.088",".260","29","89","0","8","35",".208",".312",".256",".260",".273",".104",".272","70.2","87.8","13.4",27.7,8,3.5,32.5,"97.733755636","92.964070727",71.9,7.9,265,670,235,1221,83.4,75,451,51.4,627,45.2,552,23.5,50.5,35.9,35.9,28.1,231,48.5,26.4
"Thomas, Lane",657041,2023,27,628,682,168,101,36,3,28,176,36,25.8,5.3,".268",".468",".315","0.783","0.200",".325","86","294","5","20","101",".250",".439",".334",".319",".300",".189",".344","71.7","88.5","10.8",36.8,44,9.6,40.7,"100.191573957","94.319062004",61.1,7.3,235,1553,659,2627,87.4,98,776,48.4,1271,41.1,1081,23,43.6,47.7,33.3,19,459,43.4,23.5
"Biggio, Cavan",624415,2023,28,289,338,68,47,12,0,9,88,40,26,11.8,".235",".370",".340","0.710","0.135",".304","40","107","2","5","54",".224",".376",".318",".315",".331",".152",".319","67.8","88.4","15.7",41.4,15,7.4,33,"97.7434156","93.0212046",61.5,8.1,181,864,281,1387,84.5,69,444,52.1,722,43.5,604,23.8,39.7,41.4,36,22.7,203,38.9,30.5
"Sheets, Gavin",657757,2023,27,311,344,63,43,10,0,10,66,28,19.2,8.1,".203",".331",".267","0.598","0.128",".222","43","103","0","1","24",".208",".347",".261",".270",".273",".139",".261","72.8","88.1","16.9",29.7,13,5.2,32.5,"98.4138068","93.281118675",68.1,7,336,661,349,1421,85.7,64,446,46.1,655,41.8,594,21.7,47.4,47.4,31.7,20.9,249,37.8,26.1
"Raley, Luke",670042,2023,28,357,406,89,44,23,3,19,128,28,31.5,6.9,".249",".490",".333","0.823","0.241",".330","49","175","3","14","56",".222",".442",".353",".328",".310",".221",".344","75.7","91.1","17.3",29.3,30,12.9,45.7,"102.675194071","95.677039912",74.8,6.4,294,762,410,1545,73.2,146,544,47,727,45.5,704,38.9,51.8,42.7,34.9,22.4,232,43.5,27.6
"Jiménez, Eloy",650391,2023,26,456,489,124,83,23,0,18,93,30,19,6.1,".272",".441",".317","0.758","0.169",".305","64","201","0","0","50",".253",".428",".325",".314",".300",".175",".317","75.2","90.9","5.7",26,34,9.3,46.8,"103.173051209","95.996060413",71.3,7.2,259,794,484,1717,81.9,98,541,44.2,759,38.7,665,29.7,52,36.4,40,23.6,365,53.2,19.7
"Drury, Brandon",592273,2023,30,485,523,127,68,30,3,26,136,25,26,4.8,".262",".497",".306","0.803","0.235",".308","83","241","2","0","61",".247",".443",".339",".317",".294",".196",".341","71.7","89.9","11.8",35,39,11,46.3,"101.80875267","95.132794574",69.2,7.1,162,1089,553,1963,79.8,134,662,48.7,957,43.1,846,30.2,51.6,39.3,35.6,25.1,354,42.7,26.3
"Lamb, Jake",571875,2023,32,51,54,11,8,1,0,2,15,3,27.8,5.6,".216",".353",".259","0.612","0.137",".265","5","18","0","0","7",".225",".371",".267",".278",".268",".146",".319",,"89.1","12",36.1,2,5.6,44.4,"100.500940556","94.5446275",73.2,5.9,35,135,46,237,74.4,23,90,51.9,123,36.3,86,33.1,51.1,27.8,38.9,33.3,36,41.7,16.7
"Varsho, Daulton",662139,2023,26,527,581,116,70,23,3,20,135,45,23.2,7.7,".220",".389",".285","0.674","0.169",".256","61","205","7","16","65",".229",".398",".293",".303",".295",".169",".308","74.6","87.8","20.5",34.3,29,7.3,36.1,"99.853027513","94.005486074",70.6,7.2,368,1344,496,2313,82.9,144,844,51.7,1196,44.4,1027,24.7,50.1,48,30.6,21.5,396,35.9,31.1
"Maile, Luke",571912,2023,32,179,199,42,26,10,0,6,49,14,24.6,7,".235",".391",".308","0.699","0.156",".290","25","70","1","2","17",".231",".417",".307",".315",".304",".187",".317","68.3","87.7","14.7",37.4,14,10.7,33.6,"98.523024","93.382391163",63.5,9.4,62,483,178,766,79.6,49,240,49.3,378,42.2,323,26,44.6,39.7,38.9,21.4,131,43.5,28.2
"DeJong, Paul",657557,2023,29,372,400,77,50,13,0,14,121,21,30.3,5.3,".207",".355",".258","0.613","0.148",".264","38","132","4","4","41",".216",".361",".266",".277",".268",".145",".320","69.4","85.5","16.8",34.8,17,6.7,33.2,"97.657692047","92.870460632",71.3,7.7,149,777,390,1424,76.1,119,497,48.9,697,43,613,35.4,53.2,43.9,26.1,30,253,39.9,28.1
"Canha, Mark",592192,2023,34,435,507,114,77,25,1,11,79,49,15.6,9.7,".262",".400",".355","0.755","0.138",".293","62","174","1","11","51",".244",".383",".333",".323",".342",".139",".297","67.8","87.9","13.1",30.9,17,4.7,36.7,"98.959607624","93.632062936",58.9,7.7,219,1194,541,2085,88.7,70,621,50.6,1054,41.5,866,18.3,41.6,42.5,35.9,21.5,362,43.9,25.4
"Jones, Nolan",666134,2023,25,367,424,109,63,22,4,20,126,53,29.7,12.5,".297",".542",".389","0.931","0.245",".401","62","199","4","20","60",".246",".502",".395",".362",".346",".257",".374","72.4","90.1","9.8",34.7,38,15.7,41.3,"102.433112521","95.472742017",57.5,7.2,226,1136,359,1809,71.7,145,512,49.2,890,43.1,780,31.9,41.6,34.7,33.1,32.2,242,43.8,29.3
"Schanuel, Nolan",694384,2023,21,109,132,30,26,3,0,1,19,20,14.4,15.2,".275",".330",".402","0.732","0.055",".326","6","36","0","0","19",".274",".363",".336",".347",".400",".089",".332","64.9","85.4","6.5",40,2,2.2,25.6,"94.380370222","91.236393034",63.8,6.6,81,317,103,530,85.5,24,166,49.1,260,43.8,232,17.6,41.7,33.3,34.4,32.2,90,51.1,17.8
"Nido, Tomás",621512,2023,29,56,61,7,7,0,0,0,18,2,29.5,3.3,".125",".125",".153","0.278","0.000",".179","1","7","0","0","5",".156",".200",".128",".170",".182",".044",".225",,"85","5.7",26.8,0,0,19.5,"95.183780526","91.696921351",75,4.5,30,98,46,198,78.8,14,66,44.4,88,41.9,83,35,62.1,43.9,34.1,22,41,58.5,17.1
"Luplow, Jordan",656669,2023,29,77,90,16,11,3,0,2,27,12,30,13.3,".208",".325",".322","0.647","0.117",".292","5","25","0","2","11",".194",".294",".290",".277",".310",".101",".298","70","85.4","14.1",24,3,6,32,"97.3629932","92.777037347",74.5,7.1,50,220,77,380,67.2,45,137,48.4,184,43.9,167,36,48.9,36,46,18,50,50,28
"Robert Jr., Luis",673357,2023,25,546,595,144,69,36,1,38,172,30,28.9,5,".264",".542",".315","0.857","0.278",".314","80","296","4","20","90",".256",".516",".358",".347",".309",".260",".373","75.9","89.1","16.1",38,58,15.4,42.3,"101.844478191","95.05043424",78.1,6.6,266,1090,580,2200,78.6,174,812,47.3,1040,41.5,914,33.5,58.3,45.2,30.9,23.9,376,36.4,30.3
"Delay, Jason",641511,2023,28,167,187,42,29,11,1,1,44,14,23.5,7.5,".251",".347",".319","0.666","0.096",".333","18","58","0","0","20",".212",".305",".296",".266",".284",".093",".287","67.1","83.8","12.3",34.9,4,3.2,23,"95.198788852","91.601636967",69.4,7.6,72,403,165,682,83.2,42,250,52.8,360,41.9,286,25.6,51.5,38.9,29.4,31.7,126,46.8,22.2
"Arraez, Luis",650333,2023,26,574,617,203,160,30,3,10,34,35,5.5,5.7,".354",".469",".393","0.862","0.115",".362","69","269","2","3","71",".327",".461",".369",".355",".368",".134",".346","63.8","88.3","11.5",44.7,19,3.5,25.7,"95.658900664","92.009454214",68.6,8.9,272,1387,417,2161,94.2,45,774,52.2,1128,42.9,928,7.9,51,26.8,41.2,32,544,42.8,24.1
"Lowe, Josh",666139,2023,25,466,501,136,81,33,2,20,124,31,24.8,6.2,".292",".500",".335","0.835","0.208",".357","83","233","3","32","71",".270",".479",".354",".339",".316",".208",".366","73.9","89.1","14.3",36.2,38,11,39.7,"100.551784971","94.421078622",73.3,6.4,393,1119,421,2036,78,154,699,46.8,954,43.4,884,30.2,53.3,30.4,41.7,27.8,345,39.1,29.3
"Calhoun, Kole",594777,2023,35,157,174,34,21,7,0,6,37,13,21.3,7.5,".217",".376",".282","0.658","0.159",".241","25","59","1","0","18",".232",".397",".286",".302",".296",".165",".299","69.4","86.6","19.9",33.6,8,6.6,35.2,"97.942733279","92.974706803",73,6.9,91,392,147,681,84.1,36,227,45.7,311,44.3,302,22.9,48.2,41,40.2,18.9,122,32.8,32.8
"Chang, Yu",644374,2023,27,105,112,17,9,2,0,6,34,3,30.4,2.7,".162",".352",".200","0.552","0.190",".169","18","37","0","4","12",".209",".360",".236",".263",".245",".151",".310","72.6","88.8","9.8",31.5,4,5.5,38.4,"100.367177429","94.607704058",70.9,10.3,35,200,111,379,82,25,139,51.7,196,40.6,154,35.3,53.8,50.7,27.4,21.9,73,45.2,28.8
"Ruf, Darin",573131,2023,36,49,57,11,8,3,0,0,16,8,28.1,14,".224",".286",".333","0.619","0.062",".333","3","14","0","0","3",".254",".448",".287",".352",".359",".194",".378",,"94","7.5",39.4,4,12.1,51.5,"101.922018824","95.914625455",53.7,7.6,30,152,67,264,84.9,11,73,51.5,136,39.4,104,26.6,35.6,33.3,54.5,12.1,33,48.5,30.3
"Moreno, Gabriel",672515,2023,23,341,380,97,70,19,1,7,75,29,19.7,7.6,".284",".408",".339","0.747","0.124",".338","50","139","2","6","33",".264",".391",".325",".316",".325",".127",".335","70.3","89.8","4.2",32.6,13,4.8,41.8,"99.719820735","94.156039559",57.3,7.8,145,920,369,1544,88,55,458,51.7,799,43.1,665,19.7,42.4,29.3,44.3,26.4,273,55.3,16.5
"McMahon, Ryan",641857,2023,28,555,627,133,76,31,3,23,198,68,31.6,10.8,".240",".431",".322","0.753","0.191",".326","70","239","5","5","80",".241",".445",".325",".334",".325",".204",".374","72.2","90.8","9.7",39.4,41,11.4,44.2,"102.017798324","95.343043101",67.6,7.4,363,1648,610,2742,73.6,255,966,52.1,1429,45.4,1246,32.3,47.4,33.9,38.6,27.5,360,44.2,28.1
"Díaz, Elias",553869,2023,32,486,526,130,90,25,1,14,118,34,22.4,6.5,".267",".409",".316","0.725","0.142",".324","72","199","0","1","48",".242",".379",".314",".296",".294",".138",".319","73.6","88.1","12.7",31.2,23,6.2,38.4,"100.035107459","94.071648482",76.5,8.1,279,1032,533,1984,81,133,700,46.1,915,41.2,817,28.4,54.8,40.3,38.2,21.5,372,46.5,19.9
"Trout, Mike",545361,2023,31,308,362,81,48,14,1,18,104,45,28.7,12.4,".263",".490",".367","0.857","0.227",".335","44","151","0","2","54",".271",".528",".368",".389",".377",".257",".410","72.9","91.9","19.3",38.3,33,16,51.9,"104.231780971","96.666975874",69.8,6.7,108,1039,315,1547,75.9,128,532,49.3,762,41.3,639,29.3,44.4,43.7,30.1,26.2,206,33.5,32
"Larnach, Trevor",663616,2023,26,183,212,39,21,7,3,8,72,27,34,12.7,".213",".415",".311","0.726","0.202",".295","40","76","1","1","26",".210",".436",".313",".323",".310",".226",".343","73.2","90.1","17.5",41.6,15,13.3,49.6,"101.88501386","95.488486549",63.5,7.8,155,453,245,915,75.5,63,257,44.3,405,40,366,36.5,41,38.9,42.5,18.6,113,34.5,38.1
"Basabe, Osleivis",678545,2023,22,87,94,19,13,5,0,1,25,6,26.6,6.4,".218",".310",".277","0.587","0.092",".295","12","27","1","0","15",".212",".314",".262",".260",".271",".101",".298","70.7","88.4","-2.3",29,2,3.2,37.1,"98.374543226","93.374674839",75.6,9.3,34,209,78,344,82.4,24,136,52.3,180,41.6,143,24.9,56.1,29,38.7,32.3,62,59.7,9.7
"Escobar, Eduardo",500871,2023,34,288,309,65,48,6,5,6,78,18,25.2,5.8,".226",".344",".269","0.613","0.118",".286","31","99","1","2","32",".202",".304",".267",".246",".249",".102",".278","68.3","86.3","14.4",30.5,8,3.8,30.6,"96.536556538","92.269302067",68.2,6,193,665,311,1236,77.5,86,382,45.8,560,44.4,542,28.3,50.6,44.1,31.5,24.4,213,43.7,27.2
"Kieboom, Carter",666198,2023,25,87,94,18,12,2,0,4,27,6,28.7,6.4,".207",".368",".266","0.634","0.161",".250","11","32","0","0","12",".195",".310",".277",".252",".255",".115",".283","71.4","86.1","15.2",33.3,3,5,23.3,"96.423435","92.290667288",69.6,11.2,32,195,84,347,74.8,30,119,49.3,171,42.1,146,34.4,47,31.7,40,28.3,60,46.7,20
"Davis, Jonathan",641505,2023,31,90,104,22,15,4,1,2,29,7,27.9,6.7,".244",".378",".307","0.685","0.134",".328","10","34","2","1","22",".247",".350",".298",".293",".310",".103",".354",,"84.4","7.1",35.4,3,4.6,23.1,"95.155622188","91.794387937",64.5,6.7,16,243,138,419,77.5,31,138,51.1,214,43.7,183,27.9,43.7,35.4,35.4,29.2,65,50.8,21.5
"Sabol, Blake",666165,2023,25,310,344,73,50,10,0,13,117,24,34,7,".235",".394",".301","0.695","0.159",".330","44","122","2","4","36",".196",".373",".303",".281",".267",".177",".314","71.6","89.1","16.1",31,22,11.2,38.6,"100.063637128","94.216608032",75.6,7.5,262,706,316,1360,72.1,146,523,50.8,692,44.2,602,35.6,52.3,36,36,27.9,197,45.7,28.9
"Bethancourt, Christian",542194,2023,31,315,332,71,44,16,0,11,91,13,27.4,3.9,".225",".381",".254","0.635","0.156",".278","33","120","0","1","49",".212",".376",".271",".265",".241",".164",".294","72.5","88.6","11.3",28.5,18,7.9,40.8,"99.662215893","94.065729509",77.7,6.5,133,544,398,1180,76,97,405,44.2,521,39.1,461,36.6,59.6,46.9,35.1,18,228,49.6,24.6
"Alvarez, Francisco",682626,2023,21,382,423,80,43,12,0,25,110,34,26,8,".209",".437",".284","0.721","0.228",".222","63","167","0","2","51",".204",".428",".310",".306",".279",".224",".286","74.5","90.1","12.5",28.6,35,12.8,45.1,"101.730853431","95.157784982",65.9,7.2,202,904,431,1622,76.9,117,506,47.3,768,42.8,695,31.8,44.9,38.5,40.7,20.9,273,44,31.9
"Díaz, Isan",656371,2023,27,24,26,1,1,0,0,0,9,2,34.6,7.7,".042",".042",".115","0.157","0.000",".067","1","1","0","0","0",".078",".099",".087",".123",".149",".021",".125","74.5","90.2","17.1",13.3,0,0,33.3,"97.48526875","93.308806667",56.9,9.4,31,29,21,85,75.9,7,29,60,51,43.5,37,36.1,42.4,53.3,33.3,13.3,15,46.7,33.3
"Bailey, Patrick",672275,2023,24,326,353,76,50,18,1,7,100,21,28.3,5.9,".233",".359",".285","0.644","0.126",".314","48","117","0","1","29",".244",".421",".282",".312",".297",".178",".354","70","88.7","10.2",36.2,23,10,38.4,"99.385269825","93.890632907",65,9.3,269,781,307,1411,81.9,86,474,51.6,729,42.9,606,26.2,46.5,41,33.6,25.3,229,43.7,25.8
"Caminero, Junior",691406,2023,19,34,36,8,6,1,0,1,8,2,22.2,5.6,".235",".353",".278","0.631","0.118",".280","7","12","0","0","4",".202",".344",".276",".259",".246",".143",".264","78.2","85.4","-0.3",15.4,3,11.5,42.3,"102.691448462","95.345724231",65,8.2,20,66,41,134,79.5,8,39,44.8,60,39.6,53,30.3,49.3,50,38.5,11.5,26,61.5,19.2
"Burger, Jake",669394,2023,27,492,540,123,60,28,1,34,149,32,27.6,5.9,".250",".518",".309","0.827","0.268",".284","80","255","1","1","71",".264",".517",".349",".359",".324",".253",".377","76","91.9","12.3",33.4,58,16.7,49.6,"105.009725862","96.989580029",70.8,7,294,1042,560,2048,78.5,150,697,48.1,985,42.5,870,34.1,54,45.8,36.3,17.9,347,42.9,21.9
"Castro, Rodolfo",666801,2023,24,227,256,48,35,7,0,6,74,23,28.9,9,".211",".322",".297","0.619","0.111",".284","24","73","4","1","21",".188",".327",".277",".269",".276",".139",".278","71.9","87.2","7.6",27.9,12,7.8,35.1,"99.104106883","93.615443987",68.5,9.4,192,471,261,1002,78.3,73,337,49.1,492,40.7,408,32.9,47.6,51.9,29.2,18.8,154,55.8,22.1
"Naylor, Josh",647304,2023,26,452,495,139,91,31,0,17,68,33,13.7,6.7,".308",".489",".354","0.843","0.181",".326","97","221","3","10","52",".287",".480",".354",".345",".337",".193",".335","73.2","89.1","12.3",35.5,32,8.2,41.2,"100.627346359","94.477601234",76.3,7,255,782,503,1649,88.3,68,581,46.1,761,41.5,684,19.8,56.5,39.4,33.8,26.9,391,43.2,25.6
"Stowers, Kyle",669065,2023,25,30,33,2,2,0,0,0,12,3,36.4,9.1,".067",".067",".152","0.219","0.000",".111","0","2","0","0","1",".144",".191",".117",".195",".222",".047",".241",,"87.5","17.2",5.6,0,0,22.2,"96.795116667","92.434126111",72.4,6.8,19,77,16,118,76.2,10,42,49.2,58,46.6,55,35.9,54.2,44.4,33.3,22.2,18,55.6,16.7
"Kirilloff, Alex",666135,2023,25,281,319,76,50,14,1,11,80,28,25.1,8.8,".270",".445",".348","0.793","0.175",".337","41","125","0","1","35",".258",".429",".343",".335",".339",".171",".358","70.3","88.6","12.4",40.2,15,7.4,37.7,"98.668669706","93.556002892",64.8,6.4,166,715,287,1242,82.6,63,363,45.1,560,42.2,524,27.6,47.3,32.8,37.3,29.9,204,39.2,26.5
"Jankowski, Travis",608671,2023,32,247,287,65,51,12,1,1,42,35,14.6,12.2,".263",".332",".357","0.689","0.069",".311","30","82","1","19","34",".254",".311",".312",".303",".349",".058",".303","66.4","85.4","8.1",28.8,0,0,25.5,"95.420288039","91.716382549",58.4,9.6,135,680,237,1118,89.4,36,341,52.2,584,43.2,483,14.8,38.2,30.8,39.4,29.8,208,51.9,18.8
"Jung, Josh",673962,2023,25,478,515,127,78,25,1,23,151,30,29.3,5.8,".266",".467",".315","0.782","0.201",".340","70","223","3","1","75",".254",".481",".334",".334",".304",".227",".369","71.2","91.8","15",41.9,39,11.9,47.4,"101.620526098","95.373200793",72.7,7.4,173,1043,591,1976,79.4,141,684,47.6,941,41.1,813,29.7,51.8,36.8,39.2,24,329,37.4,29.5
"Dozier, Hunter",641531,2023,31,82,91,15,10,2,1,2,29,8,31.9,8.8,".183",".305",".253","0.558","0.122",".250","9","25","0","2","8",".183",".283",".247",".242",".254",".100",".279",,"84.4","12.3",29.6,2,3.7,38.9,"98.375983704","93.187991852",70.1,7.3,40,170,101,344,78.7,23,108,44.8,154,42.2,145,33.1,47.4,42.6,40.7,16.7,54,46.3,25.9
"Knizner, Andrew",668800,2023,28,224,241,54,33,11,0,10,62,12,25.7,5,".241",".424",".287","0.711","0.183",".288","31","95","0","2","30",".219",".392",".306",".285",".268",".173",".302","71.4","89.6","14.3",26.8,13,7.9,40.9,"100.838167407","94.587740186",72.1,9.1,91,443,242,831,79,63,300,50.3,416,40.5,335,27.3,54.8,36,36,28,164,42.1,31.7
"Thompson, Trayce",572204,2023,32,153,179,25,17,2,0,6,77,24,43,13.4,".163",".294",".285","0.579","0.131",".271","17","45","0","2","17",".165",".330",".266",".278",".286",".165",".332","72.7","89.3","21.8",34.2,9,11.8,46.1,"101.671417632","95.111791184",62.4,8.9,91,462,201,799,66.8,77,232,46.6,372,41.7,333,43.3,39.9,40.8,32.9,26.3,76,34.2,38.2
"Walker, Christian",572233,2023,32,582,661,150,79,36,2,33,127,62,19.2,9.4,".258",".497",".333","0.830","0.239",".272","103","289","0","11","86",".247",".465",".351",".340",".325",".219",".313","75","88","15.8",32.6,53,11.4,40.4,"100.601281422","94.397470475",71.3,7.7,318,1513,635,2671,81.1,179,946,49.6,1327,42.9,1148,26.4,48.6,40.6,35,24.4,463,38.7,32.6
"Díaz, Yandy",650490,2023,31,525,600,173,116,35,0,22,94,65,15.7,10.8,".330",".522",".410","0.932","0.192",".367","78","274","1","0","95",".300",".494",".402",".384",".386",".194",".366","73.8","93.4","5.7",30.5,41,9.5,54,"104.285177685","97.074568747",65.5,8.9,279,1412,523,2357,88.1,92,771,49.9,1177,40.9,965,18.4,42.6,27.7,44.3,27.9,433,52.2,20.8
"Donovan, Brendan",680977,2023,26,327,371,93,71,10,1,11,53,33,14.3,8.9,".284",".422",".365","0.787","0.138",".311","34","138","1","5","48",".285",".444",".345",".356",".367",".159",".341","69.3","89.3","10.6",37.3,16,5.8,40.6,"99.360461838","93.987172915",63.4,7.3,187,810,371,1431,90.8,41,447,49.3,705,44.9,643,14.8,42.8,39.9,29.7,30.4,276,46.7,22.5
"Bradley Jr., Jackie",598265,2023,33,105,113,14,8,5,0,1,29,5,25.7,4.4,".133",".210",".188","0.398","0.077",".173","6","22","0","0","10",".182",".324",".180",".245",".233",".142",".252",,"88.1","5.3",23.4,6,7.8,35.1,"98.833141842","93.611215333",68.7,7.4,71,202,107,408,77.6,35,156,55.6,227,45.6,186,33,53.4,46.8,37.7,15.6,77,51.9,26
"Longoria, Evan",446334,2023,37,211,237,47,27,9,0,11,73,23,30.8,9.7,".223",".422",".295","0.717","0.199",".277","28","89","0","0","25",".228",".451",".308",".324",".302",".223",".344","72","92.2","15.6",37.6,15,10.6,51.8,"102.131802113","95.858329716",58,8.2,105,541,228,927,79.1,53,254,47.2,438,42.8,397,29,42.8,46.8,33.3,19.9,141,38.3,33.3
"Vavra, Terrin",679631,2023,26,49,56,12,12,0,0,0,12,5,21.4,8.9,".245",".245",".315","0.560","0.000",".324","5","12","0","1","9",".257",".376",".261",".312",".326",".119",".341",,"86.8","9.5",43.6,2,5.1,33.3,"97.887882632","93.264366486",74.3,9,25,135,48,212,84.6,12,78,49.5,105,41.5,88,27.7,52.8,41,41,17.9,39,51.3,17.9
"Moncada, Yoán",660162,2023,28,334,357,87,55,20,1,11,107,20,30,5.6,".260",".425",".305","0.730","0.165",".350","40","142","0","1","39",".253",".431",".315",".315",".298",".178",".371","74.2","89.4","12.3",42.5,23,10.1,39,"99.983863509","94.177039383",66.1,7.2,333,692,312,1390,78.9,95,451,49.1,682,43.5,605,30.7,46.8,44.3,35.1,20.6,228,41.7,23.7
"Witt Jr., Bobby",677951,2023,23,641,694,177,108,28,11,30,121,40,17.4,5.8,".276",".495",".319","0.814","0.219",".295","96","317","15","49","97",".289",".534",".343",".368",".332",".246",".353","75.1","90.7","15.7",34.4,61,11.5,45.6,"102.080606768","95.411820457",71,7.7,277,1558,628,2701,83.3,157,941,49.1,1326,41.5,1122,22.8,50.5,35,33.5,31.6,529,37.6,28.4
"Margot, Manuel",622534,2023,28,311,336,82,56,21,1,4,55,18,16.4,5.4,".264",".376",".310","0.686","0.112",".306","38","117","3","9","39",".259",".371",".299",".301",".308",".112",".314","71.6","87.9","10.5",28.6,10,3.9,37.8,"99.699502578","93.924441765",69.3,8.8,115,675,342,1225,83.2,72,428,50.4,618,42.1,517,24.4,50.5,39,33.6,27.4,259,47.1,20.8
"Rendon, Anthony",543685,2023,33,148,183,35,27,6,0,2,27,25,14.8,13.7,".236",".318",".361","0.679","0.082",".268","22","47","0","2","23",".262",".395",".312",".359",".388",".133",".320",,"90.1","16.2",34.4,6,4.8,41.6,"98.661103333","93.7752192",64.2,8,63,469,176,762,87.7,29,235,48,366,43,328,18.2,39.6,35.2,38.4,26.4,125,35.2,32
"Remillard, Zach",621545,2023,29,147,160,37,29,7,0,1,48,8,30,5,".252",".320",".295","0.615","0.068",".367","18","47","3","4","16",".199",".244",".270",".219",".245",".045",".295","69.1","85.7","11.9",23.3,1,1,20.4,"94.815706809","91.444496989",64.3,8,51,332,152,576,77.7,45,202,54.5,314,45.1,260,33.8,47.2,41.7,38.8,19.4,103,55.3,13.6
"Singleton, Jon",572138,2023,31,91,105,15,10,3,0,2,23,13,21.9,12.4,".165",".264",".267","0.531","0.099",".194","12","24","0","0","11",".216",".379",".244",".304",".311",".163",".286","71.6","88.9","17.5",27.5,4,5.8,43.5,"99.127764857","93.78543087",64.4,6.9,67,246,84,422,86.4,17,125,46,194,41.9,177,22.3,42.4,42,34.8,23.2,69,36.2,31.9
"De La Cruz, Elly",682829,2023,21,388,427,91,56,15,7,13,144,35,33.7,8.2,".235",".410",".300","0.710","0.175",".336","44","159","8","35","67",".238",".396",".305",".305",".304",".158",".379","76.7","91.2","3.6",30.5,21,8.5,45.9,"102.817937107","95.774707273",60.7,6.9,342,806,487,1755,80.6,94,484,45.4,798,43.4,762,29.7,45.5,41.1,41.5,17.5,246,55.3,18.3
"Lewis, Royce",668904,2023,24,217,239,67,45,7,0,15,55,20,23,8.4,".309",".548",".372","0.920","0.239",".354","52","119","1","6","36",".258",".486",".393",".349",".326",".229",".345","75.3","90.2","16.2",33.3,19,11.7,42,"101.84701358","95.239275185",65.7,8.3,107,467,276,906,81.5,56,302,50.8,460,42.3,383,27.3,47.4,37.7,37.7,24.7,162,34.6,29
"Gallo, Joey",608336,2023,29,282,332,50,19,9,1,21,142,48,42.8,14.5,".177",".440",".301","0.741","0.263",".244","40","124","1","1","39",".149",".407",".320",".298",".278",".258",".301","73.9","93","26.4",28.6,27,19.3,52.9,"104.361492143","97.127446835",71.6,7.1,281,759,318,1428,65.7,163,475,46.4,663,42.8,611,44.3,47.1,57.9,21.4,20.7,140,29.3,41.4
"Volpe, Anthony",683011,2023,22,541,601,113,65,23,4,21,167,52,27.8,8.7,".209",".383",".283","0.666","0.174",".259","60","207","5","24","62",".228",".402",".290",".308",".301",".174",".329","70.9","88.7","14.2",35.5,34,9,43,"99.54617672","93.954577957",67.2,7.9,218,1264,664,2335,80.7,151,784,50,1167,39,911,28.2,47.9,46.7,30.5,22.8,377,41.1,27.6
"Noda, Ryan",676116,2023,27,406,495,93,54,22,1,16,170,77,34.3,15.6,".229",".406",".364","0.770","0.177",".347","54","165","1","3","63",".209",".396",".342",".334",".348",".187",".359","72.2","91.2","16",38.2,31,13,45,"102.125166441","95.450814851",65.7,8.6,210,1275,474,2091,72.4,193,700,51,1066,41.9,877,36.9,42.9,44.5,31.9,23.5,238,39.1,30.3
"Rengifo, Luis",650859,2023,26,394,445,104,69,15,4,16,82,41,18.4,9.2,".264",".444",".339","0.783","0.180",".293","51","175","4","6","55",".242",".405",".339",".323",".324",".163",".308","71","89.1","11",29.7,24,7.6,36.9,"98.941377179","93.617089135",74.5,6.7,293,849,413,1676,83.2,97,579,46.8,777,40.5,673,24.5,50.1,39.2,36.7,24.1,316,46.8,28.2
"Meadows, Parker",678009,2023,23,125,145,29,20,4,2,3,37,17,25.5,11.7,".232",".368",".331","0.699","0.136",".302","13","46","1","8","19",".248",".397",".308",".326",".345",".149",".348","70.1","89.3","18.3",36,8,9,34.8,"99.246645","93.754217841",63.2,7.2,97,346,125,594,85.3,27,184,48.9,291,44.5,265,24,42.8,39.3,42.7,18,89,36,24.7
"Bogaerts, Xander",593428,2023,30,596,665,170,118,31,2,19,110,56,16.5,8.4,".285",".440",".350","0.790","0.155",".319","58","262","2","19","83",".252",".400",".343",".317",".322",".149",".307","70.4","87.6","7.9",28.3,30,6.1,34.6,"98.476149796","93.284202061",59.1,8.2,366,1466,635,2644,86.2,111,802,51.4,1358,42.2,1115,20.4,42.6,36.6,34.6,28.9,492,49.8,22.6
"Sánchez, Gary",596142,2023,30,240,267,52,24,9,0,19,67,21,25.1,7.9,".217",".492",".288","0.780","0.275",".212","47","118","0","0","33",".227",".504",".329",".342",".300",".277",".315","73.4","90.1","16.5",27.4,27,15.4,44.6,"101.705364318","95.143946857",57.8,8.5,112,583,323,1091,83.4,51,308,48.9,533,41.6,454,27.6,41.8,44,38.9,17.1,175,41.1,33.1
"Nimmo, Brandon",607043,2023,30,592,682,162,102,30,6,24,146,74,21.4,10.9,".274",".466",".363","0.829","0.192",".324","68","276","3","3","89",".257",".457",".359",".352",".350",".200",".341","72.7","91.8","12.2",33.5,43,9.5,47.9,"101.50757","95.462726837",62.3,8.3,316,1834,558,2847,84.5,146,939,52.9,1507,42.2,1203,22,42.4,31,37,31.9,451,41.2,26.4
"Isbel, Kyle",664728,2023,26,292,313,70,41,22,2,5,59,17,18.8,5.4,".240",".380",".282","0.662","0.140",".283","34","111","1","7","45",".243",".380",".286",".290",".285",".137",".302","71","89.4","14.6",32.2,13,5.5,39.8,"99.280896261","93.847228522",63.5,8,211,589,257,1127,89,41,373,52.1,587,44.6,503,20.8,46.9,36.9,39.4,23.7,236,42.4,26.3
"Kemp, Tony",643393,2023,31,359,419,75,54,13,3,5,40,44,9.5,10.5,".209",".304",".303","0.607","0.095",".221","27","109","4","15","42",".239",".326",".276",".299",".331",".087",".268","65","86.7","10",31.3,4,1.2,20.4,"94.699737436","91.482675737",66.1,9.1,203,885,314,1481,88.9,57,514,52.5,778,41.5,615,14.5,46,44.1,39.2,16.7,329,48.6,25.2
"Thomas, Alek",677950,2023,23,374,402,86,55,17,5,9,86,19,21.4,4.7,".230",".374",".273","0.647","0.144",".273","39","140","1","9","51",".247",".374",".278",".291",".290",".128",".319","69.9","88.9","2.2",28.3,15,5.1,41.6,"99.767087793","94.064693103",63.7,8.9,248,755,401,1489,86.5,66,489,51.6,768,44.8,667,25.2,49.1,37.9,37.5,24.6,293,56,16.7
"Mendick, Danny",664901,2023,29,65,69,12,8,3,0,1,15,4,21.7,5.8,".185",".277",".232","0.509","0.092",".224","4","18","0","1","4",".206",".305",".226",".245",".252",".099",".268","67.8","89.1","11",32,2,4,40,"97.8167176","93.148951",61.4,6.9,38,152,79,276,83.5,16,97,57.2,158,41.7,115,24.2,44.9,26,44,30,50,48,20
"Gonzalez, Oscar",660757,2023,25,173,180,37,26,7,2,2,46,5,25.6,2.8,".214",".312",".239","0.551","0.098",".278","12","54","0","0","15",".231",".363",".239",".270",".257",".132",".315","73.9","88.5","6.4",31.3,10,7.8,40.6,"100.566461094","94.38657622",71.2,5.8,95,345,181,687,78.4,48,222,45.4,312,42.4,291,30.4,59,30.5,39.1,30.5,128,50.8,21.1
"Alu, Jake",666906,2023,26,159,175,36,31,2,1,2,42,10,24,5.7,".226",".289",".282","0.571","0.063",".291","16","46","1","5","14",".239",".338",".256",".283",".295",".099",".322","67.8","88.6","5.1",35.8,3,2.5,33.3,"97.481260847","92.79926094",66,6.8,106,369,169,678,79.7,47,231,51.6,350,46.6,316,26.5,50,40.8,38.3,20.8,120,55.8,17.5
"Goodman, Hunter",696100,2023,23,70,77,14,6,4,3,1,24,5,31.2,6.5,".200",".386",".247","0.633","0.186",".277","17","27","0","1","6",".207",".367",".266",".267",".253",".160",".302","75.7","88.7","10.8",27.1,5,10.4,43.8,"101.797267083","94.961533333",63.9,5.5,38,159,79,293,77.6,19,85,45.4,133,42.7,125,38,48.5,37.5,43.8,18.8,48,43.8,29.2
"Tauchman, Mike",643565,2023,32,337,401,85,59,18,0,8,86,56,21.4,14,".252",".377",".362","0.739","0.125",".313","48","127","1","7","64",".261",".401",".330",".343",".370",".141",".347","68.4","88.4","8.1",37.6,14,5.5,40,"99.326329764","93.849149016",64.5,7.9,223,1076,331,1711,81.1,105,555,50.3,861,43.3,741,24.5,41.8,32.9,36.5,30.6,255,47.1,19.6
"Berti, Jon",542932,2023,33,388,424,114,88,16,3,7,77,29,18.2,6.8,".294",".405",".344","0.749","0.111",".349","33","157","6","16","53",".278",".411",".325",".324",".330",".133",".345","72.3","85.4","2.4",29.7,15,4.7,31.3,"97.776931847","92.905131597",65.6,8.8,144,982,369,1588,87.5,71,569,54.6,867,43,683,19.9,45.5,26.3,38.6,35.1,316,54.1,19.9
"Trevino, Jose",624431,2023,30,157,168,33,25,4,0,4,22,8,13.1,4.8,".210",".312",".257","0.569","0.102",".221","15","49","0","0","15",".241",".346",".252",".279",".287",".104",".281","67.7","85.8","9.6",30.9,4,2.9,31.6,"97.021833971","92.547410667",55.1,6,53,347,152,614,89.9,16,158,46.7,287,43.2,265,16.4,45.6,34.6,39.7,25.7,136,51.5,16.2
"León, Sandy",506702,2023,34,41,44,6,4,2,0,0,20,1,45.5,2.3,".146",".195",".186","0.381","0.049",".286","4","8","0","0","4",".135",".198",".173",".169",".175",".063",".264",,"85.2","17.7",40.9,1,4.5,22.7,"95.404624545","91.878612857",58.1,12.1,23,117,53,206,75,17,68,56.8,117,43.2,89,25.8,45.1,36.4,40.9,22.7,22,50,18.2
"Guthrie, Dalton",656495,2023,27,24,28,4,3,1,0,0,7,3,25,10.7,".167",".208",".286","0.494","0.041",".235","0","5","0","0","4",".195",".294",".239",".281",".310",".099",".276",,"85.5","25.5",47.1,0,0,29.4,"95.34626","91.932909412",68.6,5.3,13,66,30,113,77.1,8,35,45.1,51,46.9,53,31.6,50.4,17.6,35.3,47.1,17,17.6,41.2
"Vargas, Miguel",678246,2023,23,256,304,50,24,15,4,7,61,38,20.1,12.5,".195",".367",".305","0.672","0.172",".224","32","94","2","3","36",".208",".357",".295",".305",".318",".149",".272",,"86.8","16.6",32,12,6,31.5,"97.543796","92.819102111",68.2,6.8,134,772,230,1204,82.6,71,408,49.6,598,44.3,534,22.3,44.4,37,36,27,200,38,31.5
"Sullivan, Brett",664954,2023,29,81,86,17,13,3,0,1,19,4,22.1,4.7,".210",".284",".244","0.528","0.074",".258","6","23","0","0","7",".225",".302",".232",".248",".260",".077",".291","69","86.9","16.3",31.7,1,1.6,28.6,"95.663031613","91.954122097",67.3,8,45,179,55,300,87.1,13,101,50,150,46,138,18.4,47,42.9,34.9,22.2,63,41.3,34.9
"Torrens, Luis",620443,2023,27,28,30,7,4,3,0,0,9,1,30,3.3,".250",".357",".300","0.657","0.107",".368","4","10","0","0","1",".229",".310",".289",".264",".280",".082",".337","69.8","86.9","22.8",47.4,0,0,36.8,"97.867376","93.193355789",66.1,11.9,21,69,25,126,86.5,5,37,44.4,56,42.9,54,26.6,50.8,26.3,42.1,31.6,19,26.3,21.1
"Rojas, Johan",679032,2023,22,149,164,45,32,9,2,2,42,5,25.6,3,".302",".430",".342","0.772","0.128",".410","23","64","1","14","24",".246",".307",".335",".269",".289",".061",".344","70.2","86.6","7.3",29.2,1,0.9,28.3,"97.8167774","92.9113331",67.5,7,42,351,124,561,85.1,29,195,51.5,289,41.7,234,25.9,54.4,31.9,46,22.1,113,49.6,16.8
"Hilliard, Sam",656541,2023,29,72,78,17,9,5,0,3,33,6,42.3,7.7,".236",".431",".295","0.726","0.195",".389","6","31","0","4","15",".202",".366",".312",".274",".263",".164",".372","72.9","92.4","20.3",33.3,3,7.7,48.7,"104.5156625","96.900765385",61.3,7.4,48,164,83,312,65,35,100,52.2,163,40.1,125,41.9,43.6,30.8,38.5,30.8,39,38.5,28.2
"Jansen, Danny",643376,2023,28,268,301,61,29,15,0,17,62,23,20.6,7.6,".228",".474",".312","0.786","0.246",".233","53","127","0","0","38",".215",".428",".336",".316",".302",".213",".280","70.9","88.3","19.7",35.4,22,10.7,37.4,"98.938626373","93.548218775",69.4,7.1,109,704,294,1185,83.9,65,403,49,581,40.6,481,22.9,46.8,51.5,28.6,19.9,206,34,35.9
"Stubbs, Garrett",596117,2023,30,113,125,23,17,4,1,1,29,9,23.2,7.2,".204",".283",".274","0.557","0.079",".265","12","32","0","2","15",".160",".202",".252",".207",".235",".042",".215","67.5","83.4","22.4",18.8,0,0,17.6,"93.635939189","90.852312703",63.2,8.1,51,308,113,496,85.6,22,153,48.8,242,42.3,210,22.8,46.8,38.8,35.3,25.9,85,42.4,21.2
"Seager, Corey",608369,2023,29,477,536,156,81,42,0,33,88,49,16.4,9.1,".327",".623",".390","1.013","0.296",".340","96","297","1","2","88",".303",".620",".419",".411",".371",".317",".369","71.8","93.3","13",38,60,15.2,53.2,"103.543493485","96.785948962",83.6,6.6,348,895,467,1846,85.9,106,752,48.7,899,43.4,802,25,55.1,39,37,24.1,395,40.3,29.4
"Tovar, Ezequiel",678662,2023,21,581,615,147,91,37,4,15,166,25,27,4.1,".253",".408",".287","0.695","0.155",".328","73","237","5","11","79",".243",".389",".298",".290",".279",".145",".341","71.9","88","12.6",36.4,34,8.1,36.2,"99.019446394","93.628807036",79.8,7.2,227,1202,650,2290,80.8,164,855,46.7,1071,42.3,969,31.3,59.7,31.2,39.5,29.3,420,43.1,26.4
"Judge, Aaron",592450,2023,31,367,458,98,45,16,0,37,130,88,28.4,19.2,".267",".613",".406","1.019","0.346",".300","75","225","1","3","79",".286",".729",".420",".466",".422",".444",".439","76.4","97.6","20.4",37.1,66,27.5,64.2,"107.408656167","99.7487841",66.9,8.1,307,915,497,1901,72.5,161,585,46,874,40.9,777,36.6,41.3,44.2,35,20.8,240,30.4,40.8
"Mervis, Matt",670223,2023,25,90,99,15,10,2,0,3,32,8,32.3,8.1,".167",".289",".242","0.531","0.122",".218","11","26","0","0","8",".228",".433",".239",".317",".299",".206",".356",,"91","8.4",36.2,8,13.8,50,"103.744358966","96.406375789",72.6,7.2,62,202,116,405,76.7,34,146,49.6,201,42,170,33.3,50.4,46.6,39.7,13.8,58,46.6,20.7
"Marlowe, Cade",687799,2023,26,88,100,21,13,3,2,3,33,12,33,12,".239",".420",".330","0.750","0.181",".346","11","37","2","4","14",".191",".325",".327",".276",".288",".134",".305","68.7","86.6","20.8",41.8,4,7.3,30.9,"96.995860714","92.698439091",71.8,7,72,200,111,431,74.7,40,158,51,220,41.8,180,29.4,50.6,41.8,43.6,14.5,55,29.1,49.1
"Fraley, Jake",641584,2023,28,336,380,86,53,18,0,15,71,37,18.7,9.7,".256",".443",".339","0.782","0.187",".283","65","149","5","21","41",".256",".406",".338",".327",".340",".149",".324","71.7","84.6","16.5",38,17,6.4,30.8,"97.120245263","92.614906038",75.5,7.8,273,810,296,1420,83.4,86,518,48.3,686,43,610,24.1,52,45.1,34.2,20.7,266,38.3,27.4
"Rojas, Miguel",500743,2023,34,385,423,91,69,16,1,5,48,26,11.3,6.1,".236",".322",".290","0.612","0.086",".255","31","124","3","8","49",".247",".338",".271",".286",".302",".091",".282","68.8","87.3","11",33.4,10,2.9,32,"97.505333176","92.848794735",67.6,7.6,131,849,370,1455,91.5,40,472,47.9,698,41.8,609,16.5,49.6,33.4,36,30.5,344,46.2,20.9