"last_name, first_name","player_id","year","p_game","p_formatted_ip","hit","home_run","strikeout","walk","k_percent","bb_percent","batting_avg","slg_percent","on_base_percent","on_base_plus_slg","isolated_power","p_earned_run","p_save","p_blown_save","p_win","p_loss","p_era","p_hold","p_starting_p","xba","xslg","woba","xwoba","xobp","xiso","xwobacon","xbacon","exit_velocity_avg","launch_angle_avg","barrel_batted_rate","z_swing_percent","z_swing_miss_percent","oz_swing_percent","oz_swing_miss_percent","oz_contact_percent","out_zone_swing_miss","out_zone_swing","out_zone_percent","out_zone","meatball_swing_percent","meatball_percent","pitch_count_offspeed","pitch_count_fastball","pitch_count_breaking","pitch_count","iz_contact_percent","in_zone_swing_miss","in_zone_swing","in_zone_percent","in_zone","edge_percent","edge","whiff_percent","swing_percent","groundballs_percent","flyballs_percent","linedrives_percent","popups_percent"
"Payamps, Joel",606303,2024,"68","59.0",39,7,59,18,25.1,7.7,".184",".340",".253","0.593","0.156","20","6","3","3","7","3.05","21","0",".232",".431",".254",".314",".300",".199",".394",".324","89.4","15.9",9.6,67,22.4,28.8,38.3,61.7,49,128,49.5,445,72.1,7.6,69,468,362,899,77.6,68,304,50.5,454,41.7,375,27.1,48.1,39.7,26.9,23.7,9.6
"Rodón, Carlos",607074,2024,"32","175.0",157,31,195,57,26.5,7.7,".235",".435",".304","0.739","0.200","77","0","0","16","9","3.96","0","32",".224",".429",".320",".316",".294",".206",".393",".316","90.4","18.1",11,70.7,20,30.7,50.5,49.5,256,507,53.3,1654,82,7,400,1640,1062,3102,80,205,1024,46.7,1448,41.4,1285,30.1,49.4,34.6,35.4,21.9,8
"Contreras, Roansy",672710,2024,"49","68.1",63,11,56,31,18.8,10.4,".243",".425",".330","0.755","0.182","33","2","2","2","4","4.35","1","3",".257",".452",".322",".345",".345",".196",".390",".327","89.8","11.3",9.7,65.9,13.2,28.1,40.1,59.9,59,147,48.7,524,72.3,8.7,113,512,370,1075,86.8,48,364,51.3,552,42.5,457,20.9,47.5,45.4,30,19.8,4.8
"Young, Alex",622065,2024,"17","15.2",15,2,15,7,22.1,10.3,".246",".426",".324","0.750","0.180","5","0","0","0","0","2.87","1","0",".256",".406",".327",".326",".333",".150",".377",".340","88.4","12.2",6.5,66.1,12.8,30.2,64.4,35.6,29,45,55.8,149,70.6,6.4,124,104,39,267,87.2,10,78,44.2,118,43.1,115,31.7,46.1,52.2,26.1,13,8.7
"Myers, Tobias",668964,2024,"27","138.0",126,18,127,36,22.3,6.3,".242",".387",".295","0.682","0.145","46","0","0","9","6","3.00","0","25",".248",".422",".297",".317",".303",".174",".380",".328","89.8","16.4",8,69.8,15.4,28.6,36.1,63.9,109,302,49,1055,88.3,7.2,245,1363,544,2152,84.6,118,766,51,1098,43.6,939,21.3,49.6,37.7,25.2,28.4,8.7
"McGreevy, Michael",700241,2024,"4","23.0",16,1,18,2,20.9,2.3,".193",".289",".221","0.510","0.096","5","0","0","3","0","1.96","0","3",".258",".383",".223",".296",".284",".125",".360",".329","87.3","-3.3",4.6,63.5,15.8,28.3,39.5,60.5,17,43,48.9,152,68.4,6.1,27,206,19,311,84.2,16,101,51.1,159,43.7,136,22.9,46.3,64.6,7.7,24.6,3.1
"Ragans, Cole",666142,2024,"32","186.1",146,15,223,67,29.3,8.8,".213",".334",".289","0.623","0.121","65","0","0","11","9","3.14","0","32",".213",".344",".277",".284",".290",".130",".358",".317","88.3","15.2",6.2,69.7,24.3,29.8,48.7,51.3,235,483,52,1621,82.5,6.8,740,1655,723,3118,75.7,253,1043,48,1497,43.1,1345,32,48.9,41.4,27.3,23.6,7.7
"Allen, Logan",663531,2024,"12","28.0",32,3,21,10,16.4,7.8,".281",".412",".344","0.756","0.131","17","1","0","0","1","5.46","1","0",".302",".453",".330",".360",".365",".150",".398",".366","89.3","12.9",5.3,73.2,14,21.8,42.6,57.4,20,47,46,216,78.9,8.1,97,269,6,470,86,26,186,54,254,41.7,196,19.7,49.6,42.1,18.9,31.6,7.4
"Brasier, Ryan",518489,2024,"29","28.0",22,3,25,5,22.7,4.5,".218",".376",".248","0.624","0.158","11","0","2","1","0","3.54","6","4",".246",".414",".265",".295",".276",".168",".364",".317","90.7","16.6",7.5,73.3,15.6,34.8,40.4,59.6,23,57,43.9,164,81.3,8.6,0,220,154,374,84.4,24,154,56.1,210,46.8,175,22.3,56.4,45,22.5,21.3,11.3
"Soriano, George",666277,2024,"22","29.1",27,7,29,13,22.1,9.9,".241",".509",".336","0.845","0.268","22","1","3","1","1","6.75","2","0",".286",".535",".360",".390",".376",".249",".461",".379","89","15.2",12.9,65.1,14.9,25.7,52.2,47.8,35,67,50.3,261,66.7,8.1,91,223,205,519,85.1,25,168,49.7,258,43.4,225,25.5,45.3,25.9,27.1,38.8,8.2
"Díaz, Edwin",621242,2024,"54","53.2",36,7,84,20,38.9,9.3,".188",".328",".273","0.601","0.140","21","20","7","6","4","3.52","2","0",".164",".292",".269",".249",".252",".128",".347",".289","85.9","13.9",7.3,68.4,28.6,30.7,57.9,42.1,84,145,51.8,472,85,6.6,0,475,437,912,71.4,86,301,48.2,440,39.8,363,38.1,48.9,44,22.9,19.3,13.8
"Bido, Osvaldo",674370,2024,"16","63.1",43,3,63,26,24.3,10,".192",".286",".295","0.581","0.094","24","0","0","5","3","3.41","1","9",".180",".280",".265",".260",".284",".100",".275",".249","85.6","21.7",4.3,69.4,17.6,27,47.9,52.1,70,146,51.1,540,81,8,160,672,223,1056,82.4,63,358,48.9,516,40.5,428,26.4,47.7,30.7,29.4,23.9,16
"Buehler, Walker",621111,2024,"16","75.1",89,16,64,28,18.6,8.1,".289",".506",".356","0.862","0.217","45","0","0","1","6","5.38","0","16",".260",".432",".370",".336",".331",".172",".376",".328","88.3","10.8",6.9,65.6,12.3,24.5,39.1,60.9,63,161,49.1,656,76.3,7.3,69,884,267,1336,87.7,55,446,50.9,680,43.9,586,19.4,45.4,45.9,22.4,27.2,4.5
"Kerr, Ray",678061,2024,"10","22.1",29,4,27,7,26.2,6.8,".315",".533",".379","0.912","0.218","14","0","0","1","2","5.64","0","2",".250",".448",".390",".346",".328",".198",".436",".360","90.6","15.5",12.1,65.9,23.3,32.8,57.6,42.4,38,66,52.5,201,74.1,7,17,186,180,383,76.7,28,120,47.5,182,41.5,159,35.5,48.6,34.8,33.3,28.8,3
"Vieira, Thyago",600986,2024,"28","38.0",37,8,39,26,22,14.7,".252",".469",".367","0.836","0.217","22","1","0","0","1","5.21","1","0",".236",".441",".361",".349",".355",".205",".388",".317","89.6","13",10,62.2,17.5,23.5,44.7,55.3,38,85,49.1,362,77.3,6,6,465,266,737,82.5,41,234,50.9,376,43.4,320,24.8,43.3,39.1,29.1,24.5,7.3
"Peralta, Wandy",593974,2024,"46","38.1",33,6,22,13,13.6,8,".231",".378",".315","0.693","0.147","17","0","1","3","2","3.99","11","0",".264",".445",".307",".355",".347",".182",".369",".313","89.1","7",8.2,68.9,9,34,33.9,66.1,41,121,58.1,356,80,5.7,256,295,62,613,91,16,177,41.9,257,40.9,251,19.1,48.6,53.3,18.9,22.1,5.7
"Stripling, Ross",548389,2024,"22","85.1",109,7,49,22,12.9,5.8,".309",".453",".347","0.800","0.144","57","0","0","2","11","6.01","1","14",".291",".450",".344",".340",".333",".159",".370",".336","88.3","13.6",6.8,65.6,12.6,29.2,27.1,72.9,52,192,48.5,658,75.2,7.4,239,820,299,1358,87.4,58,459,51.5,700,46.5,632,16.9,47.9,40.8,23.3,27.8,8.1
"Skenes, Paul",694973,2024,"23","133.0",94,10,170,32,33.1,6.2,".198",".295",".257","0.552","0.097","29","0","0","11","3","1.96","0","23",".191",".302",".247",".250",".252",".111",".334",".299","87.8","8.4",5.2,68.5,20.8,30.9,46.5,53.5,151,325,49.6,1053,82.7,6.3,717,834,362,2125,79.2,153,734,50.4,1072,44.1,937,28.7,49.8,52.3,20.3,20.3,7.2
"Darvish, Yu",506433,2024,"16","81.2",65,12,78,22,23.6,6.6,".217",".387",".274","0.661","0.170","30","0","0","7","3","3.31","0","16",".226",".392",".286",".298",".286",".166",".357",".305","89.4","17.1",7.5,69.4,19.2,30.7,41.7,58.3,75,180,46.6,587,74.8,8.5,114,505,465,1261,80.8,90,468,53.4,674,43.3,546,25.6,51.5,39.5,28.5,22.8,9.2
"Basso, Brady",669620,2024,"7","22.1",23,3,19,5,20.4,5.4,".264",".379",".301","0.680","0.115","10","0","0","1","1","4.03","0","4",".248",".396",".297",".298",".287",".148",".352",".314","89.6","15",7.2,67.2,18.5,24.9,39.5,60.5,17,43,49.4,173,82.1,8,43,235,72,350,81.5,22,119,50.6,177,41.1,144,24.1,46.3,42,30.4,18.8,8.7
"Smyly, Drew",592767,2024,"50","58.2",57,10,56,25,21.8,9.7,".252",".416",".333","0.749","0.164","25","0","3","4","8","3.84","10","0",".232",".373",".325",".302",".316",".141",".344",".307","89.2","19.5",6.4,68.8,15.3,27.7,49.3,50.7,70,142,50.4,512,81.2,8.4,0,522,494,1016,84.7,53,347,49.6,504,41,417,25.2,48.1,36.4,29.5,24.3,9.8
"Ginkel, Kevin",656464,2024,"72","70.0",69,6,77,15,26.5,5.2,".256",".389",".300","0.689","0.133","25","5","6","8","3","3.21","18","0",".229",".367",".300",".283",".277",".138",".357",".320","89.8","10",5.6,68.3,18.1,31.9,47.2,52.8,93,197,52.1,617,75.3,6.5,0,729,455,1184,81.9,70,387,47.9,567,42.9,508,27.9,49.3,42.9,25.5,27,4.6
"Scherzer, Max",453286,2024,"9","43.1",40,7,40,10,22.6,5.6,".242",".436",".288","0.724","0.194","19","0","0","2","4","3.95","0","9",".241",".407",".312",".307",".289",".166",".371",".319","87.9","20.8",7.9,72.6,20.3,36.4,47.5,52.5,57,120,49.3,330,91.3,6.9,93,334,242,669,79.7,50,246,50.7,339,47.5,318,29.2,54.7,34.1,29.4,23.8,12.7
"Sale, Chris",519242,2024,"29","177.2",141,9,225,39,32.1,5.6,".216",".319",".269","0.588","0.103","47","0","0","18","3","2.38","0","29",".211",".323",".260",".263",".264",".112",".355",".322","86.5","9.6",5.6,63.9,21.7,33.5,49.4,50.6,229,464,49.2,1384,65.4,7.3,400,1280,1135,2815,78.3,199,915,50.8,1431,42.9,1209,31,49,46,24,25.8,4.2
"Funderburk, Kody",681892,2024,"27","34.2",41,4,32,15,19.9,9.3,".301",".478",".381","0.859","0.177","25","1","0","1","0","6.49","5","0",".277",".423",".370",".354",".369",".145",".395",".361","87.8","6",7.3,60.4,16.2,24.1,47.4,52.6,37,78,49.7,324,70,6.1,24,416,0,652,83.8,32,198,50.3,328,42.2,275,25,42.3,55,16.5,22.9,5.5
"McCaughan, Darren",670766,2024,"12","42.0",53,9,28,15,14.4,7.7,".310",".532",".379","0.911","0.222","29","2","0","0","0","6.21","1","5",".270",".488",".390",".361",".346",".218",".382",".318","89.1","19.5",8.2,64.2,13,23,23.7,76.3,18,76,46.4,331,66.7,8.8,79,364,0,714,87,32,246,53.6,383,41.9,299,15.5,45.1,35.6,35.6,21.9,6.8
"Castillo, Luis",622491,2024,"30","175.1",158,25,175,47,24.3,6.5,".238",".412",".293","0.705","0.174","71","0","0","11","12","3.64","0","30",".243",".422",".305",".313",".298",".179",".387",".329","89.7","16.3",8.5,71.2,17.9,31,43.5,56.5,197,453,51.2,1462,78.3,7.7,408,1811,639,2859,82.1,178,994,48.8,1396,45.5,1300,25.9,50.6,40.9,26.8,22.4,10
"Anderson, Chase",502624,2024,"29","58.1",55,12,42,21,16.5,8.2,".242",".449",".315","0.764","0.207","35","3","0","0","2","5.40","0","1",".239",".443",".329",".332",".317",".205",".359",".296","86.5","20",8.5,70.3,21,23,32.2,67.8,38,118,50.6,514,78.2,7.7,309,512,41,1016,79,74,353,49.4,502,43.8,445,23.8,46.4,31.9,34,22.3,11.7
"Manaea, Sean",640455,2024,"32","181.2",134,21,184,63,24.9,8.5,".202",".338",".280","0.618","0.136","70","0","0","12","6","3.47","0","32",".225",".388",".275",".304",".300",".164",".362",".310","88.6","16.3",7.5,68.6,19,28.6,43.9,56.1,184,419,48.9,1465,81.9,8.1,350,1889,190,2996,81,200,1050,51.1,1531,44.4,1330,26.1,49,37.8,29.1,24.9,8.1
"Thompson, Ryan",657044,2024,"67","66.1",64,5,52,15,19.1,5.5,".254",".377",".296","0.673","0.123","24","2","7","7","5","3.26","24","0",".254",".407",".290",".312",".299",".153",".366",".320","90","-0.5",7.4,65.1,15.2,33.5,39,61,62,159,48.5,474,73.5,7,0,726,251,977,84.8,50,328,51.5,504,44.3,433,23,49.8,62.7,15.2,17.6,4.4
"Suarez, Robert",663158,2024,"65","65.0",52,7,59,16,22.9,6.2,".217",".333",".265","0.598","0.116","20","36","6","9","3","2.77","1","0",".216",".366",".262",".275",".265",".149",".330",".286","89","16",7.7,77.4,21.9,30.9,31,69,44,142,47,459,87.5,9,123,854,0,977,78.1,88,401,53,518,42.1,411,24.3,55.6,42.1,26.8,20.8,10.4
"Santillan, Tony",663574,2024,"29","30.0",21,4,46,9,37.7,7.4,".186",".319",".246","0.565","0.133","10","0","2","3","3","3.00","4","1",".183",".304",".250",".245",".244",".121",".354",".309","90.2","19.7",6,70.5,23.6,26.6,50,50,31,62,46.2,233,78.6,8.3,5,304,125,504,76.4,45,191,53.8,271,44.8,226,30,50.2,34.3,32.8,26.9,6
"Morton, Charlie",450203,2024,"30","165.1",154,23,167,65,23.8,9.3,".251",".427",".339","0.766","0.176","77","0","0","8","10","4.19","0","30",".242",".415",".335",".331",".332",".174",".388",".332","88.7","9",9.3,66.3,16.1,28,48.5,51.5,195,402,51.4,1434,76.4,7,307,1301,1183,2791,83.9,145,900,48.6,1357,43.5,1215,26.1,46.6,47.2,23.3,25.5,4
"Leiter Jr., Mark",643410,2024,"60","58.0",55,8,86,22,33.6,8.6,".238",".390",".313","0.703","0.152","29","0","3","4","5","4.50","15","0",".222",".352",".308",".291",".298",".131",".397",".354","88.8","11.3",8.3,63.6,23.2,34.6,58.6,41.4,119,203,57.8,587,75,5.5,368,382,172,1015,76.8,63,272,42.2,428,41.9,425,38.3,46.8,46.2,20.7,25.5,7.6
"Walker, Ryan",676254,2024,"76","80.0",50,5,99,18,32.1,5.8,".179",".265",".251","0.516","0.086","17","10","4","10","4","1.91","21","1",".191",".299",".233",".255",".262",".109",".331",".295","86.4","9.8",6,60.7,19.4,29.2,50.6,49.4,84,166,46.6,569,68.1,9.5,0,674,546,1221,80.6,77,396,53.4,652,43.4,530,28.6,46,46.2,23.1,24.2,6.6
"Blewett, Scott",656240,2024,"12","20.1",17,2,18,8,21.2,9.4,".224",".368",".306","0.674","0.144","4","0","0","1","1","1.77","0","0",".239",".391",".290",".307",".319",".153",".356",".313","91.9","14.3",8.6,73.8,20.3,30.8,38.8,61.2,19,49,49.8,159,88.5,8.2,71,129,119,319,79.7,24,118,50.2,160,43.6,139,25.7,52.4,44.8,27.6,20.7,6.9
"Nance, Tommy",667297,2024,"20","22.0",18,2,19,9,20.4,9.7,".222",".370",".304","0.674","0.148","10","0","1","0","3","4.09","0","0",".248",".418",".288",".329",".334",".171",".383",".329","87.3","7.9",12.5,61,9.6,27.4,60.9,39.1,28,46,52.2,168,80.8,8.1,0,118,204,322,90.4,9,94,47.8,154,42.2,136,26.4,43.5,53.1,18.8,23.4,4.7
"Bubic, Kris",663460,2024,"27","30.1",26,2,39,5,32.2,4.1,".232",".348",".261","0.609","0.116","9","1","3","1","1","2.67","7","0",".189",".279",".252",".215",".222",".090",".314",".286","83.4","3",2.6,63.3,22.8,35.1,47.3,52.7,35,74,45.2,211,89.5,8.1,77,220,1,467,77.2,37,162,54.8,256,45.6,213,30.5,50.5,59.7,14.3,20.8,5.2
"McKenzie, Triston",663474,2024,"16","75.2",69,19,74,49,21.8,14.4,".240",".479",".351","0.830","0.239","43","0","0","3","5","5.11","0","16",".237",".488",".359",".360",".349",".251",".409",".318","90.7","20",13,64.3,12.4,22.2,52,48,78,150,51.8,676,79.1,8.4,0,683,621,1304,87.6,50,404,48.2,628,39.8,519,23.1,42.5,35.3,34.9,20,9.8
"Fleming, Josh",676596,2024,"25","31.1",34,3,17,14,12.3,10.1,".276",".398",".355","0.753","0.122","14","1","1","1","1","4.02","1","3",".253",".379",".334",".324",".335",".126",".325",".294","86.6","6.6",3.8,65.6,17.3,34.1,21.1,78.9,23,109,60.2,320,70.4,5.1,160,339,33,534,82.7,24,139,39.8,212,40.8,217,18.8,46.8,53.8,17.9,22.6,5.7
"Ramirez, Emmanuel",642629,2024,"15","20.2",21,3,21,8,22.8,8.7,".263",".500",".348","0.848","0.237","16","0","0","0","1","6.97","0","0",".256",".431",".362",".344",".346",".175",".400",".347","91","17.5",6.7,66.7,20.2,29,43.1,56.9,25,58,53.9,200,84.6,7,137,198,36,371,79.8,23,114,46.1,171,36.9,137,27.9,46.4,38.3,26.7,28.3,6.7
"Suárez, Albert",544150,2024,"32","133.2",130,17,108,43,19.1,7.6,".255",".425",".314","0.739","0.170","55","0","1","9","7","3.70","1","24",".241",".420",".320",".316",".303",".179",".358",".305","88.8","17",7.1,76.1,19.2,28,37.4,62.6,125,334,53.4,1194,82.6,6.2,385,1551,293,2234,80.8,152,792,46.6,1041,43.4,969,24.6,50.4,35.5,31.6,25.5,7.3
"Wesneski, Hayden",669713,2024,"28","67.2",56,12,67,21,23.7,7.4,".215",".392",".279","0.671","0.177","29","0","1","3","6","3.86","2","7",".232",".434",".293",".319",".295",".202",".385",".313","87.6","10.8",9.3,62,11.4,30,53.6,46.4,89,166,51.4,553,69.7,7.1,30,608,0,1075,88.6,37,324,48.6,523,42.8,461,25.7,45.6,44,26.9,20.7,8.3
"Paxton, James",572020,2024,"21","100.1",95,12,73,50,16.7,11.4,".251",".404",".336","0.740","0.153","49","0","0","9","3","4.40","0","21",".253",".416",".324",".339",".341",".164",".361",".312","90.5","16",8,69.3,12.5,25.8,43.3,56.7,97,224,50.8,868,75.7,6.5,112,1079,517,1708,87.5,73,582,49.2,840,41.9,715,21.1,47.2,39,29.1,23.3,8.6
"Canning, Griffin",656288,2024,"32","171.2",174,31,130,66,17.6,8.9,".265",".459",".334","0.793","0.194","99","0","0","6","13","5.19","0","31",".257",".448",".341",".338",".328",".191",".374",".317","90.5","14.3",8.6,70.2,14.3,29.2,45.9,54.1,205,447,53.3,1529,76.1,6.4,765,1107,997,2869,85.7,135,941,46.7,1340,43.1,1237,24.5,48.4,41.3,30,22.5,6.1
"Nardi, Andrew",677053,2024,"59","49.2",44,7,70,18,33.3,8.6,".234",".426",".301","0.727","0.192","28","0","6","3","2","5.07","15","0",".194",".332",".312",".265",".266",".138",".357",".306","88.2","21.5",7.4,72.4,23.9,33.3,45.3,54.7,72,159,52.8,478,82.7,5.7,7,551,348,906,76.1,74,310,47.2,428,49,444,31.1,51.8,32.2,38.8,20.7,8.3
"Baumann, Mike",657508,2024,"57","58.1",59,9,58,28,22,10.6,".259",".456",".345","0.801","0.197","36","0","3","3","1","5.55","9","0",".239",".426",".344",".337",".332",".188",".386",".319","91.1","14.5",9.2,69.9,16.2,27,46.2,53.8,66,143,49.6,529,83.3,8.4,19,435,612,1067,83.8,61,376,50.4,538,41.5,443,24.5,48.6,39.1,33.3,22.4,5.2
"Snider, Collin",676092,2024,"42","41.2",36,5,47,13,27.8,7.7,".231",".378",".290","0.668","0.147","9","0","2","3","4","1.94","9","0",".249",".410",".288",".312",".307",".162",".409",".357","85.7","16.7",10.1,74.4,25.7,30.1,41.6,58.4,42,101,49.7,336,94.4,8,0,422,0,676,74.3,65,253,50.3,340,43.3,293,30.2,52.4,32.1,29.4,27.5,11
"Toussaint, Touki",657053,2024,"11","23.0",35,3,26,18,22.2,15.4,".361",".557",".462","1.019","0.196","19","0","0","1","2","7.43","1","0",".270",".418",".437",".364",".392",".149",".410",".372","88.8","7.7",5.6,60.6,17.5,28.7,41.7,58.3,35,84,59.7,293,85.2,5.5,183,180,128,491,82.5,21,120,40.3,198,40.1,197,27.5,41.5,50,23.6,25,1.4
"Hill, Tim",657612,2024,"62","67.0",77,2,31,19,10.7,6.5,".289",".338",".338","0.676","0.049","25","0","1","4","0","3.36","4","0",".261",".328",".299",".297",".317",".067",".304",".299","88","-6.6",1.7,66.3,8.6,30.3,25,75,32,128,43,423,73.6,9.3,0,931,51,982,91.4,32,371,57,560,46.6,458,12.8,50.8,67.8,12.1,18.4,1.7
"Bivens, Spencer",702352,2024,"27","48.2",47,9,37,11,18.3,5.4,".250",".431",".294","0.725","0.181","17","1","0","3","1","3.14","2","2",".242",".438",".311",".314",".287",".196",".363",".301","88.7","8.7",7.8,65.8,15.7,23.5,28.2,71.8,24,85,47,361,83.1,9.2,104,478,3,768,84.3,42,268,53,407,44.8,344,18.7,46,54.2,24.8,15,5.9
"Boyd, Matthew",571510,2024,"8","39.2",32,4,46,13,27.7,7.8,".213",".347",".283","0.630","0.134","12","0","0","2","2","2.72","0","8",".214",".336",".279",".275",".284",".122",".336",".306","87.6","20.2",6.7,70.4,20.6,28.7,50.5,49.5,50,99,51.6,345,81.6,5.7,175,324,170,669,79.4,47,228,48.4,324,45.9,307,29.7,48.9,33.3,29.5,26.7,10.5
"Romero, JoJo",668941,2024,"65","59.0",52,8,51,16,21,6.6,".236",".395",".302","0.697","0.159","22","1","8","7","3","3.36","30","0",".267",".465",".305",".346",".329",".198",".407",".346","89.9","7.9",10.5,61.6,13.3,26.4,52.4,47.6,65,124,51,469,68.7,9,157,450,312,919,86.7,37,278,49,451,37.1,341,25.4,43.7,49.7,24,24,2.3
"Suarez, José",660761,2024,"22","52.1",57,7,56,27,23.3,11.3,".274",".495",".367","0.862","0.221","35","1","0","1","2","6.02","0","3",".254",".413",".371",".340",".351",".160",".394",".348","89","13.4",8.5,68.1,16,28.9,48.4,51.6,78,161,56.5,558,84.5,5.9,244,492,134,987,84,47,293,43.5,430,39.5,390,27.5,46,39.9,22.2,30.1,7.8
"Fairbanks, Pete",664126,2024,"46","45.1",36,4,44,17,23.8,9.2,".217",".313",".288","0.601","0.096","18","23","4","3","3","3.57","1","0",".253",".396",".265",".313",".321",".143",".379",".342","89.1","15.3",5.6,63.3,15,22.7,44.4,55.6,32,72,45.5,317,76.9,7.5,20,364,312,696,85,36,240,54.5,379,46.6,324,21.8,44.8,42.7,25.8,22.6,8.9
"Henriquez, Ronny",678692,2024,"16","19.1",20,2,15,5,18.3,6.1,".267",".387",".329","0.716","0.120","7","0","1","1","1","3.26","2","1",".276",".469",".312",".352",".338",".193",".405",".345","91.7","7.4",8.3,73.6,15.6,27.7,46.5,53.5,20,43,51.2,155,89.3,9.2,103,99,101,303,84.4,17,109,48.8,148,35.6,108,24.3,50.2,53.3,18.3,20,8.3
"Burke, Sean",680732,2024,"4","19.0",12,2,22,7,28.9,9.2,".174",".333",".250","0.583","0.159","3","0","0","2","0","1.42","0","3",".241",".399",".258",".312",".311",".158",".401",".353","90.3","20.8",8.5,71.1,15.1,29.4,59.6,40.4,28,47,51.8,160,91.3,7.4,19,125,165,309,84.9,16,106,48.2,149,42.1,130,28.8,49.5,34,25.5,25.5,14.9
"Treinen, Blake",595014,2024,"50","46.2",33,5,56,11,30.4,6,".194",".335",".250","0.585","0.141","10","1","4","7","3","1.93","16","0",".187",".304",".257",".246",".245",".117",".316",".279","87.6","14",5.2,61.4,14.7,35.2,50.4,49.6,66,131,50.5,372,69.6,7.6,0,453,0,737,85.3,33,224,49.5,365,43,317,27.9,48.2,44.3,31.3,18.3,6.1
"Ryan, Ryder",656924,2024,"15","20.2",21,2,17,9,18.3,9.7,".269",".436",".359","0.795","0.167","13","0","0","1","0","5.66","3","0",".267",".458",".346",".360",".361",".191",".393",".336","90.2","15.9",11.1,71,14.4,32.7,44.4,55.6,24,54,48.4,165,71.9,9.4,1,190,149,340,84.8,18,125,51.6,176,42.8,146,23.5,52.6,36.5,31.7,22.2,9.5
"Winn, Cole",668390,2024,"13","17.1",18,2,14,4,18.2,5.2,".261",".391",".325","0.716","0.130","15","0","0","0","1","7.79","0","0",".278",".470",".315",".356",".345",".192",".402",".349","89.9","14.3",10.7,70.6,22.2,30.1,35,65,14,40,46.5,133,92,8.7,60,142,84,286,77.8,24,108,53.5,153,42,120,25.7,51.7,37.5,28.6,30.4,3.6
"Rea, Colin",607067,2024,"32","167.2",169,29,135,43,18.9,6,".258",".447",".311","0.758","0.189","80","1","0","12","6","4.29","1","27",".269",".463",".327",".342",".323",".194",".396",".338","90.4","15.2",8.7,67.7,15.3,24.5,30.9,69.1,97,314,48.4,1282,83.5,8,235,1849,120,2650,84.7,142,927,51.6,1369,43.2,1145,19.3,46.8,39.5,30.4,24.1,5.9
"Hader, Josh",623352,2024,"71","71.0",43,12,105,25,37.8,9,".171",".343",".248","0.591","0.172","30","34","4","8","8","3.80","0","0",".173",".339",".261",".261",".250",".166",".371",".295","89.7","21.2",10.2,75.7,32.7,33.4,57.9,42.1,114,197,50.6,590,82.3,6.8,12,834,320,1166,67.3,143,437,49.4,577,44.3,517,40.5,54.4,29.9,38.1,21.1,10.9
"Hamilton, Ian",641656,2024,"35","37.2",37,2,41,14,25.2,8.6,".261",".373",".331","0.704","0.112","16","1","1","0","1","3.82","11","0",".248",".359",".310",".304",".323",".111",".360",".340","89.5","13.9",3.8,66.4,22.7,35.4,60.5,39.5,69,114,51.9,322,68.6,5.6,0,283,336,619,77.3,45,198,48.1,298,43.2,268,36.5,50.4,43.8,21,26.7,8.6
"Finnegan, Kyle",640448,2024,"65","63.2",61,9,60,24,22.1,8.9,".249",".400",".315","0.715","0.151","26","38","5","3","8","3.68","0","0",".259",".430",".309",".327",".325",".171",".392",".343","91.3","10.6",7,72.4,18.2,27.2,40.3,59.7,50,124,42.7,456,87.1,8,287,721,59,1067,81.8,81,444,57.3,613,43.8,468,23.1,53.2,46.5,24.6,25.7,3.2
"Hentges, Sam",656529,2024,"25","23.2",18,3,27,5,29.7,5.5,".212",".388",".256","0.644","0.176","8","0","0","0","0","3.04","9","0",".208",".329",".278",".257",".252",".121",".341",".306","89.1","11",5.2,65.6,17.8,29.2,56,44,28,50,48.7,171,76.9,7.4,0,164,187,351,82.2,21,118,51.3,180,44.7,157,29.2,47.9,48.3,24.1,22.4,5.2
"Kelly, Joe",523260,2024,"35","32.0",31,4,35,16,24.5,11.2,".261",".412",".369","0.781","0.151","17","0","2","1","1","4.78","13","0",".233",".417",".344",".345",".351",".184",".405",".335","88.7","8",12.8,68.3,15.3,23.7,43.1,56.9,28,65,49.6,274,73.1,9.4,38,296,218,552,84.7,29,190,50.4,278,40.6,224,22.4,46.2,47.7,23.3,24.4,4.7
"Rodriguez, Eduardo",593958,2024,"10","50.0",56,8,47,19,21,8.5,".277",".475",".341","0.816","0.198","28","0","0","3","4","5.04","0","10",".272",".491",".350",".358",".338",".219",".425",".356","88.7","14.5",10.8,65.3,20.5,28.7,26.4,73.6,34,129,51.8,449,87.8,5.7,195,611,60,866,79.5,56,273,48.2,418,46.7,405,22.4,46.4,38.2,28.7,27.4,5.7
"Petersen, Michael",656848,2024,"16","19.2",21,3,14,11,15.6,12.2,".276",".474",".367","0.841","0.198","13","0","1","3","1","5.95","1","0",".249",".427",".358",".349",".352",".178",".366",".308","88.7","22.7",6.3,73.9,15,30.1,30.9,69.1,17,55,50.4,183,86.1,9.9,10,352,1,363,85,20,133,49.6,180,41.3,150,19.7,51.8,26.6,43.8,23.4,6.3
"Milner, Hoby",571948,2024,"61","64.2",63,6,64,14,23.9,5.2,".258",".393",".299","0.692","0.135","34","1","0","5","1","4.73","5","1",".245",".349",".297",".282",".289",".103",".349",".328","87.7","8.4",2.7,59,16.4,26.4,26.3,73.7,35,133,48.3,504,66.1,5.9,143,557,0,1043,83.6,52,318,51.7,539,49,511,19.3,43.2,53.7,20.2,20.7,5.3
"Montero, Rafael",606160,2024,"41","38.1",35,8,23,19,14,11.6,".248",".461",".348","0.809","0.213","20","0","3","1","2","4.70","10","0",".266",".482",".352",".368",".363",".216",".379",".315","89.8","11.3",10.1,70.1,12.4,26.8,28.3,71.7,30,106,57.8,395,81.8,4.8,159,473,51,683,87.6,25,202,42.2,288,45.4,310,17.9,45.1,42.9,26.1,26.1,5
"Taylor, Troy",700187,2024,"21","19.1",15,4,25,7,30.9,8.6,".203",".419",".272","0.691","0.216","8","1","0","0","0","3.72","6","0",".201",".362",".299",".281",".270",".160",".365",".304","85.7","16.5",14.3,61.9,20.2,25.6,51.2,48.8,22,43,51.2,168,86.4,6.7,5,188,0,328,79.8,20,99,48.8,160,39,128,29.6,43.3,30.6,32.7,24.5,12.2
"Adams, Austin",613534,2024,"56","41.1",38,4,53,23,27.7,12,".250",".408",".389","0.797","0.158","18","0","4","1","2","3.92","22","0",".202",".314",".354",".313",".356",".112",".346",".313","85.1","16.6",4.9,61.9,25.6,23.4,58,42,58,100,53,427,78.3,8.6,0,211,594,805,74.4,60,234,47,378,39.5,318,35.3,41.5,38.2,23.5,27.5,10.8
"Miller, Shelby",571946,2024,"51","55.2",41,9,49,13,21.8,5.8,".202",".384",".262","0.646","0.182","28","2","7","6","8","4.53","5","0",".221",".398",".280",".303",".284",".177",".352",".290","91.1","16.8",7.6,69,17.6,26.9,43.9,56.1,47,107,46.8,398,74.7,10.2,160,515,175,850,82.4,55,312,53.2,452,41.4,352,24.3,49.3,40.5,30.4,20.3,8.9
"Blalock, Bradley",687134,2024,"7","30.2",35,4,20,20,13.6,13.6,".278",".468",".381","0.849","0.190","20","0","0","1","3","5.87","0","6",".292",".502",".371",".389",".394",".210",".402",".348","90.5","14.3",10.4,68.4,15.9,23.2,35.5,64.5,22,62,48.4,267,85.7,7.6,88,283,180,552,84.1,31,195,51.6,285,45.7,252,20.6,46.6,35.8,27.4,31.1,5.7
"Daniel, Davis",669721,2024,"6","30.1",39,5,28,6,20.9,4.5,".307",".512",".343","0.855","0.205","21","0","0","1","4","6.23","0","6",".274",".440",".367",".327",".312",".165",".393",".352","87.2","17.9",10.1,67.2,14.5,32.1,32.1,67.9,26,81,49.6,252,69.8,8.5,104,244,160,508,85.5,25,172,50.4,256,43.1,219,20.2,49.8,36.4,29.3,26.3,8.1
"Lodolo, Nick",666157,2024,"21","115.1",101,13,122,37,24.7,7.5,".231",".380",".316","0.696","0.149","61","0","0","9","6","4.76","0","21",".223",".361",".309",".301",".309",".138",".348",".309","89.2","11.8",8.2,62.6,18,30.2,49.1,50.9,138,281,50,932,69.5,7,306,1048,509,1864,82,105,583,50,932,44.1,822,28.1,46.4,44.9,26.3,24.1,4.7
"Vest, Will",676684,2024,"69","70.1",61,3,63,18,21.8,6.2,".234",".310",".285","0.595","0.076","22","2","6","3","4","2.82","14","0",".261",".384",".261",".310",".316",".123",".369",".343","88.4","7.4",2.9,68.6,19.6,29.2,36.6,63.4,59,161,47.4,551,76.6,8.1,114,797,251,1162,80.4,82,419,52.6,611,42.9,499,24.3,49.9,48.3,21.5,26.8,3.4
"Scott, Christian",681035,2024,"9","47.1",45,8,39,12,19.8,6.1,".250",".433",".303","0.736","0.183","24","0","0","0","3","4.56","0","9",".244",".443",".318",".321",".298",".200",".372",".310","89.2","22.1",10.5,74.8,16.7,25.7,37.1,62.9,36,97,48,378,76.9,8.3,82,416,141,787,83,51,306,52,409,40.9,322,21.6,51.2,34.3,32.2,19.6,14
"Alexander, Scott",518397,2024,"45","38.2",31,3,31,15,19.4,9.4,".223",".338",".304","0.642","0.115","11","0","3","1","3","2.56","10","0",".241",".412",".268",".314",".324",".172",".369",".310","89.2","-1.5",12.5,69.3,7,31.1,45.2,54.8,42,93,52.8,299,75.7,6.5,74,364,128,566,93,13,185,47.2,267,41.7,236,19.8,49.1,60.7,17,21.4,0.9
"Beck, Tristan",663941,2024,"7","16.0",14,2,14,4,20.9,6,".230",".393",".284","0.677","0.163","3","0","0","0","0","1.69","0","1",".220",".417",".293",".304",".280",".197",".352",".287","88.5","21.8",12.5,68.9,12.1,30,42.4,57.6,14,33,45.5,110,72,10.3,0,122,83,242,87.9,11,91,54.5,132,42.6,103,20.2,51.2,33.3,37.5,18.8,10.4
"Criswell, Jeff",676105,2024,"13","19.2",20,4,27,9,31,10.3,".263",".474",".345","0.819","0.211","6","0","0","1","0","2.75","0","0",".246",".469",".353",".348",".332",".224",".469",".379","87.7","11.9",12,68.2,31.7,30.6,50.8,49.2,32,63,58.2,206,81.8,6.2,51,152,151,354,68.3,32,101,41.8,148,38.1,135,39,46.3,42,24,32,2
"Cleavinger, Garrett",664076,2024,"68","60.0",52,6,71,31,26.7,11.7,".231",".342",".338","0.680","0.111","25","6","2","7","5","3.75","15","0",".229",".380",".308",".325",".340",".151",".383",".334","86.9","12.5",9.6,66.6,20.2,30.1,51.2,48.8,84,164,51.5,544,76.5,7.7,0,622,254,1056,79.8,69,341,48.5,512,42.4,448,30.3,47.8,41.4,29.3,23.6,5.7
"Harvey, Hunter",640451,2024,"49","50.2",51,5,55,16,25.1,7.3,".259",".442",".330","0.772","0.183","25","1","3","2","4","4.44","28","0",".276",".465",".333",".349",".345",".190",".438",".382","90.4","10.9",9.1,68.9,22.8,31.2,37.9,62.1,50,132,46.7,423,76.8,9.1,210,570,126,906,77.2,76,333,53.3,483,43.8,397,27.1,51.3,45.5,17.5,32.2,4.9
"Schwellenbach, Spencer",680885,2024,"21","123.2",106,14,127,23,25.4,4.6,".226",".391",".271","0.662","0.165","46","0","0","8","7","3.35","0","21",".238",".380",".286",".291",".282",".142",".367",".326","87.6","11.7",4.9,69.6,18.3,34.2,48.8,51.2,147,301,46.6,880,75.6,8.9,242,995,650,1887,81.7,128,701,53.4,1007,43.3,818,27.4,53.1,43,25.3,24.7,7
"Mayza, Tim",641835,2024,"50","42.2",54,5,28,15,14.4,7.7,".309",".486",".359","0.845","0.177","30","0","1","0","2","6.33","8","0",".282",".474",".358",".349",".339",".192",".382",".332","88.3","9.2",9.3,65.1,10.5,23.6,37.2,62.8,32,86,49.8,364,68.6,7,0,544,187,731,89.5,25,239,50.2,367,41.3,302,17.5,44.5,46.4,24.5,27.2,2
"Pagán, Emilio",641941,2024,"38","38.0",40,6,44,11,27.8,7,".278",".444",".323","0.767","0.166","19","1","1","4","5","4.50","7","1",".243",".429",".330",".317",".297",".186",".413",".349","90.4","20.9",8.7,72.6,26.4,31.6,37.9,62.1,33,87,46.4,275,83.3,8.1,89,504,0,593,73.6,61,231,53.6,318,44.5,264,29.6,53.6,32,32,25.2,10.7
"Mlodzinski, Carmen",669387,2024,"40","50.2",41,3,46,19,22,9.1,".223",".315",".297","0.612","0.092","19","0","2","5","5","3.38","5","4",".226",".341",".272",".288",".303",".115",".324",".298","89.3","12.9",2.8,70.1,19.3,27.4,42.6,57.4,52,122,51.4,445,72.9,8.1,3,521,230,866,80.7,57,295,48.6,421,40.1,347,26.1,48.2,46.5,29.6,18.3,5.6
"King, John",667463,2024,"56","60.0",58,5,38,14,15.3,5.6,".258",".351",".296","0.647","0.093","19","0","2","3","3","2.85","9","0",".251",".388",".280",".309",".298",".137",".341",".302","88.5","1.2",6.2,69.1,10.9,31.4,32.6,67.4,43,132,49,420,80.8,8.5,237,517,103,857,89.1,33,302,51,437,44.1,378,17.5,50.6,61.5,16.4,20,2.1
"Minter, A.J.",621345,2024,"39","34.1",24,6,35,11,26.1,8.2,".198",".364",".271","0.635","0.166","10","1","3","5","4","2.62","9","0",".204",".364",".277",".282",".276",".160",".344",".287","87.3","15.3",6.9,72.6,18.9,31.3,51.9,48.1,41,79,48.3,252,83.8,7.1,93,429,0,522,81.1,37,196,51.7,270,45.6,238,28.4,52.7,44.8,29.9,16.1,9.2
"Kahnle, Tommy",592454,2024,"50","42.2",30,5,46,19,25.7,10.6,".190",".342",".285","0.627","0.152","10","1","0","0","2","2.11","16","0",".201",".335",".278",".286",".295",".134",".331",".284","86.2","3.7",6.3,69.1,23,31.2,58.3,41.7,77,132,56.4,423,70.8,6.4,546,161,43,750,77,52,226,43.6,327,42.7,320,36,47.7,59.8,18.8,19.6,1.8
"Joyce, Ben",690829,2024,"31","34.2",26,1,33,14,23.2,9.9,".210",".250",".310","0.560","0.040","8","4","0","2","0","2.08","8","1",".208",".299",".263",".284",".308",".091",".305",".283","87.2","0.2",4.4,70.3,24.5,25.9,43.1,56.9,28,65,46.4,251,80,8.3,21,438,82,541,75.5,50,204,53.6,290,40.5,219,29,49.7,59.3,15.4,20.9,4.4
"Glasnow, Tyler",607192,2024,"22","134.0",92,15,168,35,32.2,6.7,".190",".347",".244","0.591","0.157","52","0","0","9","6","3.49","0","22",".193",".332",".258",".257",".248",".138",".347",".296","89","9.3",8.5,66.7,19.7,27.3,62.6,37.4,159,254,46.3,932,83.9,8.4,0,1080,931,2011,80.3,142,720,53.7,1079,40.6,816,30.9,48.4,48.3,23.7,21.1,6.9
"Hernández, Daysbel",678226,2024,"16","18.0",10,0,26,10,35.1,13.5,".159",".175",".284","0.459","0.016","5","0","1","3","0","2.50","1","0",".168",".230",".221",".246",".292",".062",".297",".286","85.2","19.5",2.7,66.4,20.2,32.6,59.3,40.7,35,59,54.8,181,86.4,6.7,0,151,179,330,79.8,20,99,45.2,149,38.8,128,34.8,47.9,37.8,32.4,18.9,10.8
"Wilson, Justin",458677,2024,"60","46.2",55,10,51,13,24.4,6.2,".286",".495",".335","0.830","0.209","29","2","2","1","5","5.59","11","0",".239",".446",".354",".317",".294",".207",".394",".325","88.6","17.8",11.2,74.6,20.1,33.8,37.1,62.9,49,132,47.8,390,80.8,9.6,9,600,207,816,79.9,64,318,52.2,426,43.4,354,25.1,55.1,39.2,28.7,21,11.2
"Stanek, Ryne",592773,2024,"63","55.1",48,8,67,25,27.8,10.4,".226",".387",".315","0.702","0.161","30","7","4","7","3","4.88","17","0",".203",".368",".307",".292",".295",".165",".354",".295","90.2","19",9.6,72.6,27.3,32,45.7,54.3,74,162,51.9,507,79.7,6.6,209,606,162,977,72.7,93,341,48.1,470,42.9,419,33.2,51.5,33.6,38.4,20.5,7.5
"Liberatore, Matthew",669461,2024,"60","86.0",81,11,76,28,21.2,7.8,".251",".415",".312","0.727","0.164","42","0","2","3","4","4.40","7","6",".248",".425",".313",".320",".310",".178",".377",".322","89.7","13.2",7.1,72.5,18,27.9,47.4,52.6,82,173,45.7,620,87.9,8.5,62,834,461,1358,82,96,534,54.3,737,42.4,576,25.1,52.1,44,27,22.2,6.7
"Puk, A.J.",640462,2024,"62","71.1",51,5,88,28,29.9,9.5,".195",".324",".276","0.600","0.129","25","3","3","4","9","3.15","14","4",".198",".301",".265",".262",".280",".103",".325",".297","86.2","16.8",4,64.2,24.1,32.1,49.7,50.3,87,175,46.5,545,70.2,8,47,680,254,1173,75.9,97,403,53.5,628,44.4,521,31.8,49.3,37.5,30.7,22.7,9.1
"Okert, Steven",595345,2024,"44","35.1",37,6,33,16,20.6,10,".266",".460",".352","0.812","0.194","20","1","6","3","2","5.09","7","1",".226",".399",".347",".313",".321",".173",".353",".299","85.5","19.7",8.3,66.7,17.5,22.8,42.6,57.4,29,68,48.4,298,75.6,6.7,49,202,365,616,82.5,37,212,51.6,318,42,259,23.6,45.5,32.4,25,25.9,16.7
"Roycroft, Chris",688297,2024,"27","34.1",31,2,33,17,21.3,11,".238",".354",".338","0.692","0.116","16","0","1","1","2","4.19","1","0",".219",".305",".309",".292",".323",".086",".304",".287","86.9","1",2,62.1,15,28.8,37.6,62.4,32,85,49.5,295,72.9,8.1,0,471,0,596,85,28,187,50.5,301,47,280,22.1,45.6,55.4,17.8,20.8,5.9
"Jax, Griffin",643377,2024,"72","71.0",47,4,95,15,34.4,5.4,".184",".281",".234","0.515","0.097","16","10","6","5","5","2.03","24","0",".186",".312",".227",".244",".236",".127",".342",".294","88.2","6.3",8,65.8,24.4,38.3,60.8,39.2,124,204,49.9,533,70.9,7.4,178,424,66,1068,75.6,86,352,50.1,535,41.3,441,37.8,52.1,52.1,23.9,17.8,6.1
"Cannon, Jonathan",686563,2024,"23","124.1",125,18,91,40,17.4,7.7,".263",".440",".324","0.764","0.177","62","1","0","5","10","4.49","0","21",".256",".426",".332",".328",".319",".169",".364",".317","89","14.6",7.3,67.2,14.9,28.6,36.6,63.4,111,303,52.2,1058,82.3,7.8,379,1207,0,2028,85.1,97,652,47.8,970,43.3,878,21.8,47.1,38.3,25.4,28.5,7.8
"Festa, David",701581,2024,"14","64.1",62,9,77,23,27.8,8.3,".247",".434",".314","0.748","0.187","35","0","0","2","6","4.90","0","13",".235",".411",".324",".314",".303",".176",".398",".337","89.5","15.1",8.6,66.9,19.7,31.7,45.6,54.4,82,180,51.7,568,77.8,6.6,308,442,349,1099,80.3,70,355,48.3,531,41.7,458,28.4,48.7,36.6,25.1,29.7,8.6
"Smith, Will",519293,2024,"45","41.1",45,7,29,15,15.6,8.1,".273",".467",".342","0.809","0.194","30","1","1","0","4","6.53","8","0",".278",".484",".347",".358",".348",".206",".394",".336","87","18",8.6,65.3,16.5,27.9,41.3,58.7,38,92,49,330,65.4,7.7,98,195,380,673,83.5,37,224,51,343,40.3,271,23.7,47,30.9,32.4,29.5,7.2
"Gray, Jon",592351,2024,"23","102.2",107,11,86,28,19.6,6.4,".262",".404",".308","0.712","0.142","51","0","0","5","6","4.47","0","19",".272",".447",".309",".332",".318",".176",".391",".343","90.5","15.3",8.6,70.6,14.6,29.7,48.9,51.1,110,225,46.6,757,84,8.1,115,720,785,1620,85.4,89,611,53.4,866,43.6,707,23.8,51.6,40.6,26.8,25.8,6.8
"Emanuel, Kent",592288,2024,"12","17.2",20,4,12,7,14.6,8.5,".282",".521",".366","0.887","0.239","13","0","0","0","0","6.62","0","0",".267",".483",".379",".366",".353",".216",".383",".316","89.5","1.7",10,61.5,10.4,18.5,18.5,81.5,5,27,48.3,146,80.6,10.3,39,176,1,302,89.6,10,96,51.7,156,37.1,112,12.2,40.7,60,25,13.3,1.7
"Ferrer, Jose A.",678606,2024,"31","32.0",27,1,25,6,19.4,4.7,".227",".277",".271","0.548","0.050","12","1","1","1","0","3.38","6","0",".230",".296",".245",".263",".281",".066",".296",".294","90.7","5.4",1,63,13.4,29.4,46.7,53.3,28,60,42.8,204,84.6,10.9,91,359,26,476,86.6,23,172,57.2,273,44,210,22,48.7,57.3,16.7,18.8,7.3
"Hernández, Jonathan",642546,2024,"29","43.1",41,6,39,28,20.3,14.6,".256",".431",".366","0.797","0.175","26","0","2","3","1","5.40","0","1",".239",".408",".348",".337",".353",".169",".363",".312","89.2","6.9",8.9,69,18.6,30.8,48.5,51.5,66,136,58.1,442,72.7,5.8,90,296,375,762,81.4,41,220,41.9,319,39.2,298,30.1,46.7,49.2,25,24.2,1.6
"Law, Derek",571882,2024,"75","90.0",82,7,76,24,20.8,6.6,".246",".348",".294","0.642","0.102","26","1","5","7","4","2.60","17","0",".257",".368",".282",".303",".308",".111",".353",".332","88.2","9",3.8,67.8,16,34,50.8,49.2,125,246,52.9,723,75.5,6.9,70,835,463,1368,84,70,437,47.1,645,44.3,606,28.6,49.9,48.1,18.6,28.8,4.5
"Paddack, Chris",663978,2024,"17","88.1",102,14,79,21,20.6,5.5,".283",".444",".323","0.767","0.161","49","0","0","5","3","4.99","0","17",".270",".480",".332",".342",".312",".210",".411",".346","90.4","14.3",9.9,68.1,17.5,30.2,39,61,85,218,49.4,722,82.8,6.8,378,626,456,1460,82.5,88,503,50.6,739,45.6,666,24,49.4,38.5,25.8,29,6.7
"Bednar, David",670280,2024,"62","57.2",54,9,58,28,22.1,10.7,".238",".410",".327","0.737","0.172","37","23","7","3","8","5.77","3","0",".226",".422",".319",".324",".319",".196",".373",".304","90.2","17.9",9.3,69.7,22.3,31.5,39.9,60.1,63,158,49.1,502,77,6,246,568,209,1023,77.7,81,363,50.9,521,44.1,451,27.6,50.9,36.6,30.2,22.1,11
"Strickland, Hunter",519326,2024,"72","73.1",56,10,57,24,19.4,8.2,".211",".376",".280","0.656","0.165","27","1","3","3","2","3.31","12","0",".211",".395",".286",".294",".280",".185",".327",".267","88.9","21.7",9,66.7,17.1,27.9,36,64,59,164,50.7,587,76.3,8,71,836,152,1157,82.9,65,380,49.3,570,44.3,512,22.8,47,35.1,35.1,18,11.8
"Moll, Sam",594580,2024,"48","37.2",27,3,38,14,25,9.2,".201",".313",".283","0.596","0.112","14","0","0","3","2","3.35","11","0",".194",".328",".261",".270",".280",".134",".314",".271","88.8","10.1",6.1,63.8,19.2,25.5,42.3,57.7,33,78,49,306,67.3,7.9,56,415,0,624,80.8,39,203,51,318,42.5,265,25.6,45,48,28.6,18.4,5.1
"Shuster, Jared",694363,2024,"39","73.1",74,9,56,33,17.4,10.3,".261",".410",".333","0.743","0.149","35","0","2","2","5","4.30","3","4",".265",".428",".324",".335",".337",".163",".365",".325","87.5","17.6",7.3,72.4,15.5,25.7,42.7,57.3,76,178,53.7,693,72.8,8,379,544,367,1290,84.5,67,432,46.3,597,40.9,528,23.4,47.3,35.3,26.7,27.6,10.3
"Zuñiga, Guillo",670871,2024,"15","17.2",16,5,12,8,15.8,10.5,".242",".515",".329","0.844","0.273","10","2","0","0","0","5.09","0","0",".235",".429",".350",".319",".323",".194",".341",".282","90.5","14.4",7.3,67.2,10,23.4,50,50,16,32,50.6,137,65.4,9.6,30,182,59,271,90,9,90,49.4,134,43.2,117,20.5,45,36.4,30.9,27.3,5.5
"Ross, Joe",605452,2024,"25","74.0",72,7,66,29,20.6,9,".251",".359",".319","0.678","0.108","31","0","0","3","6","3.77","0","10",".238",".395",".299",".312",".309",".157",".356",".308","88.7","16.7",8,68.8,18.1,27.5,52.3,47.7,81,155,47,563,75.3,7.4,99,631,467,1197,81.9,79,436,53,634,44,527,27.1,49.4,41.5,30.8,20.1,7.6
"White, Mitch",669952,2024,"13","23.2",26,4,13,13,11.8,11.8,".283",".500",".370","0.870","0.217","19","0","0","1","1","7.23","0","0",".284",".529",".366",".384",".373",".245",".400",".325","89.3","12.4",8.4,70.8,12.5,27.8,26.9,73.1,14,52,45.3,187,65.8,9.2,0,217,103,413,87.5,20,160,54.7,226,45,186,16,51.3,43.4,30.1,24.1,2.4
"Martin, Davis",663436,2024,"11","50.0",50,5,47,23,21.4,10.5,".260",".365",".355","0.720","0.105","24","0","0","0","5","4.32","0","10",".224",".378",".324",".316",".323",".154",".346",".297","87.9","11.9",7.6,69.2,15.9,29.5,51.1,48.9,70,137,52,464,81,7.1,176,409,307,892,84.1,47,296,48,428,42.3,377,27,48.5,46.9,26.9,17.9,8.3
"Holman, Grant",680880,2024,"18","15.2",17,1,16,9,21.9,12.3,".270",".365",".370","0.735","0.095","7","0","1","1","1","4.02","5","0",".226",".302",".327",".289",".332",".076",".310",".303","84.3","17.1",0,74.6,17.6,27.1,50,50,23,46,58.2,170,68.8,5.5,97,155,40,292,82.4,16,91,41.8,122,43.8,128,28.5,46.9,44.7,23.4,19.1,12.8
"Gonzales, Marco",594835,2024,"7","33.2",43,5,23,11,15.2,7.3,".312",".478",".360","0.838","0.166","17","0","0","1","1","4.54","0","7",".306",".551",".362",".391",".357",".245",".441",".368","90.9","15.1",11.1,70.4,11.6,33,30.8,69.2,28,91,50.5,276,69,7.7,139,352,55,546,88.4,22,190,49.5,270,46.2,252,17.8,51.5,41.9,24.8,26.5,6.8
"Rasmussen, Drew",656876,2024,"16","28.2",25,0,35,6,30.2,5.2,".229",".275",".267","0.542","0.046","9","1","0","0","2","2.83","3","4",".194",".261",".242",".227",".234",".067",".295",".282","86.2","6.6",0,61.8,19.7,33,54.8,45.2,40,73,48.1,221,64.7,7.4,0,434,0,459,80.3,29,147,51.9,238,42.3,194,31.4,47.9,53.3,24,18.7,4
"Berroa, Prelander",672860,2024,"17","19.0",15,2,26,13,31.3,15.7,".217",".362",".349","0.711","0.145","7","0","0","1","0","3.32","3","0",".131",".215",".318",".236",".278",".083",".240",".211","84.4","21.1",4.7,66.9,18.1,28.8,65.5,34.5,36,55,54.9,191,80.8,7.5,0,151,197,348,81.9,19,105,45.1,157,42.8,149,34.4,46,41.9,30.2,16.3,11.6
"Ramírez, Yohan",670990,2024,"38","45.0",49,4,45,17,21.6,8.2,".280",".423",".379","0.802","0.143","31","1","2","0","5","6.20","3","0",".250",".390",".351",".331",".354",".140",".369",".332","88.5","12.2",6.7,59.8,15.7,24.4,46.8,53.2,44,94,50.1,385,80.7,7.4,0,438,109,768,84.3,36,229,49.9,383,39.2,301,24.8,42.1,45.5,23.9,22.4,8.2
"López, Pablo",641154,2024,"32","185.1",180,26,198,41,25.6,5.3,".252",".407",".298","0.705","0.155","84","0","0","15","10","4.08","0","32",".237",".402",".306",".302",".286",".165",".380",".328","87.9","13.3",8.2,70.7,19.2,33,43.7,56.3,215,492,50,1493,77.3,7.5,599,1436,297,2986,80.8,203,1056,50,1493,43.3,1292,27,51.8,44,26.6,24.9,4.6
"Anderson, Grant",681982,2024,"23","26.2",33,11,29,10,24.2,8.3,".303",".615",".367","0.982","0.312","24","1","1","0","1","8.10","1","0",".259",".506",".409",".350",".327",".247",".442",".353","89","18.5",10,62.9,20.5,23.7,42.3,57.7,22,52,45.3,219,79.4,7,36,263,184,483,79.5,34,166,54.7,264,40.2,194,25.7,45.1,40,30,18.8,11.3
"Sears, JP",676664,2024,"32","180.2",172,28,137,49,18.1,6.5,".251",".439",".311","0.750","0.188","88","0","0","11","13","4.38","0","32",".240",".454",".324",".328",".301",".215",".367",".297","89.3","18.1",10.2,68.4,17.3,27.6,34,66,129,379,48.1,1375,78.3,8.2,549,1339,258,2857,82.7,175,1013,51.9,1482,43.7,1249,21.8,48.7,37.9,32,19.2,11
"Francis, Bowden",670102,2024,"27","103.2",74,17,92,22,22.5,5.4,".196",".371",".253","0.624","0.175","38","0","0","8","5","3.30","0","13",".217",".391",".272",".291",".272",".175",".343",".286","89.1","18.9",8.7,72.4,16.5,27.1,36.3,63.7,70,193,45.7,712,83.5,8.9,285,845,428,1559,83.5,101,613,54.3,847,42,655,21.2,51.7,34.5,33.1,22,10.5
"Thielbar, Caleb",573204,2024,"59","47.1",50,6,53,24,24.5,11.1,".266",".410",".344","0.754","0.144","28","3","0","2","4","5.32","10","0",".233",".399",".327",".316",".319",".165",".378",".323","88.3","16.2",10.1,68.7,21,26.7,34.8,65.2,40,115,48.5,430,77.1,9.4,0,385,228,887,79,66,314,51.5,457,41.7,370,24.7,48.4,39.6,27.3,23,10.1
"Hjelle, Sean",663546,2024,"58","80.2",84,10,75,14,22.3,4.2,".268",".398",".308","0.706","0.130","35","0","0","3","4","3.90","7","0",".247",".386",".306",".297",".290",".138",".362",".324","88.7","2.3",5.3,62.8,12.6,26.6,43.3,56.7,68,157,48.8,590,76.6,7.8,0,793,416,1209,87.4,49,389,51.2,619,44.3,536,21.4,45.2,59.3,16.9,21,2.9
"Martinez, Seth",661527,2024,"44","52.2",49,7,36,18,16.2,8.1,".246",".422",".321","0.743","0.176","21","1","0","3","2","3.59","3","0",".243",".397",".323",".316",".319",".154",".337",".298","88.4","16.4",6.7,67,17.4,26,36.3,63.7,41,113,51.9,435,76.1,8,122,449,0,838,82.6,47,270,48.1,403,41.1,344,23,45.7,42.1,22,24.4,11.6
"Fitts, Richard",690916,2024,"4","20.2",19,0,9,7,10.6,8.2,".250",".289",".313","0.602","0.039","4","0","0","0","1","1.74","0","4",".261",".389",".273",".316",".324",".128",".319",".296","88.5","15.3",1.4,67.1,9.1,32,29.2,70.8,14,48,47.8,150,66.7,6.7,34,140,98,314,90.9,10,110,52.2,164,45.2,142,15.2,50.3,39.1,31.9,23.2,5.8
"Fried, Max",608331,2024,"29","174.1",146,13,166,57,23.2,8,".226",".315",".295","0.610","0.089","63","0","0","11","10","3.25","0","29",".245",".365",".273",".304",".312",".120",".357",".328","86.3","3",5,63.8,15.7,28.9,41.8,58.2,171,409,51.2,1414,74.6,7,377,1486,740,2762,84.3,135,859,48.8,1347,43.5,1201,24.1,45.9,59.2,16.1,21.7,2.9
"Lynn, Lance",458681,2024,"23","117.1",113,16,109,44,21.3,8.6,".247",".402",".316","0.718","0.155","50","0","0","7","4","3.84","0","23",".257",".461",".314",".342",".325",".204",".400",".334","88.9","17",10.5,73.4,20,26.1,34.5,65.5,97,281,52.9,1078,83.8,7.6,128,1758,127,2039,80,141,705,47.1,961,42.6,869,24.1,48.4,36.4,27.7,27.1,8.8
"Wicks, Jordan",696136,2024,"11","46.0",55,9,42,20,19.8,9.4,".291",".497",".365","0.862","0.206","28","0","0","2","4","5.48","0","10",".266",".465",".373",".352",".342",".200",".402",".341","89.4","14.9",8.8,72.2,15.3,31.7,38.8,61.2,57,147,54.3,463,80.4,6.6,220,495,103,852,84.7,43,281,45.7,389,42.6,363,23.4,50.2,40.5,31.8,23.6,4.1
"Pérez, Cionel",672335,2024,"62","53.2",47,0,46,28,19.3,11.8,".232",".310",".338","0.648","0.078","27","2","1","2","0","4.53","22","0",".219",".318",".296",".297",".327",".099",".301",".281","88.3","4.1",5,68.1,15.5,25.3,44.2,55.8,50,113,51.7,447,79.2,6.1,0,540,1,864,84.5,44,284,48.3,417,40.3,348,23.7,45.9,55.3,19.5,20.1,5
"Jackson, Luke",592426,2024,"52","53.0",52,7,59,26,25.1,11.1,".255",".402",".342","0.744","0.147","30","0","3","4","3","5.09","3","0",".227",".382",".328",".316",".320",".156",".371",".319","89.2","8.4",8.8,65.7,16.9,30.9,52.9,47.1,81,153,53.9,495,76.8,6.1,0,299,618,917,83.1,47,278,46.1,423,43.2,397,29.7,47,51.4,25,20.9,2.7
"Bird, Jake",656234,2024,"35","40.0",43,5,31,25,16.8,13.5,".279",".448",".391","0.839","0.169","20","1","2","2","2","4.50","4","0",".254",".453",".368",".364",".371",".199",".381",".316","88.3","11.3",8.8,62.6,13.7,26.2,41.8,58.2,38,91,50.7,347,67.2,8.9,2,358,315,684,86.3,29,211,49.3,337,44.3,303,22.2,44.2,47.2,29.6,20,3.2
"Vesia, Alex",681911,2024,"67","66.1",33,7,87,33,33.1,12.5,".148",".291",".260","0.551","0.143","13","5","3","5","4","1.76","13","0",".153",".324",".246",".260",".264",".171",".328",".250","87.5","30",12.1,70,26.2,26.6,43.8,56.2,67,153,51.9,576,83.6,6.6,56,701,352,1109,73.8,98,374,48.1,534,43.6,484,31.3,47.5,25.7,37.9,15.7,20.7
"Garcia, Robert",676395,2024,"72","59.2",55,4,75,16,29.9,6.4,".237",".323",".288","0.611","0.086","28","0","4","3","6","4.22","13","0",".205",".297",".270",".251",".260",".092",".326",".305","87.7","11.5",3.1,66.5,23.7,33.6,42.3,57.7,63,149,46.9,444,63.3,9.5,295,500,151,946,76.3,79,334,53.1,502,43.9,415,29.4,51.1,47.2,17,25.8,10.1
"Woo, Bryan",693433,2024,"22","121.1",96,14,101,13,21.4,2.8,".211",".337",".237","0.574","0.126","39","0","0","9","3","2.89","0","22",".220",".351",".249",".263",".246",".131",".318",".283","88.8","15.6",4.8,70.2,16.8,29.6,46.2,53.8,98,212,41.7,716,79.2,9,161,1235,164,1716,83.2,118,702,58.3,1000,45.8,786,23.6,53.3,42,28.7,22.5,6.8
"Fedde, Erick",607200,2024,"31","177.1",154,20,154,52,21.2,7.2,".233",".381",".291","0.672","0.148","65","0","0","9","9","3.30","0","31",".242",".404",".293",".309",".301",".162",".359",".313","88.6","14.9",7.6,68.4,15.3,24.4,37.9,62.1,139,367,52,1505,82.1,6.7,474,1834,0,2891,84.7,145,949,48,1387,44.2,1279,21.6,45.5,41.7,27.4,22.3,8.5
"Cole, Gerrit",543037,2024,"17","95.0",78,11,99,29,25.4,7.4,".220",".358",".290","0.648","0.138","36","0","0","8","5","3.41","0","17",".223",".385",".286",".300",".293",".162",".363",".310","89.7","17",7.4,68.5,17.8,27.3,43.2,56.8,89,206,49.2,755,72.6,8.1,62,954,518,1534,82.2,95,535,50.8,781,43.2,663,24.8,48.3,38.3,27,23.8,10.9
"Kittredge, Andrew",552640,2024,"74","70.2",60,10,67,20,23.3,7,".228",".395",".280","0.675","0.167","22","1","7","5","5","2.80","37","0",".247",".424",".289",".313",".299",".177",".385",".329","88.9","11.8",8.5,67.9,15.6,38.9,49.5,50.5,98,198,49.5,509,71.1,7.4,1,519,508,1029,84.4,55,353,50.5,520,42.9,441,27.8,53.5,45.5,22,26,6.5
"Boyle, Joe",671212,2024,"13","47.2",42,4,56,40,24.8,17.7,".235",".346",".382","0.728","0.111","34","0","0","3","6","6.42","1","10",".214",".330",".334",".323",".366",".116",".338",".307","88.2","16.2",4,62.1,20.9,19.3,56.6,43.4,56,99,53,512,75.8,6.8,0,570,367,966,79.1,59,282,47,454,40,386,30.2,39.4,37.3,24.6,28.6,9.5
"Thornton, Trent",663423,2024,"71","72.1",63,8,77,19,26.2,6.5,".238",".396",".299","0.695","0.158","29","1","0","4","3","3.61","10","0",".227",".361",".302",".291",".291",".134",".360",".320","87.9","16.2",7.8,68.1,17.6,32.6,48.1,51.9,88,183,49.3,562,82.4,9,29,381,384,1139,82.4,69,393,50.7,577,42.5,484,27.3,50.6,39.4,27.5,24.9,8.3
"Gallen, Zac",668678,2024,"28","148.0",133,13,156,54,25.1,8.7,".237",".376",".308","0.684","0.139","60","0","0","14","6","3.65","0","28",".242",".390",".301",".311",".313",".148",".376",".335","90","11.8",7.4,63.8,14,29.7,45.2,54.8,193,427,57.5,1440,71.4,5.6,351,1241,914,2506,86,95,680,42.5,1066,46,1153,26,44.2,46.2,23.6,25.8,4.4
"Detmers, Reid",672282,2024,"17","87.1",98,18,109,38,27.9,9.7,".282",".511",".353","0.864","0.229","65","0","0","4","9","6.70","0","17",".226",".408",".370",".315",".306",".182",".395",".328","89.9","16.2",10.7,68,21.4,29.7,47.2,52.8,109,231,49.8,777,76.4,8.1,220,729,608,1559,78.6,114,532,50.2,782,42.3,660,29.2,48.9,39.7,33.5,20.2,6.6
"Lugo, Seth",607625,2024,"33","206.2",177,16,181,48,21.7,5.7,".229",".353",".281","0.634","0.124","69","0","0","16","9","3.00","0","33",".240",".400",".278",".304",".292",".160",".360",".314","88.5","10.7",8,65.1,13.9,27.9,42.7,57.3,184,431,49.6,1544,75.4,7.2,293,1589,790,3112,86.1,142,1021,50.4,1568,42.2,1313,22.5,46.7,44.8,25.8,24.9,4.5
"Sandlin, Nick",680704,2024,"68","57.2",46,12,68,27,27.6,11,".222",".435",".325","0.760","0.213","24","1","3","8","0","3.75","9","1",".221",".425",".328",".330",".327",".205",".408",".327","91.3","18.3",11,69.8,24,28.8,52.5,47.5,84,160,55.4,556,76.8,5.6,266,388,349,1003,76,75,312,44.6,447,41.3,414,33.7,47.1,40,31,18.6,10.3
"González, Victor",624647,2024,"27","23.1",13,3,11,13,11.3,13.4,".160",".296",".299","0.595","0.136","10","2","1","2","1","3.86","3","0",".236",".427",".277",".355",".362",".191",".333",".273","89.3","8.8",7.1,65.3,11.5,24.9,32.1,67.9,17,53,55.2,213,75,8.3,91,185,110,386,88.5,13,113,44.8,173,39.1,151,18.1,43,54.3,25.7,17.1,2.9
"Tinoco, Jesus",622786,2024,"32","40.2",27,3,42,12,25.9,7.4,".184",".279",".259","0.538","0.095","15","3","1","1","0","3.32","6","0",".210",".357",".241",".284",".283",".148",".343",".295","87.1","13",6.7,68.5,22.3,28.4,36.7,63.3,33,90,49.2,317,68.4,5.9,25,283,336,644,77.7,50,224,50.8,327,43.5,280,26.4,48.8,45.7,25.7,18.1,10.5
"Imanaga, Shota",684007,2024,"29","173.1",149,27,174,28,25.1,4,".225",".385",".259","0.644","0.160","56","0","0","15","3","2.91","0","29",".232",".398",".279",".289",".266",".167",".366",".313","88.6","17.8",8.6,75.3,20,34.8,47.6,52.4,207,435,48.3,1251,79.2,7.8,896,1413,84,2590,80,202,1008,51.7,1339,44.2,1144,28.3,55.7,37.2,32.9,21.3,8.6
"Tate, Dillon",622253,2024,"33","36.2",42,2,27,12,16.5,7.3,".286",".381",".354","0.735","0.095","19","1","1","2","1","4.66","3","0",".243",".363",".326",".306",".316",".120",".323",".296","87.5","8.2",5,63.4,10.7,28.1,38.6,61.4,32,83,50,295,62.7,8.6,74,319,0,590,89.3,20,187,50,295,36.6,216,19.3,45.8,51.2,17.4,22.3,9.1
"Garrett, Braxton",666129,2024,"7","37.0",40,5,34,4,21.1,2.5,".263",".414",".304","0.718","0.151","22","0","0","2","2","5.35","0","7",".264",".450",".313",".327",".305",".186",".393",".340","92.3","9",8.5,64.4,10,30.7,46.7,53.3,42,90,49.8,293,60.5,7.3,73,334,181,588,90,19,190,50.2,295,42.3,249,21.8,47.6,51.7,21.2,21.2,5.9
"Kerkering, Orion",689147,2024,"64","63.0",51,2,74,17,28.8,6.6,".223",".301",".297","0.598","0.078","16","0","2","5","3","2.29","14","2",".219",".329",".271",".282",".294",".110",".348",".320","87.3","5.4",5.1,61.4,19,27.9,49,51,71,145,47.8,520,66.7,7.7,0,482,0,1087,81,66,348,52.2,567,44.1,479,27.8,45.4,54.4,18.4,24.7,2.5
"Stroman, Marcus",573186,2024,"30","154.2",167,19,113,60,16.7,8.9,".277",".431",".349","0.780","0.154","74","1","0","10","9","4.31","0","29",".268",".437",".341",".343",".341",".169",".373",".329","89.3","9.9",6.7,66.4,11.2,26.5,38.5,61.5,153,397,56.3,1497,77.8,5.9,295,1500,494,2667,88.8,86,771,43.7,1161,40.1,1067,20.4,43.9,49.9,23.3,22.1,4.7
"Domínguez, Seranthony",622554,2024,"63","58.2",52,12,68,21,26.7,8.2,".225",".424",".294","0.718","0.199","29","11","2","3","4","4.45","6","0",".208",".414",".312",".303",".279",".207",".374",".293","86.9","16.3",12.2,68.7,17,26.1,51.1,48.9,71,139,50.1,533,83.5,8.6,17,623,232,1064,83,62,365,49.9,531,39.3,418,26.4,47.4,36,31.1,22,11
"Alcala, Jorge",660896,2024,"54","58.1",40,8,58,20,24.7,8.5,".190",".352",".269","0.621","0.162","21","0","1","4","3","3.24","16","0",".192",".347",".273",".277",".271",".155",".322",".265","86.6","19",7.2,70.3,22.5,26,44.4,55.6,52,117,48.3,450,88.1,7.2,91,480,360,931,77.5,76,338,51.7,481,43.4,404,28.1,48.9,35.3,31.4,19.6,13.7
"Ortiz, Luis",682847,2024,"37","135.2",109,16,107,42,19.2,7.6,".218",".372",".288","0.660","0.154","50","1","2","7","6","3.32","1","15",".238",".433",".287",".324",".309",".194",".367",".303","89","13.9",8.8,69.9,14.5,24.5,40.7,59.7,103,253,48.2,1032,79.1,8.3,20,1549,574,2143,85.5,113,777,51.8,1111,42.1,902,21,48.1,39.9,30.7,21.9,7.5
"Pearson, Nate",663878,2024,"60","66.1",67,12,74,21,26,7.4,".263",".459",".319","0.778","0.196","33","2","2","2","2","4.48","11","1",".241",".443",".333",".330",".306",".202",".414",".338","90.9","16.8",10.2,65.2,18.9,26.4,51.5,48.5,69,134,48,508,70.7,9.3,1,505,553,1059,81.1,68,359,52,551,41.4,438,27.8,46.6,36.9,28.3,26.2,8.6
"Clase, Emmanuel",661403,2024,"74","74.1",39,2,66,10,24.4,3.7,".154",".202",".190","0.392","0.048","5","47","3","4","2","0.61","0","0",".213",".305",".175",".248",".248",".093",".308",".286","86.5","3",3.6,72.4,20.1,36.8,43.9,56.1,72,164,45.4,446,88.5,7.9,0,781,202,983,79.9,78,389,54.6,537,46.9,461,27.1,56.3,57.8,15.1,24,3.1
"Aguiar, Julian",687924,2024,"7","31.2",30,8,19,12,13.6,8.6,".244",".488",".336","0.824","0.244","22","0","0","2","1","6.25","0","7",".228",".462",".354",".340",".322",".233",".347",".270","88.9","18",11.5,72.8,15.7,25.2,27.7,72.3,18,65,48.7,258,78.4,9.6,100,286,144,530,84.3,31,198,51.3,272,43.2,229,18.6,49.6,37.5,31.7,19.2,11.5
"Ferguson, Tyler",621053,2024,"48","51.1",32,4,62,24,30,11.6,".178",".306",".282","0.588","0.128","21","2","2","4","2","3.68","11","0",".209",".374",".262",".301",".309",".165",".380",".319","88.2","17.3",8.4,65.5,22.4,28.5,37.8,62.2,42,111,47.6,390,74.2,7.6,18,603,0,819,77.6,63,281,52.4,429,42.5,348,26.8,47.9,37.8,31.1,21.8,9.2
"Davis, Noah",663562,2024,"9","20.1",31,3,15,7,15.6,7.3,".352",".523",".400","0.923","0.171","13","0","0","0","0","5.75","1","0",".268",".418",".399",".324",".322",".150",".356",".323","88.1","15.2",5.4,75.4,12.3,24.2,29.5,70.5,13,44,49.9,182,78.3,12.6,28,247,13,365,87.7,17,138,50.1,183,41.1,150,16.5,49.9,43.2,28.4,21.6,6.8
"Henry, Tommy",674072,2024,"9","38.1",49,9,30,18,16.5,9.9,".312",".586",".392","0.978","0.274","30","0","0","2","3","7.04","0","7",".285",".520",".414",".385",".371",".235",".422",".349","91.3","13.1",11.5,69.5,10.4,22.9,36.7,63.3,29,79,48.9,345,82.5,8.1,124,361,221,706,89.6,26,251,51.1,361,42.5,300,16.7,46.7,43.8,28.5,23.1,4.6
"Guenther, Sean",674944,2024,"17","21.0",9,0,12,2,16.4,2.7,".130",".188",".178","0.366","0.058","2","0","1","3","0","0.86","2","0",".199",".278",".167",".236",".243",".079",".253",".241","88.6","3.4",1.8,61.7,8.9,32.2,40.5,59.5,15,37,47.3,115,82.4,7,76,100,67,243,91.1,7,79,52.7,128,49.4,120,19,47.7,63.2,24.6,8.8,3.5
"Musgrove, Joe",605397,2024,"19","99.2",94,14,101,23,24.6,5.6,".251",".419",".310","0.729","0.168","43","0","0","6","5","3.88","0","19",".245",".430",".317",".324",".307",".185",".398",".336","90.3","13.8",10.5,66.2,19.8,27,50.7,49.3,104,205,48,759,73.6,8.2,123,782,360,1582,80.2,108,545,52,823,40.1,634,28.3,47.4,41.7,29.7,23.2,5.4
"Lively, Ben",594902,2024,"29","151.0",139,23,118,49,18.7,7.8,".241",".419",".305","0.724","0.178","64","0","0","13","10","3.81","0","29",".239",".412",".315",".315",".304",".173",".351",".300","90.2","14",6.5,68.4,13,24.3,34.5,65.5,100,290,49.6,1194,83.6,7.1,218,1455,318,2406,87,108,830,50.4,1213,44.2,1063,18.6,46.6,42.6,28.3,21.1,8
"Rodríguez, Yerry",666720,2024,"16","21.2",26,7,17,13,16.2,12.4,".295",".602",".390","0.992","0.307","21","0","0","1","0","8.72","0","0",".305",".610",".414",".436",".411",".306",".488",".385","90.8","16.1",12.3,74.9,18.3,22.4,34.7,65.3,17,49,50,219,73.3,6.8,49,254,135,438,81.7,30,164,50,219,40,175,22.1,48.6,35.6,35.6,24.7,4.1
"Heaney, Andrew",571760,2024,"32","160.0",159,23,159,41,22.9,5.9,".251",".410",".307","0.717","0.159","76","0","0","5","14","4.28","0","31",".251",".442",".312",".328",".310",".191",".397",".336","89.6","18.2",8.3,70.1,17.9,30.5,45.8,54.2,191,417,50,1366,77.9,7.1,462,1412,838,2731,82.1,171,957,50,1365,43.2,1180,26.3,50.3,34.3,30.6,27.9,7.3
"Webb, Jacob",657097,2024,"60","56.2",40,4,58,27,24.5,11.4,".192",".303",".287","0.590","0.111","19","2","1","2","5","3.02","14","0",".207",".352",".266",".291",".300",".145",".331",".285","87.4","17.7",7.9,68.5,22.2,29,40.8,59.2,53,130,48,448,89.6,7.2,258,413,0,934,77.8,74,333,52,486,44.4,415,27.4,49.6,34.4,31.8,23.8,9.9
"Muñoz, Roddery",682610,2024,"18","82.2",89,26,70,42,18.5,11.1,".272",".575",".359","0.934","0.303","60","0","0","2","7","6.53","0","17",".275",".555",".393",".393",".365",".280",".445",".348","90.8","15.9",13.7,67.4,15.4,25.8,43,57,86,200,52.1,774,81.9,6.3,138,1045,302,1485,84.6,74,479,47.9,711,40.7,605,23.6,45.7,34.7,32.4,26.7,6.1
"Dunning, Dane",641540,2024,"26","95.0",97,18,91,40,21.6,9.5,".260",".461",".340","0.801","0.201","56","0","0","5","7","5.31","0","15",".257",".470",".347",".349",".337",".213",".406",".338","90.4","13.6",10.9,66,17.1,25,41.2,58.8,87,211,50,845,81.1,6.6,211,1003,475,1689,82.9,95,557,50,844,43.4,733,23.7,45.5,44.7,29.6,20.8,4.9
"Merryweather, Julian",657240,2024,"15","15.0",18,0,14,9,18.9,12.2,".295",".459",".405","0.864","0.164","11","0","1","1","1","6.60","2","0",".276",".442",".377",".371",".392",".166",".398",".353","93.5","11.9",4.2,70.6,12.5,23.5,59.4,40.6,19,32,50,136,86.2,10.7,33,119,117,272,87.5,12,96,50,136,44.1,120,24.2,47.1,39.6,25,27.1,6.3
"Rogers, Tyler",643511,2024,"77","70.1",67,7,51,6,17.6,2.1,".245",".374",".278","0.652","0.129","22","1","2","3","4","2.82","32","0",".237",".348",".281",".276",".273",".111",".318",".293","85.2","7.5",4.4,70.1,16,27.8,28.3,71.7,32,113,40.5,406,82.7,11,0,646,356,1002,84,67,418,59.5,596,42.7,428,18.6,53,56,19.1,16.4,8.4
"Williams, Devin",642207,2024,"22","21.2",10,1,38,11,43.2,12.5,".133",".227",".261","0.488","0.094","3","14","1","1","0","1.25","0","0",".143",".213",".228",".229",".270",".070",".313",".290","84.2","14.8",5.4,69.9,31.4,29.4,56.3,43.8,36,64,55.8,218,66.7,4.6,176,215,0,391,68.6,38,121,44.2,173,46,180,40,47.3,43.2,35.1,16.2,5.4
"Bazardo, Eduard",660825,2024,"23","27.2",20,2,33,9,30.6,8.3,".204",".296",".271","0.567","0.092","15","0","0","2","0","4.88","0","0",".185",".279",".255",".244",".254",".094",".306",".280","87.3","10.4",4.5,61.7,19.7,30,47.1,52.9,32,68,51.5,227,75.9,6.6,32,203,206,441,80.3,26,132,48.5,214,37.6,166,29,45.4,56.1,24.2,13.6,6.1
"Doval, Camilo",666808,2024,"62","59.0",54,5,78,39,28.8,14.4,".241",".393",".353","0.746","0.152","32","23","5","5","3","4.88","5","0",".182",".319",".327",".288",".310",".137",".335",".281","89.5","-0.2",8.6,61.8,19.6,28.3,61.4,38.6,105,171,54.2,605,69.4,6.5,0,546,570,1116,80.4,62,316,45.8,511,42.5,474,34.3,43.6,60.5,19.1,19.1,1.3
"Maldonado, Anthony",687424,2024,"16","19.0",21,1,11,7,13.4,8.5,".280",".427",".341","0.768","0.147","12","1","1","1","1","5.68","0","1",".259",".375",".321",".299",".322",".116",".326",".303","85.3","19.8",3.1,73.1,21.4,31.9,42.3,57.7,22,52,54.9,163,100,6.1,0,113,184,297,78.6,21,98,45.1,134,41.8,124,28.7,50.5,35.9,25,23.4,15.6
"Miller, Bobby",676272,2024,"13","56.0",69,17,52,30,20.2,11.6,".305",".571",".391","0.962","0.266","53","0","0","2","4","8.52","0","13",".293",".535",".411",".396",".382",".242",".461",".382","91.5","10.4",11.5,70.6,18.9,24.2,36.3,63.7,49,135,52.9,557,79,7.7,210,542,301,1053,81.1,66,350,47.1,496,40.2,423,23.7,46.1,44.8,25.3,24.7,5.2
"Baker, Bryan",641329,2024,"19","23.1",20,3,23,7,24.7,7.5,".235",".435",".290","0.725","0.200","13","0","0","1","1","5.01","3","0",".224",".369",".311",".295",".287",".146",".362",".313","90.6","15.6",9.5,70.5,19.9,24.9,36.4,63.6,16,44,47.8,177,84.8,8.9,51,180,138,370,80.1,27,136,52.2,193,42.4,157,23.9,48.6,42.9,28.6,20.6,7.9
"Fulmer, Carson",608334,2024,"37","86.2",81,11,81,40,21.4,10.6,".246",".419",".334","0.753","0.173","40","0","1","0","5","4.15","0","8",".247",".443",".326",".338",".337",".196",".390",".327","90.6","13",9.5,64.9,15.3,30.3,45.2,54.8,108,239,53.6,789,78.9,6.5,397,692,329,1472,84.7,68,443,46.4,683,43.7,643,25.8,46.3,42.1,28.2,25.4,4.4
"Pop, Zach",647315,2024,"58","48.1",45,9,33,19,15.8,9.1,".243",".422",".317","0.739","0.179","30","1","3","2","4","5.59","12","0",".264",".429",".315",".335",".338",".165",".368",".321","88.9","4.9",7.1,71.1,14.6,31.4,35.9,64.1,46,128,54.8,408,70.7,7.8,0,635,108,744,85.4,35,239,45.2,336,42.1,313,22.1,49.3,55.5,20,18.7,5.8
"Long, Sam",669674,2024,"43","42.2",34,5,44,17,25,9.7,".218",".353",".297","0.650","0.135","15","1","1","3","3","3.16","7","0",".236",".409",".286",".316",".314",".173",".383",".327","87.5","10.2",7.9,68.3,18.2,28.1,49.5,50.5,51,103,52,366,77.8,7.7,60,270,372,702,81.8,42,231,48,338,39.8,280,27.8,47.6,44.7,32.5,17.5,5.3
"Povich, Cade",700249,2024,"16","79.2",80,12,69,34,19.6,9.7,".256",".454",".332","0.786","0.198","46","0","0","3","9","5.20","0","16",".229",".411",".339",".316",".309",".182",".350",".292","88.4","17.8",8.9,67.1,16.5,26.1,38.1,61.9,67,176,48.5,674,75.4,8.2,151,786,359,1389,83.5,79,480,51.5,715,41.3,573,22.3,47.2,35.4,32.5,22.8,9.3
"Ryan, Joe",657746,2024,"23","135.0",110,19,147,23,27.3,4.3,".217",".400",".257","0.657","0.183","54","0","0","7","7","3.60","0","23",".207",".365",".282",".268",".248",".158",".344",".290","88.3","18.5",8.5,68,21.4,30.1,40.7,59.3,116,285,45,947,78.4,8.1,470,1146,149,2106,78.6,169,788,55,1159,45.7,963,26.6,50.9,36.4,29.2,22.6,11.8
"Barnes, Jacob",606930,2024,"63","66.0",67,10,55,20,19.9,7.2,".266",".444",".314","0.758","0.178","32","0","3","8","3","4.36","2","0",".276",".474",".323",".342",".327",".198",".405",".349","89","12.8",6.4,72.1,16.5,29.3,43.4,56.6,76,175,53.4,597,76.5,8.8,0,1078,39,1117,83.5,62,375,46.6,520,40,447,25.1,49.2,38.1,26.2,31.7,4
"Black, Mason",696131,2024,"9","36.1",46,7,31,15,18.3,8.9,".309",".517",".381","0.898","0.208","26","0","0","1","5","6.44","0","8",".277",".499",".387",".371",".355",".222",".419",".350","89.8","18.4",10,68.1,11.4,27.4,28.9,71.1,26,90,49.5,328,75.6,6.2,17,417,61,663,88.6,26,228,50.5,335,46.9,311,16.4,48,32.5,35.8,24.2,7.5
"Kochanowicz, Jack",686799,2024,"11","65.1",68,7,25,10,9.4,3.8,".275",".417",".325","0.742","0.142","29","0","0","2","6","3.99","0","11",".287",".461",".323",".348",".336",".173",".360",".320","90.3","3.6",6.3,72.7,11.5,28.5,27.6,72.4,29,105,43,369,80.7,10.2,25,676,121,859,88.5,41,356,57,490,40.9,351,15.2,53.7,56.5,15.2,23.3,4.9
"Gilbert, Logan",669302,2024,"33","208.2",148,26,220,37,27.4,4.6,".196",".353",".236","0.589","0.157","75","0","0","9","12","3.23","0","33",".220",".373",".255",".276",".260",".152",".358",".310","89.6","12.6",7.2,70.3,20.4,29.9,58.7,41.3,264,450,49.4,1503,76.3,8.3,398,1302,1341,3042,79.6,221,1082,50.6,1539,40.8,1240,31.7,50.4,45.2,24.4,23.8,6.6
"Kirby, George",669923,2024,"33","191.0",181,22,179,23,23,3,".245",".393",".272","0.665","0.148","75","0","0","14","11","3.53","0","33",".232",".403",".287",".290",".263",".171",".360",".307","89","14.8",8.1,73.2,17.9,31.9,39.3,60.7,179,455,48,1425,83.5,8,302,1720,944,2967,82.1,202,1129,52,1542,44.7,1327,24.1,53.4,42.8,26.6,21.3,9.3
"Walker, Taijuan",592836,2024,"19","83.2",107,24,58,37,15.2,9.7,".317",".589",".386","0.975","0.272","66","0","0","3","7","7.10","0","15",".291",".564",".413",".398",".366",".273",".438",".352","91.4","15.4",13.4,64.1,10.3,25.1,32.4,67.6,60,185,51.3,736,73.1,7.2,317,710,166,1435,89.7,46,448,48.7,699,41,589,16.7,44.1,37.5,27.2,28.3,7.1
"Littell, Zack",641793,2024,"29","156.1",164,22,141,31,21.5,4.7,".265",".426",".306","0.732","0.161","63","0","0","8","10","3.63","0","29",".261",".449",".317",".326",".301",".189",".395",".338","89.3","18.1",9.6,70.6,14.5,31.1,44.7,55.3,164,367,47.4,1179,82.7,7.9,576,917,866,2486,85.5,134,922,52.6,1306,43.5,1081,23.1,51.9,34.1,27.8,28.2,9.8
"Oller, Adam",670124,2024,"8","42.1",43,7,36,22,19,11.6,".261",".436",".354","0.790","0.175","25","0","0","2","4","5.31","0","8",".233",".421",".347",".333",".331",".188",".359",".298","90.4","18.2",8.5,63,12.5,26.1,40.4,59.6,40,99,53.5,380,67.3,7.7,50,365,112,710,87.5,26,208,46.5,330,43.7,310,21.5,43.2,38.8,31,19.4,10.9
"Gasser, Robert",688107,2024,"5","28.0",28,2,16,1,14,0.9,".264",".330",".283","0.613","0.066","8","0","0","2","0","2.57","0","5",".251",".337",".268",".270",".272",".086",".299",".288","86","14.3",2.1,67.1,18.2,30.2,32.7,67.3,16,49,40.6,162,78.4,9.3,57,214,0,399,81.8,29,159,59.4,237,40.9,163,21.6,52.1,43.6,23.4,24.5,8.5
"Matthews, Zebby",805673,2024,"9","37.2",51,11,43,11,24.3,6.2,".311",".567",".362","0.929","0.256","28","0","0","1","4","6.69","0","9",".275",".538",".397",".371",".328",".264",".469",".372","90.5","14.1",14,71.8,15.3,27.3,47.9,52.1,46,96,49.1,352,88.2,9.5,57,423,237,717,84.7,40,262,50.9,365,40.6,291,24,49.9,38,29.8,23.1,9.1
"Olson, Reese",681857,2024,"22","112.1",100,7,101,33,21.7,7.1,".238",".347",".295","0.642","0.109","44","0","0","4","8","3.53","0","22",".245",".366",".282",".299",".304",".121",".347",".320","90.2","8.9",5.5,67.2,14.9,32.2,50.3,49.7,171,340,56.9,1055,69.8,6.3,413,813,627,1853,85.1,80,536,43.1,798,39.8,738,28.7,47.3,51.4,19,24.2,5.5
"Gomber, Austin",596295,2024,"30","165.0",178,30,116,38,16.7,5.5,".273",".482",".312","0.794","0.209","87","0","0","5","12","4.75","0","30",".275",".501",".339",".350",".315",".226",".401",".333","90.2","15",9.6,68.7,14.6,25.9,35.3,64.7,114,323,47.6,1247,73.7,8.1,538,1059,1024,2622,85.4,138,944,52.4,1375,46.4,1216,19.9,48.3,38.4,28.7,26.8,6.1
"Jansen, Kenley",445276,2024,"54","54.2",38,4,62,20,28.4,9.2,".196",".304",".271","0.575","0.108","20","27","4","4","2","3.29","0","0",".207",".369",".253",".286",".284",".161",".360",".304","90.4","22.3",11.1,67.4,19.9,24.9,53.6,46.4,45,84,42.2,338,78.9,8.9,0,739,47,801,80.1,62,312,57.8,463,44.6,357,27,49.4,31.1,36.3,22.2,10.4
"Woodford, Jake",663765,2024,"9","35.0",48,6,26,9,15.6,5.4,".314",".529",".359","0.888","0.215","31","0","0","0","6","7.97","0","7",".297",".493",".379",".364",".347",".196",".407",".356","88.9","14.5",7.8,65.7,8.5,22.8,29.6,70.4,21,71,50.5,312,83.8,6,32,412,0,618,91.5,17,201,49.5,306,44.7,276,14,44,37.2,29.5,28.7,4.7
"Mikolas, Miles",571945,2024,"32","171.2",194,26,122,25,16.9,3.5,".284",".485",".312","0.797","0.201","102","0","0","10","11","5.35","0","32",".274",".469",".339",".334",".304",".195",".387",".332","88.8","13.6",8.1,66.5,12.5,27.9,28.7,71.3,94,327,43.3,1171,77.8,9.2,230,1378,971,2705,87.5,127,1020,56.7,1534,45.3,1226,16.4,49.8,42,25.2,25,7.8
"Turnbull, Spencer",605513,2024,"17","54.1",37,6,58,20,26.1,9,".188",".325",".279","0.604","0.137","16","0","0","3","0","2.65","1","7",".228",".385",".272",".314",".315",".157",".377",".324","87.8","10.7",7.2,62.9,15.2,25.4,46.8,53.2,59,126,54.1,496,70.3,7,49,432,131,916,84.8,40,264,45.9,420,41.3,378,25.4,42.6,47.5,25.2,21.6,5.8
"Rogers, Taylor",573124,2024,"64","60.0",53,7,64,22,25.7,8.8,".237",".397",".309","0.706","0.160","16","0","0","1","4","2.40","8","0",".213",".338",".309",".282",".290",".125",".333",".299","86.7","12.3",6.2,61.2,17.3,21.2,43,57,46,107,46.7,505,68.1,10.7,0,571,0,1082,82.7,61,353,53.3,577,40.1,434,23.3,42.5,46,23.6,21.7,8.7
"Bielak, Brandon",656232,2024,"16","29.2",39,5,14,13,10,9.3,".312",".520",".386","0.906","0.208","17","0","0","1","0","5.16","0","0",".294",".527",".391",".390",".370",".233",".399",".332","89.2","15.4",9.9,72,12,23.7,30.3,69.7,20,66,54.5,278,81.3,6.3,140,242,53,510,88,20,167,45.5,232,41.2,210,17.2,45.7,38.7,28.8,27,5.4
"Kolek, Stephen",663568,2024,"42","46.2",59,4,39,12,18.5,5.7,".303",".410",".352","0.762","0.107","27","0","1","3","0","5.21","2","0",".280",".416",".336",".333",".331",".136",".381",".350","88.1","3.6",3.8,67.4,14.8,27.9,39.2,60.8,40,102,45.8,365,63.6,8.3,53,583,78,797,85.2,43,291,54.2,432,44.5,355,21.1,49.3,56.4,16.7,25.6,1.3
"Carrasco, Carlos",471911,2024,"21","103.2",112,19,89,33,19.9,7.4,".276",".505",".336","0.841","0.229","65","0","0","3","10","5.64","0","21",".257",".443",".360",".335",".322",".186",".386",".331","89.3","10.8",8.1,69.2,11.4,31.3,43.9,56.1,126,287,54.2,917,74.1,6.4,393,717,529,1693,88.6,61,537,45.8,776,43.7,740,22.7,48.7,45.9,24.7,23.4,5.9
"Pallante, Andre",669467,2024,"29","121.1",110,8,94,48,18.5,9.4,".240",".338",".315","0.653","0.098","51","0","0","8","8","3.78","1","20",".231",".333",".293",".293",".309",".102",".315",".293","87.4","1.1",3.3,67.7,11.6,24.9,42.6,57.4,103,242,50.1,971,85,8.3,0,1357,577,1978,88.4,76,655,49.9,967,43.6,844,19.8,46.4,61.6,16.2,18.9,3.3
"De Los Santos, Enyel",660853,2024,"64","64.0",65,17,66,25,23.7,9,".262",".544",".342","0.886","0.282","37","2","2","1","2","5.20","9","0",".245",".491",".377",".353",".326",".247",".426",".333","89.3","17.5",12.6,73.9,22.4,26.4,52.6,47.4,71,135,45.3,511,80,8.9,86,557,484,1127,77.6,102,456,54.7,617,42,474,29.3,52.4,35.7,31.3,22,11
"Almonte, Yency",622075,2024,"17","15.2",9,1,20,8,29.9,11.9,".161",".268",".284","0.552","0.107","6","1","1","1","0","3.45","6","0",".195",".317",".249",".286",".313",".122",".340",".297","84.5","14.5",8.1,57.9,13.6,28.8,56.8,43.2,25,44,57.3,153,63.2,7.1,7,165,0,267,86.4,9,66,42.7,114,38.2,102,30.9,41.2,43.2,21.6,24.3,10.8
"Peralta, Sammy",671111,2024,"9","15.0",21,2,11,7,15.3,9.7,".323",".508",".389","0.897","0.185","8","0","0","0","0","4.80","1","0",".326",".596",".387",".423",".391",".270",".475",".392","91.1","8.1",13,61.4,16.3,24.6,25.7,74.3,9,35,50.4,142,66.7,11.7,63,132,16,282,83.7,14,86,49.6,140,43.6,123,19,42.9,44.4,20.4,29.6,5.6
"Pfaadt, Brandon",694297,2024,"32","181.2",183,24,185,42,24.3,5.5,".259",".421",".302","0.723","0.162","95","0","0","11","10","4.71","0","32",".243",".402",".312",".303",".289",".159",".377",".329","89.4","14.1",8.1,67,17.1,29.6,46.4,53.6,182,392,47.5,1326,77.9,7.8,331,1550,148,2793,82.9,168,984,52.5,1468,44.4,1240,25.4,49.3,42.2,28.8,22.9,6.1
"Banda, Anthony",607455,2024,"48","49.2",44,5,50,18,23.9,8.6,".238",".351",".309","0.660","0.113","17","2","2","3","2","3.08","9","2",".227",".368",".281",".285",".301",".141",".348",".308","88.3","11.9",6.5,72.2,17.9,31.4,58.8,41.2,70,119,49,379,73.6,6.8,98,457,219,774,82.1,51,285,51,395,41.9,324,30,52.2,46,23.7,23,7.2
"Maeda, Kenta",628317,2024,"29","112.1",124,22,96,31,19.8,6.4,".281",".491",".331","0.822","0.210","76","0","0","3","7","6.09","1","17",".254",".431",".351",".326",".311",".177",".377",".325","88.4","17",8.2,66.6,13.3,30.9,43.3,56.4,142,328,54.3,1063,71.9,7.5,609,614,475,1958,86.7,79,596,45.7,895,41.6,815,23.9,47.2,36.4,29,26.1,8.5
"Martinez, Nick",607259,2024,"42","142.1",128,13,116,18,20.4,3.2,".237",".377",".267","0.644","0.140","49","0","0","10","7","3.10","7","16",".242",".373",".279",".283",".272",".131",".337",".306","86.4","17",5.1,67.4,16.2,33.9,37.7,62.3,132,350,48.6,1033,73.8,6.8,460,1282,383,2125,83.8,119,736,51.4,1092,44.9,955,23.1,51.1,37.7,27.9,24.9,9.5
"Whitlock, Garrett",676477,2024,"4","18.1",14,1,17,7,22.7,9.3,".212",".318",".297","0.615","0.106","4","0","0","1","0","1.96","0","4",".249",".399",".278",".325",".331",".151",".379",".337","89.4","10.6",6,62.7,9.1,29.4,33.3,66.7,16,48,50.8,163,69.2,8.1,91,133,51,321,90.9,9,99,49.2,158,43.3,139,17,45.8,44,22,28,6
"Singer, Brady",663903,2024,"32","179.2",175,22,170,54,22.3,7.1,".253",".405",".315","0.720","0.152","74","0","0","9","13","3.71","0","32",".265",".437",".316",".336",".327",".172",".401",".351","88.9","8.9",8,64.9,13.7,26.1,51.4,48.6,207,403,52.1,1547,79.1,6.6,54,1563,1196,2967,86.3,126,922,47.9,1420,41.9,1242,25.1,44.7,48.3,20.8,27.1,3.8
"Diekman, Jake",518617,2024,"43","32.0",23,7,40,24,27.6,16.6,".202",".447",".354","0.801","0.245","20","4","3","2","3","5.63","8","0",".217",".400",".350",".348",".370",".183",".405",".332","87","10.8",10.4,61.2,23.5,25,40.2,59.8,33,82,52.3,328,56,8,61,385,0,627,76.5,43,183,47.7,299,40.8,256,28.7,42.3,45.5,23.4,24.7,6.5
"Megill, Tylor",656731,2024,"16","78.0",70,8,91,32,27,9.5,".235",".372",".315","0.687","0.137","35","0","0","4","5","4.04","0","15",".233",".399",".304",".318",".316",".166",".393",".337","88.9","12.3",10,68.9,19.7,30.2,47.6,52.4,101,212,51.4,702,83.2,8.3,123,966,255,1365,80.3,90,457,48.6,663,41.1,561,28.6,49,40.2,26.8,26.8,6.2
"Steele, Justin",657006,2024,"24","134.2",111,12,135,37,24.3,6.7,".219",".336",".276","0.612","0.117","46","0","0","5","5","3.07","0","24",".212",".317",".271",".265",".271",".105",".314",".289","86.9","12.3",4.2,68.2,17.3,29.2,43.9,56.1,112,255,42.7,874,79,10.7,66,1328,652,2046,82.7,138,799,57.3,1172,44.3,907,23.7,51.5,45.6,23,23,8.4
"Garabito, Gerson",642520,2024,"18","26.1",23,4,22,12,19.1,10.4,".240",".396",".342","0.738","0.156","14","0","1","0","2","4.78","0","2",".273",".519",".326",".388",".375",".246",".436",".351","87.7","16.6",11.7,63.4,12.1,28,38.9,61.1,28,72,52.2,257,81.3,6.5,57,244,191,492,87.9,18,149,47.8,235,42.7,210,20.8,44.9,35.1,31.2,27.3,6.5
"Alexander, Tyler",641302,2024,"23","107.2",110,23,90,24,19.8,5.3,".263",".480",".307","0.787","0.217","61","0","0","6","5","5.10","0","9",".256",".474",".335",".335",".304",".218",".395",".326","88.4","21",9.8,67,16.7,30.8,28.5,71.5,69,242,47.1,785,72.1,7.3,228,1121,7,1668,83.3,99,592,52.9,883,45.1,752,20.1,50,32.1,34.5,25,8.3
"Bummer, Aaron",607481,2024,"56","55.1",61,2,69,18,28.3,7.4,".277",".364",".333","0.697","0.087","22","0","3","4","3","3.58","2","0",".230",".287",".305",".265",".294",".057",".334",".334","86.6","0",1.3,58.6,19.4,28.7,40.4,59.6,59,146,52.2,509,64.7,7,11,534,22,974,80.6,53,273,47.8,466,45,439,26.7,43,61.3,9,25.8,3.9
"Snell, Blake",605483,2024,"20","104.0",65,6,145,44,34.7,10.5,".174",".263",".263","0.526","0.089","36","0","0","5","3","3.12","0","20",".177",".283",".241",".253",".266",".106",".327",".290","86.5","14.6",5.7,65.3,24.2,31.6,58.6,41.4,188,321,57.2,1015,61.5,5.4,311,822,640,1773,75.8,120,495,42.8,758,43.5,772,37.7,46,42.5,26.8,21.9,8.8
"Alvarado, José",621237,2024,"66","61.2",49,6,63,28,24.4,10.9,".215",".346",".302","0.648","0.131","28","13","3","2","5","4.09","10","0",".234",".374",".288",".311",".320",".141",".365",".322","89.5","12.6",6.6,67.3,18.7,27.8,49.7,50.3,76,153,52.4,551,80,7.6,0,1049,3,1052,81.3,63,337,47.6,501,43.6,459,28.4,46.6,45.8,20.5,24.7,9
"Marsh, Alec",679525,2024,"26","129.0",123,19,123,39,22.4,7.1,".249",".434",".316","0.750","0.185","65","0","0","9","9","4.53","0","25",".261",".461",".325",".343",".328",".201",".410",".346","89.7","15",9.6,67.4,14.4,27.4,46.4,53.6,136,293,49.6,1071,78.6,8,216,1098,741,2161,85.6,106,735,50.4,1090,43.3,936,23.5,47.6,38.8,26.5,25.7,9.1
"King, Michael",650633,2024,"31","173.2",144,17,201,63,27.7,8.7,".221",".346",".296","0.642","0.125","57","0","0","13","9","2.95","0","30",".223",".364",".284",".295",".298",".141",".367",".322","85.7","13.8",6.2,60.8,20.9,30.5,45.6,54.4,205,450,51,1476,69.8,7,713,1506,162,2895,79.1,180,863,49,1419,43.8,1268,29.3,45.4,41.5,23.7,25.9,8.8
"Alzolay, Adbert",640470,2024,"18","17.1",19,6,13,6,17.3,8,".279",".559",".347","0.906","0.280","9","4","5","1","4","4.67","1","0",".286",".562",".387",".390",".352",".277",".444",".353","92","16.8",16.4,67.3,14.9,29.1,38.5,61.5,20,52,54.4,179,85,6.1,2,172,155,329,85.1,15,101,45.6,150,46.2,152,22.9,46.5,41.8,34.5,21.8,1.8
"Manning, Matt",666159,2024,"5","27.2",31,3,23,12,18.7,9.8,".287",".426",".350","0.776","0.139","15","0","0","0","1","4.88","0","5",".264",".428",".336",".333",".333",".164",".372",".329","88.1","21.1",9.1,68.8,16.8,27,43.6,56.4,24,55,46.6,204,83.8,8.4,18,211,61,438,83.2,27,161,53.4,234,44.7,196,23.6,49.3,30.7,36.4,25,8
"Hernández, Elieser",622694,2024,"9","15.2",14,5,8,5,12.5,7.8,".237",".542",".297","0.839","0.305","11","0","0","0","1","6.32","0","1",".281",".572",".355",".385",".337",".291",".416",".325","91.9","27.9",15.7,65.1,20.2,23,32.1,67.9,9,28,48.6,122,75.9,11.6,46,197,8,251,79.8,17,84,51.4,129,43,108,23.2,44.6,19.6,39.2,25.5,15.7
"Smith, Burch",572143,2024,"50","56.1",64,6,46,12,19.1,5,".288",".428",".328","0.756","0.140","31","0","1","4","1","4.95","4","0",".265",".442",".328",".329",".309",".177",".385",".335","90.7","12.9",9.4,72.5,16.1,26.9,34.8,65.2,39,112,46.4,416,82.8,9.7,7,642,164,896,83.9,56,348,53.6,480,42.5,381,20.7,51.3,44.8,27.6,22.7,5
"Eflin, Zach",621107,2024,"28","165.1",166,22,134,24,19.6,3.5,".254",".404",".283","0.687","0.150","66","0","0","10","9","3.59","0","28",".248",".417",".297",".303",".277",".169",".361",".311","88.1","13.3",7.5,65.6,14.4,32.6,37.7,62.3,142,377,47.3,1157,77.3,7.4,148,1602,466,2447,85.6,122,846,52.7,1290,46,1125,21.6,50,43.4,26.4,22.6,7.6
"Javier, Cristian",664299,2024,"7","34.2",30,4,27,19,18,12.7,".233",".411",".329","0.740","0.178","15","0","0","3","1","3.89","0","7",".232",".410",".324",".329",".331",".178",".348",".294","88.9","24.6",6.7,66.5,19.1,23.9,43.2,56.8,32,74,54.4,310,60.6,5.8,153,224,24,570,80.9,33,173,45.6,260,40.7,232,26.3,43.3,26,37.5,26,10.6
"Estévez, Carlos",608032,2024,"54","55.0",38,5,50,12,23.6,5.7,".192",".313",".241","0.554","0.121","15","26","5","4","5","2.45","0","0",".218",".404",".235",".283",".266",".186",".353",".291","90.3","19.5",10.1,72.3,22.3,24.4,39.3,60.7,33,84,41.9,344,84.5,10.2,85,502,234,821,77.7,77,345,58.1,477,43.6,358,25.6,52.3,32.2,32.9,27.5,7.4
"Miller, Bryce",682243,2024,"31","180.1",131,21,171,45,24.3,6.4,".200",".338",".254","0.592","0.138","59","0","0","12","8","2.94","0","31",".226",".414",".260",".301",".279",".188",".370",".306","90.3","16.3",9.7,69.8,17.3,27,43.5,56.5,158,363,48.9,1343,80.4,7.2,469,1695,352,2749,82.7,170,981,51.1,1406,42.9,1179,24.4,48.9,38.6,33,21.2,7.2
"Chirinos, Yonny",630023,2024,"6","30.0",43,7,25,13,17.4,9,".339",".591",".410","1.001","0.252","21","0","0","0","2","6.30","0","6",".243",".438",".425",".335",".327",".195",".361",".302","87.6","20",7.8,65.5,15,27.1,35.3,64.7,24,68,48.7,251,66.7,8.7,76,238,201,515,85,26,173,51.3,264,46.4,239,20.7,46.8,36.9,30.1,21.4,11.7
"Miller, Tyson",668338,2024,"58","62.0",39,7,54,11,23,4.7,".180",".313",".235","0.548","0.133","16","1","1","5","1","2.32","15","0",".217",".396",".242",".290",".270",".179",".345",".288","88.2","20.3",7.9,72.4,21.5,31.8,37.8,62.2,56,148,49.9,466,83.7,9.9,21,474,30,934,78.5,73,339,50.1,468,43.7,408,26.5,52.1,30.9,36.4,23,9.7
"Quantrill, Cal",615698,2024,"29","148.1",156,23,110,69,16.8,10.5,".273",".461",".361","0.822","0.188","82","0","0","8","11","4.98","0","29",".271",".444",".358",".355",".360",".174",".381",".335","89.1","11.1",7.3,69.7,16.7,24.1,34.4,65.6,115,334,52.5,1388,78.9,6.6,910,1407,325,2643,83.3,146,875,47.5,1255,43.1,1138,21.6,45.7,44.4,24.2,26,5.4
"Tyler, Kyle",667725,2024,"8","31.2",37,4,25,18,17.6,12.7,".301",".423",".394","0.817","0.122","19","0","0","0","2","5.40","0","7",".293",".470",".363",".379",".388",".176",".415",".368","88.7","10.2",8.2,63.5,11.9,29.6,49.5,50.5,48,97,56.6,328,73.5,8.4,6,344,230,580,88.1,19,160,43.4,252,41,238,26.1,44.3,49,19.4,27.6,4.1
"Brown, Ben",676962,2024,"15","55.1",41,5,64,19,28.8,8.6,".208",".330",".276","0.606","0.122","22","0","0","1","3","3.58","1","8",".229",".411",".268",".321",".303",".182",".417",".342","91.8","16.2",10.9,62.8,21.5,28.6,55.2,44.8,64,116,47.7,405,76.2,7.4,14,532,303,849,78.5,60,279,52.3,444,43.9,373,31.4,46.5,37.7,27.5,25.4,9.4
"Ellard, Fraser",686642,2024,"25","24.0",18,3,26,12,25.7,11.9,".212",".353",".307","0.660","0.141","10","1","1","2","3","3.75","2","0",".238",".378",".280",".308",".336",".140",".375",".337","90.1","11",6.5,61.6,19.2,24.4,40.7,59.3,22,54,51.2,221,84.6,9,18,314,100,432,80.8,25,130,48.8,211,36.8,159,25.5,42.6,45.2,25.8,24.2,4.8
"Kelly, Kevin",687330,2024,"68","70.2",59,7,63,9,22.7,3.2,".226",".352",".264","0.616","0.126","21","1","3","5","2","2.67","17","0",".240",".373",".268",".288",".279",".132",".353",".316","86.9","4.9",5,59.6,14.2,26.1,37,63,44,119,44.1,456,64.4,8.4,0,745,0,1033,85.8,49,344,55.9,577,42.8,442,20.1,44.8,56.2,17.4,21.9,4.5
"Matz, Steven",571927,2024,"12","44.1",49,7,33,15,17.4,7.9,".287",".468",".349","0.817","0.181","25","0","0","1","2","5.08","0","7",".266",".429",".352",".333",".332",".163",".371",".329","87.6","12.3",7.9,68.1,14.9,25.2,28.4,71.6,25,88,46.3,349,79.3,7.7,194,451,109,754,85.1,41,276,53.7,405,43,324,18.1,48.3,40.7,21.4,29.3,8.6
"Curry, Xzavion",675540,2024,"16","42.2",38,8,28,7,16.3,4.1,".232",".476",".262","0.738","0.244","22","0","0","2","2","4.64","1","5",".270",".517",".309",".346",".300",".246",".402",".326","89.9","25.6",10.9,72.6,16.9,26.4,34.6,65.4,27,78,46.3,296,75.4,8.9,14,316,308,639,83.1,42,249,53.7,343,43.5,278,21.1,51.2,23.4,43.1,23.4,10.2
"Peguero, Elvis",665625,2024,"52","51.1",52,4,47,27,20.7,11.9,".264",".360",".357","0.717","0.096","17","2","4","7","4","2.98","11","0",".247",".364",".317",".316",".343",".117",".350",".323","90.1","3.2",5.3,63.5,13.1,33.6,51.7,48.3,77,149,53.4,443,71.4,5.9,0,409,420,829,86.9,32,245,46.6,386,44.1,366,27.7,47.5,56.3,16.6,23.8,3.3
"Freeland, Kyle",607536,2024,"21","113.1",134,22,85,26,17.3,5.3,".291",".507",".329","0.836","0.216","66","0","0","5","8","5.24","0","21",".274",".488",".357",".345",".314",".214",".398",".336","90.3","15.2",10.6,70.6,9.8,28.9,35.3,64.7,89,252,49.3,873,84.1,7.1,206,1230,333,1769,90.2,62,633,50.7,896,44.5,788,17.1,50,40.2,24.6,27,8.2
"Ramírez, Erasmo",541640,2024,"13","20.2",12,5,15,10,17.6,11.8,".164",".384",".271","0.655","0.220","10","1","0","3","0","4.35","0","0",".197",".442",".282",".322",".302",".245",".342",".249","88","17.9",15.3,67.9,20.9,22.1,32.3,67.7,10,31,46.4,140,73.9,7.6,20,252,30,302,79.1,23,110,53.6,162,48,145,23.4,46.7,39,40.7,11.9,8.5
"Gore, MacKenzie",669022,2024,"32","166.1",171,15,181,65,24.8,8.9,".263",".398",".339","0.737","0.135","72","0","0","10","12","3.90","0","32",".249",".383",".324",".317",".327",".135",".379",".344","88","13.5",6.8,73.2,19.8,27.3,52.5,47.5,213,406,49.6,1485,79.4,7,277,2082,619,2994,80.2,219,1104,50.4,1509,42.6,1274,28.6,50.4,39.5,25.4,29.6,5.5
"Young, Danny",664849,2024,"42","37.2",29,3,48,18,29.1,10.9,".210",".319",".331","0.650","0.109","19","0","0","4","1","4.54","7","0",".247",".389",".297",".340",".364",".142",".427",".381","88.9","2.8",6.5,54.3,16.6,26.2,52.9,47.1,55,104,57,397,63.8,6.7,0,333,0,697,83.4,27,163,43,300,38.9,271,30.7,38.3,53.3,19.6,26.1,1.1
"Matsui, Yuki",673513,2024,"64","62.2",46,8,69,27,26.8,10.5,".204",".381",".284","0.665","0.177","26","0","4","4","2","3.73","9","0",".201",".335",".283",".271",".284",".134",".327",".285","88.5","18.2",6.8,72.3,19.9,33,52.8,47.2,102,193,55.7,584,78.4,7.1,257,431,294,1049,80.1,67,336,44.3,465,41,430,31.9,50.4,37.9,31.1,20.5,10.6
"Bradish, Kyle",680694,2024,"8","39.1",27,2,53,15,32.5,9.2,".188",".299",".278","0.577","0.111","12","0","0","2","0","2.75","0","8",".177",".295",".261",".259",".269",".118",".325",".281","84.8","3.1",6.6,58.7,16.7,24.4,52.5,47.5,42,80,48.7,328,77.6,7.3,0,357,317,674,82.8,34,203,51.3,346,43.2,291,26.9,42,56,16.5,18.7,9.9
"Gibson, Kyle",502043,2024,"30","169.2",161,23,151,68,20.9,9.4,".251",".418",".324","0.742","0.167","80","0","0","8","8","4.24","0","30",".259",".435",".323",".340",".334",".176",".394",".339","88.2","12",9.2,64,14.6,26.3,47.5,52.5,193,406,55.9,1545,74.3,5.4,275,1681,239,2764,85.4,114,780,44.1,1219,45.6,1261,25.9,42.9,44.5,25.5,24.2,5.8
"Holton, Tyler",663947,2024,"66","94.1",57,7,77,17,21.8,4.8,".173",".279",".222","0.501","0.106","23","8","0","7","2","2.19","15","9",".213",".335",".221",".263",".259",".122",".308",".276","86.6","11.4",5.5,63.7,17,33.2,38.3,61.7,87,227,51,683,77.9,5.8,253,859,20,1339,83,71,418,49,656,45.7,612,24.5,48.2,47.7,23,21.5,7.8
"Kinley, Tyler",641755,2024,"67","64.0",61,11,72,33,25.3,11.6,".248",".455",".338","0.793","0.207","44","12","1","6","1","6.19","14","0",".241",".422",".341",".329",".334",".181",".397",".337","87.5","15.5",9,71.2,20.8,31.3,57.6,42.4,114,198,53.3,632,81.1,7.6,40,400,745,1185,79.2,82,394,46.7,553,41.2,488,33.1,50,38.2,28.1,25.8,7.9
"King, Bryan",687911,2024,"28","26.1",20,1,32,10,29.4,9.2,".211",".295",".303","0.598","0.084","7","0","0","1","0","2.39","0","0",".206",".310",".273",".279",".300",".104",".335",".308","85.7","11.3",3.1,67.2,16.2,24.1,51.1,48.9,23,45,45,187,78.6,10.1,0,241,31,416,83.8,25,154,55,229,37.3,155,24.1,47.8,45.3,17.2,23.4,14.1
"Horn, Bailey",690544,2024,"18","18.0",22,5,13,10,14.8,11.4,".293",".547",".368","0.915","0.254","13","0","2","1","1","6.50","3","0",".311",".494",".379",".379",".387",".183",".418",".370","90.8","6.8",10.8,64.6,17.7,21.1,40.7,59.3,11,27,42.2,128,84.8,10.9,0,102,20,303,82.3,20,113,57.8,175,40.9,124,22.1,46.2,47.7,15.4,32.3,4.6
"Hall, DL",669084,2024,"13","43.0",48,6,44,21,22.3,10.7,".282",".418",".372","0.790","0.136","24","0","0","1","2","5.02","1","7",".236",".398",".350",".327",".333",".162",".368",".317","87.3","14",8.7,60.3,14.8,27.4,41.8,58.2,46,110,51.4,402,70.6,6.5,160,356,266,782,85.2,34,229,48.6,380,41,321,23.6,43.4,48,25.2,18.9,7.9
"Kikuchi, Yusei",579328,2024,"32","175.2",167,25,206,44,28,6,".245",".391",".291","0.682","0.146","79","0","0","9","10","4.05","0","32",".235",".404",".297",".301",".283",".169",".393",".336","90.1","14.2",9.7,67.8,21.2,27.9,49.2,50.8,195,396,48.5,1418,80,8.4,325,1374,1224,2923,78.8,216,1020,51.5,1505,41.4,1211,29,48.4,42.6,29.5,22.9,5
"Coulombe, Danny",543056,2024,"33","29.2",15,3,32,5,29.9,4.7,".147",".265",".187","0.452","0.118","7","1","1","1","0","2.12","13","0",".213",".365",".199",".271",".250",".153",".366",".311","90.3","11.8",5.7,62.1,14.9,28,43.3,56.7,29,67,51.3,239,68.4,8.2,0,275,58,466,85.1,21,141,48.7,227,42.1,196,24,44.6,47.1,27.1,18.6,7.1
"Mazur, Adam",800049,2024,"8","33.2",40,6,22,21,13.9,13.3,".301",".534",".399","0.933","0.233","28","0","0","1","3","7.49","0","8",".277",".447",".399",".366",".381",".171",".371",".330","90.7","19.6",6.2,69.2,11.9,20.7,38.1,61.9,24,63,52.2,305,78.3,7.9,60,253,270,584,88.1,23,193,47.8,279,42.5,248,18.4,43.8,32.7,27.4,29.2,10.6
"Gil, Luis",661563,2024,"29","151.2",104,18,171,77,26.8,12.1,".189",".345",".297","0.642","0.156","59","0","0","15","7","3.50","0","29",".205",".363",".288",".304",".312",".158",".354",".298","89.3","19",9.5,67.7,21.6,25.5,46.5,53.5,167,359,52.8,1406,78.1,6.9,674,1299,691,2664,78.4,184,852,47.2,1258,42.5,1132,29,45.5,35,30,23.7,11.3
"Molina, Anthony",683627,2024,"35","59.2",72,5,41,22,15.5,8.3,".305",".445",".364","0.809","0.140","45","0","2","1","1","6.79","2","1",".308",".482",".349",".374",".372",".175",".414",".373","90.4","11.2",8,72.4,11.7,22.1,43,57,49,114,49.2,516,89.2,7.1,235,517,296,1048,88.3,45,386,50.8,533,43.8,459,18.8,47.7,41.2,18.6,33.2,7
"Skubal, Tarik",669373,2024,"31","192.0",142,15,228,35,30.3,4.6,".201",".311",".247","0.558","0.110","51","0","0","18","4","2.39","0","31",".205",".331",".246",".258",".251",".127",".341",".302","87.5","12",6.7,68.3,25,31.1,50.8,49.2,200,394,44.7,1268,79.8,8.9,770,1525,543,2866,75,268,1073,55.3,1571,43.1,1225,31.9,51.8,46.4,24.7,21.8,7.1
"Spiers, Carson",686730,2024,"22","90.2",112,20,80,27,19.5,6.6,".297",".536",".351","0.887","0.239","55","0","0","5","7","5.46","1","10",".254",".476",".379",".340",".312",".222",".394",".322","88.9","17.4",10.4,67.2,13.6,26.1,44.4,55.6,84,189,46.7,725,76.5,7.4,188,985,13,1554,86.4,76,557,53.3,829,44.9,697,21.4,48,35.9,32.6,23.5,8.1
"Sulser, Cole",642121,2024,"10","16.1",9,1,15,9,22.7,13.6,".167",".278",".277","0.555","0.111","5","0","0","1","0","2.76","1","2",".201",".322",".245",".284",".309",".121",".309",".271","88.9","18.6",4.8,68.2,20,29.4,34,66,16,47,54.8,160,75,5.5,75,193,0,292,80,18,90,45.2,132,43.5,127,24.8,46.9,45.2,33.3,14.3,7.1
"Kelly, Michael",547184,2024,"28","31.1",27,2,22,10,17.2,7.8,".241",".357",".315","0.672","0.116","9","0","0","3","2","2.59","4","0",".228",".363",".294",".296",".306",".135",".315",".281","85.2","18.4",3.2,65,14.1,29.6,41.2,58.8,28,68,48.9,230,71.1,8.1,1,153,62,470,85.9,22,156,51.1,240,42.6,200,22.3,47.7,39.8,33.3,19.4,7.5
"Greene, Hunter",668881,2024,"26","150.1",96,12,169,57,27.7,9.3,".183",".298",".283","0.581","0.115","46","0","0","9","5","2.75","0","26",".188",".314",".265",".276",".289",".126",".316",".275","87.3","20.8",5.2,72.6,22,29.2,48.3,51.7,183,379,50.6,1298,80,7.4,214,1416,933,2563,78,202,918,49.4,1265,43.7,1120,29.7,50.6,35,31.7,20.8,12.6
"Cabrera, Génesis",650893,2024,"69","62.2",63,10,50,29,18.5,10.7,".268",".443",".348","0.791","0.175","25","2","3","3","3","3.59","13","0",".244",".401",".338",".324",".332",".157",".358",".311","89.8","14.1",7.4,71.7,19.1,27.9,42.4,57.6,64,151,52.6,542,87.3,6.9,79,827,124,1030,81.1,67,350,47.4,488,39.8,410,26.1,48.6,43.7,24.7,22.6,8.4
"Roberts, Ethan",681799,2024,"21","26.2",31,3,26,10,22,8.5,".290",".421",".356","0.777","0.131","11","0","0","1","1","3.71","1","0",".252",".396",".341",".319",".322",".144",".371",".333","91","20.6",7.4,65.8,15.4,25.7,57.4,42.6,35,61,50,237,77.1,7.4,0,193,0,474,84.6,24,156,50,237,39,185,27.2,45.8,28.4,35.8,28.4,7.4
"Jiménez, Joe",641729,2024,"69","68.2",45,2,82,23,29.6,8.3,".181",".242",".260","0.502","0.061","20","3","3","1","5","2.62","27","0",".183",".292",".230",".253",".264",".110",".309",".274","87.8","16.3",4.8,68.7,20.3,32.6,61.8,38.2,105,170,47.8,521,73.4,7.3,46,503,540,1089,79.7,79,390,52.2,568,43.8,477,32.9,51.4,42.9,32.1,18.5,6.5
"Luzardo, Jesús",666200,2024,"12","66.2",61,9,58,22,21.2,8,".246",".411",".311","0.722","0.165","37","0","0","3","6","5.00","0","12",".253",".440",".315",".331",".318",".187",".386",".329","90.4","16.5",9.9,69.6,19.3,29.8,51.8,48.2,87,168,52,563,81.2,6.4,252,513,318,1083,80.7,70,362,48,520,43,466,29.6,48.9,38.5,33.3,23.4,4.7
"Blanco, Ronel",669854,2024,"30","167.1",114,22,166,68,24.6,10.1,".190",".354",".273","0.627","0.164","52","0","0","13","6","2.80","0","29",".224",".398",".276",".311",".305",".174",".369",".309","88.7","16.4",9.3,68.4,17.7,30.3,52.8,47.2,228,432,51.9,1428,80.6,6.9,608,1055,1088,2751,82.3,160,906,48.1,1324,43.7,1203,29,48.6,39.9,31,20.7,8.4
"Flaherty, Jack",656427,2024,"28","162.0",135,24,194,38,29.9,5.9,".223",".388",".273","0.661","0.165","57","0","0","13","7","3.17","0","28",".232",".389",".288",".296",".283",".157",".398",".345","88.4","14",7.7,65,21.1,30.7,51.8,48.2,221,427,54.2,1393,78.8,6.4,70,1193,1306,2646,78.9,161,764,45.8,1176,44.2,1136,32.1,46.2,40.2,26.9,27.1,5.8
"Cousins, Jake",664776,2024,"37","38.0",20,5,53,20,34.2,12.9,".154",".292",".290","0.582","0.138","10","1","0","2","1","2.37","8","0",".184",".327",".268",".295",".315",".144",".374",".310","86.2","14.1",7.8,56.1,15.2,34.1,60.2,39.8,77,128,58.2,375,56.4,6.1,0,221,423,644,84.8,23,151,41.8,269,40.1,258,35.8,43.3,42.9,23.4,23.4,10.4
"Ruiz, José",614179,2024,"52","51.0",51,8,52,17,24,7.8,".260",".423",".318","0.741","0.163","21","1","0","5","1","3.71","0","0",".252",".419",".320",".318",".313",".167",".387",".339","90.7","12.4",8.2,70.8,16.9,32.3,49.3,50.7,69,140,52,434,72.6,7.4,27,432,376,835,83.1,48,284,48,401,40.6,339,27.6,50.8,44.9,25.2,25.2,4.8
"Duran, Jhoan",661395,2024,"58","54.1",48,4,66,15,28.9,6.6,".235",".363",".305","0.668","0.128","22","23","2","6","9","3.64","7","0",".207",".291",".292",".265",".282",".084",".332",".307","87","-3.1",3.5,69,26,28,50.8,49.2,61,120,48.7,429,81,7.2,277,359,244,881,74,81,312,51.3,452,44.3,390,32.9,49,61.7,13.5,19.9,5
"Cronin, Declan",686539,2024,"56","70.1",75,1,72,26,23.5,8.5,".274",".350",".346","0.696","0.076","34","0","1","3","4","4.35","8","0",".238",".354",".308",".298",".315",".117",".349",".322","89.5","1.6",4.9,67.3,17,25.6,54.1,45.9,73,135,48.1,527,77.8,7.4,0,524,564,1096,83,65,383,51.9,569,38.5,422,26.6,47.3,58.3,19.1,20.6,2
"Cecconi, Slade",677944,2024,"20","77.0",92,16,64,17,18.9,5,".294",".527",".335","0.862","0.233","57","0","0","2","7","6.66","0","13",".252",".461",".366",".330",".300",".209",".385",".318","89","17.9",10.3,68,15.2,24.6,35,65,49,140,44,569,77,8.7,157,709,421,1291,84.8,75,492,56,723,43.3,560,19.6,49,33.6,35.6,23.7,7.1
"Anderson, Nick",623433,2024,"37","35.2",35,6,29,15,19,9.8,".259",".474",".333","0.807","0.215","16","1","0","3","1","4.04","2","0",".267",".473",".344",".353",".343",".207",".401",".338","89.2","15.2",7.4,63.4,19.4,22.7,36.7,63.3,22,60,46.1,264,75,10.5,34,278,261,573,80.6,38,196,53.9,309,41.2,236,23.4,44.7,39.8,29.6,26.9,3.7
"Arrighetti, Spencer",681293,2024,"29","145.0",139,21,171,65,27.1,10.3,".250",".424",".334","0.758","0.174","73","0","0","7","13","4.53","0","28",".227",".393",".332",".314",".315",".166",".382",".327","88.9","16.4",7.7,66.7,18.9,26.9,50.3,49.7,167,332,49.1,1232,79,8.5,215,1519,501,2505,81.1,161,850,50.9,1275,41.7,1045,27.7,47.2,36.2,27.2,28.3,8.2
"Pepiot, Ryan",686752,2024,"26","130.0",102,17,142,48,26.3,8.9,".212",".364",".292","0.656","0.152","52","0","0","8","8","3.60","0","26",".214",".379",".290",".298",".294",".165",".358",".302","89.3","19.1",9.1,68.1,22.5,28.5,46.9,53.1,146,311,50.8,1092,76.4,6.9,504,1212,433,2149,77.5,162,720,49.2,1057,43,924,29.9,48,35.2,29,23.8,12
"Harris, Hogan",663687,2024,"21","72.1",65,7,61,33,20,10.8,".244",".391",".333","0.724","0.147","23","0","0","4","4","2.86","0","9",".260",".442",".320",".347",".348",".182",".390",".337","88.9","15.6",7.2,61.6,14.6,23.7,40.9,59.1,54,132,45.9,557,81.2,7,200,683,190,1213,85.4,59,404,54.1,656,43.9,532,21.1,44.2,38,29.8,25,7.2
"Chapman, Aroldis",547973,2024,"68","61.2",44,5,98,38,37.1,14.4,".198",".315",".318","0.633","0.117","26","14","5","5","5","3.79","22","0",".165",".289",".289",".272",".293",".123",".352",".296","90.5","11.2",7.1,62.1,23.7,26.4,53.1,46.9,78,147,49.3,556,72.3,7.4,138,690,300,1128,76.3,84,355,50.7,572,41.6,469,32.3,44.5,44.4,30.2,19.8,5.6
"Hanifee, Brenan",669724,2024,"21","29.1",27,2,23,6,19.2,5,".237",".360",".275","0.635","0.123","6","0","1","1","1","1.84","8","3",".237",".349",".277",".275",".276",".112",".318",".297","86.1","4.8",4.4,69.5,12.2,26.5,33.9,66.1,19,56,47.2,211,78.6,9.4,42,304,100,447,87.8,20,164,52.8,236,45.9,205,17.7,49.2,52.7,17.6,25.3,4.4
"Estes, Joey",683155,2024,"25","127.2",130,23,92,27,16.9,5,".259",".473",".308","0.781","0.214","71","0","0","7","9","5.01","1","24",".243",".468",".333",".328",".294",".225",".369",".296","89.5","25.4",9.7,75.6,15.1,29.8,32.5,67.5,86,265,43.9,889,88.3,9.7,222,1133,276,2027,84.9,130,860,56.1,1138,44.7,907,19.2,55.5,24.9,35,25.8,14.3
"Robertson, David",502085,2024,"68","72.0",53,5,99,28,33.3,9.4,".202",".282",".291","0.573","0.080","24","2","8","3","4","3.00","34","0",".210",".332",".257",".280",".298",".121",".377",".337","88.7","9.9",5.5,61.8,22,25.6,47.1,52.9,74,157,50.7,614,74.5,8.8,21,785,405,1211,78,81,369,49.3,597,39.4,477,29.5,43.4,47,26.2,22.6,4.3
"Irvin, Cole",608344,2024,"29","111.0",132,18,78,29,15.9,5.9,".293",".498",".340","0.838","0.205","63","1","0","6","6","5.11","1","16",".285",".519",".357",".366",".334",".235",".412",".341","89.9","15.3",12.7,66.4,12.8,25.5,30.7,69.3,61,199,44.2,781,79.2,8.7,237,1012,518,1767,87.2,84,655,55.8,987,42.7,755,17,48.3,40.1,29,25.3,5.5
"Sandoval, Patrick",663776,2024,"16","79.2",85,8,81,35,22.9,9.9,".272",".401",".349","0.750","0.129","45","0","0","2","8","5.08","0","16",".257",".399",".329",".325",".336",".142",".381",".345","87.9","11",5.1,65.1,18.4,27.1,46.2,53.8,90,195,49.8,719,75.9,7.5,409,482,487,1444,81.6,87,472,50.2,725,44,635,26.5,46.2,45.7,23.9,26.1,4.3
"Cobb, Alex",502171,2024,"3","16.1",14,1,10,3,16.1,4.8,".241",".345",".274","0.619","0.104","5","0","0","2","1","2.76","0","3",".279",".483",".269",".346",".314",".204",".396",".336","91.9","0.9",6.1,57.3,7.5,30.4,34.2,65.8,13,38,51.7,125,81,8.7,106,104,32,242,92.5,5,67,48.3,117,49.2,119,17.1,43.4,61.2,18.4,20.4,0
"Ryan, River",689981,2024,"4","20.1",15,1,18,9,22.2,11.1,".208",".278",".296","0.574","0.070","3","0","0","1","0","1.33","0","4",".231",".373",".263",".307",".317",".142",".346",".308","84.3","9.8",7.4,70.8,9.8,23.8,63.9,36.1,23,36,51.2,151,60.7,9.5,25,157,113,295,90.2,10,102,48.8,144,37.6,111,23.9,46.8,50,25.9,18.5,5.6
"Wood, Alex",622072,2024,"9","39.1",51,6,33,19,17.7,10.2,".323",".519",".408","0.927","0.196","23","0","0","1","3","5.26","0","9",".298",".492",".398",".388",".392",".195",".434",".379","92.3","14.5",8.5,64.4,15.9,19.5,37,63,27,73,49.5,374,75.4,8.6,169,349,238,756,84.1,39,246,50.5,382,42.9,324,20.7,42.2,38,24.8,31,6.2
"Rainey, Tanner",663432,2024,"50","51.0",47,8,44,29,19,12.6,".239",".416",".346","0.762","0.177","27","0","0","0","0","4.76","0","0",".234",".488",".335",".360",".344",".255",".394",".302","91.1","25.8",14.3,71.5,18.5,26.7,46.4,53.6,58,125,49.9,469,90.4,7.8,13,666,260,939,81.5,62,336,50.1,470,40.9,384,26,49.1,28.6,39.6,19.5,12.3
"Koenig, Jared",657649,2024,"55","62.0",54,4,63,23,23.8,8.7,".229",".309",".308","0.617","0.080","17","1","2","9","4","2.47","10","6",".225",".373",".273",".298",".305",".148",".354",".307","87.5","10.5",8,63.5,17.4,27.1,37.2,62.8,45,121,44,447,74,9.4,40,844,133,1017,82.6,63,362,56,570,42.5,432,22.4,47.5,47.7,24.7,19.5,8
"López, Jorge",605347,2024,"52","53.0",46,6,50,18,23.1,8.3,".235",".372",".306","0.678","0.137","17","4","1","2","3","2.89","10","0",".218",".384",".298",".298",".290",".166",".349",".293","88.7","9.1",8.2,59.9,15,24.6,45.2,54.8,42,93,47.1,378,75.8,8.2,95,450,257,802,85,38,254,52.9,424,43.9,352,23.1,43.3,51.4,26,15.8,6.8
"Bender, Anthony",669622,2024,"59","53.0",50,3,59,18,25.9,7.9,".245",".353",".317","0.670","0.108","24","1","4","5","2","4.08","15","0",".229",".341",".296",".290",".303",".113",".348",".320","87.7","8.7",4.8,57.8,13.1,27.2,42.9,57.1,54,126,48.6,464,56.6,8.7,36,470,15,954,86.9,37,283,51.4,490,40.4,385,22.2,42.9,51.7,19,23.1,6.1
"Strahm, Matt",621381,2024,"66","62.2",36,4,79,11,33.3,4.6,".166",".276",".224","0.500","0.110","13","3","6","6","2","1.87","18","0",".186",".321",".221",".248",".242",".136",".335",".286","89.2","21.6",7.1,70,22,32,39.3,60.7,55,140,44.5,437,79.7,8.1,1,790,190,981,78,84,381,55.5,544,46.3,454,26.7,53.1,31.9,34.8,22.7,10.6
"Gordon, Tanner",685299,2024,"8","34.1",53,10,26,6,16.3,3.8,".356",".658",".386","1.044","0.302","33","0","0","0","6","8.65","0","8",".306",".514",".440",".368",".340",".208",".424",".369","90.2","15.9",8,72.3,14.8,31.7,30.2,69.8,26,86,44.6,271,79.6,8.9,116,302,189,607,85.2,36,243,55.4,336,45.3,275,18.8,54.2,39.2,32.8,24,4
"Criswell, Cooper",681867,2024,"26","99.1",103,10,73,31,17.2,7.3,".273",".422",".333","0.755","0.149","45","0","1","6","5","4.08","0","18",".259",".409",".327",".324",".324",".149",".355",".317","89.3","9.7",7,62.2,12.9,28.5,26,74,68,262,52.3,919,71.7,5.6,459,792,34,1756,87.1,67,521,47.7,837,45.1,792,17.2,44.6,49.5,23.3,22.4,4.8
"Uceta, Edwin",670955,2024,"30","41.2",26,2,57,8,35.8,5,".174",".255",".222","0.477","0.081","7","5","0","2","0","1.51","7","0",".184",".263",".213",".222",".231",".078",".314",".299","87.3","20.7",3.2,70.2,26.8,33.8,48.3,51.7,56,116,51,343,78.9,8.5,229,413,4,672,73.2,62,231,49,329,44.6,300,34,51.6,35.5,28,22.6,14
"Saucedo, Tayler",642048,2024,"53","38.2",35,3,38,18,22.9,10.8,".240",".356",".331","0.687","0.116","15","3","2","2","0","3.49","7","0",".211",".308",".301",".276",".307",".097",".308",".287","85.2","7.3",4.6,60.4,19,34.5,40.8,59.2,49,120,55.6,348,64.1,6.2,147,308,108,626,81,32,168,44.4,278,41.4,259,28.1,46,50.9,22.2,21.3,5.6
"Kelly, Zack",677161,2024,"49","56.2",44,10,61,27,25.3,11.2,".208",".387",".303","0.690","0.179","25","0","1","6","3","3.97","8","3",".224",".416",".300",".319",".317",".192",".384",".314","87.2","12",9.9,66.9,21,26.7,45.4,54.6,59,130,50.8,486,81.7,7.4,200,495,0,957,79,66,315,49.2,471,43.6,417,28.1,46.5,47.7,24.5,20.5,7.3
"Hudson, Bryan",663542,2024,"43","62.1",28,7,62,17,26.8,7.4,".135",".279",".209","0.488","0.144","12","0","3","6","1","1.73","14","0",".195",".342",".218",".273",".266",".147",".330",".278","87.8","14.2",6.8,66.5,13.9,24.7,46.6,53.4,48,103,45,417,75.5,11,0,711,0,927,86.1,47,339,55,510,42.6,395,21.5,47.7,39.9,24.3,26.4,9.5
"Germán, Domingo",593334,2024,"7","20.2",25,4,18,13,18,13,".298",".464",".404","0.868","0.166","18","0","0","0","1","7.84","0","2",".267",".447",".379",".362",".378",".181",".390",".339","88.9","23.7",7.6,70.6,11.2,29.1,40.4,59.6,23,57,52.5,196,74.2,8.3,84,165,124,373,88.8,14,125,47.5,177,41,153,20.3,48.8,34.8,27.3,22.7,15.2
"Díaz, Yilber",700270,2024,"7","28.1",27,3,19,12,16,10.1,".257",".429",".328","0.757","0.172","12","0","0","1","1","3.81","0","4",".280",".428",".327",".348",".352",".148",".377",".339","91.3","15.4",4.5,66.1,12,20,47.8,52.2,22,46,49,230,72.5,8.5,0,274,195,469,88,19,158,51,239,45.2,212,20.1,43.5,36.4,26.1,30.7,6.8
"Buttó, José",676130,2024,"30","74.0",41,6,79,38,26.9,12.9,".167",".276",".287","0.563","0.109","21","3","3","7","3","2.55","4","7",".190",".334",".260",".294",".309",".144",".330",".278","88.7","15.9",7.6,66.1,18.1,30.7,49.4,50.6,117,237,63.1,771,71.7,4.9,270,666,158,1222,81.9,54,298,36.9,451,39.7,485,32,43.8,41.3,26.2,23.3,9.3
"Johnson, Pierce",572955,2024,"58","56.1",48,6,67,25,28.4,10.6,".230",".364",".318","0.682","0.134","23","2","4","6","6","3.67","12","0",".221",".375",".302",".304",".310",".154",".376",".325","89.4","11.7",8.5,61,18.8,27.5,50.8,49.2,61,120,47.6,436,75.6,9,0,260,656,916,81.2,55,293,52.4,480,40.9,375,28.1,45.1,45.8,26.8,22.5,4.9
"Latz, Jacob",656641,2024,"46","43.2",39,6,40,27,20.8,14.1,".241",".377",".349","0.726","0.136","18","0","3","2","3","3.71","9","0",".240",".433",".318",".342",".351",".194",".383",".318","88","18.9",8.9,68.4,20.2,29.7,43.9,56.1,58,132,54.5,444,76.6,5.8,185,402,226,813,79.8,51,253,45.5,370,40.5,330,28.3,47.4,35.5,27.4,24.2,12.9
"Akin, Keegan",669211,2024,"66","78.2",55,9,97,19,31,6.1,".193",".347",".244","0.591","0.154","29","1","3","3","1","3.32","6","0",".180",".320",".255",".248",".237",".140",".327",".273","88.3","18.5",7.7,66.3,22.9,25.7,50.7,49.3,76,150,47,583,83.9,9,134,695,412,1241,77.1,100,436,53,658,44.6,553,30,47.2,38.5,27.7,20.5,13.3
"Cisnero, José",542585,2024,"15","15.2",18,4,17,8,23,10.8,".290",".516",".384","0.900","0.226","12","0","1","0","0","6.89","1","0",".268",".476",".387",".373",".368",".209",".441",".367","88","14.8",8.5,72.5,20.4,24,39,61,16,41,54.6,171,75.9,9.3,41,181,91,313,79.6,21,103,45.4,142,37.4,117,25.7,46,42.6,23.4,25.5,8.5
"Junis, Jakob",596001,2024,"24","67.0",49,8,51,8,20.2,3.2,".203",".361",".237","0.598","0.158","20","1","1","4","0","2.69","0","6",".250",".430",".259",".309",".282",".180",".369",".316","90","15.1",8.4,62.7,19.5,28,39.8,60.2,45,113,42.8,404,70.5,9.3,82,435,426,943,80.5,66,338,57.2,539,41.3,389,24.6,47.8,38.7,28.8,25.7,6.8
"Keuchel, Dallas",572971,2024,"4","16.2",23,3,11,8,13.9,10.1,".329",".543",".392","0.935","0.214","10","0","0","0","0","5.40","0","4",".285",".443",".399",".351",".356",".158",".371",".335","88.3","10.3",5,62.8,10.5,19.8,40.5,59.5,15,37,60.7,187,63.6,3.6,85,220,3,308,89.5,8,76,39.3,121,42.9,132,20.4,36.7,53.3,21.7,18.3,6.7
"Houck, Tanner",656557,2024,"30","178.2",156,11,154,48,20.7,6.5,".231",".320",".296","0.616","0.089","62","0","0","9","10","3.12","0","30",".256",".394",".276",".318",".319",".139",".366",".330","89.4","3.8",5.7,62.7,14.1,31.2,39.6,60.4,170,429,50.3,1377,61.1,6.8,682,922,0,2735,85.9,120,852,49.7,1358,44.6,1219,22.6,46.8,55.5,17.4,23.7,3.4
"Woods Richardson, Simeon",680573,2024,"28","133.2",125,16,117,48,20.6,8.4,".246",".385",".310","0.695","0.139","62","0","0","5","5","4.17","0","28",".236",".406",".305",".315",".306",".170",".360",".306","88.4","18.5",8.2,69.5,17.2,29.4,34.9,65.1,116,332,49.3,1131,79.2,7.5,442,924,929,2295,82.8,139,810,50.7,1165,43.6,1002,22.3,49.8,36.2,30.9,24.2,8.7
"Herz, DJ",687792,2024,"19","88.2",76,11,106,36,27.7,9.4,".224",".359",".303","0.662","0.135","41","0","0","4","9","4.16","0","19",".207",".352",".294",".286",".288",".145",".348",".300","89.4","18",8.1,69.3,23.6,27.9,43.8,56.2,96,219,49.4,784,79.7,8.7,389,860,337,1586,76.4,131,556,50.6,802,41.4,657,29.3,48.9,36.9,31.4,24.2,7.6
"Mize, Casey",663554,2024,"22","102.1",121,11,78,29,17.3,6.4,".290",".436",".336","0.772","0.146","51","0","0","2","6","4.49","0","20",".283",".440",".335",".338",".331",".158",".383",".346","90.6","9.3",7.9,70.9,14.7,27.3,41.7,58.3,100,240,49.1,878,77.6,6.5,325,849,600,1789,85.3,95,646,50.9,911,43,769,22,49.5,49.6,21,24.2,5.2
"Grove, Michael",675627,2024,"39","51.0",46,6,54,16,25,7.4,".241",".382",".316","0.698","0.141","29","0","1","4","4","5.12","7","2",".218",".366",".308",".298",".298",".149",".350",".303","87.6","10.5",9.4,63.9,16.6,28.6,49.2,50.8,58,118,49.8,412,83.1,7.9,0,330,497,827,83.4,44,265,50.2,415,39.4,326,26.6,46.3,45.3,22.3,23,9.4
"Weems, Jordan",607179,2024,"41","41.2",49,7,35,24,17.9,12.2,".288",".482",".383","0.865","0.194","31","0","2","1","1","6.70","5","0",".254",".442",".376",".351",".353",".188",".376",".319","89.7","15.1",8.9,71.6,14.6,25.6,37,63,34,92,49.1,360,82.1,9.1,20,451,262,733,85.4,39,267,50.9,373,39.8,292,20.3,49,40.7,28.9,21.5,8.9
"Harrison, Kyle",690986,2024,"24","124.1",125,18,118,42,22.2,7.9,".263",".433",".328","0.761","0.170","63","0","0","7","7","4.56","0","24",".255",".444",".330",".341",".325",".190",".404",".340","90.7","14.9",10.1,65.8,17.5,25.6,39.8,60.2,104,261,49,1018,78.1,7.3,411,1203,1,2078,82.5,122,698,51,1060,44.9,934,23.6,46.2,40.8,29.9,22.7,6.6
"Holmes, Grant",656550,2024,"26","68.1",66,7,70,15,24.8,5.3,".252",".370",".294","0.664","0.118","27","0","1","2","1","3.56","1","7",".237",".397",".287",".295",".282",".159",".370",".321","88.7","13.9",6.7,73.2,18,35.1,61.9,38.1,112,181,50.4,516,86.8,7.4,12,466,546,1024,82,67,372,49.6,508,41.5,425,32.4,54,44.1,27.2,22.6,6.2
"Dubin, Shawn",681869,2024,"31","45.1",45,3,49,26,23.7,12.6,".256",".375",".353","0.728","0.119","21","2","0","1","1","4.17","0","2",".218",".346",".324",".312",".326",".129",".348",".304","89.5","12.1",7.7,63.2,18.9,23.5,44.7,55.3,46,103,52.1,438,74.6,8,127,502,133,840,81.1,48,254,47.9,402,41.8,351,26.3,42.5,46.2,27.7,21.5,4.6
"Blackburn, Paul",621112,2024,"14","75.1",76,12,59,21,18.7,6.6,".262",".441",".317","0.758","0.179","39","0","0","5","4","4.66","0","14",".264",".439",".329",".333",".320",".175",".380",".331","87.6","11",8.2,70.8,15.8,27.7,40.8,59.2,73,179,53.4,647,77.3,6.2,219,668,124,1212,84.3,63,400,46.6,565,44.1,534,23.5,47.8,45.9,20.6,27,6.4
"Mantiply, Joe",573009,2024,"75","59.2",52,1,53,18,21.8,7.4,".231",".342",".288","0.630","0.111","26","1","1","6","2","3.92","16","2",".227",".384",".265",".284",".285",".157",".346",".297","88.1","5.4",7.6,69,19.9,38.5,39.5,60.5,70,177,53.1,460,78.3,5.3,229,408,230,867,80.1,56,281,46.9,407,41.6,361,27.5,52.8,54.1,25.6,18,2.3
"Wilson, Steven",621051,2024,"40","34.2",29,8,34,26,20.9,16,".227",".469",".362","0.831","0.242","22","0","1","1","6","5.71","9","0",".243",".445",".347",".354",".379",".202",".397",".327","86.6","26.2",12,69.4,20.2,22.7,38.6,61.4,27,70,49.6,309,73.5,7.9,50,255,0,623,79.8,44,218,50.4,314,39.3,245,24.7,46.2,26,37,23,14
"Stratton, Chris",608717,2024,"57","58.1",53,5,44,33,17.1,12.8,".248",".397",".348","0.745","0.149","36","4","3","4","3","5.55","5","0",".251",".411",".326",".345",".358",".160",".363",".315","87.1","11",8.5,63.3,14.7,24.4,34.6,65.4,44,127,52.4,521,72.9,5.9,99,467,425,995,85.3,44,300,47.6,474,43.1,429,20.6,42.9,45.2,23.7,25.4,5.6
"Morejon, Adrian",670970,2024,"60","63.2",63,4,71,21,26.1,7.7,".256",".390",".314","0.704","0.134","20","2","2","3","2","2.83","12","0",".221",".349",".304",".286",".285",".129",".355",".310","86.6","7.1",8.4,69,18.9,31.6,49.3,50.7,75,152,45.2,481,75.8,8.6,0,632,326,1064,81.3,76,402,54.8,583,42.6,453,27.3,52.1,51.4,20.7,21.8,6.1
"Díaz, Alexis",664747,2024,"60","56.1",42,6,55,31,22.7,12.8,".206",".338",".326","0.664","0.132","25","28","4","2","5","3.99","0","0",".204",".334",".300",".300",".325",".131",".315",".277","88.5","22.6",6.7,68.7,20,25,43.7,56.3,55,126,51.6,504,76.3,8.2,0,566,411,977,80,65,325,48.4,473,40.8,399,26.6,46.2,32.7,28,22.7,16.7
"Englert, Mason",669438,2024,"12","21.2",23,4,16,5,17.2,5.4,".264",".529",".312","0.841","0.265","13","0","0","1","0","5.40","0","1",".271",".534",".353",".361",".318",".263",".420",".333","89.9","18",14.1,77.7,18.6,30.7,45.9,54.1,28,61,54.5,199,84.6,7.1,107,185,60,365,81.4,24,129,45.5,166,41.9,153,27.4,52.1,35.2,36.6,22.5,5.6
"Sánchez, Cristopher",650911,2024,"31","181.2",182,11,153,44,20.3,5.8,".258",".358",".301","0.659","0.100","67","0","0","11","9","3.32","0","31",".256",".371",".290",".298",".299",".116",".349",".326","87.4","2.4",5.4,66.9,17.1,36.4,37.4,62.6,192,513,50.3,1408,77.7,7,998,1330,469,2797,82.9,159,929,49.7,1389,43.8,1225,24.3,51.6,58.3,15.6,23.7,2.3
"Abreu, Bryan",650556,2024,"78","78.1",59,9,103,32,31.7,9.8,".207",".344",".299","0.643","0.137","27","1","7","3","3","3.10","38","0",".196",".337",".288",".284",".291",".141",".359",".307","90.4","16",8.7,64.4,21.4,27.7,63.3,36.7,114,180,49.9,649,75.5,7.8,7,603,690,1300,78.6,90,420,50.1,652,42.9,558,34,46.2,39.7,29.9,25.5,4.9
"Crochet, Garrett",676979,2024,"32","146.0",123,18,209,33,35.1,5.5,".222",".371",".271","0.642","0.149","58","0","0","6","12","3.58","0","32",".201",".350",".280",".267",".252",".149",".381",".323","88.3","11.1",9.2,70.4,25.5,33.5,51.5,48.5,192,373,46.6,1115,81.5,8.1,142,2020,0,2395,74.5,230,901,53.4,1280,44.3,1062,33.1,53.2,45.1,25.9,23.6,5.5
"Hoffman, Jeff",656546,2024,"68","66.1",48,6,89,16,33.6,6,".197",".324",".253","0.577","0.127","16","10","3","3","3","2.17","21","0",".200",".362",".252",".270",".258",".162",".375",".314","88.3","17.3",7.6,68.9,22.3,34.6,61.3,38.7,106,173,50,500,74.7,7.5,120,473,408,1001,77.7,77,345,50,501,39.5,395,35.3,51.7,37.6,27.4,24.8,10.2
"Gallegos, Giovanny",606149,2024,"21","20.2",24,6,21,10,22.3,10.6,".286",".607",".362","0.969","0.321","15","1","0","2","1","6.53","2","0",".250",".434",".409",".337",".329",".184",".394",".333","86.9","9.7",9.5,69.7,13.2,26.9,56.9,43.1,33,58,53.9,216,77.8,6.7,27,177,197,401,86.8,17,129,46.1,185,39.2,157,26.7,46.6,47.6,23.8,22.2,6.3
"Brito, Jhony",666745,2024,"26","43.2",49,4,29,10,15.7,5.4,".283",".387",".321","0.708","0.104","20","0","3","1","2","4.12","0","0",".261",".416",".308",".315",".302",".154",".355",".314","87.3","9",6.2,72,18.8,22.6,19.4,80.6,13,67,47.1,296,82.4,8.1,216,321,65,628,81.2,45,239,52.9,332,43.6,274,19,48.7,47.9,25.3,19.9,6.8
"Williams, Trevor",592866,2024,"13","66.2",51,3,59,18,22.7,6.9,".214",".294",".265","0.559","0.080","15","0","0","6","1","2.03","0","13",".216",".357",".248",".284",".272",".141",".336",".288","89.4","13.4",6.6,68,16.4,28.4,35.2,64.8,57,162,53.7,571,79.7,7,179,516,144,1064,83.6,55,335,46.3,493,47.3,503,22.5,46.7,44.8,27.9,21.9,5.5
"Wrobleski, Justin",680736,2024,"8","36.1",34,9,26,16,16.9,10.4,".248",".511",".331","0.842","0.263","23","1","0","1","2","5.70","0","6",".276",".534",".361",".381",".356",".258",".423",".341","90","21.7",11.7,66.3,16.7,24.5,38.6,61.4,27,70,48.3,286,78.2,9.3,30,365,147,592,83.3,34,203,51.7,306,41,243,22.3,46.1,31.5,29.7,28.8,9.9
"Rogers, Trevor",669432,2024,"25","124.1",140,14,97,56,17.3,10,".285",".458",".357","0.815","0.173","68","0","0","2","11","4.92","0","25",".272",".442",".350",".349",".350",".171",".383",".337","90.7","10.4",8.4,67.2,13.6,27.2,37.3,62.7,119,319,52.3,1174,80.4,7,528,1253,462,2243,86.4,98,718,47.7,1069,44.8,1005,20.9,46.2,46.7,24.7,23,5.7
"Bolton, Cody",675989,2024,"17","18.2",18,3,17,9,20.5,10.8,".247",".438",".325","0.763","0.191","9","0","0","0","0","4.34","0","0",".232",".388",".330",".310",".314",".156",".343",".300","87","15.1",7,58.6,15.9,29.5,39.2,60.8,20,51,55.3,173,63.2,6.1,37,198,0,312,84.1,13,82,44.7,140,43.1,135,24.8,42.6,42.1,21.1,21.1,15.8
"Hicks, Jordan",663855,2024,"29","109.2",112,12,96,47,20,9.8,".265",".414",".349","0.763","0.149","50","1","0","4","7","4.10","2","20",".251",".425",".336",".338",".338",".174",".377",".324","89.6","8.9",9.4,65.4,14.6,25.1,48.2,51.8,124,257,52.3,1025,80.3,7.3,373,1114,0,1958,85.4,89,610,47.7,933,42,822,24.6,44.3,50.8,21.6,23.1,4.6
"Burke, Brock",656271,2024,"34","34.0",37,4,41,16,26.6,10.4,".274",".467",".357","0.824","0.193","22","0","1","2","1","5.82","1","1",".224",".335",".352",".292",".318",".111",".351",".326","90.1","12.6",4.2,71.8,24.9,28.5,42.5,57.5,31,73,44.5,256,87,8,96,330,149,575,75.1,57,229,55.5,319,40.7,234,29.1,52.5,46.3,20,24.2,9.5
"Wilson, Bryse",669060,2024,"34","104.2",102,20,82,31,18.6,7,".252",".432",".311","0.743","0.180","47","0","0","5","4","4.04","0","9",".275",".486",".323",".355",".332",".212",".408",".344","89.7","16.7",9.2,68.1,15.9,25.6,35.9,64.1,70,195,46.4,763,79.9,8.2,70,1345,228,1643,84.1,95,599,53.6,880,44.7,734,20.8,48.3,37.8,28.6,24.6,8.9
"Sims, Lucas",608371,2024,"58","49.1",41,8,49,30,22.8,14,".229",".413",".341","0.754","0.184","24","1","4","1","6","4.38","16","0",".220",".397",".331",".324",".333",".178",".355",".296","85.4","24.1",9.7,65.7,16.4,30,43.4,56.6,62,143,53.9,477,77.3,7.5,2,415,86,885,83.6,44,268,46.1,408,39,345,25.8,46.4,28.4,33.6,23.1,14.9
"Little, Brendon",663893,2024,"49","45.2",41,7,36,19,18.7,9.8,".238",".390",".318","0.708","0.152","19","1","3","1","2","3.74","7","0",".250",".384",".309",".318",".329",".134",".353",".317","87.9","-6.9",5.8,67.7,17.1,27.6,55.8,44.2,58,104,54.2,377,71.4,8,0,475,221,696,82.9,37,216,45.8,319,37.1,258,29.7,46,72.3,10.9,14.6,2.2
"Devenski, Chris",606965,2024,"19","26.2",28,9,24,14,19.7,11.5,".259",".583",".344","0.927","0.324","20","0","2","2","1","6.75","0","0",".247",".538",".392",".371",".334",".291",".424",".318","91","26.4",11.9,67.1,15.6,25.7,53.4,46.6,39,73,53.3,284,73.3,5.6,253,239,0,533,84.4,26,167,46.7,249,40,213,27.1,45,25,39.3,19,16.7
"Hudson, Daniel",543339,2024,"65","63.0",46,10,63,19,24.9,7.5,".198",".371",".261","0.632","0.173","21","10","7","6","2","3.00","17","0",".213",".431",".274",".305",".275",".218",".375",".292","90.4","18.1",12.4,77.5,24.3,24.9,55.9,44.1,71,127,51.2,511,83.1,6.5,37,553,409,999,75.7,92,378,48.8,488,40.8,408,32.3,50.6,38.8,35.3,17.1,8.8
"Manoah, Alek",666201,2024,"5","24.1",17,5,26,8,25.2,7.8,".189",".378",".282","0.660","0.189","10","0","0","1","2","3.70","0","5",".212",".413",".291",".315",".302",".202",".371",".294","88.6","16.3",10.8,68.7,20.1,27.1,48.1,51.9,26,54,50.5,199,78.9,9.6,58,216,120,394,79.9,27,134,49.5,195,41.4,163,28.2,47.7,35.4,27.7,24.6,12.3
"Vásquez, Randy",681190,2024,"20","98.0",119,13,62,29,14.4,6.7,".304",".473",".360","0.833","0.169","53","0","0","4","7","4.87","0","20",".301",".499",".360",".371",".358",".197",".407",".357","88.7","15",8.7,70.6,12.3,27.2,37.1,62.9,82,221,48.2,813,79.3,7.2,210,976,280,1687,87.7,76,617,51.8,874,43.7,738,18.9,49.7,39,21.9,30.3,8.7
"Wells, Tyler",669330,2024,"3","15.1",18,3,13,3,19.4,4.5,".281",".516",".313","0.829","0.235","10","0","0","0","2","5.87","0","3",".313",".626",".353",".410",".344",".313",".499",".393","89.9","17",11.8,71.5,20.5,35.3,39.6,60.4,19,48,52.5,136,70,7.7,49,135,75,259,79.5,18,88,47.5,123,44.4,115,27.2,52.5,37.3,29.4,21.6,11.8
"Miller, Mason",695243,2024,"55","65.0",36,6,104,21,41.8,8.4,".160",".262",".233","0.495","0.102","18","28","3","2","2","2.49","0","0",".149",".233",".218",".210",".226",".084",".312",".280","86.1","17.9",5.7,66.9,29.1,37.4,60.3,39.7,114,189,49.3,505,77.8,7.9,20,646,358,1024,70.9,101,347,50.7,519,43.4,444,40.1,52.3,40.7,26.8,21.1,11.4
"Martin, Chris",455119,2024,"45","44.1",47,5,50,3,27.8,1.7,".276",".382",".298","0.680","0.106","17","2","4","3","1","3.45","15","0",".254",".370",".293",".287",".283",".116",".389",".365","88.5","9.4",4.1,68.9,19.4,35.2,35.3,64.7,36,102,44.1,290,90,6.1,86,565,0,657,80.6,49,253,55.9,367,49.3,324,23.9,54,46.3,21.1,28.5,4.1
"Jarvis, Bryce",686826,2024,"44","59.1",52,6,38,33,14.7,12.8,".239",".362",".349","0.711","0.123","21","0","0","1","2","3.19","4","0",".269",".442",".314",".357",".376",".173",".368",".324","90.5","11.4",7.1,70.1,15,25.7,41.3,58.7,52,126,48.8,491,83.3,9.5,137,621,248,1006,85,54,361,51.2,515,40.3,405,21.8,48.4,42.9,29.7,24.7,2.7
"Nicolas, Kyle",693312,2024,"51","54.2",51,4,55,32,22.5,13.1,".249",".341",".357","0.698","0.092","24","0","0","2","2","3.95","8","0",".234",".366",".315",".326",".348",".132",".359",".320","90","10.8",8.5,70.5,18.6,25.2,50.8,49.2,66,130,54.3,516,76.2,8.8,0,523,427,950,81.4,57,306,45.7,434,39.1,371,28.2,45.9,43.1,26.1,26.8,3.9
"Howard, Spencer",675921,2024,"9","29.0",44,5,27,14,18.8,9.7,".344",".547",".406","0.953","0.203","20","0","0","1","2","6.21","0","3",".270",".480",".408",".357",".341",".210",".406",".341","91.8","16.9",8.7,73.5,21.8,24.3,32.2,67.8,19,59,45.3,243,82,9.3,91,274,172,537,78.2,47,216,54.7,294,39.3,211,24,51.2,38.8,35,21.4,4.9
"Allen, Logan",671106,2024,"20","97.1",113,22,79,41,18.3,9.5,".295",".551",".367","0.918","0.256","62","0","0","8","5","5.73","0","20",".271",".502",".390",".369",".347",".232",".416",".340","91","13.4",11.4,69.1,14,23.5,40.1,59.9,83,207,52.8,879,77.7,7.3,303,1049,0,1665,86,76,543,47.2,786,43.2,720,21.2,45,44.2,26.6,22.4,6.8
"Soroka, Michael",647336,2024,"25","79.2",66,13,84,44,24.2,12.7,".224",".415",".328","0.743","0.191","42","0","1","0","10","4.74","2","9",".234",".407",".324",".332",".338",".173",".385",".325","87.6","15.8",9.7,63.6,15.6,24.9,46,54,87,189,52.6,758,76.5,8,141,774,468,1442,84.4,68,435,47.4,684,41.6,600,24.8,43.3,41.7,27.8,20.8,9.7
"Rodríguez, Yariel",684320,2024,"21","86.2",74,11,85,40,23.1,10.9,".229",".387",".319","0.706","0.158","43","0","0","1","8","4.47","0","21",".228",".372",".312",".310",".319",".144",".351",".309","87.8","16.8",6.3,66.3,16.3,27.4,45.2,54.8,100,221,53.7,807,72.3,6.7,142,778,581,1502,83.7,75,461,46.3,695,43.6,655,25.7,45.4,38.5,31.4,20.1,10
"Sborz, Josh",622250,2024,"17","16.1",16,1,17,3,25,4.4,".246",".354",".279","0.633","0.108","7","0","0","2","2","3.86","8","0",".268",".413",".277",".314",".300",".145",".402",".363","88.6","13.3",6.3,66.9,14.4,30.2,42.9,57.1,18,42,48.9,139,59.1,7.7,0,130,154,284,85.6,14,97,51.1,145,38,108,23,48.9,45.8,22.9,27.1,4.2
"Booser, Cam",592155,2024,"43","42.2",41,5,43,16,23.5,8.7,".250",".390",".311","0.701","0.140","16","1","2","2","3","3.38","6","0",".227",".389",".304",".298",".294",".162",".355",".304","88.6","20.6",8.1,70.6,22,34.3,43.6,56.4,51,117,49.1,341,89.8,7.1,0,531,0,695,78,55,250,50.9,354,44.7,311,28.9,52.8,31.5,36.3,25.8,6.5
"Montas, Frankie",593423,2024,"30","150.2",140,24,148,66,22.6,10.1,".243",".420",".325","0.745","0.177","81","0","0","7","11","4.84","0","30",".244",".438",".325",".336",".327",".193",".393",".327","89.3","13.5",9.2,70.6,17.7,27.7,42.5,57.5,158,372,51.1,1345,83,7.6,483,1871,165,2633,82.3,161,910,48.9,1289,42.1,1110,24.9,48.7,41.2,25.1,26.5,7.1
"Leasure, Jordan",673929,2024,"33","31.1",32,6,26,18,18.3,12.7,".267",".492",".362","0.854","0.225","22","2","4","0","2","6.32","9","0",".241",".435",".366",".339",".340",".193",".361",".302","88.8","17.8",7.2,72.2,20.5,23.9,45.5,54.5,30,66,49.3,276,76.8,10,0,335,225,560,79.5,42,205,50.7,284,43.9,246,26.6,48.4,37.1,29.9,21.6,11.3
"Nola, Aaron",605400,2024,"33","199.1",189,30,197,50,24,6.1,".247",".421",".295","0.716","0.174","79","0","0","14","8","3.57","0","33",".243",".398",".310",".304",".292",".156",".373",".328","88.5","12",7.2,66.7,15.9,32.1,42.6,57.4,229,537,52.4,1671,74.3,6,307,1833,1049,3189,84.1,161,1012,47.6,1518,45,1436,25.2,48.6,44.6,24.4,24.6,6.5
"Assad, Javier",665871,2024,"29","147.0",143,20,124,63,19.4,9.9,".254",".422",".333","0.755","0.168","61","0","0","7","6","3.73","0","29",".259",".445",".330",".344",".338",".186",".387",".331","89.1","13.3",8.8,62.4,12.6,23.4,31.4,68.6,95,303,51,1294,74.5,7.9,117,1856,337,2538,87.4,98,776,49,1244,41.5,1054,17.9,42.5,43.8,27.6,22.9,5.6
"Cabrera, Edward",665795,2024,"20","96.1",82,15,107,49,25.7,11.8,".227",".391",".326","0.717","0.164","53","0","0","4","8","4.95","0","20",".241",".423",".317",".337",".338",".183",".402",".340","89.7","10",8.6,65.5,16.1,28.2,51.9,48.1,136,262,53.6,930,72.7,6.3,566,644,524,1734,83.9,85,527,46.4,804,40.4,701,28,45.5,47.7,21.9,24.6,5.9
"McFarland, T.J.",519008,2024,"79","56.2",53,4,39,17,16.6,7.2,".252",".367",".316","0.683","0.115","24","0","2","2","4","3.81","19","0",".238",".352",".293",".291",".307",".114",".319",".291","87.5","3.2",4.6,59.7,10.9,31.6,35.9,64.1,46,128,48.4,405,66.1,7,103,412,0,836,89.1,28,258,51.6,432,45.8,383,19.2,46.2,59.4,14.3,20.6,5.7
"Bush, Ky",681066,2024,"4","17.2",20,2,11,16,12.6,18.4,".290",".449",".425","0.874","0.159","11","0","0","0","3","5.60","0","4",".256",".426",".382",".363",".399",".170",".342",".300","90.2","16.7",3.4,60.5,12,25,45.5,54.5,20,44,53.7,176,87,7,32,167,129,328,88,11,92,46.3,152,48.2,158,22.8,41.5,37.3,30.5,22,10.2
"Núñez, Dedniel",673380,2024,"25","35.0",24,3,48,8,35.6,5.9,".189",".299",".237","0.536","0.110","9","1","1","2","0","2.31","9","0",".182",".322",".234",".242",".230",".140",".350",".293","88.7","10.1",10.1,73,23.6,39,59.8,40.2,55,92,45.3,236,82.4,9.8,17,248,256,521,76.4,49,208,54.7,285,39.5,206,34.7,57.6,53.2,22.8,17.7,6.3
"Cruz, Fernando",518585,2024,"69","66.2",54,9,109,35,37.8,12.2,".216",".388",".314","0.702","0.172","36","0","3","3","8","4.86","23","3",".220",".387",".307",".311",".317",".168",".460",".388","88.7","13.9",9.8,67.4,23.5,29.9,65.2,34.8,122,187,55,626,77.8,7.1,475,658,5,1138,76.5,81,345,45,512,39.7,452,38.2,46.7,35.7,26.6,30.1,7.7
"Swanson, Erik",657024,2024,"45","39.1",36,11,37,14,22,8.3,".235",".516",".304","0.820","0.281","22","0","1","2","2","5.03","9","0",".268",".479",".349",".351",".333",".212",".419",".353","92","12.8",12.1,73.6,15.8,29.2,41.2,58.8,42,102,52.3,349,92.1,5.7,206,332,128,667,84.2,37,234,47.7,318,45.7,305,23.5,50.4,41.4,26.7,24.1,7.8
"Lynch IV, Daniel",663738,2024,"16","43.1",29,6,39,15,22.3,8.6,".188",".344",".274","0.618","0.156","16","1","0","2","0","3.32","0","3",".207",".389",".274",".305",".295",".182",".343",".279","90.2","11.5",9.4,65.9,17.4,26,57.5,42.5,46,80,48.8,308,79.3,9.2,134,290,207,631,82.6,37,213,51.2,323,38.2,241,28.3,46.4,46.2,28.2,20.5,5.1
"López, Reynaldo",625643,2024,"26","135.2",108,10,148,42,27.3,7.7,".220",".333",".280","0.613","0.113","30","0","0","8","5","1.99","1","25",".238",".402",".271",".310",".301",".163",".394",".341","89.8","13.8",8.8,67,17.8,30.5,49.1,50.9,157,320,49.6,1048,79.9,8,82,1164,864,2110,82.2,127,714,50.4,1066,43.3,916,27.5,49,39.6,25.4,28.8,6.3
"Quijada, José",650671,2024,"22","19.1",12,1,24,17,28.6,20.2,".190",".254",".373","0.627","0.064","7","0","2","2","2","3.26","7","0",".215",".358",".305",".345",".393",".144",".387",".340","90.7","24.2",4.9,76.4,24.6,24.3,55.8,44.2,29,52,56.5,214,73.9,6.1,16,358,5,379,75.4,31,126,43.5,165,41.7,158,33.7,47,22,43.9,29.3,4.9
"Thorpe, Drew",689672,2024,"9","44.1",35,8,25,21,13.2,11.1,".212",".424",".302","0.726","0.212","27","0","0","3","3","5.48","0","9",".238",".440",".315",".336",".325",".202",".341",".278","87.4","16.1",7,71.9,20,25.2,32.7,67.3,33,101,55.6,401,83,6.5,256,332,108,721,80,46,230,44.4,320,41.7,301,23.9,45.9,36.6,29.6,22.5,11.3
"Ray, Robbie",592662,2024,"7","30.2",20,6,43,15,33.3,11.6,".189",".387",".320","0.707","0.198","16","0","0","3","2","4.70","0","7",".179",".361",".316",".304",".313",".182",".379",".297","86.8","19.2",9.4,72.9,22.6,29.4,63,37,58,92,55.1,313,74.2,5.5,0,301,267,568,77.4,42,186,44.9,255,40.8,232,36,48.9,28.1,35.9,23.4,12.5
"Baz, Shane",669358,2024,"14","79.1",57,9,69,27,21.6,8.5,".200",".319",".276","0.595","0.119","27","0","0","4","3","3.06","0","14",".217",".381",".266",".300",".293",".164",".338",".285","90.5","18.1",7.3,73.6,16.6,24,52.2,47.8,71,136,47,567,79.1,7.1,124,578,504,1206,83.4,78,470,53,639,42.9,517,24.6,50.2,39.3,32,19.6,9.1
"Poche, Colin",621363,2024,"43","37.1",30,7,33,13,21.6,8.5,".217",".391",".281","0.672","0.174","16","2","2","1","2","3.86","20","0",".231",".412",".287",".301",".293",".181",".354",".298","91.1","20.3",8.4,71.5,17.3,25.4,40,60,28,70,50.8,276,80.5,7.6,0,370,173,543,82.7,33,191,49.2,267,39.8,216,23.4,48.1,34.6,35.5,19.6,10.3
"Severino, Luis",622663,2024,"31","182.0",166,23,161,60,21.2,7.9,".243",".383",".313","0.696","0.140","79","0","0","11","7","3.91","0","31",".239",".381",".308",".307",".310",".142",".350",".312","87.1","12.7",5.7,70.6,15.7,29.7,37.7,62.3,159,422,49.1,1420,83.6,7.6,217,1975,201,2890,84.3,163,1038,50.9,1470,43.9,1269,22,50.6,46.3,25.2,20.3,8.2
"Cuas, Jose",621016,2024,"13","16.1",19,4,17,10,20.5,12,".284",".507",".410","0.917","0.223","14","0","0","0","0","7.71","0","0",".263",".523",".394",".393",".393",".260",".439",".346","92.8","15.6",11.8,68.8,23.7,24.7,38.6,61.4,17,44,55.8,178,76,7.8,11,234,0,319,76.3,23,97,44.2,141,38.6,123,28.4,44.2,33.3,35.3,23.5,7.8
"Festa, Matt",670036,2024,"19","23.2",21,2,24,8,24,8,".233",".389",".300","0.689","0.156","15","0","0","6","1","5.70","0","0",".256",".386",".296",".309",".321",".130",".374",".344","86.3","26.5",6,75.7,23.9,31.4,32.7,67.3,18,55,45.5,175,90.5,10.9,0,257,0,385,76.1,38,159,54.5,210,43.6,168,26.2,55.6,26.9,28.4,26.9,17.9
"Gaddis, Hunter",683769,2024,"78","74.2",43,4,66,14,23.7,5,".166",".282",".219","0.501","0.116","13","0","5","6","3","1.57","33","0",".198",".343",".220",".260",".250",".145",".311",".266","88.5","18.8",5.7,69.5,19.2,30.9,40.3,59.7,62,154,46.3,498,74.2,8.3,181,412,482,1075,80.8,77,401,53.7,577,44.1,474,25,51.6,37.6,31.4,20.6,10.3
"Cease, Dylan",656302,2024,"33","189.1",137,18,224,65,29.4,8.5,".200",".332",".269","0.601","0.132","73","0","0","14","11","3.47","0","33",".209",".367",".266",".286",".278",".158",".366",".308","89","14.1",8.5,68.5,22.1,30.5,52.4,47.6,272,519,53.5,1704,79,7.6,28,1407,1622,3188,77.9,225,1017,46.5,1484,42.8,1364,32.4,48.2,40.3,30.7,22.4,6.6
"Brazobán, Huascar",623211,2024,"39","51.2",38,2,51,25,23.5,11.5,".201",".280",".304","0.584","0.079","22","0","5","1","3","3.83","5","0",".224",".323",".269",".300",".324",".099",".331",".307","82.3","10.4",4.3,68.6,20.1,31.9,47.8,52.2,75,157,54.7,492,76.7,6.7,260,639,0,899,79.9,56,279,45.3,407,42.6,383,30,48.5,46.4,21,24.6,8
"Bradley, Taj",671737,2024,"25","138.0",122,22,154,47,26.6,8.1,".235",".408",".300","0.708","0.173","63","0","0","8","11","4.11","0","25",".227",".426",".308",".318",".295",".199",".400",".323","91.2","13.3",10.2,71.5,18.8,30.5,47.2,52.8,167,354,50.7,1162,81.4,7.5,616,1473,205,2294,81.2,152,809,49.3,1132,41.2,945,27.4,50.7,42.1,27.9,23.6,6.4
"Meyer, Max",676974,2024,"11","57.0",62,14,46,19,18.5,7.7,".276",".560",".339","0.899","0.284","36","0","0","3","5","5.68","0","11",".240",".461",".381",".335",".307",".222",".377",".301","90.6","10.1",13.9,70.4,12.8,26.1,51.9,48.1,68,131,51.8,501,78.9,7.9,173,401,393,968,87.2,42,329,48.2,467,39.4,381,23.9,47.5,50.6,25,18.3,6.1
"Faedo, Alex",656412,2024,"37","57.1",49,9,55,28,22.4,11.4,".233",".405",".328","0.733","0.172","23","0","3","5","3","3.61","8","6",".248",".391",".322",".327",".342",".143",".370",".332","88.3","14.8",6.3,70.8,21.1,29.4,50.6,49.4,83,164,55.4,558,78.8,5.2,200,408,399,1007,78.9,67,318,44.6,449,43.8,441,31.1,47.9,39.4,28.1,26.9,5.6
"Williams, Gavin",668909,2024,"16","76.0",72,7,79,32,23.8,9.6,".246",".396",".323","0.719","0.150","41","0","0","3","10","4.86","0","16",".245",".394",".315",".318",".324",".149",".374",".334","90.8","13.2",6.9,69.2,19.1,29,38.6,61.4,76,197,49.7,680,75.9,8.2,74,870,424,1368,80.9,91,476,50.3,688,43.1,589,24.8,49.2,40.8,26.1,26.1,6.9
"Soto, Gregory",642397,2024,"66","53.0",56,4,65,27,26.6,11.1,".272",".398",".374","0.772","0.126","26","2","2","3","5","4.42","11","0",".235",".381",".340",".328",".347",".147",".395",".345","88.6","6.2",7.6,64.9,17.8,30.2,57.7,42.3,86,149,51.4,494,74.4,8.1,0,562,322,960,82.2,54,303,48.6,467,38.8,373,31,47.1,51.4,19.4,24.3,4.9
"Thompson, Zack",668868,2024,"5","17.0",24,6,20,8,24.1,9.6,".324",".622",".398","1.020","0.298","18","0","0","0","2","9.53","0","2",".252",".446",".432",".340",".334",".194",".409",".348","89","17.7",13,61.4,15.5,33.3,39.6,60.4,21,53,50.2,159,75.9,9.1,72,113,132,317,84.5,15,97,49.8,158,44.5,141,24,47.3,38.9,25.9,22.2,13
"Tonkin, Michael",543859,2024,"57","79.1",70,6,85,30,25,8.8,".236",".350",".318","0.668","0.114","32","2","2","4","4","3.63","1","0",".251",".399",".296",".324",".333",".148",".388",".346","88","12.5",7.4,65.5,17.1,31.2,35.9,64.1,85,237,53.5,759,66.4,7.5,0,779,504,1419,82.9,74,433,46.5,661,39.4,559,23.7,47.2,40.1,26.3,28.1,5.5
"Farmer, Buck",571656,2024,"61","71.0",56,7,70,29,23.4,9.7,".215",".369",".309","0.678","0.154","24","1","1","3","2","3.04","1","1",".236",".404",".293",".317",".327",".168",".373",".320","88.3","18.1",8.3,64.2,17.4,29.3,43.3,56.7,78,180,52.5,614,68,8.5,245,516,407,1170,82.6,62,357,47.5,556,41.7,488,26.1,45.9,36.8,28,23.3,11.9
"Valdez, Framber",664285,2024,"28","176.1",140,13,169,55,24,7.8,".221",".323",".287","0.610","0.102","57","0","0","15","7","2.91","0","28",".232",".349",".272",".292",".299",".117",".345",".315","90.2","0.4",5.3,61.2,14.4,28.7,54.5,45.5,204,374,50.1,1302,70.2,7.2,454,1219,925,2598,85.6,114,794,49.9,1298,43.6,1133,27.2,45,61.7,15,21.8,1.5
"Banks, Tanner",621383,2024,"63","72.1",69,6,78,24,25.2,7.7,".249",".361",".311","0.672","0.112","32","2","4","2","3","3.98","8","2",".229",".350",".293",".288",".296",".120",".349",".316","87.5","10.8",6.3,69.4,18.8,26.8,45.2,54.8,71,157,49.8,585,76.1,9.3,148,465,387,1174,81.2,77,409,50.2,589,41.6,488,26.1,48.2,49.3,24.9,22,3.9
"Peralta, Freddy",642547,2024,"32","173.2",143,26,200,68,27.6,9.4,".224",".387",".307","0.694","0.163","71","0","0","11","9","3.68","0","32",".222",".386",".305",".307",".306",".165",".378",".322","87.6","17.3",8.7,70.4,22.7,28,47.9,52.1,228,476,55.4,1698,76,6.3,536,1652,878,3066,77.3,219,963,44.6,1368,42.1,1290,31.1,46.9,37.4,29.5,23.5,9.6
"Weissert, Greg",669711,2024,"62","63.1",65,7,58,20,22.1,7.6,".274",".401",".324","0.725","0.127","22","1","4","4","2","3.13","6","0",".246",".373",".310",".294",".302",".127",".352",".322","88.9","12.8",5.9,64.1,15.2,30.5,32.2,67.8,48,149,47.3,488,76.7,8.7,91,579,59,1029,84.8,53,348,52.7,543,42.7,440,20.3,48.3,41.1,28.1,24.9,5.9
"Muñoz, Andrés",662253,2024,"60","59.1",31,6,77,26,33.2,11.2,".153",".257",".259","0.516","0.104","14","22","5","3","7","2.12","6","0",".177",".312",".233",".269",".282",".135",".347",".289","86.3","1.5",8.7,62.7,24.3,33.2,60.5,39.5,112,185,58.6,557,70.6,5.4,0,503,448,951,75.7,60,247,41.4,394,42.1,400,39.8,45.4,54,23,19.8,3.2
"Chafin, Andrew",605177,2024,"62","56.1",52,5,70,31,28.5,12.6,".246",".341",".341","0.682","0.095","22","1","3","4","3","3.51","13","0",".221",".355",".301",".298",".322",".135",".367",".327","88.5","15",6.3,66.5,15.5,35.1,54.1,45.9,119,220,64.8,627,69.4,3.7,0,524,443,967,84.5,35,226,35.2,340,40.3,390,34.5,46.1,36.8,27.8,29.9,5.6
"Blach, Ty",621389,2024,"20","71.1",103,17,36,18,10.9,5.5,".342",".585",".387","0.972","0.243","55","0","1","3","8","6.94","0","12",".312",".575",".413",".402",".362",".264",".430",".354","90.7","13.2",12.2,69.2,10.5,29.3,25.8,74.2,41,159,47.8,542,77.6,9.4,278,731,124,1133,89.5,43,409,52.2,591,41.6,471,14.8,50.1,41.5,30.4,24.8,3.3
"Spence, Mitch",687765,2024,"35","151.1",165,20,126,44,19.4,6.8,".276",".455",".331","0.786","0.179","77","0","0","8","10","4.58","1","24",".248",".420",".340",".318",".306",".171",".363",".314","89.5","9.6",8.4,70.8,12,31.7,44.6,55.4,181,406,51.6,1280,82.7,7.5,27,1344,1109,2481,88,102,850,48.4,1201,42.6,1058,22.5,50.6,48.4,23.8,21.9,5.9
"Lowder, Rhett",695076,2024,"6","30.2",25,0,22,14,17.2,10.9,".219",".237",".305","0.542","0.018","4","0","0","2","2","1.17","0","6",".267",".383",".253",".326",".347",".117",".349",".331","90.2","12.5",3.3,70.1,18,23,26.8,73.2,15,56,49,244,72.2,7.2,97,265,136,498,82,32,178,51,254,44.2,220,20.1,47,39.1,25,29.3,6.5
"Kopech, Michael",656629,2024,"67","67.2",44,9,88,34,31.5,12.2,".188",".321",".299","0.620","0.133","26","15","5","6","8","3.46","9","0",".190",".354",".277",".294",".303",".164",".367",".299","89","16.9",10.5,64.4,25.7,28.8,49.4,50.6,80,162,49.2,562,68.1,8.2,0,1016,125,1143,74.3,96,374,50.8,581,42.5,486,32.8,46.9,38.8,38.2,17.1,5.9
"Weathers, Ryan",677960,2024,"16","86.2",78,11,80,24,21.8,6.5,".236",".390",".303","0.693","0.154","35","0","0","5","6","3.63","0","16",".240",".412",".303",".318",".308",".172",".370",".315","89.5","10.4",8.3,67.3,17.6,26.8,45.9,54.1,90,196,51.7,730,69.9,8,368,731,9,1413,82.4,81,460,48.3,683,40.6,574,26.1,46.4,47.6,22.8,22.8,6.7
"Helsley, Ryan",664854,2024,"65","66.1",50,3,79,23,29.7,8.6,".210",".273",".275","0.548","0.063","15","49","4","7","4","2.04","0","0",".212",".305",".243",".260",".279",".094",".333",".313","89.4","18.3",3.7,69.7,24.1,33.5,65.3,34.7,94,144,46.2,430,72.5,8.6,0,423,508,931,75.9,84,349,53.8,501,41.6,387,36.1,53,37.2,23.8,28,11
"Brewer, Colten",605155,2024,"16","20.2",24,1,22,9,23.2,9.5,".293",".427",".358","0.785","0.134","13","1","1","0","0","5.66","1","0",".249",".388",".339",".321",".326",".138",".374",".332","87.2","11.9",7.9,65,16.7,22.9,55.8,44.2,24,43,48.1,188,77.8,9.2,0,172,216,391,83.3,22,132,51.9,203,36.6,143,26.3,44.8,44.4,28.6,19,7.9
"Anderson, Tyler",542881,2024,"31","179.1",158,24,142,73,18.6,9.5,".232",".394",".311","0.705","0.162","76","0","0","10","15","3.81","0","31",".244",".423",".308",".326",".322",".179",".358",".307","87.2","17.6",7.9,71.5,20.8,29.5,43.1,56.9,196,455,52.8,1540,78.9,6.7,1082,1778,54,2914,79.2,204,983,47.2,1374,45.1,1314,27.8,49.3,38.3,29.5,23.8,8.5
"Zeferjahn, Ryan",666171,2024,"12","17.0",7,0,18,6,28.1,9.4,".127",".145",".234","0.379","0.018","4","0","0","0","0","2.12","0","0",".143",".174",".181",".202",".249",".031",".207",".209","87","17.4",0,70.4,23.7,29,51.7,48.3,15,29,48.1,100,73.7,9.1,0,170,4,208,76.3,18,76,51.9,108,43.8,91,31.4,50.5,39.5,28.9,21.1,10.5
"Pérez, Martín",527048,2024,"26","135.0",151,22,107,49,18.1,8.3,".283",".460",".349","0.809","0.177","68","0","0","5","6","4.53","0","26",".274",".485",".351",".359",".341",".211",".407",".343","89","11.2",8.6,64.7,13.7,28,37.1,62.9,117,315,51,1124,71,6.3,501,1392,311,2204,86.3,96,699,49,1080,47.5,1046,21,46,44.1,23.5,26.6,5.8
"Morgan, Eli",669212,2024,"32","42.0",30,4,34,11,20.4,6.6,".197",".336",".255","0.591","0.139","9","0","0","3","0","1.93","3","0",".203",".311",".256",".254",".260",".109",".287",".259","85.2","17.6",2.5,69.6,16.5,36.3,42.1,57.9,48,114,48.6,314,72.1,6.7,153,260,233,646,83.5,38,231,51.4,332,42.1,272,24.9,53.4,32.2,31.4,24,12.4
"Suárez, Ranger",624133,2024,"27","150.2",140,14,145,41,23.2,6.5,".243",".379",".299","0.678","0.136","58","0","0","12","8","3.46","0","27",".248",".371",".297",".300",".304",".123",".360",".332","86.9","6.3",5.1,66.2,12.9,30.3,39.5,60.5,149,377,52.8,1243,75.4,6,384,1485,485,2354,87.1,95,736,47.2,1111,44.5,1048,21.9,47.3,53.2,18.2,24.4,4.1
"Wentz, Joey",666214,2024,"46","67.1",66,8,73,33,24,10.9,".252",".378",".340","0.718","0.126","35","1","0","1","2","4.68","2","0",".220",".353",".317",".301",".314",".132",".341",".302","88.1","15.5",7.2,68.1,18.9,29.6,50.3,49.7,99,197,54.4,666,75.9,7.1,234,831,159,1224,81.1,72,380,45.6,558,42.5,520,29.6,47.1,41.8,25.3,23.7,9.3
"Montgomery, Jordan",656756,2024,"25","117.0",149,14,83,44,15.6,8.3,".312",".496",".369","0.865","0.184","81","1","0","8","7","6.23","0","21",".285",".452",".370",".350",".348",".167",".387",".345","88.6","12.2",6,70.3,17.7,33.2,42.1,57.9,151,359,55.9,1080,83.8,7.7,373,929,627,1929,82.3,106,598,44.1,851,41.5,802,26.9,49.6,43,24.9,27.6,4.5
"McGough, Scott",543518,2024,"26","32.2",34,6,25,21,16.7,14,".274",".532",".373","0.905","0.258","27","0","2","1","3","7.44","1","2",".256",".506",".382",".370",".361",".250",".392",".312","90.8","13.2",11.7,71.8,19.1,25.4,43.8,56.2,32,73,49.7,287,78.6,7.3,185,312,80,577,80.9,40,209,50.3,291,45.7,264,25.5,48.9,41.7,28.2,25.2,4.9
"Sands, Cole",663485,2024,"62","71.1",59,6,85,12,29.1,4.1,".221",".326",".265","0.591","0.105","26","4","3","9","1","3.28","5","0",".223",".388",".259",".290",".271",".165",".383",".325","89","17.6",6.3,68.6,19.8,31.7,41.9,58.1,75,179,49,565,85,9.3,198,793,163,1154,80.2,80,404,51,589,42.1,486,26.6,50.5,37,35.4,18.5,9
"Kelly, Merrill",518876,2024,"13","73.2",67,11,63,19,21,6.3,".242",".426",".294","0.720","0.184","33","0","0","5","1","4.03","0","13",".262",".483",".311",".345",".313",".221",".413",".338","90.5","11",10.7,68.1,12.9,30.5,37.8,62.2,70,185,53.1,606,79.5,6.4,239,679,224,1142,86.8,47,365,46.9,536,47.7,545,21.3,48.2,42.8,29.8,23.3,4.2
"Medina, Luis",665622,2024,"8","40.0",43,4,32,20,17.8,11.1,".276",".417",".356","0.773","0.141","23","0","0","2","4","5.18","0","8",".254",".415",".336",".335",".340",".161",".364",".317","89.5","16.3",8.7,71.1,10.5,25.8,43,57,40,93,50,360,83.1,9.9,57,409,254,720,89.5,27,256,50,360,41.9,302,19.2,48.5,38.6,27.6,25.2,8.7
"Burnes, Corbin",669203,2024,"32","194.1",165,22,181,48,23.1,6.1,".226",".347",".274","0.621","0.121","63","0","0","15","9","2.92","0","32",".229",".371",".273",".286",".278",".142",".343",".304","87.5","11",6.7,67,15.6,33,51.6,48.4,273,529,53.4,1601,74,6.5,331,1581,1027,2996,84.4,146,934,46.6,1395,42.7,1278,28.6,48.8,48.8,22.4,19.9,8.9
"Zulueta, Yosver",691172,2024,"12","16.1",15,2,20,7,29,10.1,".246",".393",".333","0.726","0.147","9","0","0","0","0","4.96","0","0",".198",".350",".322",".289",".291",".151",".350",".295","91.1","0.3",9.8,58.6,8,22.6,50,50,18,36,55.4,159,70,7,2,190,92,286,92,6,75,44.6,128,45.6,131,21.6,38.8,63.4,19.5,17.1,0
"Staumont, Josh",622251,2024,"25","24.1",17,0,18,14,17.6,13.7,".200",".212",".314","0.526","0.012","10","0","0","1","0","3.70","1","0",".248",".326",".252",".325",".360",".078",".330",".315","86.8","11.8",2.9,64,12.5,25.9,56.1,43.9,32,57,52.4,220,75,6.7,0,156,264,420,87.5,16,128,47.6,200,41,172,25.9,44,46.4,17.4,24.6,11.6
"Garrett, Reed",657585,2024,"53","57.1",50,6,83,30,33.6,12.1,".236",".363",".333","0.696","0.127","24","4","5","8","5","3.77","14","0",".200",".312",".310",".280",".303",".112",".362",".325","87.5","13.5",5.3,64.1,24,32.8,56.7,43.3,106,187,58.2,570,71.7,5.4,266,519,0,980,76,63,263,41.8,410,39.7,389,37.6,45.9,44.7,24.2,21.2,9.8
"Hendricks, Kyle",543294,2024,"29","130.2",147,21,87,43,15.3,7.6,".286",".442",".340","0.782","0.156","86","0","0","4","12","5.92","0","24",".273",".432",".339",".339",".332",".159",".369",".328","85.9","13",7.4,64.4,13.4,29.6,29.6,70.4,98,331,52.4,1118,78,5.5,827,1029,279,2135,86.6,88,655,47.6,1017,47,1003,18.9,46.2,45.6,23.3,23,8.1
"Smith, Drew",622098,2024,"19","17.2",18,2,23,9,29.1,11.4,".265",".441",".342","0.783","0.176","6","2","0","1","1","3.06","6","0",".228",".404",".337",".325",".325",".176",".416",".356","91.6","24.9",10.6,75.4,24.6,29.8,47.9,52.1,23,48,49.1,161,86.4,6.7,17,240,71,328,75.4,31,126,50.9,167,42.1,138,31,53,25.5,36.2,25.5,12.8
"Abbott, Andrew",671096,2024,"25","138.0",127,25,114,52,19.5,8.9,".240",".439",".309","0.748","0.199","57","0","0","10","10","3.72","0","25",".231",".411",".323",".312",".302",".181",".349",".294","88.2","21.3",9.3,68.5,15.8,26.3,40.8,59.2,124,304,49.6,1157,81,7.9,381,1249,275,2333,84.2,127,806,50.4,1176,42.8,999,22.6,47.6,34.7,32.5,21.1,11.7
"Verlander, Justin",434378,2024,"17","90.1",98,15,74,27,18.7,6.8,".274",".450",".331","0.781","0.176","55","0","0","5","6","5.48","0","17",".230",".396",".337",".304",".293",".166",".337",".288","88.6","20.9",6.9,69.9,17.2,27.1,32.1,67.9,68,212,49.6,783,82.6,7.7,160,769,651,1580,82.8,96,557,50.4,797,43.5,688,21.3,48.7,28.7,31.8,27.7,11.8
"Falter, Bailey",663559,2024,"28","142.1",138,17,97,45,16.5,7.6,".260",".424",".315","0.739","0.164","70","0","0","8","9","4.43","0","28",".264",".465",".320",".340",".322",".201",".380",".323","90.1","17",9,67.8,13.7,27.8,36.4,63.6,99,272,45.8,979,75.3,8.5,11,1338,788,2138,86.3,108,786,54.2,1159,45.6,974,19.6,49.5,37.5,28.1,25.8,8.5
"Anderson, Shaun",641312,2024,"6","16.1",34,3,10,1,11.8,1.2,".415",".659",".424","1.083","0.244","15","0","0","0","2","8.27","0","2",".334",".561",".458",".388",".349",".227",".433",".379","91.6","15.7",11,69.3,7.5,20.9,47.4,52.6,9,19,37.3,91,90,12.3,28,106,90,244,92.5,8,106,62.7,153,40.6,99,13.6,51.2,37,21.9,34.2,6.8
"Crouse, Hans",668968,2024,"25","25.1",14,2,34,17,31.8,15.9,".161",".276",".311","0.587","0.115","8","0","1","4","3","2.84","1","0",".164",".346",".273",".297",".315",".182",".355",".271","85.4","25.3",9.3,65.1,23.2,28.6,57.1,42.9,40,70,56.1,245,82.8,6.6,49,218,170,437,76.8,29,125,43.9,192,41.6,182,35.4,44.6,25.9,42.6,20.4,11.1
"Rosenberg, Kenny",670046,2024,"7","24.0",28,5,17,8,16.3,7.7,".292",".510",".346","0.856","0.218","16","0","0","0","1","6.00","0","1",".283",".531",".365",".371",".338",".248",".422",".344","90.3","17.1",10.1,69.5,17,24,37.5,62.5,18,48,49.6,200,69,7.2,132,251,20,403,83,24,141,50.4,203,43.9,177,22.2,46.9,36.7,27.8,25.3,10.1
"Ottavino, Adam",493603,2024,"60","56.0",49,6,70,23,28.6,9.4,".230",".362",".324","0.686","0.132","27","1","2","2","2","4.34","15","0",".196",".322",".305",".281",".294",".127",".333",".290","87.1","13.6",7.6,59.1,19.5,26.6,40.6,59.4,52,128,48.1,482,64.1,10.3,50,549,29,1003,80.5,60,308,51.9,521,39.6,397,25.7,43.5,44.4,23.6,22.2,9.7
"Poteet, Cody",547001,2024,"5","24.1",18,2,16,8,16.7,8.3,".207",".310",".281","0.591","0.103","6","0","0","3","0","2.22","0","4",".277",".444",".266",".343",".345",".167",".377",".340","91.6","14.1",5.6,65.3,11.3,21.6,28.6,71.4,12,42,50.5,194,94.7,4.9,77,203,38,384,88.7,14,124,49.5,190,44,169,15.7,43.2,42.3,26.8,26.8,4.2
"Flexen, Chris",623167,2024,"33","160.0",180,24,123,63,17.4,8.9,".283",".476",".349","0.825","0.193","88","0","0","3","15","4.95","0","30",".256",".452",".355",".339",".325",".197",".377",".317","88.7","17.3",8.1,68.6,15.6,27.7,37.2,62.8,159,427,55.1,1542,84.6,5.3,440,1771,377,2797,84.4,134,861,44.9,1255,42.7,1193,22.7,46,36.2,27.6,26.6,9.6
"Weaver, Luke",596133,2024,"62","84.0",52,10,103,26,31.1,7.9,".176",".334",".248","0.582","0.158","27","4","0","7","3","2.89","22","0",".197",".370",".256",".286",".272",".173",".374",".304","89.1","16.5",8.6,72.7,28.2,31.9,42.9,57.1,106,247,56.3,774,89.4,6.2,381,970,23,1374,71.8,123,436,43.7,600,44,605,33.5,49.7,37.4,32.8,21.7,8.1
"Miller, Erik",669062,2024,"73","67.1",50,7,87,38,30.6,13.4,".205",".344",".313","0.657","0.139","29","0","3","4","5","3.88","14","10",".189",".304",".296",".280",".301",".115",".333",".293","89.5","10.7",7,65.3,23.4,24.7,47,53,79,168,53.7,681,75,6.9,430,631,208,1269,76.6,90,384,46.3,588,42.1,534,30.6,43.5,51.9,27.2,15.2,5.7
"Adam, Jason",592094,2024,"74","73.2",40,5,81,23,28.7,8.2,".159",".259",".245","0.504","0.100","16","4","4","7","2","1.95","31","0",".204",".350",".224",".283",".287",".146",".357",".302","88.5","13.8",6.4,70.7,26.4,33,60.1,39.9,119,198,54.1,600,77.4,7.6,286,431,213,1109,73.6,95,360,45.9,509,40,444,38.4,50.3,43,27.3,19.8,9.9
"Brooks, Aaron",605156,2024,"5","26.2",33,4,12,8,10.1,6.7,".308",".486",".353","0.839","0.178","15","0","0","0","2","5.06","0","4",".304",".535",".358",".391",".357",".231",".411",".342","91.5","11.1",10.2,71.9,9.2,29,45,55,27,60,51.4,207,84,6.2,54,211,138,403,90.8,13,141,48.6,196,43.9,177,19.9,49.9,49,27.6,21.4,2
"Santana, Dennis",642701,2024,"62","71.2",57,4,69,21,24,7.3,".220",".351",".287","0.638","0.131","31","3","0","3","1","3.89","12","0",".222",".347",".281",".284",".289",".125",".332",".300","86.3","14.3",4.7,66,17.7,35.2,47.9,52.1,93,194,49.8,551,72.3,8.5,93,654,359,1106,82.3,65,367,50.2,556,42,465,28.2,50.7,38.3,28.5,26.4,6.7
"Thompson, Keegan",624522,2024,"24","30.1",19,3,36,18,28.3,14.2,".178",".318",".294","0.612","0.140","9","2","0","2","1","2.67","2","0",".218",".404",".277",".325",".328",".187",".397",".324","90.6","12.9",12.5,68.1,17.9,25.4,52.8,47.2,38,72,52.8,284,80.6,5.8,12,367,83,538,82.1,31,173,47.2,254,40.3,217,28.2,45.5,37.5,27.8,30.6,4.2
"Sauer, Matt",669422,2024,"14","16.1",23,3,9,11,10.7,13.1,".324",".535",".417","0.952","0.211","14","0","0","0","0","7.71","0","0",".257",".483",".408",".367",".364",".226",".358",".295","90.2","20.6",9.5,74.5,13.5,25.8,21.7,78.3,10,46,54.4,178,89.3,8.6,20,177,53,327,86.5,15,111,45.6,149,41.6,136,15.9,48,31.7,41.3,17.5,9.5
"Cano, Yennier",666974,2024,"70","60.0",54,6,65,24,26.1,9.6,".242",".372",".317","0.689","0.130","21","5","3","4","3","3.15","34","0",".232",".369",".303",".303",".310",".137",".369",".328","89.9","-1.9",6.3,67.5,17.6,32.2,45.5,54.5,80,176,54.2,546,70.7,5.8,248,629,131,1008,82.4,55,312,45.8,462,46,464,27.7,48.4,63.5,17,17.6,1.9
"Schreiber, John",670167,2024,"59","51.2",48,1,46,20,20.5,8.9,".242",".318",".321","0.639","0.076","21","2","3","4","3","3.66","23","0",".228",".318",".287",".288",".311",".090",".314",".296","89","10.2",3.9,67.7,16.4,25.7,33.9,66.1,41,121,52.6,471,81.8,7.4,55,599,0,895,83.6,47,287,47.4,424,43.2,387,21.6,45.6,52.6,18.8,19.5,9.1
"Stone, Gavin",694813,2024,"25","140.1",133,18,116,37,20,6.4,".248",".402",".297","0.699","0.154","55","0","0","11","5","3.53","0","25",".253",".407",".304",".312",".302",".154",".363",".321","88.2","11.2",6.4,70.4,18,31.1,39.4,60.6,134,340,50.8,1094,77.6,8.1,574,1133,409,2153,82,134,746,49.2,1060,45.1,971,24.7,50.4,44.7,25.6,24.9,4.7
"Leone, Dominic",608678,2024,"23","19.0",20,4,17,14,19.1,15.7,".274",".521",".382","0.903","0.247","14","0","4","0","2","6.63","4","0",".267",".457",".381",".372",".384",".190",".411",".349","88","7.1",10.3,67.6,24,31,59.1,40.9,39,66,59,213,63.6,6.1,94,180,70,361,76,24,100,41,148,42.1,152,38,46,50,22.4,22.4,5.2
"Jiménez, Dany",666204,2024,"25","25.2",21,6,25,19,21.4,16.2,".223",".500",".350","0.850","0.277","14","1","2","1","3","4.91","5","0",".200",".442",".361",".348",".340",".242",".373",".274","87.2","23.6",18.1,61.1,17.4,22.3,62,38,31,50,49.8,224,77.4,6.9,18,169,263,450,82.6,24,138,50.2,226,40.2,181,29.3,41.8,33.3,40.3,15.3,11.1
"Hancock, Emerson",676106,2024,"12","60.2",62,12,39,19,14.7,7.1,".259",".456",".327","0.783","0.197","32","0","0","4","4","4.75","0","12",".287",".500",".339",".372",".356",".213",".404",".345","88.5","16.5",9.9,71.4,17.6,27.6,33.6,66.4,46,137,48.9,496,83.8,7.3,214,693,106,1014,82.4,65,370,51.1,518,46.8,475,21.9,50,35.6,28.7,27.7,7.9
"Sammons, Bryan",676614,2024,"6","27.1",16,6,18,9,17.3,8.7,".170",".383",".250","0.633","0.213","11","0","0","1","1","3.62","0","0",".214",".474",".277",".328",".289",".261",".358",".264","87.4","27",9.2,67.6,12.8,33.9,43.8,56.3,28,64,50.5,189,67.9,7.5,31,242,29,374,87.2,16,125,49.5,185,40.9,153,23.3,50.5,21.1,46.1,21.1,11.8
"Burr, Ryan",621114,2024,"34","32.2",29,4,47,12,33.6,8.6,".228",".402",".300","0.702","0.174","15","0","1","0","2","4.13","3","4",".221",".379",".307",".296",".294",".158",".406",".351","91.3","16.3",8.8,71.1,14.3,33.8,62.3,37.7,66,106,55.1,314,68.9,7.9,0,225,345,570,85.7,26,182,44.9,256,40.5,231,31.9,50.5,32.5,32.5,31.3,3.8
"Jackson, Jay",543351,2024,"20","26.1",28,7,29,9,25.4,7.9,".267",".524",".325","0.849","0.257","22","0","0","1","2","7.52","1","0",".254",".460",".362",".336",".313",".206",".422",".351","88.3","16",10.5,71.1,21.8,25.8,36.8,63.2,21,57,48.8,221,86.7,9.9,60,141,252,453,78.2,36,165,51.2,232,40,181,25.7,49,35.5,26.3,31.6,6.6
"Soriano, José",667755,2024,"22","113.0",91,8,97,45,20.7,9.6,".224",".329",".311","0.640","0.105","43","0","0","6","7","3.42","1","20",".240",".379",".287",".319",".328",".140",".354",".314","89.9","-0.9",6.6,64.7,13.4,29.3,43.7,56.3,118,270,52.9,920,68.5,8.2,140,1060,536,1737,86.6,71,529,47.1,818,43,748,23.7,46,60.1,15.8,21.8,2.2
"La Sorsa, Joe",686747,2024,"16","17.2",17,4,14,5,18.9,6.8,".258",".439",".315","0.754","0.181","9","0","0","0","0","4.58","0","0",".250",".445",".321",".325",".308",".196",".376",".311","86.6","15.2",9.3,64.2,6.9,22.3,28,72,7,25,41.3,112,70.8,8.9,58,160,0,271,93.1,7,102,58.7,159,41,111,11,46.9,40.7,29.6,22.2,7.4
"Springs, Jeffrey",605488,2024,"7","33.0",34,5,37,11,26.1,7.7,".264",".419",".324","0.743","0.155","12","0","0","2","2","3.27","0","7",".227",".385",".324",".303",".294",".158",".373",".320","89.3","15.9",9.7,70.7,19.5,31.3,48,52,48,100,56.5,319,75.8,5.8,179,254,114,565,80.5,34,174,43.5,246,41.1,232,29.9,48.5,38.7,29,24.7,7.5
"Waldron, Matt",663362,2024,"27","146.2",145,21,133,40,21.3,6.4,".255",".430",".315","0.745","0.175","80","0","0","7","11","4.91","0","26",".244",".413",".323",".316",".306",".170",".368",".318","88.1","16.4",7,65,16.3,25,32.9,67.1,99,301,49.1,1203,81.9,8.1,0,1028,0,2450,83.7,132,810,50.9,1247,43.2,1059,20.8,45.3,39.1,28.9,22.5,9.5
"Lawrence, Justin",664875,2024,"56","59.2",73,9,45,33,16.1,11.8,".313",".485",".408","0.893","0.172","43","2","4","4","4","6.49","5","0",".296",".463",".387",".380",".396",".168",".406",".363","90","5.7",7.7,64.4,14.9,23.9,41.8,58.2,56,134,51.9,561,76.8,7.6,0,637,0,1081,85.1,50,335,48.1,520,39.8,430,22.6,43.4,52.6,18.6,27.3,1.5
"Corbin, Patrick",571578,2024,"32","174.2",208,25,139,54,18.2,7.1,".298",".486",".348","0.834","0.188","109","0","0","6","13","5.62","0","32",".291",".481",".357",".360",".344",".190",".415",".362","90.8","10",8.3,69.1,12.6,29.8,42.5,57.8,194,457,53.1,1534,78.5,6.8,97,1750,1039,2888,87.4,118,935,46.9,1354,44.7,1290,22.4,48.2,47.2,20.6,27.8,4.4
"Ort, Kaleb",672391,2024,"22","24.2",16,7,26,4,28,4.3,".180",".438",".215","0.653","0.258","7","0","0","1","1","2.55","3","0",".206",".388",".277",".275",".241",".181",".362",".292","88.2","21.4",6.3,67.6,20.8,32,39.7,60.3,23,58,49.5,181,78.1,8.7,29,271,0,366,79.2,26,125,50.5,185,40.7,149,26.8,50,34.9,36.5,17.5,11.1
"Ginn, J.T.",669372,2024,"8","34.0",36,4,29,9,20.4,6.3,".275",".405",".331","0.736","0.130","16","0","0","1","1","4.24","0","6",".267",".434",".321",".331",".324",".167",".389",".343","90.3","11.3",6.9,69.8,17.3,23.5,62.7,37.3,37,59,48.6,251,83.8,7.2,75,279,161,515,82.7,32,185,51.4,265,42.8,221,28.3,47.4,47.1,18.6,26.5,7.8
"Brieske, Beau",689225,2024,"46","67.2",55,5,69,30,24.5,10.6,".224",".354",".310","0.664","0.130","27","1","1","4","5","3.59","6","12",".215",".342",".291",".287",".303",".127",".330",".296","89","14.8",5.5,69.3,18.3,29.5,36.2,63.8,64,177,52,599,88.2,6.6,305,648,199,1152,81.7,70,383,48,553,45.1,519,23.9,48.6,38.7,28.2,24.3,8.8
"Berríos, José",621244,2024,"32","192.1",168,31,153,54,19.5,6.9,".235",".406",".300","0.706","0.171","77","0","0","16","11","3.60","0","32",".262",".447",".308",".336",".325",".185",".386",".333","89.6","13.4",7.8,64.5,13.3,29.5,37.8,62.2,165,437,50.8,1479,73,7.4,465,1617,0,2914,86.7,123,925,49.2,1435,46.1,1344,21.1,46.7,43.2,26,24.1,6.7
"Martinez, Justin",679885,2024,"64","72.2",59,2,91,36,29.5,11.7,".221",".288",".316","0.604","0.067","20","8","2","5","6","2.48","9","0",".216",".288",".269",".277",".317",".072",".345",".333","86.4","-0.3",2.8,65.6,23.3,30.5,57.3,42.7,106,185,51.6,607,76,6.4,256,666,255,1177,76.7,87,374,48.4,570,43,506,34.5,47.5,60.3,12.8,23.5,3.4
"Pressly, Ryan",519151,2024,"59","56.2",58,4,58,18,23.8,7.4,".264",".395",".322","0.717","0.131","22","4","8","2","3","3.49","25","0",".238",".405",".314",".310",".300",".167",".373",".321","89.8","6.2",7.9,69.2,15,31.5,52.9,47.1,81,153,50.2,486,73.2,8.5,108,340,521,969,85,50,334,49.8,483,42.3,410,26.9,50.3,50.9,20,26.7,2.4
"Holmes, Clay",605280,2024,"67","63.0",60,4,68,22,25.1,8.1,".248",".347",".315","0.662","0.099","22","30","13","3","5","3.14","2","0",".224",".335",".292",".284",".295",".112",".338",".309","88.8","0.3",5.6,62.6,20.2,27.6,52.3,47.7,79,151,50.5,548,72,6.9,0,613,250,1085,79.8,68,336,49.5,537,42.5,461,30.2,44.9,64.6,15.2,18,2.2
"Parker, Mitchell",680730,2024,"29","151.0",154,18,133,43,20.6,6.7,".259",".408",".309","0.717","0.149","72","0","0","7","10","4.29","0","29",".255",".443",".311",".326",".306",".188",".384",".327","89.6","15.3",8.1,71.3,14.9,30,41.3,58.7,144,349,48.3,1162,81.3,8,458,1168,778,2404,85.1,132,886,51.7,1242,43.4,1043,22.3,51.4,38.7,28.2,26.9,6.2
"Smith, Cade",671922,2024,"74","75.1",51,1,103,17,35.6,5.9,".190",".280",".246","0.526","0.090","16","1","2","6","1","1.91","28","0",".189",".306",".235",".250",".247",".117",".352",".309","90.4","11.8",8.4,67.5,24.9,27.4,47.1,52.9,66,140,43.8,511,73.5,8.4,241,806,0,1166,75.1,110,442,56.2,655,43.2,504,30.2,49.9,44.6,21.7,25.3,8.4
"Megill, Trevor",656730,2024,"48","46.1",33,4,50,14,27.3,7.7,".200",".291",".264","0.555","0.091","14","21","3","1","3","2.72","6","0",".208",".344",".239",".268",".274",".136",".343",".299","91.2","19",7.6,70.1,15,32.8,64.4,35.6,67,104,47.5,317,69,8.7,0,478,190,668,85,37,246,52.5,351,41,274,29.7,52.4,34.7,35.6,22.9,6.8
"Schmidt, Clarke",657376,2024,"16","85.1",71,8,93,30,26.3,8.5,".230",".356",".312","0.668","0.126","27","0","0","5","5","2.85","0","16",".224",".359",".296",".304",".312",".136",".363",".322","89.1","16",5.9,63.1,22.1,27.2,44.7,55.3,93,208,52.7,766,74.3,6.9,7,815,288,1454,77.9,96,434,47.3,688,40.4,587,29.4,44.2,40.7,27.6,23.1,8.6
"Scott, Tayler",605463,2024,"62","68.2",45,7,71,35,25.2,12.4,".188",".310",".299","0.609","0.122","17","0","3","7","3","2.23","9","1",".215",".320",".275",".294",".323",".105",".327",".303","88","13.5",3.5,64.7,22.1,27.6,43.7,56.3,80,183,55.2,664,70.9,6.6,285,652,0,1203,77.9,77,349,44.8,539,43.4,522,29.5,44.2,42.1,26.3,24,7.6
"Bowman, Matt",621199,2024,"25","30.2",26,5,24,13,18.2,9.8,".222",".410",".311","0.721","0.188","15","0","0","1","0","4.40","3","1",".245",".460",".314",".342",".331",".215",".377",".308","89.3","8.4",11.8,66.5,12.6,21.7,35.7,64.3,20,56,51.9,258,85.3,6.8,75,293,0,497,87.4,20,159,48.1,239,44.5,221,18.6,43.3,44.1,26.9,25.8,3.2
"Brown, Hunter",686613,2024,"31","170.0",156,18,179,60,25.1,8.4,".242",".357",".310","0.667","0.115","66","0","0","11","9","3.49","0","30",".223",".339",".296",".286",".295",".115",".339",".310","86.2","9.6",4.5,66,18.7,27.3,40,60,161,402,50.9,1470,70,7.6,362,2004,523,2889,81.3,175,937,49.1,1419,42.2,1220,25.1,46.3,48.5,22,22.4,7.1
"Cimber, Adam",643256,2024,"28","24.1",20,1,19,14,17.8,13.1,".235",".306",".377","0.683","0.071","19","0","0","3","0","7.03","8","0",".253",".402",".313",".364",".397",".149",".377",".329","88.3","10",8.8,65.2,11.5,21.9,29.8,70.2,14,47,51.7,215,65.6,7.7,0,280,136,416,88.5,15,131,48.3,201,37.3,155,16.3,42.8,44.1,22.1,29.4,4.4
"Armstrong, Shawn",542888,2024,"57","66.2",77,6,66,25,22.4,8.5,".289",".436",".354","0.790","0.147","36","1","2","3","3","4.86","5","7",".275",".453",".345",".350",".343",".179",".419",".367","88.9","16.7",8.9,68.7,19.1,29.6,33.3,66.7,50,150,45.6,506,76.6,9.6,0,1013,0,1109,80.9,79,414,54.4,603,42,466,22.9,50.9,35.6,25.2,28.7,10.4
"Leiter, Jack",683004,2024,"9","35.2",44,7,31,17,17.9,9.8,".297",".527",".374","0.901","0.230","35","0","0","0","3","8.83","0","6",".278",".514",".384",".377",".361",".236",".423",".348","91.2","16.4",9.9,72.7,19.8,25,51.2,48.8,43,84,50.2,336,83.3,8.1,39,359,271,669,80.2,48,242,49.8,333,42.2,282,27.9,48.7,38.8,32.2,22.3,6.6
"Fernandez, Ryan",681676,2024,"62","66.2",58,4,71,32,24.9,11.2,".236",".341",".325","0.666","0.105","26","2","3","1","6","3.51","12","0",".219",".327",".291",".294",".317",".108",".346",".312","89","10.4",7.2,70.4,19,29.9,55.1,44.9,109,198,55.6,663,84.4,6.5,0,618,572,1191,81,71,373,44.4,530,43.4,518,31.5,47.9,43.9,23.3,27.8,5
"Chavez, Jesse",445926,2024,"46","63.1",60,10,55,19,20.8,7.2,".249",".427",".304","0.731","0.178","22","0","1","2","2","3.13","1","0",".260",".419",".315",".322",".315",".159",".379",".335","87.3","11.1",6.3,63.5,13.7,22.3,25.8,74.2,31,120,51.4,537,77,7.1,140,814,90,1044,86.3,44,322,48.6,507,42.2,441,17,42.3,43.4,27.5,25.9,3.2
"Hudson, Dakota",641712,2024,"18","89.0",99,11,49,50,12.1,12.4,".286",".436",".382","0.818","0.150","61","0","0","2","12","6.17","0","18",".288",".459",".360",".374",".386",".170",".376",".336","89.9","7.6",6.3,63.9,11.7,21.2,38.4,61.6,63,164,51.1,772,74.5,6.8,152,734,624,1512,88.3,55,472,48.9,739,42.4,640,18.6,42.1,52.3,23.3,21.7,2.7
"Phillips, Tyler",663969,2024,"8","36.2",45,9,28,7,17.5,4.4,".300",".527",".338","0.865","0.227","28","0","0","4","1","6.87","0","7",".289",".530",".369",".373",".330",".241",".434",".356","88.9","12.7",13.8,72.1,14.2,33.9,37,63,37,100,51,295,80.4,8.8,40,286,83,578,85.8,29,204,49,283,41.7,241,21.7,52.6,42.3,23.6,26.8,7.3
"Yates, Kirby",489446,2024,"61","61.2",23,3,85,28,35.9,11.8,".113",".182",".225","0.407","0.069","8","33","1","7","2","1.17","2","0",".146",".218",".186",".215",".253",".073",".267",".246","87.5","15.2",4.1,67.6,28.6,32.8,42.9,57.1,76,177,52.6,540,87,6.7,397,623,6,1027,71.4,94,329,47.4,487,44.3,455,33.6,49.3,45.5,34.7,13.2,6.6
"Lovelady, Richard",663992,2024,"35","34.1",34,3,26,11,17.7,7.5,".258",".371",".322","0.693","0.113","17","2","2","3","6","4.46","4","0",".264",".420",".304",".329",".328",".156",".369",".326","89.5","7.6",8.3,69,17.3,28.1,39.7,60.3,29,73,49.2,260,85,7.6,0,285,197,528,82.7,32,185,50.8,268,41.3,218,23.6,48.9,51.9,19.4,21.3,7.4
"Slaten, Justin",686580,2024,"44","55.1",47,4,58,9,25.9,4,".223",".318",".259","0.577","0.095","18","2","4","6","2","2.93","13","0",".234",".360",".253",".284",".273",".126",".362",".324","87.8","8.6",3.9,71.2,16.9,34.9,55.1,44.9,76,138,48.7,395,72.7,8.1,0,543,68,811,83.1,50,296,51.3,416,39.5,320,29,53.5,50.3,19.4,22.6,7.7
"García, Luis",472610,2024,"60","59.0",61,8,53,15,20.9,5.9,".260",".417",".311","0.728","0.157","32","4","3","5","1","4.88","14","0",".234",".385",".314",".296",".289",".151",".346",".303","88.7","6.3",7.1,67.4,12.3,33.1,46.1,53.9,71,154,51.8,465,73.1,7.5,166,542,116,898,87.7,36,292,48.2,433,41.8,375,24,49.7,50.3,22.4,21.9,5.5
"Suter, Brent",608718,2024,"47","65.2",63,10,50,12,18.5,4.4,".249",".419",".289","0.708","0.170","23","2","0","1","0","3.15","2","3",".268",".423",".305",".318",".308",".154",".369",".332","86.1","13.8",7.3,71.1,12.2,28.9,39.6,60.4,59,149,50.5,516,82.8,8.5,202,654,166,1022,87.8,44,360,49.5,506,42,429,20.2,49.8,41.5,27.8,23.4,7.3
"Barlow, Scott",605130,2024,"63","55.0",44,6,68,31,28.2,12.9,".216",".358",".328","0.686","0.142","26","2","1","3","3","4.25","19","0",".231",".367",".306",".318",".341",".137",".382",".342","86.2","9",5.8,64.5,19.4,27,57.4,42.6,93,162,58.6,599,69.8,5.2,0,346,232,1022,80.6,53,273,41.4,423,40.1,410,33.6,42.6,47.8,21,23.9,7.2
"Yamamoto, Yoshinobu",808967,2024,"18","90.0",78,7,105,22,28.5,6,".229",".365",".275","0.640","0.136","30","0","0","7","2","3.00","0","18",".232",".367",".278",".292",".282",".135",".382",".336","88.4","8.4",8.3,64.2,17,31.7,48.2,51.8,110,228,48.9,720,73.4,7.4,355,725,387,1469,83,82,482,51.1,751,47.1,693,27,48.3,48.3,20,27.9,3.8
"Little, Luke",681432,2024,"30","26.0",15,1,28,18,25.7,16.5,".174",".256",".339","0.595","0.082","10","0","0","3","1","3.46","3","1",".186",".273",".282",".296",".349",".088",".294",".272","87.4","-1.6",3.4,50.9,14.7,21.4,54.2,45.8,26,48,51.1,224,59.4,7.3,6,317,0,438,85.3,16,109,48.9,214,41.6,182,26.8,35.8,71.2,16.9,8.5,3.4
"Avila, Pedro",658648,2024,"54","82.2",73,8,82,36,23.2,10.2,".239",".369",".321","0.690","0.130","35","1","0","6","1","3.81","1","0",".259",".412",".304",".334",".343",".153",".392",".350","89.6","9.6",5.2,67.6,16.3,27.7,43.8,56.2,92,210,53.3,757,82.6,6.1,312,730,324,1419,83.7,73,449,46.7,664,42.1,598,25,46.4,45.5,19.9,30.7,3.9
"Anderson, Justin",605121,2024,"56","53.1",48,5,57,33,23.5,13.6,".234",".351",".347","0.698","0.117","26","1","5","1","2","4.39","5","0",".236",".431",".314",".343",".349",".195",".393",".325","87.3","15.4",8.7,67.8,18,31.2,50,50,82,164,55.7,526,77,6.5,0,517,428,945,82,51,284,44.3,419,41.3,390,29.7,47.4,38,32,24,6
"Rodríguez, Randy",678495,2024,"35","52.1",47,4,53,18,24,8.1,".240",".372",".311","0.683","0.132","25","0","2","3","2","4.30","5","1",".209",".355",".301",".285",".284",".146",".330",".284","88.1","13.4",7.5,67.2,21.6,30.1,46.3,53.7,63,136,51.4,452,77.5,8.1,49,480,350,879,78.4,62,287,48.6,427,42.9,377,29.6,48.1,41.8,32.2,20.5,5.5
"Jones, Jared",683003,2024,"22","121.2",106,18,132,39,26.2,7.7,".232",".432",".298","0.730","0.200","56","0","0","6","8","4.14","0","22",".229",".410",".314",".312",".298",".181",".388",".324","89.6","14.5",9.8,70.9,22.7,30.4,49.5,50.5,137,277,47.6,910,83.5,8.6,125,942,845,1912,77.3,161,710,52.4,1002,41.9,802,30.2,51.6,39,28.7,24.4,7.9
"Ashcraft, Graham",668933,2024,"15","77.1",89,11,57,27,16.3,7.7,".282",".434",".349","0.783","0.152","45","0","0","5","5","5.24","0","15",".275",".444",".342",".349",".345",".169",".383",".337","90.6","8.8",7.7,72.3,13.2,26.2,46.6,53.4,82,176,50,671,86.3,7.6,50,863,429,1342,86.8,64,485,50,671,42.5,570,22.1,49.3,49.2,22.7,22.7,5.4
"Madden, Ty",680744,2024,"6","23.0",25,2,17,8,16.8,7.9,".275",".396",".337","0.733","0.121","11","0","0","1","1","4.30","0","1",".255",".412",".322",".325",".320",".158",".355",".311","90.1","15.6",8,74.2,12.2,28.3,55.2,44.8,32,58,50.9,205,79.4,8.4,61,255,87,403,87.8,18,147,49.1,198,38.7,156,24.4,50.9,44,21.3,25.3,9.3
"Scott, Tanner",656945,2024,"72","72.0",45,3,84,36,28.6,12.2,".179",".243",".285","0.528","0.064","14","22","2","9","6","1.75","11","0",".200",".298",".241",".273",".303",".098",".328",".302","84.3","11.1",4.7,70,25.1,31.9,50.8,49.2,90,177,47.6,554,81.1,7.7,1,689,473,1163,74.9,107,426,52.4,609,43.4,505,32.7,51.8,52,18.1,21.6,8.2
"Pivetta, Nick",601713,2024,"27","145.2",128,28,172,36,28.9,6.1,".231",".439",".277","0.716","0.208","67","0","0","6","12","4.14","0","26",".217",".412",".306",".292",".265",".196",".385",".312","89.4","19.4",10.1,69,15.4,30,50.9,49.1,175,344,48,1146,74.6,7.6,0,1301,472,2387,84.6,132,856,52,1241,41.7,996,25.6,50.3,33.4,32.1,25.1,9.3
"Crawford, Kutter",676710,2024,"33","183.2",155,34,175,51,23.1,6.7,".223",".419",".284","0.703","0.196","89","0","0","9","16","4.36","0","33",".222",".422",".304",".307",".283",".200",".366",".296","88.4","19.8",9.9,69.4,17.2,32.8,44.3,55.7,195,440,47.5,1341,72.2,7.3,242,1857,202,2823,82.8,177,1029,52.5,1482,45.7,1290,25.3,52,33.8,32.3,22.1,11.8
"Zerpa, Angel",672582,2024,"60","53.2",59,6,49,20,20.4,8.3,".273",".403",".339","0.742","0.130","23","0","1","2","0","3.86","12","0",".259",".420",".323",".328",".328",".161",".381",".335","90.3","2.8",7.1,61.4,13.2,20.4,26.7,73.3,23,86,44.2,421,74.7,10,98,603,250,951,86.8,43,326,55.8,531,43.3,412,16,43.3,59.2,17.8,18.9,4.1
"Honeywell, Brent",641703,2024,"20","37.2",32,3,18,12,12,8,".242",".371",".311","0.682","0.129","11","1","1","1","1","2.63","1","1",".281",".437",".300",".345",".348",".156",".356",".323","88.3","14",5.1,67.7,10.8,22.3,30.2,69.8,19,63,47.4,282,70.8,8.1,144,310,130,595,89.2,23,212,52.6,313,42.7,254,15.3,46.2,43.2,31.4,21.2,4.2
"Faucher, Calvin",676534,2024,"53","53.2",49,0,63,26,26.8,11.1,".246",".342",".339","0.681","0.096","19","6","2","2","3","3.19","11","0",".230",".340",".299",".302",".330",".110",".363",".335","89.6","9",7.7,67,19.6,22.8,50.4,49.6,60,119,53,523,74.2,6.3,0,702,217,987,80.4,61,311,47,464,40.2,397,28.1,43.6,46.5,24.6,26.1,2.8
"Means, John",607644,2024,"4","20.2",16,2,16,2,20,2.5,".211",".368",".237","0.605","0.157","6","0","0","2","0","2.61","0","4",".260",".479",".259",".333",".291",".219",".402",".332","90.9","26.5",6.6,70.1,22.7,28.2,34.8,65.2,16,46,50.9,163,72.2,5.6,91,120,109,320,77.3,25,110,49.1,157,43.1,138,26.3,48.8,23,31.1,32.8,13.1
"Ober, Bailey",641927,2024,"31","178.2",136,27,191,43,26.9,6.1,".208",".391",".261","0.652","0.183","79","0","0","12","9","3.98","0","31",".209",".384",".282",".284",".264",".175",".357",".294","87.5","20.4",8.3,71.5,22.9,33.5,41.7,58.3,189,453,50.2,1354,77.1,7.1,792,1028,557,2696,77.1,220,959,49.8,1342,44.4,1197,29,52.4,34.3,35.2,20.3,10.2
"Walston, Blake",686796,2024,"7","18.1",16,4,18,10,21.7,12,".229",".429",".349","0.778","0.200","9","0","0","1","0","4.42","0","2",".230",".428",".344",".345",".351",".198",".377",".310","90.1","18.9",9.6,69.4,12.6,23.5,46.5,53.5,20,43,53.4,183,88,7.3,56,183,46,343,87.4,14,111,46.6,160,43.4,149,22.1,44.9,34.6,28.8,25,11.5
"Ureña, José",570632,2024,"33","109.0",105,13,70,39,15.1,8.4,".254",".399",".321","0.720","0.145","46","1","0","5","8","3.80","1","9",".256",".421",".314",".327",".325",".165",".350",".306","89","9.8",7.7,71,16.4,26.4,38.6,61.4,96,249,53.6,944,78.4,7.1,320,830,609,1760,83.6,95,579,46.4,816,43.2,761,23.1,47,50.6,24,20.6,4.9
"Peterson, David",656849,2024,"21","121.0",110,8,101,46,19.8,9,".243",".349",".320","0.669","0.106","39","0","0","10","3","2.90","0","21",".259",".407",".299",".333",".337",".148",".374",".334","89.3","7.2",7.3,68,16.7,28.8,45.3,54.7,126,278,51.5,965,65.1,6.7,307,1076,488,1871,83.3,103,617,48.5,907,43.6,817,25.6,47.8,50.8,21.3,23.9,3.9
"Sánchez, Sixto",664350,2024,"14","35.2",43,3,17,14,10.5,8.6,".303",".430",".375","0.805","0.127","24","0","1","0","3","6.06","1","7",".275",".431",".354",".348",".352",".157",".349",".312","90","10.4",6.3,67.1,9.5,22.8,25.8,74.2,17,66,46.7,290,82.2,7.2,194,427,0,621,90.5,21,222,53.3,331,46.1,286,13.2,46.4,50,26.6,20.3,3.1
"Bibee, Tanner",676440,2024,"31","173.2",150,22,187,44,26.3,6.2,".230",".406",".285","0.691","0.176","67","0","0","12","8","3.47","0","31",".235",".401",".299",".304",".291",".167",".381",".328","88.4","17.7",7,72.7,22.3,26.8,40.7,59.3,147,361,47.2,1347,82.4,7.6,512,1982,173,2851,77.7,244,1093,52.8,1504,44.4,1267,26.9,51,35.2,31.6,24.2,8.9
"Otañez, Michel",671305,2024,"36","34.0",27,2,55,20,36.4,13.2,".214",".302",".331","0.633","0.088","13","1","2","1","0","3.44","6","0",".147",".230",".291",".251",".280",".083",".300",".265","86.3","15.2",4.1,66.3,27.9,30.2,62.2,37.8,61,98,54.1,325,83.3,7,0,354,247,601,72.1,51,183,45.9,276,43.4,261,39.9,46.8,38.4,24.7,24.7,12.3
"Gausman, Kevin",592332,2024,"31","181.0",165,20,162,56,21.4,7.4,".238",".392",".296","0.688","0.154","77","0","0","14","11","3.83","0","31",".253",".460",".300",".337",".312",".206",".401",".332","90.2","16.1",9.7,71.1,15.9,29.8,39.1,60.9,172,440,51.5,1477,79.9,7.1,959,1669,240,2958,84.1,157,989,48.5,1391,43.4,1246,23.4,49.9,39.3,30.1,23.6,7.1
"Winckowski, Josh",670174,2024,"40","76.0",81,10,60,26,17.9,7.7,".272",".423",".334","0.757","0.151","35","2","1","4","2","4.14","4","6",".260",".410",".327",".322",".325",".150",".361",".322","88.5","7.1",6.1,66.3,14.4,27.5,38.3,61.7,62,162,47.6,590,82.3,7.7,156,919,165,1240,85.6,62,431,52.4,650,45.2,560,20.9,47.8,52.4,18.7,23.6,5.3
"Phillips, Evan",623465,2024,"61","54.2",48,6,63,17,27.6,7.5,".232",".372",".291","0.663","0.140","22","18","4","5","1","3.62","9","0",".223",".354",".288",".284",".285",".131",".360",".320","85.9","11.9",6.1,64.9,17.4,27.9,54.1,45.9,66,122,47.8,438,77,8.1,0,563,0,917,82.6,54,311,52.2,479,44.4,407,27.7,47.2,40.1,32.7,21.1,6.1
"Montero, Keider",672456,2024,"19","98.1",100,19,77,31,18.7,7.5,".265",".463",".325","0.788","0.198","52","0","0","6","6","4.76","0","16",".282",".464",".341",".351",".341",".183",".403",".354","88.9","15.5",7.6,67.4,13.4,26.6,44.8,55.2,86,192,46.8,721,79.8,8.4,165,759,615,1539,86.6,74,551,53.2,818,43.2,665,21.5,48.3,40.5,25.9,25.2,8.3
"Vodnik, Victor",680767,2024,"64","73.2",72,7,65,37,20.3,11.6,".257",".382",".345","0.727","0.125","35","9","6","5","4","4.28","6","0",".254",".428",".322",".342",".343",".175",".385",".331","91.3","4.5",7.8,67,15.4,22.8,39.2,60.8,62,158,51.7,693,81.4,7.2,222,849,270,1341,84.6,67,434,48.3,648,42.5,570,21.8,44.1,53.9,20.3,23.5,2.3
"Nelson, Ryne",669194,2024,"28","150.2",155,17,126,34,20,5.4,".266",".446",".308","0.754","0.180","71","1","0","10","6","4.24","0","25",".263",".419",".322",".316",".307",".157",".372",".333","90.1","12",7.5,71.1,14.4,29.3,29,71,94,324,46,1107,83.8,8.2,238,1783,341,2406,85.6,133,923,54,1299,44.8,1078,18.2,51.8,42.5,24.1,27.6,5.8
"Lee, Dylan",669276,2024,"52","59.2",49,7,76,17,31.7,7.1,".222",".376",".276","0.652","0.154","14","0","2","4","2","2.11","9","0",".198",".342",".277",".256",".254",".144",".351",".300","87.5","16.8",7.5,75.1,26.7,37.4,62.9,37.1,95,151,47.1,404,78.3,8,104,284,470,859,73.3,91,341,52.9,454,42,360,37.7,57.4,36.1,33.3,26.5,4.1
"Varland, Louis",686973,2024,"16","49.2",68,12,49,16,20.6,6.7,".318",".523",".371","0.894","0.205","42","0","0","0","6","7.61","0","7",".281",".473",".382",".356",".343",".191",".421",".364","90.6","11.1",8.9,72.8,15.8,23.7,51,49,49,96,45,405,84.6,10.1,94,417,390,901,84.2,57,361,55,496,38.7,349,23.2,50.7,43.2,27.2,27.2,2.4
"Winn, Keaton",676775,2024,"12","55.1",56,9,48,20,20.2,8.4,".268",".493",".338","0.831","0.225","44","0","0","3","8","7.16","0","12",".269",".487",".354",".361",".343",".218",".421",".348","93.1","8.7",8.5,70.9,16.4,33.3,44.6,55.4,62,139,49.2,417,74.6,8.4,343,386,118,877,83.6,50,305,50.8,430,40.3,341,25.2,52.5,50.9,21.8,24.8,2.4
"Allard, Kolby",663465,2024,"7","27.0",34,5,23,8,19.7,6.8,".312",".523",".359","0.882","0.211","15","0","0","2","0","5.00","0","4",".245",".438",".378",".319",".297",".192",".370",".311","88.9","15.7",8.1,68.4,16.9,26.2,35.8,64.2,19,53,46.3,202,78,9.4,106,277,53,436,83.1,27,160,53.7,234,40.4,176,21.6,48.9,46.5,31.4,14,8.1
"Quintana, Jose",500779,2024,"31","170.1",150,22,135,63,18.8,8.8,".237",".396",".314","0.710","0.159","71","0","0","10","10","3.75","0","31",".254",".414",".312",".330",".331",".160",".365",".321","88","10.7",6.7,64.5,12,28,38.7,61.3,179,463,58.7,1656,76.2,5.2,544,1491,616,2819,88,90,751,41.3,1164,43.8,1235,22.2,43.1,48.2,24,22.2,5.5
"McArthur, James",663704,2024,"57","56.2",68,8,49,13,19.9,5.3,".298",".456",".343","0.799","0.158","31","18","7","5","7","4.92","2","0",".268",".436",".344",".327",".316",".168",".388",".342","90.2","7.1",8.3,64.8,16.4,29.9,54.1,45.9,73,135,50,452,82.1,7.4,0,404,499,904,83.6,48,293,50,452,40.2,363,28.3,47.3,53.6,18.8,23.2,4.4
"Moore, Matt",519043,2024,"51","48.1",39,11,41,26,19.5,12.4,".218",".436",".324","0.760","0.218","27","1","1","5","3","5.03","10","0",".214",".424",".329",".324",".320",".210",".351",".277","88.8","23",9.2,72.2,23,27.5,35.5,64.5,44,124,52.8,451,79.3,6.8,271,433,150,854,77,67,291,47.2,403,43.4,371,26.7,48.6,31.2,30.5,22,16.3
"Floro, Dylan",571670,2024,"66","68.2",65,5,48,17,17.2,6.1,".252",".349",".299","0.648","0.097","29","0","1","6","4","3.80","11","0",".259",".397",".285",".311",".307",".138",".350",".318","90.2","10.9",4.2,60,11,22.9,39.3,60.7,44,112,48.1,490,71.1,8.2,97,647,274,1018,89,35,317,51.9,528,45,458,18.4,42.1,45.5,23.9,26.3,4.2
"Sewald, Paul",623149,2024,"42","39.2",35,6,43,10,26.1,6.1,".232",".437",".291","0.728","0.205","19","16","4","1","2","4.31","1","0",".225",".421",".311",".304",".286",".196",".382",".314","90","26",9.2,72,20.4,25.7,40.3,59.7,27,67,41.5,261,79.4,10.8,4,376,0,629,79.6,54,265,58.5,368,42.8,269,24.4,52.8,26.6,34.9,24.8,13.8
"Knack, Landon",689017,2024,"15","69.0",58,14,69,18,24.1,6.3,".220",".428",".276","0.704","0.208","28","1","0","3","5","3.65","0","12",".224",".444",".304",".313",".281",".220",".382",".302","90.6","21.1",10.2,67,17.4,25.7,37.3,62.7,56,150,50.7,583,68.8,8.4,167,532,443,1149,82.6,66,379,49.3,566,42.3,486,23.1,46,31.1,36.7,23,9.2
"Beeks, Jalen",656222,2024,"71","70.0",77,6,55,27,17.6,8.7,".279",".388",".346","0.734","0.109","35","10","9","7","4","4.50","8","0",".241",".380",".322",".306",".313",".139",".333",".298","87.2","13.5",4.8,73.5,14.6,24,46.4,53.6,70,151,53,628,85.1,6.2,304,870,12,1186,85.4,60,410,47,558,41.1,487,23.2,47.3,44.9,23.3,22.9,8.8
"Mears, Nick",683232,2024,"54","57.2",61,7,75,24,29.3,9.4,".268",".417",".332","0.749","0.149","38","0","2","1","5","5.93","14","0",".213",".360",".324",".283",".284",".146",".358",".311","88.1","14.3",7,66.1,20.9,30.4,47.6,52.4,69,145,46.4,477,76.7,8.4,0,619,409,1028,79.1,76,364,53.6,551,44.4,456,28.5,49.5,40.8,29.9,24.2,5.1
"Eovaldi, Nathan",543135,2024,"29","170.2",147,23,166,42,23.9,6,".229",".386",".282","0.668","0.157","72","0","0","12","8","3.80","0","29",".244",".398",".291",".309",".298",".155",".377",".329","89.3","8.8",7.7,70.3,19.4,32.2,44.5,55.5,179,402,47.6,1247,74.6,6.8,808,1379,435,2622,80.6,188,967,52.4,1375,44,1153,26.8,52.2,48.9,24.5,22.7,4
"Kershaw, Clayton",477132,2024,"7","30.0",36,2,24,9,18,6.8,".303",".429",".353","0.782","0.126","15","0","0","2","2","4.50","0","7",".285",".412",".336",".332",".343",".128",".376",".353","90.4","14.1",4.1,69.4,13,26.5,50,50,30,60,44.8,226,79.1,8.5,23,180,301,504,87,25,193,55.2,278,41.3,208,21.7,50.2,39.8,19.4,32.7,8.2
"Bradford, Cody",674003,2024,"14","76.1",64,10,70,13,22.7,4.2,".218",".379",".253","0.632","0.161","30","0","0","6","3","3.54","0","13",".230",".409",".273",".292",".264",".180",".359",".301","88.8","17.8",8.9,67.6,17.3,29.9,38.2,61.8,66,173,49.1,578,78,7,321,620,234,1175,82.7,70,404,50.9,598,46.8,550,23.6,49.1,36.6,28.6,25,9.8
"Maton, Phil",664208,2024,"71","64.0",47,7,60,24,22.6,9.1,".203",".346",".303","0.649","0.143","26","3","2","3","3","3.66","18","0",".235",".393",".290",".322",".330",".159",".365",".317","86.5","12.9",7,67.1,22.3,29.9,35.5,64.5,61,172,53.4,576,75.6,8,0,483,354,1078,77.7,75,337,46.6,502,39.4,425,26.7,47.2,47.1,21.5,22.7,8.7
"Gray, Sonny",543243,2024,"28","166.1",142,21,203,39,30.3,5.8,".228",".401",".275","0.676","0.173","71","0","0","13","9","3.84","0","28",".235",".401",".292",".300",".283",".167",".405",".348","89.6","11.5",8.9,65.9,17.7,30.7,56.7,43.3,212,374,49,1217,75.7,8.3,159,1477,345,2483,82.3,148,834,51,1266,42.4,1054,29.8,48.7,44.2,24.7,26.4,4.7
"Marte, José",665896,2024,"14","19.1",14,1,14,10,17.5,12.5,".206",".309",".313","0.622","0.103","5","0","0","0","0","2.33","2","0",".244",".350",".283",".327",".357",".106",".338",".319","88.1","4.7",3.6,67.1,18.4,25.5,47.6,52.4,20,42,53.1,165,84.2,6.1,28,163,120,311,81.6,18,98,46.9,146,45.3,141,27.1,45,56.4,23.6,18.2,1.8
"Keller, Mitch",656605,2024,"31","178.0",182,23,166,50,21.5,6.5,".261",".446",".321","0.767","0.185","84","0","0","11","12","4.25","0","31",".246",".415",".331",".322",".311",".169",".375",".323","88.8","12.4",7.2,64.8,14.4,28.3,39.7,60.3,151,380,47.1,1344,76.1,8.2,28,1836,544,2851,85.6,141,977,52.9,1507,45.6,1301,21.5,47.6,39.8,26.3,28.3,5.6
"Ashby, Aaron",676879,2024,"14","28.1",20,2,33,10,27.7,8.4,".187",".299",".254","0.553","0.112","9","0","0","1","2","2.86","3","2",".199",".331",".247",".274",".269",".132",".342",".291","90.2","4.5",6.6,55.3,11.1,30.8,54.1,45.9,40,74,49.6,240,77.3,9.1,99,226,159,484,88.9,15,135,50.4,244,42.4,205,26.3,43.2,60.5,22.4,17.1,0
"Wheeler, Zack",554430,2024,"32","200.0",139,20,224,52,28.5,6.6,".192",".328",".253","0.581","0.136","57","0","0","16","7","2.57","0","32",".194",".333",".256",".262",".256",".139",".328",".281","86.5","13.5",8.3,69.1,21.4,33.8,39.7,60.3,213,536,50.6,1586,80.7,7.1,230,2194,317,3134,78.6,229,1069,49.4,1548,43.7,1371,27.5,51.2,43.1,26,20.9,9.9
"Yarbrough, Ryan",642232,2024,"44","98.2",70,11,65,32,16.3,8,".201",".325",".289","0.614","0.124","35","1","3","5","2","3.19","1","0",".243",".395",".273",".322",".329",".152",".341",".301","86","14.3",6.2,66.4,18.2,27.3,28.4,71.6,57,201,48.7,737,71.7,7.9,234,864,0,1514,81.8,94,516,51.3,777,42.9,649,21.1,47.4,41.5,26,22.5,10
"Stratton, Hunter",676702,2024,"36","37.2",37,3,33,7,20.9,4.4,".255",".372",".303","0.675","0.117","15","1","2","2","1","3.58","5","0",".230",".363",".297",".286",".280",".133",".334",".298","87.3","19.4",6.1,72.1,19.3,32.4,45.3,54.7,43,95,49.9,293,78.4,8.7,0,440,147,587,80.7,41,212,50.1,294,39,229,27.4,52.3,40.9,22.6,23.5,13
"Priester, Quinn",682990,2024,"11","49.2",56,7,33,14,14.9,6.3,".277",".421",".330","0.751","0.144","26","0","0","3","6","4.71","0","7",".269",".414",".327",".328",".326",".145",".356",".322","89.3","5.9",4.1,69.8,15.4,30.7,37.3,62.7,47,126,50.6,410,81.2,8.5,103,364,344,811,84.6,43,280,49.4,401,40.9,332,22.2,50.1,56.7,18.1,21.6,3.5
"Rodríguez, Manuel",655889,2024,"40","37.2",29,3,34,11,21.5,7,".212",".307",".292","0.599","0.095","9","2","1","3","4","2.15","11","0",".234",".334",".268",".289",".312",".100",".324",".308","88.7","11",2.8,68.2,15.4,28.3,54.1,45.9,46,85,49.6,300,69.7,5.5,0,323,278,605,84.6,32,208,50.4,305,41.3,250,26.6,48.4,49.1,19.8,24.5,6.6
"Bello, Brayan",678394,2024,"30","162.1",157,19,153,64,21.8,9.1,".252",".394",".330","0.724","0.142","81","0","0","14","8","4.49","0","30",".254",".405",".319",".331",".334",".151",".380",".337","88.5","6.2",7.4,65.1,16.8,29.7,43.5,56.5,185,425,52.9,1433,82.7,6.4,730,1220,7,2710,83.2,140,831,47.1,1277,41.8,1132,25.9,46.3,51.3,19.6,24.3,4.9
"Warren, Will",701542,2024,"6","22.2",33,5,29,10,26.4,9.1,".340",".608",".404","1.012","0.268","26","0","0","0","3","10.32","0","5",".244",".440",".428",".329",".318",".196",".409",".344","92.7","14.9",11.6,59.4,11.7,28.9,48.6,51.4,36,74,55.9,256,71.4,6.1,56,280,0,458,88.3,14,120,44.1,202,38.9,178,25.8,42.4,37.7,29,30.4,2.9
"Lorenzen, Michael",547179,2024,"26","130.1",101,17,97,59,18.1,11,".216",".372",".310","0.682","0.156","48","0","0","7","6","3.31","0","24",".240",".423",".303",".332",".332",".183",".356",".302","88.5","15.1",8,67.7,16.8,23.9,38.2,61.8,100,262,52.4,1097,75.8,7.7,394,1220,348,2092,83.2,113,674,47.6,995,41.6,871,22.8,44.7,41.6,26.3,22.3,9.9
"Civale, Aaron",650644,2024,"31","161.0",158,29,149,52,21.6,7.5,".252",".440",".314","0.754","0.188","78","0","0","8","9","4.36","0","31",".242",".408",".327",".315",".306",".166",".367",".317","89.4","17.2",7.3,64.4,13.3,27.6,40.1,59.9,156,389,52.2,1408,76.8,6.2,54,1784,463,2699,86.7,111,832,47.8,1291,43.8,1181,21.9,45.2,35.9,29.3,26.6,8.3
"Lambert, Peter",663567,2024,"28","61.1",73,7,50,29,17.9,10.4,".302",".471",".374","0.845","0.169","39","0","0","2","5","5.72","1","3",".261",".400",".362",".327",".342",".139",".357",".325","88.1","16.1",6.1,71.3,13.2,24.7,47.7,52.3,61,128,50,519,89.3,8.1,260,434,236,1039,86.8,49,371,50,520,39.2,407,22,48,36.9,24.7,31.3,7.1
"Holderman, Colin",670059,2024,"55","51.1",42,6,56,25,25.1,11.2,".223",".367",".324","0.691","0.144","18","0","5","3","6","3.16","21","0",".210",".376",".307",".316",".319",".166",".363",".300","87.6","15.7",10.9,66,19.1,25.8,55.3,44.7,63,114,50.9,442,66.2,8.9,0,455,0,869,80.9,54,282,49.1,427,41.3,359,29.5,45.6,40.1,24.1,24.8,10.9
"Kimbrel, Craig",518886,2024,"57","52.1",40,7,73,31,31.5,13.4,".208",".365",".329","0.694","0.157","31","23","6","7","5","5.33","4","0",".216",".390",".309",".323",".336",".174",".411",".342","91.1","17.3",10.6,64.3,21.3,22.3,57.8,42.2,63,109,50.8,489,83.1,7.4,5,633,278,963,78.7,65,305,49.2,474,41.6,401,30.9,43,31.7,29.3,30.1,8.9
"Kuhl, Chad",641771,2024,"31","53.1",56,5,54,25,22.5,10.4,".273",".410",".367","0.777","0.137","30","1","3","0","2","5.06","1","1",".241",".382",".343",".325",".341",".141",".367",".327","88.4","10.2",5.8,67.6,18.7,21.4,48.7,51.3,56,115,54.9,538,81,5.9,123,407,349,980,80.9,56,299,45.1,442,40.3,395,27.1,42.2,46.1,24,25.3,4.5
"García, Yimi",554340,2024,"39","39.0",23,6,49,12,32,7.8,".167",".348",".243","0.591","0.181","15","5","2","3","0","3.46","13","0",".183",".375",".252",".270",".258",".192",".366",".284","87.4","23.3",13.3,68.6,20.8,33.8,45.7,54.3,48,105,50.2,311,74,8.1,59,329,150,619,79.2,44,212,49.8,309,43.7,271,29,51.2,30,37.8,18.9,13.3
"Rodriguez, Grayson",680570,2024,"20","116.2",109,15,130,36,26.5,7.3,".243",".405",".305","0.710","0.162","50","0","0","13","4","3.86","0","20",".229",".396",".310",".303",".293",".167",".376",".321","89.2","13.4",7.8,68.4,21.6,30.6,50.2,49.8,139,277,48.2,905,81.9,8.5,395,896,588,1879,78.4,144,666,51.8,974,43.9,825,30,50.2,40.6,26.9,26.3,6.3
"Erceg, Lucas",668674,2024,"61","61.2",49,3,72,16,28.5,6.3,".212",".303",".281","0.584","0.091","23","14","5","2","6","3.36","18","0",".221",".342",".259",".281",".289",".121",".356",".321","85.9","6.6",6.3,64.6,22.1,31.9,47.8,52.2,75,157,52,492,75,6.8,188,495,264,947,77.9,65,294,48,455,43.9,416,31,47.6,46.5,24.5,24.5,4.4
"Leahy, Kyle",681517,2024,"33","48.2",40,4,33,10,17.3,5.2,".225",".354",".267","0.621","0.129","22","1","0","1","1","4.07","3","0",".257",".455",".270",".327",".300",".199",".373",".315","89.9","14.8",6.1,72.5,14.6,30.4,42.2,57.8,43,102,48.2,335,82.8,8.3,64,308,220,695,85.4,38,261,51.8,360,44.3,308,22.3,52.2,40.8,29.3,22.4,7.5
"Kremer, Dean",665152,2024,"24","129.2",110,18,123,51,22.2,9.2,".223",".371",".297","0.668","0.148","59","0","0","8","10","4.10","0","24",".239",".435",".294",".331",".314",".197",".388",".318","87.4","15.1",9.8,65.1,17.1,27.3,38,62,113,297,50,1086,77.3,6.9,401,1522,248,2171,82.9,121,706,50,1085,45.3,984,23.3,46.2,42.3,29.3,18.6,9.8
"Salazar, Eduardo",674285,2024,"26","29.1",34,2,27,14,20.3,10.5,".288",".390",".368","0.758","0.102","9","0","0","0","1","2.76","3","0",".278",".402",".338",".341",".360",".124",".385",".361","88.4","5.8",4.4,63.7,10.1,28.6,49.3,50.7,37,75,52.8,262,75.8,6.7,2,280,212,494,89.9,15,149,47.2,234,42.7,212,23.2,45.3,54.9,9.9,27.5,7.7
"Hernández, Carlos",672578,2024,"27","30.0",24,1,27,16,20.9,12.4,".220",".321",".318","0.639","0.101","11","0","1","0","1","3.30","1","0",".212",".391",".287",".309",".312",".179",".331",".274","88.6","24.2",9.4,74,19.1,27.9,41,59,34,83,53.2,298,90.5,7.5,64,303,177,560,80.9,37,194,46.8,262,37.7,211,25.6,49.5,31.8,35.3,17.6,15.3
"Leclerc, José",600917,2024,"64","66.2",56,7,89,32,30.9,11.1,".227",".348",".323","0.671","0.121","32","1","3","6","5","4.32","13","0",".212",".353",".300",".297",".311",".141",".377",".329","87.4","18",7.4,69.2,27.2,29.8,52.3,47.7,104,199,55.5,668,82.8,7.2,123,692,389,1204,72.8,101,371,44.5,536,38,457,36,47.3,37.4,29.4,24.5,8.6
"Bigge, Hunter",685801,2024,"19","17.1",17,2,24,5,32.9,6.8,".250",".382",".301","0.683","0.132","5","1","0","0","0","2.60","2","1",".240",".421",".299",".311",".292",".182",".437",".370","90.5","19",11.4,74.3,24.5,30.3,56.5,43.5,26,46,50.7,152,75,8,0,177,111,300,75.5,27,110,49.3,148,41,123,34,52,31.8,27.3,31.8,9.1
"Foley, Jason",671345,2024,"69","60.0",51,5,46,20,18.4,8,".228",".339",".293","0.632","0.111","21","28","4","3","6","3.15","8","0",".255",".411",".277",".324",".324",".156",".365",".324","89.5","7.5",6.6,68.3,15.2,25.4,45.6,54.4,47,103,44.9,406,80,8.3,51,569,285,905,84.8,52,341,55.1,499,42.2,382,22.3,49.1,47.8,24.7,24.2,3.3
"Houser, Adrian",605288,2024,"23","69.1",74,8,45,32,14.6,10.4,".272",".445",".356","0.801","0.173","45","1","0","1","5","5.84","1","7",".265",".452",".350",".352",".350",".187",".368",".317","91","9.3",8.8,66.1,11.7,22.3,38.2,61.8,47,123,48.8,552,76.2,7.4,144,693,294,1131,88.3,45,383,51.2,579,47.9,542,18.2,44.7,48.2,25.9,20.6,5.3
"Estrada, Jeremiah",669093,2024,"62","61.0",42,4,94,23,37.3,9.1,".188",".277",".259","0.536","0.089","20","1","3","6","3","2.95","16","0",".187",".286",".239",".253",".263",".100",".359",".322","89.2","17.5",5.2,72.1,28.2,33.5,54.4,45.6,87,160,47.6,477,85.2,8.1,199,567,237,1003,71.8,107,379,52.4,526,41.3,414,36,53.7,35.1,31.3,25.4,8.2
"Green, Chad",643338,2024,"53","53.1",41,8,46,14,21.9,6.7,".216",".379",".271","0.650","0.163","19","17","3","4","6","3.21","7","0",".232",".447",".276",".308",".286",".215",".370",".298","91.3","17.2",8.8,74.3,18.5,30.8,34.9,65.1,45,129,49.9,419,83.6,7.3,0,510,330,840,81.5,58,313,50.1,421,43,361,23.3,52.6,36.5,33.1,21.6,8.8
"Feltner, Ryan",663372,2024,"30","162.1",165,20,138,52,19.9,7.5,".263",".408",".324","0.732","0.145","81","0","0","3","10","4.49","0","30",".254",".423",".320",".326",".318",".169",".373",".325","88.1","11.9",6.5,68,17.6,25.7,42.6,57.4,132,310,46.9,1208,80.9,7.7,379,1281,787,2578,82.4,164,931,53.1,1370,44.3,1141,23.9,48.1,44.4,25.7,24.8,5.1
"Marinaccio, Ron",676760,2024,"16","23.1",18,4,25,10,25.3,10.1,".217",".410",".316","0.726","0.193","10","0","1","1","0","3.86","1","0",".213",".387",".317",".320",".322",".174",".373",".309","89.2","15.1",8.2,63.6,21.4,29.4,40.3,59.7,25,62,53.4,211,72.7,8.4,134,202,0,395,78.6,25,117,46.6,184,41.5,164,27.9,45.3,39.3,27.9,24.6,8.2
"Muller, Kyle",666205,2024,"21","49.1",48,6,36,10,17.8,5,".255",".404",".292","0.696","0.149","22","0","0","0","1","4.01","0","0",".261",".417",".294",".312",".303",".157",".365",".324","90.2","13.6",7.7,71.1,16.8,25.4,44.9,55.1,35,78,42.3,307,79.8,11.6,57,387,281,725,83.2,50,297,57.7,418,41,297,22.7,51.7,42.6,23.2,27.7,6.5
"Iglesias, Raisel",628452,2024,"66","69.1",38,4,68,13,26.3,5,".160",".248",".211","0.459","0.088","15","34","4","6","2","1.95","0","0",".195",".302",".200",".239",".244",".107",".299",".270","86","14.2",4,68.5,23.5,37.1,45.5,54.5,81,178,51.7,480,73.8,7,285,451,192,928,76.5,72,307,48.3,448,45.4,421,31.5,52.3,45.1,29.1,19.4,6.3
"Birdsong, Hayden",806185,2024,"16","72.0",57,11,88,43,27.9,13.7,".216",".390",".332","0.722","0.174","38","0","0","5","6","4.75","0","16",".229",".414",".321",".336",".343",".185",".407",".339","92","13.8",8.9,63.1,18.3,25.9,52.5,47.5,104,198,55.1,765,74.5,7.3,256,619,513,1388,81.7,72,393,44.9,623,41.9,581,29.8,42.6,41.1,33.3,22.2,3.3
"Roupp, Landen",694738,2024,"23","50.1",43,2,47,26,21.7,12,".226",".326",".323","0.649","0.100","20","0","0","1","2","3.58","1","4",".238",".363",".294",".313",".333",".125",".345",".316","89","10.6",4.9,57.5,17.4,26.7,40,60,52,130,53.6,486,75,8.4,85,383,438,907,82.6,42,242,46.4,421,39.4,357,25.3,41,47.6,18.2,27.3,7
"Bernardino, Brennan",657514,2024,"57","51.0",50,6,56,22,24.8,9.7,".256",".405",".347","0.752","0.149","23","0","2","4","3","4.06","14","3",".232",".388",".322",".310",".327",".156",".373",".323","88","8.4",7,62.6,18.1,23.5,33.7,66.3,31,92,45.6,392,69.1,9.4,0,500,360,860,81.9,53,293,54.4,468,38.8,334,21.8,44.8,46.5,23.2,26.1,4.2
"Cantillo, Joey",676282,2024,"9","38.2",35,6,44,15,27,9.2,".238",".435",".307","0.742","0.197","21","0","0","2","4","4.89","0","8",".221",".396",".321",".303",".293",".175",".376",".314","89.1","11",7.7,64,22.3,23.5,54.1,45.9,46,85,50.8,361,65.7,9.8,196,347,168,711,77.7,50,224,49.2,350,39.2,279,31.1,43.5,48.1,22.1,22.1,7.7
"Brebbia, John",605154,2024,"59","55.1",56,11,67,19,27.7,7.9,".255",".455",".322","0.777","0.200","36","2","3","0","6","5.86","14","0",".260",".451",".337",".339",".327",".192",".438",".374","88.8","19.7",10.5,68.7,20.1,32,36.4,63.6,60,165,51.9,516,80.3,6.6,0,479,515,994,79.9,66,329,48.1,479,43,428,25.5,49.7,29.4,33.3,29.4,7.8
"Nastrini, Nick",680897,2024,"9","35.2",32,7,26,36,14.9,20.7,".234",".445",".397","0.842","0.211","28","0","0","0","7","7.07","0","8",".232",".472",".373",".382",".395",".240",".369",".286","87.7","23.5",12.6,63.3,17.6,23.1,50.5,49.5,50,99,58.4,429,72.4,7.9,72,333,329,734,82.4,34,193,41.6,305,37.9,278,28.8,39.8,32.4,36,18,13.5
"Hughes, Brandon",676714,2024,"15","17.2",24,8,21,10,23.6,11.2,".316",".697",".404","1.101","0.381","16","0","0","0","0","8.15","0","2",".300",".700",".457",".451",".391",".400",".569",".407","86.5","16.7",21.4,65.2,20.4,28.6,43.6,56.4,24,55,54.9,192,72,7.1,0,209,141,350,79.6,21,103,45.1,158,43.7,153,28.5,45.1,28.6,37.5,25,8.9
"Cortes, Nestor",641482,2024,"31","174.1",162,24,162,39,22.8,5.5,".245",".421",".290","0.711","0.176","73","0","0","9","10","3.77","0","30",".234",".407",".307",".298",".280",".174",".360",".308","89.7","22.4",7.9,72.9,20.1,27.4,35.5,64.5,137,386,49.4,1409,84.5,7,274,2098,27,2849,79.9,211,1051,50.6,1441,44.4,1266,24.2,50.4,31.9,32.1,24,12.1
"Voth, Austin",608723,2024,"68","61.0",46,9,61,18,24.6,7.3,".204",".367",".271","0.638","0.163","25","0","2","2","5","3.69","15","0",".212",".374",".281",".288",".279",".162",".343",".290","85.8","16.2",7.8,69.1,18.5,31.4,55,45,93,169,55.2,538,77.3,6.8,0,560,184,974,81.5,56,302,44.8,437,40.3,393,31.6,48.4,36.7,30.1,26.5,6.6
"Webb, Logan",657277,2024,"33","204.2",202,11,172,50,20.5,5.9,".258",".355",".302","0.657","0.097","79","0","0","13","10","3.47","0","33",".270",".421",".288",".326",".316",".151",".388",".346","89.8","2.5",7,60.9,11.9,33,35.7,64.3,198,555,52.6,1683,77.7,6.9,990,1530,0,3201,88.1,110,925,47.4,1518,44.9,1436,20.8,46.2,57.2,17.3,23.2,2.3
"Irvin, Jake",663623,2024,"33","187.2",173,29,156,52,20.3,6.8,".244",".428",".299","0.727","0.184","92","0","0","10","14","4.41","0","33",".249",".440",".314",".323",".304",".192",".378",".319","88.8","11.4",9.2,67.1,15.6,26.8,41.9,58.1,158,377,46.3,1409,73.7,8.6,105,1980,961,3046,84.4,171,1099,53.7,1637,43.6,1327,22.3,48.5,44.7,25.5,23.3,6.5
"Varland, Gus",681402,2024,"26","26.1",30,2,27,8,23.5,7,".283",".406",".339","0.745","0.123","10","0","1","1","0","3.42","0","0",".242",".364",".324",".292",".302",".122",".352",".326","89.5","13.4",5.1,65.5,18,24.5,46.9,53.1,23,49,44,200,90,8.8,23,258,174,455,82,30,167,56,255,43.7,199,24.5,47.5,38,29.1,29.1,3.8
"Speier, Gabe",642100,2024,"29","23.2",19,2,33,14,31.7,13.5,".226",".345",".340","0.685","0.119","15","0","1","0","2","5.70","7","0",".193",".307",".304",".282",".315",".115",".339",".304","88.2","19.1",7.3,67,22.1,27.9,50.8,49.2,31,61,51.9,219,76.3,9,5,288,123,422,77.9,30,136,48.1,203,39.1,165,31,46.7,41.8,30.9,18.2,9.1
"Pennington, Walter",679156,2024,"16","18.0",19,1,17,11,20.2,13.1,".268",".380",".381","0.761","0.112","6","0","0","1","0","3.00","0","1",".252",".416",".342",".350",".370",".164",".379",".333","89.7","9.9",7.4,65.2,15.8,28.6,48,52,24,50,53,175,85.7,6.4,0,195,135,330,84.2,16,101,47,155,42.4,140,26.5,45.8,48.1,22.2,29.6,0
"Paredes, Enoli",660600,2024,"18","21.2",13,0,16,10,18.4,11.5,".173",".227",".287","0.514","0.054","4","1","0","1","0","1.66","3","0",".227",".380",".245",".324",".334",".153",".337",".289","86.7","15.1",8.5,65.3,22.9,26.7,39.1,60.9,18,46,53.9,172,67.9,8.8,0,199,120,319,77.1,22,96,46.1,147,45.8,146,28.2,44.5,45.8,22,23.7,8.5
"Keller, Brad",641745,2024,"16","41.1",48,9,32,15,16.7,7.8,".274",".491",".339","0.830","0.217","25","1","1","0","4","5.44","0","2",".246",".457",".358",".337",".313",".211",".371",".302","88.6","8.8",10.5,67,13.6,27,37.7,62.3,40,106,52.7,392,78,6.7,98,316,282,743,86.4,32,236,47.3,352,43.7,325,21.1,46,49.7,25.2,19.6,5.6
"Taillon, Jameson",592791,2024,"28","165.1",154,21,125,33,18.5,4.9,".243",".387",".280","0.667","0.144","60","0","0","12","8","3.27","0","28",".254",".428",".289",".314",".292",".174",".366",".317","89.7","15.9",7.2,65.6,12.1,27.8,39.9,60.1,127,318,46,1143,78.4,9.1,106,1628,364,2483,87.9,106,879,54,1340,43.9,1089,19.5,48.2,40.4,30.7,22.9,6
"Hoeing, Bryan",663773,2024,"34","53.2",43,4,43,14,20.5,6.7,".219",".316",".271","0.587","0.097","13","0","0","2","3","2.18","4","2",".283",".460",".259",".344",".331",".177",".412",".363","90.9","7.2",7.8,61.6,14.9,28.3,40.2,59.8,43,107,48.3,378,72.7,7,161,442,179,782,85.1,37,249,51.7,404,43.2,338,22.5,45.5,48.4,19,27.5,5.2
"Lange, Alex",656638,2024,"21","18.2",16,0,21,17,23.3,18.9,".232",".290",".398","0.688","0.058","9","2","0","0","3","4.34","1","0",".244",".323",".327",".345",".407",".079",".358",".351","91.6","9.5",2,63.5,12.9,28,67.2,32.8,41,61,57.8,218,78.1,8.5,27,132,218,377,87.1,13,101,42.2,159,30.2,114,33.3,43,44,18,30,8
"Wacha, Michael",608379,2024,"29","166.2",154,17,145,45,21.2,6.6,".246",".387",".300","0.687","0.141","62","0","0","13","8","3.35","0","29",".249",".415",".300",".314",".303",".166",".370",".322","86.9","15.7",8.2,68.5,17.3,27.8,38.5,61.5,137,356,49.2,1279,77.3,8.3,839,1311,452,2602,82.7,157,906,50.8,1323,44.6,1160,23.3,48.5,39.9,26.8,23.5,9.8
"Hodge, Porter",687863,2024,"39","43.0",19,2,52,19,31.7,11.6,".132",".215",".238","0.453","0.083","9","9","3","3","1","1.88","9","0",".174",".286",".214",".260",".275",".112",".313",".272","88.6","13.4",3.3,65.8,20,24.8,66.3,33.8,53,80,50.3,323,83.1,9.2,8,393,0,642,80,42,210,49.7,319,38.2,245,32.8,45.2,40.2,30.4,22.8,6.5
"Chargois, JT",608638,2024,"36","36.1",24,6,30,13,20.5,8.9,".183",".344",".267","0.611","0.161","9","0","2","3","1","2.23","2","0",".232",".427",".269",".321",".311",".195",".365",".301","89.7","16.3",7.9,67.9,14.8,25.7,47.8,52.2,32,67,49.3,261,91.1,8.5,2,299,228,529,85.2,27,182,50.7,268,41.8,221,23.7,47.1,38.6,26.7,26.7,7.9
"Stewart, Brock",592779,2024,"16","15.2",15,2,20,8,29.9,11.9,".254",".407",".343","0.750","0.153","9","0","0","0","0","5.17","7","0",".240",".369",".331",".314",".331",".129",".398",".363","91.2","15.6",2.6,71,25.8,30.7,40.5,59.5,17,42,51.1,137,86.4,8.2,3,198,0,268,74.2,24,93,48.9,131,36.9,99,30.4,50.4,35.9,25.6,33.3,5.1
"Elder, Bryce",693821,2024,"10","49.2",64,8,46,17,20.4,7.5,".311",".490",".367","0.857","0.179","36","0","0","2","5","6.52","0","10",".281",".442",".370",".343",".340",".161",".399",".359","89.9","8.1",8.7,60.9,12.5,29.8,47.9,52.1,67,140,54.4,470,73,4.3,115,478,271,864,87.5,30,240,45.6,394,44.9,388,25.5,44,49.7,23.6,23,3.7
"Hurter, Brant",676428,2024,"10","45.1",34,4,38,6,21.7,3.4,".204",".323",".230","0.553","0.119","13","0","0","6","1","2.58","1","1",".201",".308",".240",".239",".228",".107",".287",".259","88.5","10.2",4.6,61.9,13.1,29.5,39.5,60.5,32,81,42.6,275,81.8,10.2,76,371,0,645,86.9,30,229,57.4,370,42.3,273,20,48.1,55,21.4,13.7,9.9
"Clevinger, Mike",605182,2024,"4","16.0",22,4,15,9,19.2,11.5,".319",".594",".397","0.991","0.275","12","0","0","0","3","6.75","0","4",".279",".583",".418",".395",".363",".303",".461",".357","90","18.3",14.8,64.7,25.3,29.3,29.5,70.5,13,44,49.5,150,73.3,5,64,171,10,303,74.7,25,99,50.5,153,43.9,133,26.6,47.2,35.2,37,24.1,3.7
"Neris, Héctor",593576,2024,"62","59.1",55,8,64,28,24.6,10.8,".244",".418",".331","0.749","0.174","27","18","5","10","5","4.10","7","0",".233",".410",".324",".320",".322",".177",".382",".323","88.6","14.8",9.1,73.6,17.8,31,42.8,57.2,71,166,53.1,535,81.1,7.3,408,566,34,1008,82.2,62,348,46.9,473,44.1,445,25.9,51,41.2,30.3,23,5.5
"Marte, Yunior",628708,2024,"23","26.0",34,5,23,15,18.1,11.8,".306",".495",".386","0.881","0.189","20","0","1","0","0","6.92","2","0",".299",".489",".381",".383",".383",".190",".431",".378","87","11.1",7.9,63.5,14.4,27.8,39.7,60.3,29,73,54.6,263,76.5,7.1,30,251,201,482,85.6,20,139,45.4,219,45.9,221,23.1,44,44.9,20.2,29.2,5.6
"France, J.P.",641585,2024,"5","25.1",31,5,22,12,18.2,9.9,".290",".505",".364","0.869","0.215","21","0","0","0","3","7.46","0","5",".268",".495",".373",".363",".346",".227",".407",".335","87.9","19.4",9.3,66.3,22.1,23,33.3,66.7,20,60,56,261,76.7,6.4,106,256,90,466,77.9,30,136,44,205,45.3,211,25.5,42.1,30.2,37.2,24.4,8.1
"Ferguson, Caleb",657571,2024,"62","54.1",56,6,67,25,26.9,10,".256",".388",".341","0.729","0.132","28","1","2","1","4","4.64","11","0",".244",".380",".322",".317",".332",".136",".387",".352","88.2","9.9",6.5,65.5,17.2,29.4,46.8,53.2,66,141,51,480,80.6,7.1,0,748,0,940,82.8,52,302,49,461,44.1,415,26.6,47.1,46.4,20.9,28.1,4.6
"Bassitt, Chris",605135,2024,"31","171.0",180,18,168,70,22.2,9.2,".270",".397",".352","0.749","0.127","79","0","0","10","14","4.16","0","31",".254",".407",".331",".330",".339",".153",".380",".339","87.8","14.3",7.5,65.4,17,24.6,34.2,65.8,124,363,49.9,1477,75.8,8,283,1922,536,2959,83,165,969,50.1,1482,42.3,1252,21.7,45,40.9,25,26.8,7.3
"Reid-Foley, Sean",656887,2024,"23","21.2",13,0,25,14,27.8,15.6,".173",".200",".300","0.500","0.027","4","0","1","1","2","1.66","4","0",".201",".251",".243",".273",".323",".051",".293",".296","88.9","6.9",0,69.2,23.4,21,47.6,52.4,20,42,51.9,200,79.3,7.5,76,261,48,385,76.6,30,128,48.1,185,38.2,147,29.4,44.2,62.7,21.6,11.8,3.9
"Bellozo, Valente",678368,2024,"13","68.2",69,15,44,21,14.9,7.1,".256",".481",".312","0.793","0.225","28","0","0","3","4","3.67","0","13",".247",".496",".338",".347",".308",".249",".380",".297","90","22.2",11,68.4,16.3,22.5,29.3,70.7,36,123,50,547,74.4,7.9,158,686,136,1094,83.7,61,374,50,547,43.4,475,19.5,45.4,29.8,33.3,22.8,14
"Chivilli, Angel",683409,2024,"30","31.2",31,7,28,10,21.1,7.5,".254",".475",".316","0.791","0.221","16","1","2","2","3","4.55","7","0",".261",".451",".340",".340",".322",".190",".400",".338","89.1","9.3",10.6,74.6,24.7,36.5,56.7,43.3,59,104,55.6,285,81,8.2,206,213,93,513,75.3,42,170,44.4,228,44.6,229,36.9,53.4,48.9,23.4,22.3,5.3
"Herrin, Tim",682120,2024,"75","65.2",39,2,68,25,26.5,9.7,".173",".240",".270","0.510","0.067","14","0","2","5","1","1.92","16","0",".206",".330",".236",".285",".298",".124",".332",".293","86.9","7.4",6.9,62.7,18.9,31.2,50.3,49.7,79,157,49.9,504,70,6.9,0,375,636,1011,81.1,60,318,50.1,507,43.6,441,29.3,47,51.6,22.6,18.9,6.9
"Richards, Trevor",670950,2024,"55","65.1",44,7,62,35,22.4,12.6,".188",".308",".295","0.603","0.120","33","1","3","2","2","4.55","7","2",".205",".346",".273",".301",".313",".142",".326",".280","88.3","18.8",6.8,62.7,14.7,28.4,39.6,60.4,72,182,54.1,640,71.3,6.8,630,548,4,1182,85.3,50,340,45.9,542,40.3,476,23.4,44.2,35.6,33.9,21.5,9