"last_name, first_name","player_id","year","p_game","p_formatted_ip","hit","home_run","strikeout","walk","k_percent","bb_percent","batting_avg","slg_percent","on_base_percent","on_base_plus_slg","isolated_power","p_earned_run","p_save","p_blown_save","p_win","p_loss","p_era","p_hold","p_starting_p","xba","xslg","woba","xwoba","xobp","xiso","xwobacon","xbacon","exit_velocity_avg","launch_angle_avg","barrel_batted_rate","z_swing_percent","z_swing_miss_percent","oz_swing_percent","oz_swing_miss_percent","oz_contact_percent","out_zone_swing_miss","out_zone_swing","out_zone_percent","out_zone","meatball_swing_percent","meatball_percent","pitch_count_offspeed","pitch_count_fastball","pitch_count_breaking","pitch_count","iz_contact_percent","in_zone_swing_miss","in_zone_swing","in_zone_percent","in_zone","edge_percent","edge","whiff_percent","swing_percent","groundballs_percent","flyballs_percent","linedrives_percent","popups_percent"
"Jackson, Luke",592426,2023,"33","33.1",26,3,43,15,30.1,10.5,".206",".341",".294","0.635","0.135","11","0","2","2","2","2.97","4","0",".199",".345",".276",".282",".291",".146",".357",".305","88.8","7.7",8.3,70.9,19.7,28.8,54.4,45.6,43,79,52.2,274,73.7,7.2,0,144,381,525,80.3,35,178,47.8,251,39.6,208,30.4,49,51.2,26.2,19,3.6
"Strider, Spencer",675911,2023,"32","186.2",146,22,281,58,36.8,7.6,".210",".355",".279","0.634","0.145","80","0","0","20","5","3.86","0","32",".202",".347",".279",".273",".272",".146",".390",".338","88.5","17",8.2,70.7,26.5,34.3,65,35,336,517,48.6,1506,83.7,7.7,225,1826,1048,3100,73.5,299,1127,51.4,1594,42.8,1326,38.6,53,34.9,31.8,25.8,7.5
"Sheehan, Emmet",686218,2023,"13","60.1",46,11,64,26,25.8,10.5,".210",".416",".294","0.710","0.206","33","1","0","4","1","4.92","0","11",".181",".381",".307",".288",".271",".200",".334",".256","89.7","20.8",10.8,74.3,21.2,30,49.1,50.9,78,159,51.4,530,81.4,6.8,177,619,195,1031,78.8,79,372,48.6,501,41.1,424,29.6,51.5,33.1,38.2,20.4,8.3
"Kinley, Tyler",641755,2023,"18","16.1",21,3,17,6,22.4,7.9,".318",".515",".373","0.888","0.197","11","5","2","0","4","6.06","1","0",".246",".425",".377",".329",".319",".178",".388",".331","88.8","25",7.7,73.5,16.2,25.2,43.2,56.8,16,37,49.3,147,78.9,6.4,5,110,183,298,83.8,18,111,50.7,151,44.6,133,23,49.7,21.2,40.4,30.8,7.7
"Urquidy, José",664353,2023,"16","63.0",65,11,45,25,16.4,9.1,".263",".453",".335","0.788","0.190","37","1","0","3","3","5.29","0","10",".254",".429",".340",".332",".328",".175",".357",".311","86.6","17.4",8.9,72,20.1,33.3,34.4,65.6,67,195,53.4,586,77.1,7.6,237,527,127,1096,79.9,74,368,46.6,511,44.7,490,25,51.4,36.5,27.1,24.1,12.3
"Kirby, George",669923,2023,"31","190.2",179,22,172,19,22.7,2.5,".246",".395",".270","0.665","0.149","71","0","0","13","10","3.35","0","31",".258",".427",".284",".305",".282",".170",".382",".337","89.2","12.4",7.5,70.9,17.2,32.9,39.1,60.9,157,402,43.2,1221,77.9,8.6,222,1721,880,2825,82.8,196,1138,56.8,1604,45.3,1279,22.9,54.5,44.6,25.7,22.1,7.5
"Graterol, Brusdar",660813,2023,"68","67.1",53,3,48,12,18.7,4.7,".221",".296",".262","0.558","0.075","9","7","1","4","2","1.20","19","1",".244",".335",".245",".275",".285",".092",".315",".304","87","1.9",4.6,67.2,10.8,30.7,31.8,68.2,41,129,45.2,420,79.2,7.8,0,703,226,929,89.2,37,342,54.8,509,45.6,424,16.6,50.7,66,16,13.4,4.6
"Castro, Miguel",612434,2023,"75","64.2",51,8,60,25,22.4,9.3,".213",".360",".296","0.656","0.147","31","7","4","6","6","4.31","13","0",".231",".387",".286",".304",".312",".156",".351",".308","86.1","10.5",6.1,61.4,18.4,30,44.1,55.9,67,152,50.1,506,72.7,6.5,156,432,420,1008,81.6,57,309,49.9,503,41.9,423,26.9,45.7,44.4,20,27.8,7.8
"Turnbull, Spencer",605513,2023,"7","31.0",37,5,24,15,16.6,10.3,".291",".488",".379","0.867","0.197","25","0","0","1","4","7.26","0","7",".285",".479",".376",".372",".373",".195",".401",".351","88.4","9.6",8.7,61.5,15.8,28.9,35,65,28,80,49.9,277,73.7,6.8,61,332,162,555,84.2,27,171,50.1,278,45.6,253,21.9,45.2,47.6,25.2,21.4,5.8
"Coulombe, Danny",543056,2023,"61","51.1",45,4,58,12,27.6,5.7,".231",".323",".282","0.605","0.092","16","2","3","5","3","2.81","22","0",".217",".343",".269",".270",".270",".126",".341",".309","85.6","13.7",5.8,62.4,20.5,33.9,43.3,56.7,68,157,55.8,463,64.6,5.8,16,578,89,830,79.5,47,229,44.2,367,41.2,342,29.8,46.5,45.7,26.8,15.2,12.3
"Miller, Bryce",682243,2023,"25","131.1",124,18,119,26,22.2,4.8,".248",".427",".293","0.720","0.179","63","0","0","8","7","4.32","0","25",".264",".474",".309",".337",".310",".209",".410",".347","90.7","17.8",10.9,73.6,19,28.6,40.1,59.9,111,277,46.2,967,84.2,8.7,117,1385,414,2095,81,158,830,53.8,1128,43,900,24.3,52.8,34.5,29.6,28.3,7.5
"Kluber, Corey",446372,2023,"15","55.0",69,17,42,21,16.3,8.2,".297",".603",".366","0.969","0.306","43","1","0","3","6","7.04","0","9",".268",".547",".407",".375",".339",".279",".415",".327","89","19.4",12.1,69.3,13.7,30.2,35.9,64.1,56,156,52.2,517,80,8.1,157,554,279,990,86.3,45,328,47.8,473,42.8,424,20.9,48.9,30.5,34.2,24.7,10.5
"Miller, Mason",695243,2023,"10","33.1",24,2,38,16,27.3,11.5,".203",".305",".309","0.614","0.102","14","0","0","0","3","3.78","1","6",".185",".311",".280",".279",".299",".126",".311",".275","89.2","23.8",3.7,68,18.1,25.2,47.4,52.6,37,78,50.7,309,75.7,6.1,44,416,149,609,81.9,37,204,49.3,300,41.4,252,26.2,46.3,25.6,34.1,25.6,14.6
"Wells, Tyler",669330,2023,"25","118.2",83,25,117,34,24.9,7.2,".193",".413",".257","0.670","0.220","48","1","0","7","6","3.64","1","20",".212",".441",".286",".306",".275",".228",".373",".290","89","20.7",11.7,67.5,19.4,28.4,41.9,58.1,117,279,51.7,984,74.1,7.5,353,1091,459,1903,80.6,120,620,48.3,919,41.7,793,26.4,47.2,33,35.2,20,11.7
"Floro, Dylan",571670,2023,"62","56.2",70,3,58,17,23.4,6.9,".308",".410",".363","0.773","0.102","30","7","3","5","6","4.76","9","0",".252",".341",".335",".286",".312",".089",".343",".337","87.1","5.2",2.9,63.4,18.2,30,35.1,64.9,53,151,52.3,503,72.1,6.3,114,634,213,961,81.8,53,291,47.7,459,43.5,418,24,46,54.7,14.1,27.6,3.5
"Iglesias, Raisel",628452,2023,"58","55.2",51,7,68,15,29.4,6.5,".238",".379",".286","0.665","0.141","17","33","4","5","4","2.75","0","0",".219",".376",".285",".276",".268",".157",".365",".317","88.8","12.5",6.8,73.2,22.4,35.4,51.9,48.1,84,162,52.5,457,84.2,6.5,307,429,134,870,77.6,68,303,47.5,414,45.7,398,32.7,53.4,43.2,27.7,23,6.1
"McGough, Scott",543518,2023,"63","70.1",60,14,86,30,28.6,10,".226",".440",".306","0.746","0.214","37","9","5","2","7","4.73","14","1",".235",".416",".318",".319",".316",".180",".407",".346","91.3","10.5",10.4,64.8,20.5,31.8,53.7,46.3,109,203,51.8,639,81.1,7.7,488,630,115,1233,79.5,79,385,48.2,594,42.3,522,32,47.7,49.2,23,22.4,5.5
"De León, José",592254,2023,"12","17.1",16,2,17,5,24.3,7.1,".250",".359",".314","0.673","0.109","9","0","0","0","1","4.67","0","1",".260",".415",".299",".324",".323",".155",".393",".353","86.7","18.3",6.4,62.3,19.8,31.2,39.5,60.5,17,43,48.6,138,90,7,68,176,0,284,80.2,18,91,51.4,146,44,125,26.1,47.2,40.4,17,27.7,14.9
"Law, Derek",571882,2023,"54","55.0",50,6,45,26,18.8,10.8,".239",".364",".332","0.696","0.125","22","2","2","4","6","3.60","3","3",".263",".397",".311",".334",".353",".134",".361",".336","87","14.2",4.8,68.7,18.9,28.9,44.5,55.5,65,146,52.7,505,84.1,7.2,46,642,271,959,81.1,59,312,47.3,454,41.4,397,27.1,47.8,42.2,25.3,25.9,6.6
"Lorenzen, Michael",547179,2023,"29","153.0",138,20,111,47,17.8,7.5,".243",".399",".302","0.701","0.156","71","1","0","9","9","4.18","0","25",".253",".443",".304",".325",".311",".191",".364",".312","90","13.8",8,68.6,15.1,30.1,36.9,63.1,131,355,49.8,1179,74,8.5,510,1140,565,2367,84.9,123,814,50.2,1187,41,969,21.7,49.4,41.9,30,23.1,5
"Wingenter, Trey",622259,2023,"17","17.0",16,2,22,7,28.9,9.2,".246",".400",".342","0.742","0.154","11","0","0","1","0","5.82","0","0",".205",".393",".327",".308",".308",".188",".372",".304","91.1","12.3",6.8,71.8,18.1,32,54.4,45.6,31,57,57.6,178,90,6.5,0,156,153,309,81.9,17,94,42.4,131,41.4,128,31.8,48.9,45.5,34.1,18.2,2.3
"Boyd, Matthew",571510,2023,"15","71.0",69,11,73,25,24.1,8.3,".250",".424",".317","0.741","0.174","43","0","0","5","5","5.45","0","15",".240",".419",".322",".316",".307",".179",".378",".326","89.3","17.6",8.4,68.8,22.2,32.1,47.7,52.3,94,197,52.1,614,80.3,6,220,537,421,1178,77.8,86,388,47.9,564,47.4,558,30.8,49.7,38.9,31,22.2,7.9
"Harris, Hobie",665048,2023,"16","19.1",21,2,9,13,9.9,14.3,".273",".416",".385","0.801","0.143","11","0","0","0","0","5.12","0","0",".308",".538",".355",".410",".415",".230",".405",".349","88.6","13.2",10.3,64.9,9.2,25.8,44.7,55.3,21,47,52,182,79.2,6.9,175,175,0,350,90.8,10,109,48,168,48.6,170,19.9,44.6,35.3,30.9,29.4,4.4
"Curtiss, John",595928,2023,"15","19.2",17,3,16,8,19.8,9.9,".236",".389",".309","0.698","0.153","10","0","1","0","0","4.58","2","0",".197",".371",".304",".281",".274",".174",".302",".249","90.9","18.6",5.3,68.7,13.9,23.4,52.8,47.2,19,36,51.2,154,77.3,7.3,6,168,127,301,86.1,14,101,48.8,147,41.9,126,24.1,45.5,40.4,36.8,15.8,7
"Leiter Jr., Mark",643410,2023,"69","64.1",48,7,77,24,28.6,8.9,".206",".365",".299","0.664","0.159","25","4","4","1","3","3.50","28","0",".224",".387",".293",".312",".316",".163",".385",".332","88.2","10.2",8.8,65.4,20.1,27.7,54.9,45.1,90,164,56,591,63.5,7,359,601,96,1056,79.9,61,304,44,465,39.7,419,32.3,44.3,46.3,22.5,26.9,4.4
"Kowar, Jackson",663804,2023,"23","28.0",34,4,29,20,21.2,14.6,".293",".457",".401","0.858","0.164","20","0","0","2","0","6.43","0","0",".243",".361",".377",".326",".359",".119",".346",".323","87.9","13.1",5.7,65.5,15.4,26.5,48.8,51.2,40,82,54.6,310,89.7,6.9,202,217,149,568,84.6,26,169,45.4,258,39.8,226,26.3,44.2,44.8,23,27.6,4.6
"Kerr, Ray",678061,2023,"22","27.0",25,5,35,9,30.7,7.9,".243",".505",".310","0.815","0.262","13","0","1","1","1","4.33","0","0",".251",".455",".341",".331",".318",".204",".452",".381","87.8","14.8",11.6,65.7,21.7,29.1,54.7,45.3,35,64,51.2,220,68.3,9.5,23,219,185,427,78.3,30,138,48.8,210,41.2,177,32.2,47.3,40.6,23.2,30.4,5.8
"Clase, Emmanuel",661403,2023,"75","72.2",68,4,64,16,21.2,5.3,".242",".327",".282","0.609","0.085","26","44","12","3","9","3.22","0","0",".232",".359",".265",".273",".274",".127",".325",".298","88.4","1.9",5,71.5,17.3,30.8,56.5,43.5,87,154,44.6,500,86.7,8.7,0,762,358,1120,82.7,77,444,55.4,621,45.2,507,27.4,53.4,56.6,19,20.8,3.6
"Stratton, Chris",608717,2023,"64","82.2",69,8,81,25,24,7.4,".227",".368",".285","0.653","0.141","36","1","2","2","1","3.92","8","0",".222",".393",".283",".296",".284",".170",".353",".300","89.7","17.3",8.3,67,18.8,27.2,30.4,69.6,55,181,49,666,73,7.4,96,744,515,1357,81.3,87,464,51,693,45.4,617,22,47.5,39.1,31.7,20.9,8.3
"Milner, Hoby",571948,2023,"73","64.1",49,5,59,13,23.4,5.2,".209",".319",".254","0.573","0.110","13","0","3","2","1","1.82","17","0",".212",".349",".251",".267",".260",".136",".319",".283","86.6","10.1",6.2,56.4,16.2,29.6,28.5,71.5,45,158,52,534,56.3,6.9,178,509,0,1027,83.8,45,278,48,493,48.1,494,20.6,42.5,50,20.8,21.9,7.3
"Suarez, José",660761,2023,"11","33.2",46,10,28,20,17,12.1,".324",".592",".409","1.001","0.268","31","0","0","1","3","8.29","2","7",".269",".503",".421",".369",".361",".234",".402",".333","88.7","23.9",11.2,69.8,24,26.3,40.7,59.3,33,81,49.8,308,79.3,9.4,166,287,82,619,76,52,217,50.2,311,41,254,28.5,48.1,33.6,32.8,19.8,13.8
"deGrom, Jacob",594798,2023,"6","30.1",19,2,45,4,39.1,3.5,".171",".324",".200","0.524","0.153","9","0","0","2","0","2.67","0","6",".163",".290",".223",".209",".192",".128",".323",".273","86.2","13.8",9.1,70.3,27,37.5,63.5,36.5,61,96,56.8,256,78.6,6.2,40,235,176,451,73,37,137,43.2,195,42.6,192,42.1,51.7,37.9,30.3,21.2,10.6
"Machado, Andrés",600921,2023,"44","50.0",53,12,43,13,20.8,6.3,".282",".521",".328","0.849","0.239","29","0","2","4","1","5.22","4","0",".283",".517",".356",".356",".329",".234",".433",".362","87.8","10.1",11.3,68.5,17,32.1,39.3,60.7,48,122,49.1,380,71.2,8.5,213,459,102,774,83,46,270,50.9,394,43.9,340,24,50.6,44,29.3,24,2.7
"Gallen, Zac",668678,2023,"34","210.0",188,22,220,47,26,5.6,".238",".382",".284","0.666","0.144","81","0","0","17","9","3.47","0","34",".250",".435",".289",".315",".296",".184",".401",".346","91.5","12.3",9.2,65.2,14.9,30,50.3,49.7,251,499,51.2,1663,75.5,6.2,453,1913,882,3248,85.1,154,1034,48.8,1585,43.8,1423,26.4,47.2,42.3,26.5,27,4.2
"Jackson, Andre",656578,2023,"19","61.1",52,11,57,22,22.2,8.6,".225",".424",".296","0.720","0.199","34","2","0","1","3","4.99","1","7",".265",".480",".310",".352",".333",".216",".418",".350","90.8","14.5",10.8,69.6,20.4,25.8,35.7,64.3,45,126,48.8,488,75.8,6.6,320,446,235,1001,79.6,73,357,51.2,513,45.2,452,24.4,48.3,36.9,29,26.1,8
"Abbott, Andrew",671096,2023,"21","109.1",100,16,120,44,26.1,9.6,".244",".425",".316","0.741","0.181","47","0","0","8","6","3.87","0","21",".223",".399",".320",".306",".299",".176",".371",".314","91.2","21.6",9.2,66.8,18.1,27.3,43.5,56.5,114,262,50.7,961,73,9.2,310,949,324,1897,81.9,113,625,49.3,936,41.7,791,25.6,46.8,29.9,35.7,25.2,9.2
"Toussaint, Touki",657053,2023,"20","87.0",69,10,85,57,22.1,14.8,".223",".355",".349","0.704","0.132","48","0","0","4","7","4.97","0","16",".248",".410",".317",".351",".374",".162",".383",".338","89.1","7",7.7,59.5,14.3,25.2,44.7,55.3,102,228,56.6,903,60.5,5.4,300,799,496,1595,85.7,59,412,43.4,692,40.6,648,25.2,40.1,50.2,21.7,24.7,3.4
"Ramirez, Nick",598286,2023,"32","40.2",41,1,28,9,16.3,5.2,".256",".356",".298","0.654","0.100","12","1","1","1","2","2.66","2","0",".258",".399",".286",".306",".301",".141",".341",".312","85.8","7.5",6,63.7,15.6,29.4,42.7,57.3,41,96,49.7,327,64.6,7.3,184,284,10,658,84.4,33,211,50.3,331,40.3,265,24.1,46.7,48.5,22.4,25.4,3.7
"Wainwright, Adam",425794,2023,"21","101.0",151,20,55,41,11.4,8.5,".345",".573",".400","0.973","0.228","83","0","0","5","11","7.40","0","21",".320",".562",".414",".399",".378",".242",".424",".364","89","12.9",11.1,62.3,8.6,21.7,25.5,74.5,51,200,51.6,921,70.8,7.3,89,1142,551,1785,91.4,46,538,48.4,864,42.9,766,13.1,41.3,41.1,28.4,26.9,3.6
"Chavez, Jesse",445926,2023,"36","34.2",26,2,39,12,27.1,8.3,".203",".297",".285","0.582","0.094","6","1","2","1","0","1.56","14","1",".231",".341",".263",".292",".310",".110",".350",".329","87.1","7.2",3.3,60.2,24.8,26.6,34.5,65.5,30,87,56.3,327,89.3,4.8,79,468,33,581,75.2,38,153,43.7,254,45.6,265,28.3,41.3,52.2,12.2,27.8,7.8
"Webb, Logan",657277,2023,"33","216.0",201,20,194,31,22.8,3.6,".248",".374",".280","0.654","0.126","78","0","0","11","13","3.25","0","33",".251",".397",".283",".296",".283",".146",".365",".330","90.7","0.6",6.9,62.4,11.3,32.5,39,61,202,518,50.2,1596,78.1,6.8,1324,1185,0,3182,88.7,112,989,49.8,1586,45.7,1455,20.8,47.4,62.7,14.9,20.5,1.9
"Maton, Phil",664208,2023,"68","66.0",49,6,74,25,27,9.1,".207",".333",".304","0.637","0.126","22","1","2","4","3","3.00","10","0",".187",".323",".284",".274",".288",".135",".313",".270","84.5","11.7",7.2,71,24.3,30.2,51.9,48.1,84,162,51.5,536,75,7.7,0,377,420,1040,75.7,87,358,48.5,504,42.9,446,32.9,50,43.4,27.7,21.7,7.2
"Soroka, Michael",647336,2023,"7","32.1",36,9,29,12,20,8.3,".281",".555",".361","0.916","0.274","23","0","0","2","2","6.40","0","6",".267",".486",".389",".361",".348",".219",".412",".345","87.3","12.9",11,65.9,16.1,23.9,44.4,55.6,28,63,49.2,264,85,7.4,98,296,140,537,83.9,29,180,50.8,273,44.9,241,23.5,45.3,46,22,27,5
"Lee, Dylan",669276,2023,"24","23.2",24,4,24,8,23.8,7.9,".264",".429",".323","0.752","0.165","11","0","0","1","0","4.18","6","1",".273",".499",".326",".356",".332",".226",".443",".371","88.5","13.9",11.6,69.5,21.2,37.6,46.6,53.4,34,73,49.6,194,85.2,6.9,48,157,186,391,78.8,29,137,50.4,197,43,168,30,53.7,40.6,26.1,27.5,5.8
"Stephenson, Robert",596112,2023,"60","52.1",30,8,77,16,38.3,8,".165",".341",".230","0.571","0.176","18","1","5","3","4","3.10","15","0",".179",".363",".243",".260",".245",".184",".391",".308","87","19.4",13,68.1,29,41.3,71.6,28.4,121,169,53.6,409,68.3,8.3,81,496,186,763,71,70,241,46.4,354,40.2,307,46.6,53.7,34.3,31.5,21.3,13
"Jiménez, Dany",666204,2023,"25","23.1",11,3,21,14,22.3,14.9,".143",".286",".269","0.555","0.143","9","1","1","0","2","3.47","7","1",".183",".361",".248",".301",".313",".178",".322",".261","89.1","27",8.5,61.6,22.9,19.2,38.6,61.4,17,44,56.4,229,65.6,7.9,0,151,254,406,77.1,25,109,43.6,177,38.4,156,27.5,37.7,30.5,30.5,18.6,20.3
"Abreu, Albert",656061,2023,"45","59.0",52,9,61,35,22.8,13.1,".231",".404",".348","0.752","0.173","31","0","0","2","2","4.73","3","0",".222",".397",".332",".329",".342",".175",".360",".305","89","12.6",7.3,62.1,18.8,23.1,44.8,55.2,56,125,51.8,541,73.2,7.8,150,601,293,1044,81.2,59,313,48.2,504,40.7,425,26.3,42,46.1,29.7,18.8,5.5
"Wacha, Michael",608379,2023,"24","134.1",113,15,124,43,22.4,7.8,".224",".380",".288","0.668","0.156","48","0","0","14","4","3.22","0","24",".246",".427",".291",".319",".308",".181",".377",".325","88.1","18.5",7.3,65.9,17.1,29.7,41.5,58.5,136,328,49.8,1106,72.6,7.4,766,1204,251,2221,82.9,126,736,50.2,1117,44.7,993,24.6,47.9,35.2,31.3,24.8,8.6
"Rodriguez, Eduardo",593958,2023,"26","152.2",128,15,143,48,23,7.7,".227",".359",".289","0.648","0.132","56","0","0","13","9","3.30","0","26",".243",".402",".284",".311",".307",".159",".372",".329","88.6","13.8",7.5,67.7,18.1,27.9,38.4,61.6,127,331,50.1,1188,82.4,7,448,1753,171,2446,81.9,145,802,49.9,1184,44.4,1052,23.8,47.8,42.6,23.4,26.7,7.3
"King, Michael",650633,2023,"49","104.2",88,10,127,32,29.5,7.4,".226",".346",".292","0.638","0.120","32","6","4","4","8","2.75","8","9",".225",".367",".281",".290",".291",".142",".373",".332","86.8","12.5",7.1,57.8,16.8,28.5,52.8,47.2,132,250,52.2,878,59.8,7,244,944,0,1681,83.2,78,464,47.8,803,43.7,734,29.4,42.5,43.4,25.8,24.7,6
"Loáisiga, Jonathan",642528,2023,"17","17.2",14,2,6,1,8.7,1.4,".219",".328",".246","0.574","0.109","6","0","0","0","2","3.06","5","0",".228",".331",".241",".255",".260",".103",".265",".249","85.2","9",1.7,69.7,11.8,38.6,22.7,77.3,10,44,48.3,114,66.7,7.6,23,179,34,236,88.2,10,85,51.7,122,39.8,94,15.5,54.7,55,25,15,5
"Saucedo, Tayler",642048,2023,"52","47.2",41,2,43,23,20.8,11.1,".234",".309",".343","0.652","0.075","19","1","1","3","2","3.59","3","0",".243",".339",".298",".314",".352",".096",".334",".323","85.9","0.8",5.2,61,18.5,33.3,46.2,53.8,67,145,55.1,435,59.6,6.6,204,333,155,789,81.9,40,216,44.9,354,41.7,329,29.6,45.8,58.5,14.1,23.7,3
"Lauer, Eric",641778,2023,"10","46.2",54,16,43,24,20.4,11.4,".292",".616",".370","0.986","0.324","34","0","0","4","6","6.56","0","9",".299",".575",".411",".405",".378",".275",".477",".387","91.7","21.8",13.9,69.5,18.2,25.6,31.5,68.5,35,111,51.4,434,81.3,8.9,6,664,174,844,81.8,52,285,48.6,410,43.6,368,22,46.9,25,39.6,29.9,5.6
"Taylor, Josh",657031,2023,"17","17.2",22,4,26,9,31.3,10.8,".306",".542",".373","0.915","0.236","16","0","2","1","3","8.15","0","1",".236",".480",".381",".332",".314",".244",".452",".356","91.2","12.2",18.8,64.7,18.5,29.9,53.8,46.2,28,52,51,174,72.7,6.5,0,167,174,341,81.5,20,108,49,167,41.6,142,30,46.9,45.8,27.1,18.8,8.3
"Pérez, Cionel",672335,2023,"65","53.1",56,2,44,27,17.8,10.9,".264",".340",".357","0.697","0.076","21","3","1","4","2","3.54","11","0",".240",".342",".311",".304",".337",".102",".318",".303","89.2","1.5",2.9,64.5,12.7,27.6,37.2,62.8,45,121,49.9,438,75.3,9.2,0,557,58,877,87.3,36,284,50.1,440,41,360,20,46.2,62.8,14.5,18.6,4.1
"Pepiot, Ryan",686752,2023,"8","42.0",27,7,38,5,23.9,3.1,".179",".364",".220","0.584","0.185","10","0","0","2","1","2.14","2","3",".219",".374",".251",".274",".258",".155",".336",".292","86.7","20",8.8,69.5,20.6,32.1,43,57,46,107,50.9,333,75.4,9.9,227,331,96,654,79.4,46,223,49.1,321,44,288,27.9,50.5,38.1,29.2,21.2,11.5
"Bernardino, Brennan",657514,2023,"55","50.2",48,4,58,18,26.9,8.3,".250",".375",".333","0.708","0.125","18","0","0","2","1","3.20","4","6",".240",".380",".313",".312",".324",".141",".379",".343","89","7.7",6.7,59.8,18,18.5,50,50,37,74,46.2,400,73.1,9,12,483,369,865,82,50,278,53.8,465,42,363,24.7,40.7,49.3,16.4,27.6,6.7
"Hall, DL",669084,2023,"18","19.1",18,2,23,5,28.4,6.2,".237",".382",".284","0.666","0.145","7","0","1","3","0","3.26","2","0",".214",".336",".289",".264",".263",".122",".338",".307","84.3","10.7",7.5,68.7,24.6,30.5,44.4,55.6,24,54,47.6,177,80,6.7,61,199,97,371,75.4,33,134,52.4,195,46.2,172,30.3,50.7,50.9,13.2,24.5,11.3
"Crawford, Kutter",676710,2023,"31","129.1",107,17,135,36,25.6,6.8,".221",".388",".281","0.669","0.167","58","0","0","6","8","4.04","2","23",".205",".380",".290",".281",".266",".175",".341",".283","87.8","20.4",7.7,72.9,21.5,31.9,39,61,131,336,50.2,1053,84.6,7.1,161,1414,383,2099,78.5,164,763,49.8,1046,43,902,26.8,52.4,35,31.9,19.1,14
"Houck, Tanner",656557,2023,"21","106.0",104,14,99,41,21.4,8.9,".254",".415",".328","0.743","0.161","59","0","0","6","10","5.01","0","21",".240",".398",".323",".315",".317",".158",".356",".314","90.2","6.5",6.6,66.5,18.8,29.3,50,50,132,264,51.7,900,70,6.3,198,879,647,1740,81.2,105,559,48.3,841,43.3,753,28.8,47.3,53.3,20.8,21.5,4.4
"Kershaw, Clayton",477132,2023,"24","131.2",100,19,137,40,26.2,7.6,".209",".367",".273","0.640","0.158","36","0","0","13","5","2.46","0","24",".228",".393",".280",".298",".291",".166",".368",".318","89","11.8",9,69.3,18,30.7,49.8,50.2,159,319,51.3,1040,73.9,7,40,751,1234,2026,82,123,685,48.7,988,41.4,840,28.1,49.6,47.8,23.3,21.9,7
"Battenfield, Peyton",685410,2023,"7","34.2",34,7,27,12,18.5,8.2,".256",".474",".315","0.789","0.218","20","0","0","0","5","5.19","0","6",".277",".541",".336",".375",".338",".264",".435",".349","93.5","14.6",14,73.2,17,29.6,41.4,58.6,36,87,53.4,294,86.7,8.2,21,471,59,551,83,32,188,46.6,257,41.2,227,24.7,49.9,42.1,29.9,24.3,3.7
"Springs, Jeffrey",605488,2023,"3","16.0",4,1,24,4,43.6,7.3,".080",".140",".148","0.288","0.060","1","0","0","2","0","0.56","0","3",".149",".213",".138",".195",".212",".064",".298",".287","88.1","15",3.8,52.4,24.6,31,66.7,33.3,18,27,41.2,87,36.8,9,72,86,27,211,75.4,16,65,58.8,124,46,97,37,43.6,50,15.4,15.4,19.2
"Houser, Adrian",605288,2023,"23","111.1",121,13,96,34,20,7.1,".273",".406",".324","0.730","0.133","51","0","0","8","5","4.12","0","21",".258",".416",".318",".316",".312",".158",".365",".328","90.5","11.2",7.1,64,13.2,26.4,32,68,79,247,50.3,934,76,6.5,74,1316,466,1856,86.8,78,591,49.7,923,45,835,18.7,45.2,47.1,27.1,20.6,5.1
"Gott, Trevor",641627,2023,"64","58.0",63,4,62,19,23.8,7.3,".267",".381",".331","0.712","0.114","27","1","7","0","5","4.19","10","0",".238",".357",".309",".290",".305",".119",".346",".322","88.2","13.4",4.5,63.9,18.3,26.1,34.6,65.4,45,130,51,499,75,6.5,40,868,69,977,81.7,56,306,49,479,45,440,23.2,44.6,41.5,22.7,26.7,9.1
"Harvey, Hunter",640451,2023,"57","60.2",44,7,67,13,28.5,5.5,".203",".332",".251","0.583","0.129","19","10","5","4","4","2.82","19","0",".220",".384",".252",".284",".270",".164",".370",".316","89.6","11.7",8.5,68.8,21.8,30.4,38,62,52,137,46.7,450,76.5,8.8,180,578,205,963,78.2,77,353,53.3,513,42.7,411,26.3,50.9,43.8,31.4,20.9,3.9
"Lambert, Peter",663567,2023,"25","87.1",93,18,71,28,18.9,7.5,".273",".534",".336","0.870","0.261","52","0","0","3","7","5.36","0","11",".262",".507",".367",".355",".326",".245",".406",".330","90.8","14.6",11.1,70.2,15.7,25.4,37.4,62.6,70,187,50.7,735,82.3,7.8,290,646,353,1450,84.3,79,502,49.3,715,44.3,642,21.6,47.5,41,32.1,21.4,5.5
"Jackson, Zach",667427,2023,"19","18.0",18,1,23,10,28.7,12.5,".261",".333",".354","0.687","0.072","5","1","1","2","1","2.50","1","0",".217",".329",".313",".292",".316",".112",".351",".325","86.5","25.6",4.3,65.2,19,25.6,44.4,55.6,24,54,56.7,211,76.7,8.1,2,220,150,372,81,20,105,43.3,161,40.1,149,27.7,42.7,29.8,29.8,25.5,14.9
"Doval, Camilo",666808,2023,"69","67.2",51,3,87,26,31,9.3,".209",".287",".304","0.591","0.078","22","39","8","6","6","2.93","0","0",".201",".306",".262",".266",".297",".104",".335",".310","88.9","8",5,68.5,24.3,29.4,51.7,48.3,92,178,53.1,605,72.5,8,0,726,412,1138,75.7,89,366,46.9,534,42.1,480,33.3,47.8,52.5,20.6,20,6.9
"Germán, Domingo",593334,2023,"20","108.2",83,20,114,34,25.7,7.7,".207",".414",".277","0.691","0.207","55","0","0","5","7","4.56","0","19",".235",".428",".297",".320",".306",".192",".393",".331","88.3","16.3",9.7,69.1,21.2,33.6,48.1,51.9,137,285,51.2,847,76.2,7.6,340,637,676,1653,78.8,118,557,48.8,806,41.1,680,30.3,50.9,39.7,28.6,22.1,9.7
"Avila, Pedro",658648,2023,"14","50.1",43,3,54,25,24.5,11.4,".230",".337",".335","0.672","0.107","18","0","0","2","2","3.22","0","6",".235",".347",".304",".311",".339",".112",".349",".328","88.5","2.8",4.4,66.3,20,27.9,47,53,63,134,53.6,480,75,6.7,229,478,180,895,80,55,275,46.4,415,39.2,351,28.9,45.7,60.3,15.4,22.1,2.2
"Adam, Jason",592094,2023,"56","54.1",35,7,69,20,31.1,9,".181",".342",".288","0.630","0.161","18","12","6","4","2","2.98","11","0",".215",".407",".283",".320",".317",".192",".408",".334","87.2","14.4",12.1,64.1,30,29,43.4,56.6,59,136,51.8,469,67.1,7.7,319,303,12,906,70,84,280,48.2,437,38,344,34.4,45.9,41.9,29.8,17.7,10.5
"Criswell, Cooper",681867,2023,"10","33.0",40,6,27,11,17.9,7.3,".296",".496",".364","0.860","0.200","21","0","0","1","1","5.73","0","0",".277",".447",".368",".348",".350",".170",".388",".347","87.1","8",5.5,62.6,12.3,28,32,68,24,75,48.4,268,69.2,7,72,288,39,554,87.7,22,179,51.6,286,38.1,211,18.1,45.8,43.1,21.1,32.1,3.7
"Davis, Noah",663562,2023,"8","30.0",43,6,26,15,17.8,10.3,".341",".532",".425","0.957","0.191","29","0","0","0","4","8.70","0","6",".250",".400",".412",".335",".348",".150",".352",".315","89.3","13.7",5.9,67.7,14.3,25.1,35.6,64.4,26,73,48.4,291,82.7,8.7,55,413,133,601,85.7,30,210,51.6,310,42.1,253,19.8,47.1,47.5,21.8,21.8,8.9
"Fairbanks, Pete",664126,2023,"49","45.1",26,3,68,20,37,10.9,".164",".233",".273","0.506","0.069","13","25","4","2","4","2.58","2","0",".174",".259",".240",".253",".283",".084",".324",".305","85.7","10.4",3.3,61.8,25,28.2,45.7,54.3,43,94,45.4,333,68.3,8.2,5,363,366,734,75,62,248,54.6,401,43.6,320,30.7,46.6,51.1,17.4,21.7,9.8
"Soto, Gregory",642397,2023,"69","60.1",47,6,65,22,26,8.8,".210",".335",".284","0.619","0.125","31","3","3","3","4","4.62","24","0",".197",".305",".274",".260",".272",".109",".299",".274","87.4","8.4",5.6,63.8,24.8,30.5,56.1,43.9,78,139,47.1,455,69.6,8.2,2,587,377,966,75.2,81,326,52.9,511,41.9,405,34.2,48.1,52.2,26.1,17.4,4.3
"Alvarado, José",621237,2023,"42","41.1",30,3,64,18,37.2,10.5,".196",".307",".281","0.588","0.111","8","10","2","0","2","1.74","11","0",".200",".290",".262",".259",".285",".090",".362",".345","91.1","8.5",4.4,66.8,24.8,31.8,52.1,47.9,61,117,49.6,368,67.2,8.2,0,742,0,742,75.2,62,250,50.4,374,42.9,318,33.5,49.5,55.6,13.3,26.7,4.4
"Zerpa, Angel",672582,2023,"15","42.2",46,7,36,8,19.8,4.4,".272",".462",".319","0.781","0.190","23","0","1","3","3","4.85","2","3",".260",".438",".335",".322",".308",".178",".375",".329","90.4","6.4",8.2,71.8,13.5,25.1,40.5,59.5,34,84,47.4,335,86.7,8.5,137,401,169,707,86.5,36,267,52.6,372,40.2,284,19.9,49.6,50.7,20.1,22.4,6.7
"Oller, Adam",670124,2023,"9","19.2",29,5,13,12,12.9,11.9,".341",".576",".416","0.992","0.235","22","0","0","1","1","10.07","0","1",".308",".550",".417",".407",".394",".243",".427",".357","91.9","17.9",9.3,77.6,16.3,20.6,32.7,67.3,16,49,57.8,238,87.1,7.5,21,236,1,412,83.7,22,135,42.2,174,39.1,161,20.7,44.7,30.7,30.7,30.7,8
"Fujinami, Shintaro",660261,2023,"64","79.0",73,9,83,45,23.2,12.6,".242",".404",".350","0.754","0.162","63","2","4","7","8","7.18","5","7",".237",".411",".332",".334",".347",".175",".375",".323","90.4","13.9",7.7,68.6,25.5,23,43.3,56.7,71,164,50.8,713,75.4,8.7,278,1022,18,1404,74.5,121,474,49.2,691,42,589,30.1,45.4,39.2,27,25.7,8.1
"Allen, Logan",671106,2023,"24","125.1",127,16,119,48,22.2,8.9,".263",".420",".330","0.750","0.157","53","0","0","7","8","3.81","0","24",".253",".420",".326",".325",".322",".167",".381",".335","88.9","12.6",7.6,68.2,16.1,28.4,41.7,58.3,130,312,51.5,1099,75.2,7.2,454,1153,52,2134,83.9,114,706,48.5,1035,43.3,925,24,47.7,42.7,25.3,24.7,7.3
"Kennedy, Ian",453178,2023,"16","16.1",16,4,21,7,28,9.3,".246",".477",".333","0.810","0.231","13","0","1","0","1","7.16","0","0",".230",".402",".347",".323",".323",".173",".398",".338","90.9","18.9",8.9,72.7,21.8,28,59.2,40.8,29,49,55.7,175,90.5,6.7,105,205,4,314,78.2,22,101,44.3,139,40.1,126,34,47.8,35.6,40,17.8,6.7
"Marsh, Alec",679525,2023,"17","74.1",77,16,85,39,24.9,11.4,".266",".524",".369","0.893","0.258","47","0","0","3","9","5.69","0","8",".255",".495",".381",".369",".360",".240",".445",".360","89.7","14.2",9.6,64.8,18,28.7,52.4,47.6,108,206,53.4,717,68.3,7.5,200,596,332,1342,82,73,405,46.6,625,40.8,548,29.6,45.5,36.1,32.7,27.4,3.8
"Jarvis, Bryce",686826,2023,"11","23.2",14,3,12,9,13,9.8,".171",".305",".250","0.555","0.134","8","0","0","2","1","3.04","0","1",".271",".489",".246",".356",".340",".218",".373",".313","90.2","11.8",9.9,68,11.3,21.9,36.4,63.6,16,44,54.3,201,81.5,7.3,43,194,133,370,88.7,13,115,45.7,169,39.2,145,18.2,43,45.1,29.6,21.1,4.2
"Civale, Aaron",650644,2023,"23","122.1",109,12,116,33,23,6.5,".235",".363",".293","0.656","0.128","47","0","0","7","5","3.46","0","23",".240",".386",".288",".299",".297",".147",".355",".320","89","16",6.6,63.4,15.3,30.3,38.3,61.7,116,303,49.8,1001,74.8,7.3,34,1366,606,2009,84.7,98,640,50.2,1009,44.5,894,22.7,46.9,39.8,27.5,23.8,8.9
"Suarez, Robert",663158,2023,"26","27.2",15,4,24,10,22.2,9.3,".155",".299",".231","0.530","0.144","13","0","3","4","3","4.23","8","0",".214",".366",".222",".278",".288",".152",".328",".286","88.1","9.5",6.8,70.5,24.2,26,32.1,67.9,18,56,47.9,215,79.4,7.6,151,278,20,449,75.8,40,165,52.1,234,45,202,26.2,49.2,50,25.7,20.3,4.1
"Phillips, Connor",683175,2023,"5","20.2",18,5,26,13,27.1,13.5,".220",".415",".333","0.748","0.195","16","0","0","1","1","6.97","0","5",".216",".408",".329",".327",".330",".192",".386",".316","89.1","21.7",10.7,61.3,15.4,23.2,43.2,56.8,19,44,49.9,190,75.9,7.6,5,241,38,381,84.6,18,117,50.1,191,45.9,175,23,42.3,33.9,39.3,17.9,8.9
"Yates, Kirby",489446,2023,"61","60.1",35,9,80,37,31.5,14.6,".167",".314",".304","0.618","0.147","22","5","3","7","2","3.28","9","0",".203",".393",".282",".327",".337",".190",".410",".329","90.6","16.8",10.6,67.7,20.9,27.9,49.7,50.3,82,165,55.9,591,77.6,5.5,471,569,2,1058,79.1,66,316,44.1,467,41.4,438,30.8,45.5,37.9,31.1,22,9.1
"Gonsolin, Tony",664062,2023,"20","103.0",86,19,82,40,18.9,9.2,".226",".415",".307","0.722","0.189","57","0","0","8","5","4.98","0","20",".268",".513",".312",".365",".345",".245",".413",".337","90.2","16.2",11.4,71.3,12.9,30.4,39.1,60.9,106,271,53.5,891,81.8,8.2,452,657,555,1664,87.1,71,551,46.5,773,42.1,701,21.5,49.4,36.3,31,24.2,8.5
"Lucchesi, Joey",664192,2023,"9","46.2",44,4,32,17,16.4,8.7,".251",".394",".325","0.719","0.143","15","0","0","4","0","2.89","0","9",".267",".476",".316",".352",".339",".210",".385",".327","88.8","12.3",10.4,64.3,11.7,26.5,29,71,29,100,54.2,377,72,7.2,5,519,172,696,88.3,24,205,45.8,319,43,299,17.4,43.8,47.9,22.2,22.2,7.6
"Peralta, Wandy",593974,2023,"63","54.0",36,7,51,30,22.5,13.2,".190",".323",".319","0.642","0.133","17","4","3","4","2","2.83","18","0",".234",".371",".293",".329",".356",".137",".353",".319","86.8","3.6",7.1,70.3,17.2,32.5,45.8,54.2,82,179,62.5,550,81.1,4.2,388,375,115,878,82.8,40,232,37.5,330,42,370,29.7,46.8,57.1,22.1,17.1,3.6
"Waldichuk, Ken",686610,2023,"35","141.0",149,24,132,71,20.7,11.1,".271",".480",".360","0.840","0.209","84","1","0","4","9","5.36","0","22",".239",".423",".361",".332",".334",".183",".367",".313","88.3","14.5",7.7,69.1,16.9,27.6,43.9,56.1,161,367,52,1328,79.8,8,423,1387,52,2553,83.1,143,846,48,1225,42.1,1074,25.1,47.5,41.1,28.6,22.5,7.7
"Bednar, David",670280,2023,"66","67.1",53,3,80,21,28.9,7.6,".215",".316",".281","0.597","0.101","15","39","3","3","3","2.00","0","0",".193",".325",".259",".263",".266",".132",".336",".288","88","15.6",5.2,75.4,25.6,34.5,47.2,52.8,94,199,52.1,576,76.3,7.2,183,641,281,1105,74.4,102,399,47.9,529,42.8,473,32.8,54.1,42.2,30.1,18.5,9.2
"Brogdon, Connor",641401,2023,"27","29.0",29,5,26,13,20.5,10.2,".264",".473",".339","0.812","0.209","13","0","0","2","1","4.03","3","1",".241",".424",".345",".327",".322",".183",".365",".309","86.1","15.3",10.3,66.1,23.1,32.5,35.7,64.3,35,98,55.5,302,63.3,5.5,234,310,0,544,76.9,37,160,44.5,242,43.8,238,27.9,47.4,37.9,33.3,19.5,9.2
"Selby, Colin",681882,2023,"21","24.0",29,4,30,15,26.3,13.2,".296",".439",".389","0.828","0.143","24","0","3","2","2","9.00","3","5",".266",".457",".362",".357",".364",".191",".445",".384","88.1","5",10.1,61.8,17.5,25.3,54.2,45.8,32,59,53.3,233,83.9,7.1,0,203,234,437,82.5,22,126,46.7,204,39.1,171,29.2,42.3,49.3,20.3,24.6,5.8
"Holton, Tyler",663947,2023,"59","85.1",56,9,74,18,22.8,5.6,".185",".304",".232","0.536","0.119","20","1","1","3","2","2.11","14","1",".235",".391",".234",".290",".280",".156",".351",".310","86.1","12.2",6.9,65.3,18.6,31.8,45.3,54.7,82,181,47.7,570,76.5,8.5,269,713,43,1195,81.4,76,408,52.3,625,41.7,498,26.8,49.3,45.9,23.8,24.7,5.6
"Kauffmann, Karl",666154,2023,"11","35.0",42,5,16,16,10.1,10.1,".311",".504",".392","0.896","0.193","32","0","0","2","5","8.23","0","3",".302",".538",".384",".400",".389",".236",".403",".340","93.4","12.5",9,70.6,11,26.4,29.2,70.8,26,89,57.9,337,85.2,4.6,117,367,98,582,89,19,173,42.1,245,44.8,261,17.2,45,41.8,28.7,27,2.5
"Castillo, Max",666721,2023,"7","20.1",20,2,10,9,11.2,10.1,".267",".427",".364","0.791","0.160","10","0","0","0","1","4.43","0","0",".306",".448",".342",".370",".397",".143",".370",".348","88.4","12.6",7.5,68.8,10.3,29.1,30,70,15,50,50.3,172,76.7,8.8,89,145,108,342,89.7,12,117,49.7,170,40.4,138,16.2,48.8,41.8,23.9,26.9,7.5
"Pallante, Andre",669467,2023,"62","68.0",76,6,43,30,14.2,9.9,".286",".414",".362","0.776","0.128","36","0","5","4","1","4.76","14","0",".255",".356",".341",".313",".336",".101",".316",".303","89","-11.6",3.5,67.8,10.7,21.9,42.6,57.4,52,122,49,558,81.7,10.1,0,786,353,1139,89.3,42,394,51,581,42.6,485,18.2,45.3,77,7.1,15,0.9
"Tonkin, Michael",543859,2023,"45","80.0",64,13,75,23,23.1,7.1,".217",".380",".276","0.656","0.163","38","1","3","7","3","4.28","2","0",".237",".410",".283",".306",".296",".174",".367",".316","89.8","19.1",8,68.9,19.7,29.4,38.2,61.8,68,178,47.2,605,72.1,8.1,0,785,478,1283,80.3,92,467,52.8,678,42.6,546,24.8,50.3,38.7,27.1,23.1,11.1
"Williams, Trevor",592866,2023,"30","144.1",178,34,111,52,16.9,7.9,".300",".533",".358","0.891","0.233","89","0","0","6","10","5.55","0","30",".275",".502",".377",".358",".337",".226",".400",".336","88.3","15.9",10.2,69,12.5,28.1,32.7,67.3,129,395,53.6,1406,86,6.3,447,1516,586,2622,87.5,105,839,46.4,1216,46.1,1208,19,47.1,40,27.3,24.5,8.2
"Hjelle, Sean",663546,2023,"15","29.0",38,3,31,13,22.3,9.4,".317",".458",".399","0.857","0.141","21","0","1","2","1","6.52","0","0",".259",".385",".372",".326",".349",".127",".371",".346","88.6","2.7",6.6,63,11.4,24.7,51.6,48.4,32,62,48.6,251,70.9,10.7,18,275,223,516,88.6,19,167,51.4,265,39.1,202,22.3,44.4,53.8,13.2,28.6,4.4
"Englert, Mason",669438,2023,"31","56.0",67,12,41,17,16.2,6.7,".291",".526",".343","0.869","0.235","34","0","3","4","3","5.46","2","1",".305",".537",".368",".384",".358",".232",".435",".371","91.4","15.7",9.8,73.6,15.4,27.5,46.9,53.1,60,128,48.5,465,83.5,8.9,256,290,348,958,84.6,56,363,51.5,493,43.1,413,23.6,51.3,40.4,30.6,24.4,4.7
"Singer, Brady",663903,2023,"29","159.2",182,20,133,49,18.9,7,".287",".467",".341","0.808","0.180","98","0","0","8","11","5.52","0","29",".271",".455",".346",".339",".330",".184",".388",".341","91","9",7.8,64.2,12.2,26.4,48.7,51.3,166,341,49.4,1291,78.2,7.9,165,1335,1098,2612,87.8,104,849,50.6,1322,42,1097,22.7,45.6,50.2,21.7,24,4.1
"Phillips, Evan",623465,2023,"62","61.1",38,6,66,13,28.2,5.6,".177",".302",".233","0.535","0.125","14","24","3","2","4","2.05","6","0",".224",".357",".232",".275",".277",".133",".356",".321","88.2","15",6.6,63.8,17.7,31.4,53.8,46.2,77,143,49.8,456,74.7,9.1,0,499,0,915,82.3,52,293,50.2,459,42.2,386,29.6,47.7,44.1,27,24.3,4.6
"Hader, Josh",623352,2023,"61","56.1",32,3,85,30,36.8,13,".163",".224",".284","0.508","0.061","8","33","5","2","3","1.28","0","0",".156",".234",".239",".240",".278",".078",".295",".276","87","20.5",4.4,70.5,24.8,33.6,47.2,52.8,92,195,55.6,580,72.9,6.7,35,765,242,1042,75.2,81,327,44.4,464,42.8,447,33.1,50.1,37.2,31.9,20.4,10.6
"Lange, Alex",656638,2023,"67","66.0",43,6,79,45,27.4,15.6,".185",".315",".328","0.643","0.130","27","26","6","7","5","3.68","6","0",".202",".308",".294",".303",".343",".107",".329",".303","88.6","8.5",7,56.8,19.8,31.7,59.6,40.4,136,228,62.8,720,71.2,4.5,116,359,671,1146,80.2,48,242,37.2,426,38.3,439,39.1,41,51,21.7,22.9,4.5
"Frías, Luis",666818,2023,"29","31.0",30,3,26,17,18.7,12.2,".250",".417",".353","0.770","0.167","14","0","1","1","0","4.06","1","0",".251",".427",".339",".344",".353",".176",".367",".320","89.7","15.9",8.5,69.9,20.1,29,40.2,59.8,33,82,52.5,283,75.6,7.6,15,462,62,539,79.9,36,179,47.5,256,39.9,215,26.4,48.4,41.5,29.8,20.2,8.5
"Verlander, Justin",434378,2023,"27","162.1",139,18,144,45,21.5,6.7,".226",".369",".283","0.652","0.143","58","0","0","13","8","3.22","0","27",".225",".394",".284",".295",".284",".169",".342",".294","90","18.9",8.2,68,16.5,30.6,36.1,63.9,142,393,49.3,1283,75,8.1,121,1302,1179,2602,83.5,148,897,50.7,1320,44.9,1168,22.5,49.6,36.2,28.2,23.4,12.2
"Giolito, Lucas",608337,2023,"33","184.1",169,41,204,73,25.7,9.2,".240",".482",".317","0.799","0.242","100","0","0","8","15","4.88","0","33",".236",".449",".339",".329",".314",".213",".403",".330","89.2","18.5",11,67.6,18.8,27,52.6,47.4,233,443,51.4,1639,77.5,7.5,902,1338,950,3190,81.2,197,1049,48.6,1552,41.3,1318,28.8,46.8,36.1,29,23.1,11.8
"Quantrill, Cal",615698,2023,"19","99.2",111,11,58,35,13.1,7.9,".279",".437",".345","0.782","0.158","58","0","0","4","7","5.24","0","19",".285",".489",".339",".364",".354",".204",".385",".334","87.9","13.4",8.4,70.8,14.8,26.5,28.3,71.7,69,244,53.8,921,86.4,6.9,383,1140,187,1710,85.2,83,560,46.2,791,41.7,714,18.9,47,40.4,24.7,27.6,7.3
"Hernandez, Jose E.",669796,2023,"50","50.2",47,9,62,22,27.8,9.9,".239",".462",".317","0.779","0.223","28","0","2","1","3","4.97","5","0",".232",".419",".329",".312",".311",".187",".399",".337","89.2","16.4",8.7,64.6,20,27,50.8,49.2,60,118,50.6,437,66.7,6.6,94,286,481,861,80,55,275,49.4,426,42.8,369,29.3,45.6,39.9,29.7,21.7,8.7
"Gausman, Kevin",592332,2023,"31","185.0",163,19,237,55,31.1,7.2,".233",".379",".291","0.670","0.146","65","0","0","12","9","3.16","0","31",".231",".406",".292",".303",".291",".176",".409",".350","89.4","12.3",9.9,68.2,19.9,32.6,45.8,54.2,243,531,53.1,1629,80.4,7.3,1176,1562,313,3069,80.1,195,982,46.9,1440,43.3,1328,28.9,49.3,42.9,26.4,24.7,6
"Walker, Taijuan",592836,2023,"31","172.2",155,20,138,71,18.8,9.7,".238",".397",".320","0.717","0.159","84","0","0","15","6","4.38","0","31",".245",".410",".313",".323",".326",".165",".352",".310","89.1","11.1",6.8,63.7,13.5,27.4,34.5,65.5,145,420,54,1533,69.4,6.8,943,1645,162,2837,86.5,112,831,46,1304,41.5,1178,20.5,44.1,45.3,25,23.4,6.2
"Guerra, Javy",642770,2023,"17","19.1",17,2,14,22,14.4,22.7,".236",".347",".423","0.770","0.111","13","0","0","0","0","6.05","0","2",".273",".436",".347",".399",".455",".163",".387",".342","90.5","15.9",5.1,64.1,16.8,16.4,37.5,62.5,12,32,53.9,195,84.4,8.8,0,247,58,362,83.2,18,107,46.1,167,36.7,133,21.6,38.4,40.7,32.2,18.6,8.5
"DeSclafani, Anthony",543101,2023,"19","99.2",105,15,79,20,18.9,4.8,".271",".456",".311","0.767","0.185","54","0","0","4","8","4.88","0","18",".282",".492",".328",".348",".322",".210",".409",".352","90.1","11.4",8.3,67.4,11,27.2,41.9,58.1,91,217,51.5,798,78.5,8.4,152,624,773,1550,89,56,507,48.5,752,40.6,630,20.3,46.7,42.2,24.4,27.3,6
"Bass, Anthony",542914,2023,"22","20.0",19,3,19,9,21.6,10.2,".247",".455",".318","0.773","0.208","11","0","0","0","0","4.95","1","0",".285",".477",".320",".347",".353",".192",".417",".368","90.8","15.8",8.3,60.5,17.3,27.6,60,40,27,45,50.2,163,68.8,4.9,22,121,181,324,82.7,17,98,49.8,162,43.7,142,30.8,44.1,38.3,28.3,28.3,5
"Brigham, Jeff",656257,2023,"37","37.2",26,9,42,18,26.3,11.3,".191",".419",".306","0.725","0.228","22","0","2","1","3","5.26","6","0",".212",".424",".317",".329",".325",".212",".384",".305","90","20.6",11.6,69,22.4,23.8,42.4,57.6,36,85,52.5,357,74,7.4,0,393,0,680,77.6,50,223,47.5,323,40.4,275,27.9,45.3,35.8,34.7,17.9,11.6
"Speier, Gabe",642100,2023,"69","54.2",47,7,64,11,29.6,5.1,".235",".375",".282","0.657","0.140","23","1","0","2","2","3.79","17","0",".239",".388",".278",".288",".288",".149",".392",".349","88.5","6.9",8.7,67.4,18.4,39.7,49.7,50.3,81,163,52.6,411,66.7,6.1,13,520,249,782,81.6,46,250,47.4,371,37.9,296,30.8,52.8,55.8,20.3,21,2.9
"Hearn, Taylor",621368,2023,"13","15.0",23,4,15,8,19.7,10.5,".338",".574",".408","0.982","0.236","19","0","0","0","0","11.40","1","0",".279",".516",".418",".374",".355",".237",".431",".358","88.8","17.3",17,72.5,19,32,32.7,67.3,16,49,48.9,153,80.8,8.3,13,175,125,313,81,22,116,51.1,160,38,119,23,52.7,32.1,28.3,32.1,7.5
"Wright, Kyle",657140,2023,"9","31.0",40,5,34,17,21.9,11,".303",".485",".396","0.881","0.182","24","0","0","1","3","6.97","0","7",".250",".447",".382",".351",".352",".198",".398",".335","91.1","-1.4",12,65.8,12.7,30.3,44,56,40,91,52.2,300,78.4,6.4,36,259,280,575,87.3,23,181,47.8,275,42.3,243,23.2,47.3,61,14,24,1
"Borucki, Ryan",621366,2023,"38","40.1",26,4,33,4,21.7,2.6,".183",".317",".227","0.544","0.134","11","0","0","4","0","2.45","9","2",".231",".368",".238",".280",".272",".137",".333",".301","85.7","11.1",6.3,66,21.9,36.1,41.9,58.1,36,86,45,238,73.3,8.5,59,107,289,528,78.1,42,192,55,291,41.8,221,28.1,52.7,47.7,24.3,18.9,9
"Nelson, Kyle",669459,2023,"68","56.0",59,12,67,14,28,5.9,".267",".484",".314","0.798","0.217","26","0","4","7","4","4.18","11","2",".229",".416",".339",".298",".278",".187",".391",".329","89.6","16.3",9.6,70.5,17.5,34.7,58.2,41.8,89,153,50.2,441,78.7,6.9,0,358,520,878,82.5,54,308,49.8,437,42.9,377,31,52.5,39.5,24.8,24.2,11.5
"Hamilton, Ian",641656,2023,"39","58.0",45,2,69,26,28.9,10.9,".215",".297",".310","0.607","0.082","17","2","0","3","2","2.64","5","3",".217",".321",".275",".290",".314",".104",".350",".326","86","4.8",5.7,66.2,25.7,31.3,50.9,49.1,84,165,53.8,528,77.2,5.8,0,448,531,979,74.3,77,300,46.2,453,42.1,413,34.6,47.5,56,14.9,24.8,4.3
"Wilson, Steven",621051,2023,"52","53.0",35,7,57,27,26,12.3,".185",".354",".297","0.651","0.169","23","0","2","1","2","3.91","22","0",".179",".347",".289",".284",".291",".169",".316",".256","87.2","27.7",8.3,67.1,21.4,22.3,42.1,57.9,45,107,51.1,479,82.4,7.2,30,349,0,938,78.6,66,308,48.9,459,43.6,409,26.7,44.2,25.8,34.1,19.7,20.5
"Lambert, Jimmy",669424,2023,"35","37.2",41,10,41,20,23.8,11.6,".273",".560",".363","0.923","0.287","22","1","0","2","3","5.26","3","1",".270",".497",".385",".363",".360",".227",".445",".372","91.1","18.3",12.7,66.3,17.4,24.2,53.7,46.3,44,82,50.1,339,83.3,9.7,69,295,313,677,82.6,39,224,49.9,338,40.3,273,27.1,45.2,34.5,28.2,27.3,10
"Canning, Griffin",656288,2023,"24","127.0",121,22,139,36,25.9,6.7,".245",".430",".303","0.733","0.185","61","0","0","7","8","4.32","0","22",".233",".422",".315",".308",".293",".189",".388",".327","91","12.8",9.8,66.3,17.5,29,56,44,163,291,48.1,1002,74.9,8.4,443,738,903,2177,82.5,126,718,51.9,1083,39.8,829,29.1,48.4,43,30.1,20.5,6.5
"Thompson, Zack",668868,2023,"25","66.1",69,8,72,25,25.1,8.7,".270",".422",".336","0.758","0.152","33","0","1","5","7","4.48","1","9",".255",".422",".329",".329",".328",".167",".403",".357","90.3","11.6",6.9,60.7,16.1,26.8,41.4,58.6,65,157,50.1,585,73.5,8.7,24,627,515,1168,83.9,57,354,49.9,583,44.9,525,23.9,43.8,45.7,22.3,25.5,6.4
"Walter, Brandon",687888,2023,"9","23.0",32,3,16,7,15.1,6.6,".327",".490",".377","0.867","0.163","16","1","0","0","0","6.26","0","0",".269",".419",".375",".324",".324",".151",".351",".321","85.9","18.3",7.3,71.2,10.3,25.9,33.3,66.7,15,45,47.7,174,76,6.8,58,225,0,365,89.7,14,136,52.3,191,40.5,148,16,49.6,42.7,26.8,19.5,11
"Keller, Mitch",656605,2023,"32","194.1",187,25,210,55,25.5,6.7,".249",".404",".308","0.712","0.155","91","0","0","13","9","4.21","0","32",".248",".406",".310",".315",".310",".158",".389",".344","87.7","10.3",8.6,65.5,18.1,27.1,37.6,62.4,147,391,46.2,1441,71.6,8.8,88,2281,249,3119,81.9,199,1099,53.8,1678,42.5,1325,23.2,47.8,44.2,25.5,25,5.3
"Tapia, Domingo",593619,2023,"15","17.2",13,2,14,12,18.7,16,".210",".355",".347","0.702","0.145","7","1","0","0","1","3.57","1","0",".220",".313",".313",".306",".355",".094",".297",".284","87.5","13.9",6.3,61.5,24,26.5,32.6,67.4,14,43,50.9,162,87,7.2,31,252,35,318,76,23,96,49.1,156,42.1,134,26.6,43.7,45.8,20.8,22.9,10.4
"De Los Santos, Enyel",660853,2023,"70","65.2",50,4,62,25,23.7,9.5,".216",".332",".302","0.634","0.116","24","0","3","5","2","3.29","16","0",".234",".391",".282",".313",".319",".156",".363",".319","88.7","14.3",8.2,71.3,17,27.7,54.9,45.1,79,144,49.5,519,85.5,7.3,95,634,319,1048,83,64,377,50.5,529,44,461,27.4,49.7,40.4,28.7,27.5,3.5
"Stewart, Brock",592779,2023,"28","27.2",19,1,39,11,35.8,10.1,".196",".268",".284","0.552","0.072","2","1","2","2","0","0.65","8","0",".182",".287",".242",".242",".273",".104",".335",".307","88.3","15",3.4,69.7,36.2,29.6,55.7,44.3,34,61,46.8,206,74.3,8,37,308,0,439,63.8,59,163,53.2,234,37.3,164,41.5,51,37.9,24.1,29.3,8.6
"Weaver, Luke",596133,2023,"29","123.2",155,29,109,40,19.4,7.1,".301",".559",".353","0.912","0.258","88","0","0","3","6","6.40","0","25",".282",".501",".385",".358",".337",".219",".417",".355","89.3","15.4",9.8,69,17.7,24.9,32.9,67.1,91,277,49.3,1114,82,7.9,452,1230,505,2258,82.3,140,790,50.7,1145,44.4,1002,21.6,47.3,35.9,27.6,29.3,7.3
"Adams, Austin",613534,2023,"24","17.1",16,1,22,8,27.2,9.9,".235",".294",".358","0.652","0.059","11","0","1","0","1","5.71","7","0",".197",".308",".306",".295",".326",".111",".319",".292","84.3","15.1",4.3,62.4,24.8,28.2,39.2,60.8,20,51,50,181,88,6.9,0,37,325,362,75.2,28,113,50,181,42.8,155,29.3,45.3,39.1,23.9,23.9,13
"May, Dustin",669160,2023,"9","48.0",29,1,34,16,18.2,8.6,".173",".250",".251","0.501","0.077","14","0","0","4","1","2.63","0","9",".229",".342",".229",".286",".302",".113",".304",".285","89","11.3",5.2,65.8,13.8,25.9,21.6,78.4,19,88,46.3,340,74,6.8,32,554,95,736,86.2,36,260,53.7,395,47.9,352,15.8,47.3,44.4,26.7,24.4,4.4
"Lyles, Jordan",543475,2023,"31","177.2",176,39,120,45,16,6,".255",".501",".305","0.806","0.246","124","0","0","6","17","6.28","0","31",".260",".483",".340",".339",".310",".223",".377",".313","89","19.8",9.9,69.6,11.9,28.4,38.3,61.7,160,418,52.2,1470,79.2,7.3,307,1444,370,2817,88,112,938,47.8,1347,43,1210,20.1,48.1,33.9,33,23.1,9.9
"Romero, JoJo",668941,2023,"27","36.2",29,1,42,10,28.6,6.8,".216",".299",".274","0.573","0.083","15","3","2","4","2","3.68","3","0",".226",".297",".255",".262",".283",".071",".330",".327","87.6","-0.5",2.1,64.1,27.4,29.3,57.9,42.1,44,76,47.2,259,75.4,10.4,153,270,125,548,72.6,51,186,52.8,290,42.3,232,36.3,47.8,58.5,12.8,25.5,3.2
"Voth, Austin",608723,2023,"25","34.2",39,6,34,15,21.3,9.4,".279",".457",".358","0.815","0.178","20","0","1","1","2","5.19","4","0",".241",".393",".352",".315",".325",".152",".353",".315","88.4","17.3",5.6,66.1,18,30.7,35.8,64.2,38,106,52,345,74,7.5,0,365,183,663,82,38,211,48,319,41.6,276,24,47.8,34.3,26.9,28.7,10.2
"Hendricks, Kyle",543294,2023,"24","137.0",138,13,93,27,16.1,4.7,".255",".393",".293","0.686","0.138","57","0","0","6","8","3.74","0","24",".267",".416",".296",".314",".305",".150",".352",".320","85.2","11.2",6.2,62,13.7,33.9,32.5,67.5,127,391,54.6,1152,63.6,5.6,867,1167,73,2108,86.3,81,593,45.4,956,44.9,947,21.1,46.7,47.4,21.6,23.1,7.9
"Payamps, Joel",606303,2023,"69","70.2",57,8,77,17,26.8,5.9,".219",".342",".278","0.620","0.123","20","3","3","7","5","2.55","27","0",".224",".345",".272",".279",".284",".121",".347",".317","87.8","13.8",4.8,62.7,19.8,25.7,43.5,56.5,64,147,51.2,573,62.5,7.9,137,493,490,1120,80.2,68,343,48.8,547,42.8,479,26.9,43.8,47.6,22.5,21.4,8.6
"Murphy, Chris",669684,2023,"20","47.2",50,5,49,17,23.1,8,".263",".416",".324","0.740","0.153","26","1","0","1","2","4.91","0","0",".233",".366",".321",".296",".299",".133",".348",".313","87.1","12.5",6.9,71.8,16.7,26.6,36.6,63.4,45,123,53.1,462,81.7,6.9,55,337,435,870,83.3,49,293,46.9,408,41,357,22.6,47.8,44.8,29,21.4,4.8
"Plesac, Zach",668676,2023,"5","21.1",37,3,14,5,13.3,4.8,".374",".576",".404","0.980","0.202","18","0","0","1","1","7.59","0","5",".299",".508",".418",".359",".333",".210",".398",".348","91.7","8.9",8.1,74.2,11.8,32.4,38.6,61.4,22,57,47.6,176,96,6.8,58,147,165,370,88.2,17,144,52.4,194,48.9,181,19.4,54.3,52.3,18.6,24.4,4.7
"Mahle, Tyler",641816,2023,"5","25.2",22,5,28,5,27.5,4.9,".227",".423",".265","0.688","0.196","9","0","0","1","2","3.16","0","5",".216",".396",".294",".280",".254",".181",".364",".304","87.5","14.6",8.7,62.4,16.1,31.8,36.5,63.5,27,74,55.2,233,82.1,6.6,83,227,111,421,83.9,19,118,44.8,189,48.6,205,24,45.6,37.7,24.6,26.1,11.6
"Holderman, Colin",670059,2023,"58","56.0",55,4,58,20,24.2,8.3,".256",".363",".322","0.685","0.107","24","2","4","0","3","3.86","27","0",".232",".366",".299",".295",".304",".134",".351",".318","89.1","6.4",5,69.4,15.3,25.7,44.9,55.1,53,118,49.5,460,79.7,8,0,655,0,930,84.7,50,326,50.5,470,42,391,23.2,47.7,53.8,19.4,20,6.9
"Dodd, Dylan",689266,2023,"7","34.1",53,9,15,12,9.1,7.3,".351",".616",".402","1.018","0.265","29","0","0","2","2","7.60","0","7",".324",".633",".429",".424",".378",".309",".446",".360","92.6","16.8",12.5,70.9,16.1,29.8,27.1,72.9,19,70,41.4,235,77.8,9.5,101,305,162,568,83.9,38,236,58.6,333,43.7,248,18.6,53.9,36,34.6,23.5,5.9
"Strahm, Matt",621381,2023,"56","87.2",68,11,108,21,30.8,6,".212",".375",".263","0.638","0.163","32","2","3","9","5","3.29","11","10",".209",".367",".274",".278",".264",".158",".369",".314","90.2","19.8",8.2,67.6,22,29.2,45.3,54.7,81,179,44.8,612,71.9,8.9,6,1000,360,1366,78,112,510,55.2,754,45.9,627,28,50.4,33.8,29.7,26,10.5
"Wittgren, Nick",621295,2023,"27","29.0",30,2,18,11,14.1,8.6,".263",".404",".344","0.748","0.141","16","0","1","1","0","4.97","2","0",".255",".413",".329",".330",".336",".158",".338",".302","88.6","9.7",7.3,70.4,11.6,26.4,25.4,74.6,16,63,50.6,239,85.1,10,56,244,172,472,88.4,19,164,49.4,233,41.5,196,15.4,48.1,44.8,24,27.1,4.2
"Wantz, Andrew",681806,2023,"27","39.1",28,4,33,15,20.6,9.4,".197",".352",".275","0.627","0.155","17","0","3","2","0","3.89","4","3",".238",".399",".272",".312",".313",".161",".352",".308","85.1","20.3",8.1,70.7,21.4,27.9,37.9,62.1,36,95,51.8,341,80.4,7.8,41,444,0,658,78.6,48,224,48.2,317,41.5,273,26.3,48.5,30.6,33.3,20.7,15.3
"Glasnow, Tyler",607192,2023,"21","120.0",93,13,162,37,33.4,7.6,".209",".347",".270","0.617","0.138","47","0","0","10","7","3.53","0","21",".213",".397",".270",".292",".275",".184",".406",".336","90.4","5.8",11.6,66.1,21.9,30.1,66.8,33.2,185,277,48.6,920,75.1,8.9,5,826,1063,1894,78.1,141,644,51.4,974,39.1,741,35.4,48.6,50.9,23.2,22.1,3.9
"Manaea, Sean",640455,2023,"37","117.2",104,14,128,42,25.7,8.4,".234",".394",".309","0.703","0.160","58","1","1","7","6","4.44","3","10",".238",".401",".306",".313",".313",".163",".378",".331","89.4","13",8.7,70.5,17.7,27,42.8,57.2,113,264,47.7,979,77.2,8.1,349,1170,286,2052,82.3,134,757,52.3,1073,44.9,921,24.2,49.8,42.4,24.3,26.2,7.2
"Sandlin, Nick",680704,2023,"61","60.0",38,12,66,24,27.6,10,".182",".388",".270","0.658","0.206","25","0","1","5","5","3.75","10","0",".212",".411",".284",".308",".297",".199",".380",".307","86.7","16.9",10.2,65.2,24.7,28.8,47.7,52.3,71,149,51.3,517,76,7.4,44,463,500,1008,75.3,79,320,48.7,491,40.7,410,32,46.5,42.2,32,16.3,9.5
"Clevinger, Mike",605182,2023,"24","131.1",121,16,110,40,20,7.3,".244",".407",".310","0.717","0.163","55","0","0","9","9","3.77","0","24",".236",".410",".312",".313",".304",".174",".352",".303","88.1","21.4",7.2,69.4,15.3,29,41.8,58.2,128,306,50.2,1055,79.9,8,268,1229,33,2100,84.7,111,725,49.8,1045,42.3,888,23.2,49.1,31.3,33.8,23.3,11.5
"Kahnle, Tommy",592454,2023,"42","40.2",26,5,48,19,29.1,11.5,".183",".331",".280","0.611","0.148","12","2","2","1","3","2.66","14","0",".183",".297",".272",".264",".281",".115",".305",".272","86.8","8.2",4.1,64.2,26.4,29.2,51.4,48.6,56,109,54.4,373,70,7.3,518,151,16,685,73.6,53,201,45.6,313,44.9,308,35.2,45.3,49.5,26.8,17.5,6.2
"Martinez, Adrián",661309,2023,"22","55.0",59,8,47,19,19.5,7.9,".278",".448",".344","0.792","0.170","29","0","0","0","2","4.75","1","1",".274",".452",".341",".350",".347",".178",".397",".351","88.6","13.7",10,67.8,15,26.6,40.4,59.6,55,136,54.2,512,80.6,6.6,221,558,164,943,85,44,293,45.8,432,39,368,23.1,45.5,38.2,24.7,30.6,6.5
"Ohtani, Shohei",660271,2023,"23","132.0",85,18,167,55,31.5,10.4,".184",".333",".285","0.618","0.149","46","0","0","10","5","3.14","0","23",".201",".375",".277",".300",".301",".174",".380",".314","86.4","11.5",10.1,66,22.4,25.7,54.1,45.9,140,259,48,1006,78.6,8.9,121,1081,156,2094,77.6,161,718,52,1088,39.4,826,30.8,46.7,45.8,25.6,20.5,8.1
"Vasquez, Andrew",607755,2023,"42","48.1",46,4,43,23,19.6,10.5,".247",".355",".350","0.705","0.108","18","0","0","2","1","3.35","2","0",".221",".353",".316",".307",".328",".133",".319",".286","85.7","11.4",5.5,56.7,9.3,27.1,37,63,40,108,46.7,398,68.4,9.3,13,99,741,853,90.7,24,258,53.3,455,41.4,353,17.5,42.9,47.3,24,22.6,6.2
"Keuchel, Dallas",572971,2023,"10","37.2",45,3,25,18,14.5,10.5,".298",".457",".378","0.835","0.159","25","0","0","2","1","5.97","0","6",".288",".460",".363",".362",".369",".172",".380",".343","86","4.4",7.1,61.2,9.8,29.7,35.3,64.7,41,116,59.3,390,75.9,4.4,178,395,85,658,90.2,16,164,40.7,268,45.9,302,20.4,42.6,53.5,18.9,25.2,2.4
"McHugh, Collin",543521,2023,"41","58.2",70,5,47,22,17.5,8.2,".293",".397",".362","0.759","0.104","28","0","1","4","1","4.30","7","1",".286",".432",".335",".346",".356",".147",".384",".356","88.6","10.5",6.2,67.8,19.4,27.8,39.9,60.1,59,148,52.2,532,85.7,6.9,4,506,19,1018,80.6,64,330,47.8,487,43.7,445,25.7,47,45.4,20.1,29.4,5.2
"Nola, Aaron",605400,2023,"32","193.2",178,32,202,45,25.5,5.7,".240",".425",".283","0.708","0.185","96","0","0","12","9","4.46","0","32",".235",".408",".303",".297",".279",".173",".373",".322","89.3","12.7",8.3,64.5,16.9,34.7,42,58,230,548,51.1,1577,69.7,6.5,385,1725,977,3087,83.1,165,974,48.9,1510,46.9,1449,26,49.3,43.1,25.9,24.6,6.4
"Jiménez, Joe",641729,2023,"59","56.1",51,9,73,14,30.7,5.9,".233",".420",".284","0.704","0.187","19","0","3","0","3","3.04","13","0",".224",".420",".302",".301",".279",".197",".408",".339","91.1","19.5",11.4,70.1,24.3,28.2,55.8,44.2,67,120,45.4,425,90,7.5,66,582,287,936,75.7,87,358,54.6,511,46.2,432,32.2,51.1,29.5,32.2,30.9,7.4
"Scherzer, Max",453286,2023,"27","152.2",126,28,174,45,28,7.2,".221",".407",".282","0.689","0.186","64","0","0","13","6","3.77","0","27",".203",".384",".298",".283",".266",".181",".356",".292","88.5","20.2",8.5,70.9,20.9,30.3,47.1,52.9,173,367,49.1,1211,82.2,7.5,347,1399,719,2465,79.1,186,889,50.9,1254,43.9,1082,28.6,51,33.7,32.7,22.9,10.8
"Mikolas, Miles",571945,2023,"35","201.1",226,26,137,39,15.9,4.5,".282",".454",".319","0.773","0.172","107","0","0","9","13","4.78","0","35",".287",".506",".330",".355",".325",".220",".403",".344","90.4","15",9.8,68,13.3,27.5,26.7,73.3,106,397,45.1,1443,80.3,9,172,1610,1409,3197,86.7,159,1193,54.9,1755,44.3,1416,16.7,49.7,39,27.7,26.6,6.7
"Blach, Ty",621389,2023,"20","78.0",104,15,50,24,14.2,6.8,".330",".537",".381","0.918","0.207","48","0","0","3","3","5.54","0","13",".327",".549",".389",".399",".383",".222",".439",".385","90.1","13.2",11,67,8.8,30.5,30.3,69.7,57,188,48.7,616,78.7,8.5,279,904,81,1264,91.2,38,434,51.3,648,44.9,567,15.3,49.2,39.3,26.1,30.1,4.4
"Devenski, Chris",606965,2023,"38","42.1",36,6,42,11,24.3,6.4,".229",".382",".279","0.661","0.153","21","0","5","6","4","4.46","10","0",".249",".454",".283",".326",".302",".205",".407",".339","90.3","18",13.4,70.3,17.6,29.1,53.8,46.2,57,106,53.5,364,67.2,8.5,350,198,86,680,82.4,39,222,46.5,316,38.4,261,29.3,48.2,41.2,31.9,21,5.9
"Adcock, Ty",686654,2023,"12","15.2",11,4,11,0,19,0,".190",".448",".190","0.638","0.258","6","0","0","0","0","3.45","0","0",".296",".562",".263",".360",".296",".266",".444",".365","90.2","13.5",14.9,78.1,14.6,33.3,41.9,58.1,13,31,44.9,93,81.8,5.3,0,91,116,207,85.4,13,89,55.1,114,50.7,105,21.7,58,38.3,29.8,27.7,4.3
"Kelley, Trevor",665001,2023,"10","15.1",16,4,11,6,15.9,8.7,".262",".541",".348","0.889","0.279","10","0","0","0","1","5.87","1","3",".246",".477",".373",".346",".334",".231",".372",".300","87.5","14.3",10,52.9,25.4,34.6,20.8,79.2,11,53,56.3,153,42.1,7,3,144,20,272,74.6,16,63,43.8,119,42.6,116,23.3,42.6,34,36,22,8
"Rosenberg, Kenny",670046,2023,"7","33.0",35,3,29,14,19.9,9.6,".267",".389",".342","0.731","0.122","14","0","0","2","2","3.82","0","3",".222",".365",".321",".293",".302",".143",".321",".285","88","16.6",6.9,69.5,16.1,27.1,40.3,59.7,31,77,52.3,284,79.5,8.1,204,295,37,543,83.9,29,180,47.7,259,43.5,236,23.3,47.3,44.1,24.5,20.6,10.8
"Gore, MacKenzie",669022,2023,"27","136.1",134,27,151,57,25.9,9.8,".258",".459",".330","0.789","0.201","67","0","0","7","10","4.42","0","27",".257",".476",".339",".347",".330",".220",".434",".360","89.9","14.5",12.1,69.3,19.1,29.3,47.2,52.8,177,375,52.1,1282,82,8.1,72,1464,914,2462,80.9,156,818,47.9,1180,42.7,1052,27.9,48.5,39.1,28.7,26.5,5.6
"Montgomery, Jordan",656756,2023,"32","188.2",177,18,166,48,21.4,6.2,".247",".393",".295","0.688","0.146","67","0","0","10","11","3.20","0","32",".249",".410",".298",".308",".299",".161",".364",".323","88.3","12",7.5,66.4,17.7,30,43,57,195,454,51.8,1513,76.4,6.8,670,1598,652,2920,82.3,166,936,48.2,1409,43.1,1259,26,47.6,43.8,23.6,27,5.5
"Pérez, Eury",691587,2023,"19","91.1",72,15,108,31,28.9,8.3,".214",".424",".282","0.706","0.210","32","0","0","5","6","3.15","0","19",".205",".401",".303",".295",".276",".196",".375",".301","89.8","23.5",10.7,71.4,22.7,31,56.1,43.9,142,253,53.3,817,83,6.9,150,697,687,1534,77.3,116,512,46.7,717,40.8,626,33.7,49.9,27.5,37.8,23.2,11.6
"Winn, Keaton",676775,2023,"9","42.1",36,6,35,8,20.3,4.7,".231",".417",".288","0.705","0.186","22","1","0","1","3","4.68","0","5",".236",".428",".304",".317",".297",".192",".367",".307","92.4","4.5",10.6,71.8,24.9,32.2,44.6,55.4,41,92,48.1,286,84.4,7.6,329,244,21,594,75.1,55,221,51.9,308,46.3,275,30.7,52.7,59.3,21.1,16.3,3.3
"Campbell, Isaiah",663462,2023,"27","28.2",22,2,33,13,27.5,10.8,".210",".314",".300","0.614","0.104","9","1","0","4","1","2.83","2","0",".221",".378",".273",".301",".311",".157",".367",".320","88.3","14.8",9.6,68.2,17.8,28.2,51.4,48.6,37,72,53.3,255,80.9,9.8,0,224,185,478,82.2,27,152,46.7,223,42.5,203,28.6,46.9,39.7,30.1,24.7,5.5
"Stanek, Ryne",592773,2023,"55","50.2",42,8,51,21,23.9,9.9,".221",".389",".300","0.689","0.168","23","0","1","3","1","4.09","3","0",".218",".407",".300",".310",".300",".189",".365",".300","90.1","22.5",7.1,76.9,24.1,27.4,49.6,50.4,58,117,49.4,427,87.3,9.1,157,555,152,864,75.9,81,336,50.6,437,40.6,351,30.7,52.4,30.7,37.9,22.9,8.6
"Herget, Kevin",643361,2023,"14","24.1",26,4,13,6,12.4,5.7,".268",".495",".324","0.819","0.227","14","1","0","1","2","5.18","0","0",".269",".528",".346",".359",".325",".258",".386",".311","90.5","16.3",9.5,67,14.4,27,33.3,66.7,18,54,47.8,200,75,6.7,147,192,63,418,85.6,21,146,52.2,218,39.5,165,19.5,47.8,33.3,31,27.4,8.3
"Peralta, Freddy",642547,2023,"30","165.2",131,26,210,54,30.9,7.9,".212",".387",".282","0.669","0.175","71","0","0","12","10","3.86","0","30",".211",".364",".291",".284",".280",".153",".369",".319","87.6","14.6",8.6,68.8,24.2,28.8,53.8,46.2,231,429,52.5,1491,74.7,6.6,415,1453,971,2839,75.8,224,927,47.5,1348,43,1221,33.6,47.8,42.8,27.1,20.5,9.5
"Javier, Cristian",664299,2023,"31","162.0",143,25,159,62,23.1,9,".234",".424",".309","0.733","0.190","82","0","0","10","5","4.56","0","31",".228",".451",".317",".325",".306",".222",".382",".308","89.1","23.8",9.4,69.2,19.7,29.3,42.2,57.8,190,450,53.3,1538,74.7,7.5,119,1682,219,2882,80.3,184,932,46.7,1346,41.5,1198,27.1,48,26.1,38.8,24.2,10.9
"Walker, Ryan",676254,2023,"49","61.1",61,8,78,24,29.7,9.1,".262",".421",".333","0.754","0.159","22","1","1","5","3","3.23","3","13",".209",".316",".328",".273",".289",".107",".337",".314","85.1","10.9",4.4,59.6,22.6,32.4,48.1,51.9,87,181,51.8,558,66.7,7.8,0,535,543,1079,77.4,70,310,48.2,520,41,442,32,45.5,44,27,22.6,6.3
"Shuster, Jared",694363,2023,"11","52.2",53,7,30,26,13,11.3,".264",".438",".348","0.786","0.174","34","0","0","4","3","5.81","0","11",".265",".445",".341",".352",".352",".180",".360",".312","89.4","18.4",6.9,68.4,15.3,23.9,38.7,61.3,41,106,51.3,443,83.6,7.1,199,381,284,864,84.7,44,288,48.7,421,42.9,371,21.6,45.6,35.8,29.5,22.5,12.1
"Lawrence, Casey",596271,2023,"15","27.1",32,7,20,10,16.4,8.2,".299",".589",".364","0.953","0.290","20","0","0","1","0","6.59","4","0",".236",".458",".393",".321",".308",".222",".351",".284","88.1","19.6",7.8,66.2,15.6,29.2,32.4,67.6,23,71,54.4,243,67.7,6.9,58,222,93,447,84.4,21,135,45.6,204,46.8,209,21.4,46.1,33.3,36.7,22.2,7.8
"Heller, Ben",621294,2023,"19","18.2",16,2,16,11,19.5,13.4,".232",".362",".354","0.716","0.130","8","0","1","0","0","3.86","4","0",".231",".379",".323",".330",".353",".148",".338",".301","89.2","9.2",5.7,61.6,14,30.4,52.1,47.9,25,48,51.1,158,71.4,4.5,39,228,0,308,86,13,93,48.9,151,41.7,129,27,45.8,50.9,26.4,18.9,3.8
"Newcomb, Sean",656794,2023,"7","15.0",8,1,17,9,27.9,14.8,".160",".260",".311","0.571","0.100","5","0","0","1","1","3.00","0","2",".189",".345",".272",".310",".335",".157",".340",".286","89.7","18.5",6.1,63,16.1,27.5,33.3,66.7,13,39,50.7,142,73.7,6.8,8,167,42,280,83.9,14,87,49.3,138,42.1,118,21.4,45,42.4,21.2,18.2,18.2
"McKenzie, Triston",663474,2023,"4","16.0",12,1,16,13,21.9,17.8,".200",".350",".342","0.692","0.150","9","0","0","0","3","5.06","0","4",".213",".397",".314",".335",".353",".184",".350",".291","92.7","23.9",9.1,68.3,18.9,24.8,45,55,18,40,53.7,161,75,6.7,0,190,110,300,81.1,18,95,46.3,139,43.7,131,26.7,45,34.1,34.1,20.5,11.4
"Mayza, Tim",641835,2023,"69","53.1",50,2,53,15,24.7,7,".251",".342",".302","0.644","0.091","9","1","2","3","1","1.52","22","0",".250",".355",".279",".285",".302",".105",".355",".340","87.3","1.9",4.1,60.7,16.6,28.2,35.3,64.7,42,119,52.2,422,63,5.7,0,619,190,809,83.4,39,235,47.8,387,44.5,360,22.9,43.8,59.2,15.6,23.1,2
"Barlow, Scott",605130,2023,"63","68.0",61,4,79,34,26.4,11.4,".242",".337",".337","0.674","0.095","33","13","3","2","6","4.37","7","0",".233",".341",".299",".300",".332",".108",".352",".332","85.5","11.2",4.4,58.9,18.8,30.8,52,48,102,196,53.2,637,59.3,6.8,0,351,713,1197,81.2,62,330,46.8,560,40,479,31.2,43.9,44.2,18.8,29.3,7.7
"Pagán, Emilio",641941,2023,"66","69.1",45,5,65,21,23.8,7.7,".181",".306",".246","0.552","0.125","23","1","5","5","2","2.99","8","1",".216",".406",".241",".296",".281",".190",".357",".294","90.6","19.9",7.5,75.6,20.1,29.4,37.3,62.7,53,142,45.5,483,88.4,9,131,903,27,1061,79.9,88,437,54.5,578,42.8,454,24.4,54.6,32.3,35.5,22,10.2
"Felipe, Angel",665734,2023,"14","15.0",6,0,19,13,29.7,20.3,".120",".140",".313","0.453","0.020","7","0","1","1","1","4.20","4","0",".150",".177",".241",".266",".336",".027",".234",".242","85.9","7.4",0,51.6,25,19.7,65.5,34.5,19,29,54.2,147,60,7.4,20,155,96,271,75,16,64,45.8,124,43.5,118,37.6,34.3,54.8,19.4,16.1,9.7
"Erceg, Lucas",668674,2023,"50","55.0",51,1,68,36,27.1,14.3,".245",".356",".371","0.727","0.111","29","0","2","4","4","4.75","11","0",".204",".305",".328",".298",".337",".102",".325",".301","86","7.9",6.4,62.9,20.7,23.2,46.2,53.8,61,132,53.9,568,65.2,6.3,233,665,155,1053,79.3,63,305,46.1,485,42,442,28.4,41.5,44,24.1,25.5,6.4
"Richardson, Lyon",680689,2023,"4","16.2",17,6,12,15,14.8,18.5,".258",".576",".395","0.971","0.318","16","0","0","0","2","8.64","0","4",".267",".563",".411",".411",".403",".296",".422",".326","88.3","10.3",16.7,68.2,17.1,23.2,19.5,80.5,8,41,53.5,177,76.2,6.3,99,174,58,331,82.9,18,105,46.5,154,42.6,141,17.8,44.1,48.1,27.8,20.4,3.7
"Soriano, George",666277,2023,"26","52.0",46,6,52,23,22.8,10.1,".234",".371",".326","0.697","0.137","22","1","1","0","0","3.81","0","1",".247",".407",".308",".328",".339",".160",".375",".333","89.9","13.1",7.4,64.1,18.8,25.7,52.6,47.4,61,116,51.1,451,75.4,7.8,191,357,335,883,81.2,52,277,48.9,432,38.7,342,28.8,44.5,43.2,25.7,23.6,7.4
"Nelson, Ryne",669194,2023,"29","144.0",159,24,96,46,15.5,7.4,".284",".515",".334","0.849","0.231","85","0","0","8","8","5.31","0","27",".263",".493",".357",".349",".319",".230",".385",".317","90.8","16.2",11.6,70.4,15.2,25.1,37.4,62.6,101,270,45.6,1075,83.1,8,313,1589,382,2355,84.8,137,902,54.4,1281,43.5,1025,20.3,49.8,37.5,31.2,22.9,8.4
"Keller, Brad",641745,2023,"11","45.1",42,3,31,45,14.7,21.3,".259",".364",".427","0.791","0.105","23","0","0","3","4","4.57","0","9",".229",".388",".364",".363",".405",".158",".326",".283","89.2","5",6.8,59.3,11.8,20.3,48,52,48,100,56,492,60.9,5.2,108,364,383,877,88.2,27,229,44,386,39.9,350,22.8,37.5,57.6,19.7,18.2,4.5
"Alexander, Tyler",641302,2023,"25","44.0",44,8,44,5,24.3,2.8,".256",".453",".283","0.736","0.197","22","0","0","2","1","4.50","2","1",".232",".439",".313",".298",".261",".208",".378",".310","89.2","18.8",10.9,64.9,14.5,29,29.1,70.9,25,86,43.7,297,73.1,7.7,116,506,57,679,85.5,36,248,56.3,382,48.5,329,18.3,49.2,33.3,34.9,24,7.8
"Cimber, Adam",643256,2023,"22","20.2",25,6,12,7,12.6,7.4,".301",".542",".379","0.921","0.241","17","1","1","0","2","7.40","1","0",".292",".486",".393",".374",".374",".195",".386",".340","90.5","9.1",6.9,64.1,13.8,28.3,17.6,82.4,9,51,48.4,180,63.6,8.9,0,263,108,372,86.2,17,123,51.6,192,37.6,140,14.9,46.8,48.6,22.2,25,4.2
"Varland, Louis",686973,2023,"17","68.0",66,16,71,17,25.1,6,".252",".492",".299","0.791","0.240","35","0","0","4","3","4.63","2","10",".246",".479",".335",".330",".295",".233",".418",".338","91","12.1",10.8,73.5,19.4,29.5,45.8,54.2,66,144,44.7,488,77.5,9.3,123,476,349,1091,80.6,86,443,55.3,603,44,480,25.9,53.8,45.4,30.9,19.6,4.1
"Grove, Michael",675627,2023,"18","69.0",83,12,73,19,24.2,6.3,".296",".500",".348","0.848","0.204","47","0","0","2","3","6.13","1","12",".269",".472",".363",".342",".323",".203",".425",".364","90","12.6",9.2,66.8,14.9,31.5,54.2,45.8,96,177,49,562,68.3,7.2,4,500,642,1146,85.1,58,390,51,584,41.4,475,27.2,49.5,39.6,23.7,30,6.8
"Wilson, Bryse",669060,2023,"53","76.2",60,9,61,22,19.4,7,".211",".377",".271","0.648","0.166","22","3","1","6","0","2.58","5","0",".242",".411",".281",".308",".299",".169",".350",".306","88.6","16.9",7,70.2,12.4,26.7,34.6,65.4,53,153,49.5,572,77.2,8.7,9,992,155,1156,87.6,51,410,50.5,584,43.2,499,18.5,48.7,37.6,31,24.9,6.6
"Hill, Tim",657612,2023,"48","44.1",59,7,26,14,12.9,6.9,".331",".511",".395","0.906","0.180","27","0","3","1","4","5.48","9","0",".274",".429",".390",".342",".347",".156",".352",".320","89.9","1.9",5.1,67.5,11.2,30.1,24.8,75.2,25,101,46.7,335,83.3,7.5,0,678,38,716,88.8,29,258,53.3,382,43.8,314,15,50.1,63.5,18.6,16.7,1.3
"Buttó, José",676130,2023,"9","42.0",33,3,38,23,21.2,12.8,".212",".301",".313","0.614","0.089","17","0","0","1","4","3.64","0","7",".235",".343",".281",".306",".333",".108",".328",".310","90","15.5",2.5,72.2,22.1,25.5,43,57,46,107,57.3,420,83.7,5.9,168,414,151,733,77.9,50,226,42.7,313,41.1,301,28.8,45.4,41.5,28,21.2,9.3
"Schreiber, John",670167,2023,"46","46.2",41,6,53,25,26,12.3,".237",".399",".343","0.742","0.162","20","1","2","2","1","3.86","10","2",".220",".366",".324",".312",".333",".147",".363",".319","89.3","12.7",6.6,63.1,19.8,26.1,35.5,64.5,39,110,51.2,421,77.6,6,64,450,0,822,80.2,50,253,48.8,401,44.8,368,24.5,44.2,43.4,26.2,23,7.4
"Rogers, Tyler",643511,2023,"68","74.0",66,7,60,19,19.4,6.1,".236",".368",".289","0.657","0.132","25","2","7","4","5","3.04","30","0",".219",".311",".284",".259",".274",".092",".289",".277","84.4","8.7",2.2,70.1,19.5,29.2,30.5,69.5,46,151,46.1,518,77.8,9.6,0,575,549,1124,80.5,83,425,53.9,606,43.1,485,22.4,51.2,53.3,20.9,17.8,8
"Ferguson, Caleb",657571,2023,"68","60.1",64,4,70,23,25.9,8.5,".269",".366",".352","0.718","0.097","23","3","5","7","4","3.43","17","7",".246",".334",".321",".303",".332",".088",".355",".347","89.3","9.1",3,67.3,17.8,28.6,48.3,51.7,69,143,46.9,500,77.9,8.9,0,1030,0,1065,82.2,68,381,53.1,566,44.5,474,26.1,49.2,49.1,15.4,26,9.5
"Ashcraft, Graham",668933,2023,"26","145.2",148,23,111,52,17.8,8.3,".265",".444",".338","0.782","0.179","77","0","0","7","9","4.76","0","26",".268",".430",".339",".339",".341",".162",".373",".335","88.4","8.1",6.9,68,13.4,27.3,45.6,54.4,141,309,48.7,1131,75,8.3,1,1455,868,2324,86.4,109,811,51.3,1193,43.2,1003,22.3,48.2,48,22.4,24.4,5.1
"Hoffman, Jeff",656546,2023,"54","52.1",29,3,69,19,33.2,9.1,".158",".257",".244","0.501","0.099","14","1","2","5","2","2.41","11","0",".188",".281",".226",".250",".270",".093",".321",".299","88.1","14.4",2.5,69.5,21.9,34,58.8,41.2,90,153,51.7,450,84.1,9.4,155,298,416,869,78.1,64,292,48.3,420,37.4,325,34.6,51.2,44.9,26.3,17.8,11
"Armstrong, Shawn",542888,2023,"39","52.0",36,2,54,11,26.1,5.3,".188",".272",".246","0.518","0.084","8","0","2","1","0","1.38","6","6",".205",".316",".233",".256",".262",".111",".308",".284","87.5","18.1",3.6,71.2,21.5,34.7,37.1,62.9,49,132,47.7,380,83.3,7.5,0,738,0,797,78.5,64,297,52.3,417,45.2,360,26.3,53.8,39.1,25.4,25.4,10.1
"Garrett, Reed",657585,2023,"11","19.2",22,3,16,7,18.4,8,".282",".462",".345","0.807","0.180","14","0","0","1","0","6.41","0","0",".246",".429",".347",".327",".316",".184",".363",".309","87.1","11.7",9.5,75.5,21.1,29.9,45.5,54.5,25,55,53,184,71.4,6.1,50,251,9,347,78.9,26,123,47,163,41.8,145,28.7,51.3,44.4,20.6,27,7.9
"Brieske, Beau",689225,2023,"25","35.0",36,4,31,12,20.4,7.9,".259",".410",".316","0.726","0.151","14","2","0","2","3","3.60","5","1",".249",".393",".315",".307",".308",".145",".353",".320","87.2","12.4",5.5,71.2,15,31.8,34.9,65.1,38,109,55,343,85.7,6.7,150,372,102,637,85,30,200,45,281,47,293,21.9,49.5,43.1,25.7,24.8,6.4
"Barria, Jaime",642545,2023,"34","82.1",91,20,62,30,17.1,8.3,".277",".512",".340","0.852","0.235","52","0","2","2","6","5.68","2","6",".276",".495",".357",".352",".339",".219",".399",".338","87.6","16.6",10.4,71.8,17.2,26.4,37.7,62.3,69,183,51.4,694,81.7,6.9,190,476,684,1350,82.8,81,472,48.6,657,42,568,22.9,48.5,36.2,32.1,24.3,7.5
"Hudson, Dakota",641712,2023,"18","81.1",88,9,45,34,12.7,9.6,".283",".441",".363","0.804","0.158","45","0","0","6","3","4.98","1","12",".286",".491",".350",".371",".366",".205",".384",".333","90.5","4.6",8.9,70.3,12.1,24.6,42.7,57.3,70,164,50.7,668,75.4,8.7,32,789,496,1317,87.9,55,456,49.3,649,40.9,538,20.2,47.1,51.7,21.2,24.5,2.6
"Estévez, Carlos",608032,2023,"63","62.1",62,7,78,31,27.8,11,".254",".381",".350","0.731","0.127","27","31","4","5","5","3.90","2","0",".232",".385",".320",".312",".331",".153",".386",".341","90.4","20.4",6.6,72.6,23.3,27.1,41,59,57,139,45.5,513,85.4,7.3,70,753,304,1127,76.7,104,446,54.5,614,44.8,505,27.5,51.9,31.7,25.7,28.1,14.4
"Headrick, Brent",687396,2023,"14","25.2",27,7,30,10,25.6,8.5,".267",".564",".350","0.914","0.297","18","1","1","3","0","6.31","0","0",".234",".487",".383",".352",".326",".253",".429",".330","90.7","26.7",15.1,65.1,18.2,29.2,41.2,58.8,28,68,47.2,233,72.7,8.9,27,278,189,494,81.8,31,170,52.8,261,41.7,206,24.8,48.2,19.2,42.5,26,12.3
"Kelly, Michael",547184,2023,"14","16.2",13,0,16,9,22.5,12.7,".210",".258",".310","0.568","0.048","7","0","0","1","0","3.78","0","0",".247",".326",".265",".305",".342",".079",".334",".333","88.7","12.3",0,62.1,17.1,27.1,36.8,63.2,14,38,51.5,140,86.2,10.7,0,82,45,272,82.9,14,82,48.5,132,43.4,118,23.3,44.1,39.1,21.7,32.6,6.5
"Gray, Sonny",543243,2023,"32","184.0",156,8,183,55,24.3,7.3,".226",".319",".288","0.607","0.093","57","0","0","8","8","2.79","0","32",".240",".372",".270",".298",".302",".132",".357",".327","89.1","9.6",6.9,67.5,15.2,28.4,51.4,48.6,208,405,50.6,1426,74.7,8.4,188,1576,473,2818,84.8,143,939,49.4,1392,41,1156,26.1,47.7,48,19.8,26.9,5.3
"Balazovic, Jordan",666364,2023,"18","24.1",26,5,17,12,15.7,11.1,".274",".484",".352","0.836","0.210","12","0","0","1","0","4.44","2","0",".268",".463",".358",".353",".349",".195",".377",".326","92.1","14.3",7.6,69.3,9.2,21.4,50,50,20,40,47.7,187,78.1,8.2,35,186,171,392,90.8,13,142,52.3,205,38,149,18.1,46.4,44.3,31.6,19,5.1
"Carasiti, Matt",571539,2023,"16","24.1",28,3,16,11,14.5,10,".292",".427",".364","0.791","0.135","17","1","1","1","0","6.29","3","0",".270",".430",".345",".352",".352",".161",".370",".325","91","2.6",6.1,64.6,20.4,18.1,33.3,66.7,12,36,48.4,199,80,8.5,114,297,0,411,79.6,28,137,51.6,212,41.4,170,23.1,42.1,56.1,19.5,23.2,1.2
"Cosgrove, Tom",676680,2023,"54","51.1",31,3,44,19,21.5,9.3,".173",".246",".270","0.516","0.073","10","1","0","1","2","1.75","7","0",".185",".270",".238",".255",".282",".086",".261",".245","83.9","16.3",3.6,65.6,19.5,23.2,42.7,57.3,38,89,45.9,384,74.7,9.4,3,397,0,837,80.5,58,297,54.1,453,38.2,320,24.9,46.1,41.6,32.1,15.3,10.9
"Kaprielian, James",621076,2023,"14","61.0",66,9,57,31,20.4,11.1,".274",".452",".367","0.819","0.178","43","0","1","2","6","6.34","0","11",".242",".436",".356",".340",".341",".193",".377",".318","89.6","22.8",7,66.7,19.7,29.5,37.3,62.7,59,158,49.1,536,67.4,8.4,87,606,397,1091,80.3,73,371,50.9,556,42.9,468,25,48.5,32.3,33.9,24.2,9.7
"Velasquez, Vince",592826,2023,"8","37.1",35,4,37,14,22.8,8.6,".240",".384",".311","0.695","0.144","16","0","0","4","4","3.86","0","8",".247",".402",".305",".316",".317",".155",".370",".331","88.3","19.5",6.4,67.5,19.5,27.9,44.2,55.8,42,95,52.2,340,75.6,6.9,81,277,292,650,80.5,41,210,47.8,311,41.8,272,27.2,46.9,31.8,31.8,27.3,9.1
"Pérez, Francisco",660906,2023,"17","16.2",17,0,14,8,18.9,10.8,".266",".391",".351","0.742","0.125","11","0","1","1","2","5.94","0","1",".255",".387",".321",".326",".347",".133",".358",".327","84.8","19.9",7.8,71.3,17.5,28.5,38.8,61.2,19,49,55.8,172,80,8.1,58,147,103,308,82.5,17,97,44.2,136,37.7,116,24.7,47.4,37.3,21.6,29.4,11.8
"Junis, Jakob",596001,2023,"40","86.0",90,12,96,21,26.2,5.7,".269",".451",".318","0.769","0.182","37","1","2","4","3","3.87","2","4",".238",".404",".328",".300",".291",".166",".378",".330","88.5","13.1",8.2,61.8,14.1,31.8,52.5,47.5,117,223,50.5,701,71,7.2,138,383,868,1389,85.9,60,425,49.5,688,41.3,573,27.3,46.7,42.8,26.7,23.5,7
"Fried, Max",608331,2023,"14","77.2",70,7,80,18,25.7,5.8,".242",".343",".290","0.633","0.101","22","0","0","8","1","2.55","0","14",".215",".316",".279",".258",".265",".101",".314",".296","86.5","4.8",3.8,68.5,17.2,29,45.8,54.2,92,201,55.8,693,71.2,5.9,205,614,366,1244,82.8,65,377,44.2,550,42.8,532,27.2,46.5,59.2,18,19,3.8
"Kopech, Michael",656629,2023,"30","129.1",115,29,134,91,22.7,15.4,".238",".470",".368","0.838","0.232","78","0","0","5","12","5.43","0","27",".236",".457",".363",".363",".368",".221",".403",".325","90.3","17.8",12.7,63.4,20,24.6,41.5,58.5,136,328,54.9,1334,73,6.3,166,1497,767,2430,80,139,696,45.1,1097,38.7,941,26.9,42.1,35.6,35,20.3,9
"Pruitt, Austin",643493,2023,"38","48.1",44,5,30,13,15.2,6.6,".243",".370",".294","0.664","0.127","16","0","1","2","6","2.98","4","6",".247",".412",".288",".306",".299",".165",".332",".293","87","16.3",6.5,69.3,13.2,30.9,34.1,65.9,43,126,53.9,408,79.6,7.1,46,302,407,757,86.8,32,242,46.1,349,41.9,317,20.4,48.6,37.3,27.5,24.8,10.5
"Cano, Yennier",666974,2023,"72","72.2",60,4,65,13,23,4.6,".226",".331",".270","0.601","0.105","17","8","6","1","4","2.11","31","0",".243",".359",".261",".282",".287",".116",".345",".323","88.4","-2.5",5.4,68,17,32.3,44.1,55.9,71,161,49.1,499,78.8,8.4,284,596,137,1017,83,60,352,50.9,518,40.6,413,25.5,50.4,58.9,15.3,24.3,1.5
"Rasmussen, Drew",656876,2023,"8","44.2",36,2,47,11,26.6,6.2,".221",".294",".273","0.567","0.073","13","0","0","4","2","2.62","0","8",".225",".321",".253",".265",".277",".096",".327",".313","87.3","9",4.2,65.1,11.2,31.9,54.6,45.4,53,97,45.1,304,82.1,9.9,0,524,49,674,88.8,27,241,54.9,370,44.2,298,23.7,50.1,53.4,15.3,22.9,8.5
"Syndergaard, Noah",592789,2023,"18","88.2",104,22,56,19,14.3,4.9,".291",".539",".340","0.879","0.248","64","0","0","2","6","6.50","0","18",".296",".544",".371",".381",".348",".248",".420",".349","88.7","14.8",11.1,68.4,14.1,26,30.1,69.9,50,166,45.4,639,80.6,9.2,315,796,293,1408,85.9,74,526,54.6,769,44.7,629,17.9,49.1,38.2,27.8,28.1,5.9
"Thompson, Keegan",624522,2023,"19","28.2",20,2,26,19,20.8,15.2,".194",".291",".320","0.611","0.097","15","1","0","2","2","4.71","3","0",".211",".369",".282",".321",".338",".159",".331",".281","88.9","14.5",5.1,62,17.6,24.6,47.5,52.5,29,61,52,248,84.4,6.7,2,356,78,477,82.4,25,142,48,229,40,191,26.6,42.6,39.2,31.6,20.3,8.9
"Kimbrel, Craig",518886,2023,"71","69.0",44,10,94,28,33.8,10.1,".181",".337",".273","0.610","0.156","25","23","5","8","6","3.26","7","0",".186",".339",".269",".280",".283",".153",".367",".307","90.1","18.3",10.5,63.4,25.2,29.1,52.6,47.4,81,154,47.1,530,72.2,9.6,0,754,357,1122,74.8,95,377,52.9,595,41.2,464,33.1,47.3,34.2,32.2,27.6,5.9
"Peguero, Elvis",665625,2023,"59","61.1",49,4,54,26,21.4,10.3,".222",".303",".313","0.616","0.081","23","1","5","4","5","3.38","21","0",".236",".347",".280",".303",".327",".111",".331",".311","89","2.1",3,63.8,17.7,34.2,49.5,50.5,90,182,58.3,532,72.9,6.5,0,448,465,913,82.3,43,243,41.7,381,43.3,395,31.3,46.5,56,19.6,21.4,3
"Detmers, Reid",672282,2023,"28","148.2",141,19,168,60,26.1,9.3,".248",".401",".332","0.733","0.153","74","0","0","4","10","4.48","0","28",".250",".401",".321",".328",".337",".151",".398",".357","89.8","15.8",6.2,69.2,20.1,27.6,45.6,54.4,160,351,49,1274,78.5,7.9,141,1123,1307,2599,79.9,184,917,51,1325,43.2,1122,27.1,48.8,37.2,27.5,29.3,6
"Assad, Javier",665871,2023,"32","109.1",93,13,94,41,20.9,9.1,".231",".388",".306","0.694","0.157","37","0","1","5","3","3.05","3","10",".255",".419",".303",".330",".329",".163",".379",".334","87.6","11.4",9,64.6,13.8,23.1,38.8,61.2,80,206,52.2,893,76.1,6.6,69,1324,137,1710,86.2,73,528,47.8,817,42.7,731,20.8,42.9,47.3,22.8,21.9,8
"Urías, Julio",628711,2023,"21","117.1",112,24,117,24,24.3,5,".252",".482",".296","0.778","0.230","60","0","0","11","8","4.60","0","21",".245",".444",".328",".315",".290",".200",".391",".328","87.2","17.8",8.7,65.4,17.3,31.7,40.2,59.8,111,276,47.1,871,73.5,8.2,290,1004,0,1849,82.7,111,640,52.9,978,42.9,793,24.2,49.5,37.5,30,21.9,10.5
"Swanson, Erik",657024,2023,"69","66.2",52,8,75,21,28.6,8,".217",".358",".280","0.638","0.141","22","4","2","4","2","2.97","29","0",".199",".364",".280",".274",".263",".165",".345",".289","89.2","17.1",6,69.6,26.7,33.3,43.5,56.5,81,186,52.8,559,74.3,7,503,367,189,1059,73.3,93,348,47.2,500,43,455,32.6,50.4,40.4,36.7,16.3,6.6
"Márquez, Germán",608566,2023,"4","20.0",19,4,17,3,21.3,3.8,".257",".527",".282","0.809","0.270","11","0","0","2","2","4.95","0","4",".265",".505",".336",".334",".290",".240",".413",".339","93.5","7.9",13.8,68.4,11.3,29.9,50,50,22,44,48.7,147,72.7,7.3,4,170,128,302,88.7,12,106,51.3,155,41.1,124,22.7,49.7,51.7,19,25.9,3.4
"Abbott, Cory",676265,2023,"22","39.1",48,9,40,20,21.7,10.9,".306",".516",".391","0.907","0.210","29","0","0","1","2","6.64","0","0",".251",".440",".388",".345",".348",".189",".389",".334","90.9","12.9",11.7,65.7,14.6,27.5,57.8,42.2,52,90,46.5,327,82.6,9.8,0,323,380,703,85.4,36,247,53.5,376,40.8,287,26.1,47.9,39.2,26.7,29.2,5
"Sims, Lucas",608371,2023,"67","61.0",33,5,72,39,27.9,15.1,".163",".302",".320","0.622","0.139","21","3","5","7","3","3.10","23","0",".173",".333",".287",".302",".329",".160",".321",".261","87.6","27.6",8.8,67.9,23.4,27.7,52.5,47.5,85,162,55.3,584,63.9,6.8,0,460,78,1057,76.6,75,321,44.7,473,41.6,440,33.1,45.7,24.8,39.4,21.2,14.6
"Nardi, Andrew",677053,2023,"63","57.1",45,7,73,21,30.8,8.9,".213",".365",".297","0.662","0.152","17","3","1","8","1","2.67","17","0",".187",".302",".289",".257",".273",".115",".320",".286","84.6","12.3",6.5,69.6,19.8,32.2,47.4,52.6,74,156,50.6,485,73,7.7,9,587,362,958,80.2,65,329,49.4,473,44.8,429,28.7,50.6,45.3,24.5,20.9,9.4
"Scholtens, Jesse",669947,2023,"26","85.0",100,15,58,30,15.4,8,".292",".458",".350","0.808","0.166","50","1","0","1","9","5.29","1","11",".268",".453",".349",".338",".329",".186",".367",".321","89.3","14.1",8,67.4,14.4,26.2,34.8,65.2,71,204,53.8,779,77.5,6.2,51,628,768,1447,85.6,65,450,46.2,668,42.7,618,20.8,45.2,41.1,28.6,24.4,5.9
"Megill, Tylor",656731,2023,"25","126.1",141,18,105,58,18.5,10.2,".282",".440",".362","0.802","0.158","66","0","0","9","8","4.70","0","25",".279",".480",".350",".365",".360",".201",".408",".352","89.8","11.7",9.1,67.3,16.8,23.6,41.5,58.5,112,270,51.3,1146,79.9,8,325,1255,655,2235,83.2,123,734,48.7,1090,42.3,945,23.4,44.9,44.3,26.7,23.9,5
"Peralta, Sammy",671111,2023,"16","20.0",19,2,18,11,20,12.2,".241",".392",".333","0.725","0.151","9","0","0","2","0","4.05","0","0",".240",".363",".320",".311",".333",".124",".334",".310","86.9","15.2",3.3,63.4,15.5,30.6,31.7,68.3,19,60,51.7,196,78.3,6.1,140,136,11,379,84.5,18,116,48.3,183,43.8,166,21,46.4,39.3,26.2,27.9,6.6
"Soriano, José",667755,2023,"38","42.0",33,4,56,23,30.3,12.4,".214",".325",".342","0.667","0.111","17","0","1","1","3","3.64","15","0",".208",".354",".303",".311",".339",".146",".378",".330","92","6.8",9.1,57.4,18.1,30.8,65.2,34.8,75,115,55.6,373,73,5.5,99,262,309,694,81.9,31,171,44.4,298,43.1,289,36.2,42.9,52.5,21.2,22.2,4
"Winans, Allan",642216,2023,"6","32.1",37,5,34,8,24.1,5.7,".287",".481",".333","0.814","0.194","19","0","0","1","2","5.29","0","6",".260",".417",".344",".318",".314",".157",".394",".353","89.3","13.9",8.2,61.3,16.1,31.9,45,55,36,80,46.9,251,72.3,8.8,147,255,0,534,83.9,28,174,53.1,284,41.9,224,25.2,47.6,45.4,26.8,20.6,7.2
"Weathers, Ryan",677960,2023,"15","57.2",68,12,43,29,16.7,11.3,".305",".543",".383","0.926","0.238","42","0","1","1","8","6.55","1","12",".244",".421",".393",".329",".331",".178",".347",".299","89.2","16.2",7.6,66.6,20.2,20.7,34.5,65.5,38,110,49.5,531,79.2,6.7,252,603,0,1073,79.8,73,361,50.5,542,44.8,481,23.6,43.9,38,29.3,23.4,9.2
"Bird, Jake",656234,2023,"70","89.1",94,6,77,27,20.2,7.1,".276",".396",".336","0.732","0.120","43","0","11","3","3","4.33","13","3",".259",".410",".320",".329",".326",".152",".375",".334","89.7","5.3",8.1,66.2,14,22.7,44,56,66,150,47.4,660,77.3,9.5,3,1011,377,1391,86,68,484,52.6,731,39.8,553,21.1,45.6,52.6,20.7,23,3.7
"Stroman, Marcus",573186,2023,"27","136.2",120,9,119,52,20.7,9,".231",".335",".304","0.639","0.104","60","0","1","10","9","3.95","0","25",".261",".389",".285",".318",".332",".128",".361",".338","90.3","3",5,66.6,13.1,26.8,41.9,58.1,134,320,54.2,1193,76,5.9,168,1416,113,2203,86.9,88,673,45.8,1010,44.3,975,22.4,45.1,57.4,16.2,24.2,2.2
"Bassitt, Chris",605135,2023,"33","200.0",176,28,186,59,22.5,7.1,".235",".403",".299","0.702","0.168","80","0","0","16","8","3.60","0","33",".238",".409",".304",".310",".303",".171",".365",".315","87.5","13.2",8.3,65.6,16.6,27,36.3,63.7,145,400,47.3,1484,75,9,309,2008,541,3139,83.4,180,1085,52.7,1655,42.5,1335,21.9,47.3,42.9,27.1,23.2,6.9
"Williams, Gavin",668909,2023,"16","82.0",66,8,81,37,23.5,10.7,".219",".368",".310","0.678","0.149","30","0","0","3","5","3.29","0","16",".241",".385",".299",".317",".331",".144",".364",".328","88","14.6",5.4,68.1,23.1,26.6,39.9,60.1,73,183,49.6,687,75.3,6.4,77,767,541,1386,76.9,110,476,50.4,699,44.6,618,27.8,47.5,38.6,26.5,28.7,6.3
"Boyle, Joe",671212,2023,"3","16.0",8,1,15,5,25,8.3,".148",".259",".217","0.476","0.111","3","0","0","2","0","1.69","0","3",".167",".274",".212",".234",".238",".107",".264",".232","88.9","23.6",2.5,59.5,18.1,32.8,35.9,64.1,14,39,49.6,119,53.8,5.4,0,140,100,240,81.9,13,72,50.4,121,41.7,100,24.3,46.3,30,40,17.5,12.5
"Chirinos, Yonny",630023,2023,"20","85.0",91,15,53,27,14.4,7.4,".275",".483",".336","0.819","0.208","51","0","0","5","5","5.40","1","9",".294",".512",".350",".373",".356",".218",".406",".350","91.3","9.9",9.3,70.6,13.5,26,29.7,70.3,51,172,49.2,661,78.4,8.6,343,653,346,1342,86.5,65,482,50.8,683,42.6,572,17.7,48.7,46.3,21.4,27,5.3
"Romano, Jordan",605447,2023,"59","59.0",48,6,72,24,29,9.7,".218",".350",".301","0.651","0.132","19","36","4","5","7","2.90","2","0",".211",".362",".281",".283",".295",".151",".361",".314","89","16.6",7.3,68.8,22.8,33.2,60.8,39.2,96,158,52,476,86.1,7.9,0,419,496,915,77.2,69,302,48,439,42.2,386,35.9,50.3,38,26.7,24.7,10.7
"Rea, Colin",607067,2023,"26","124.2",110,23,110,38,21.3,7.4,".235",".434",".296","0.730","0.199","63","0","0","6","6","4.55","0","22",".250",".435",".313",".323",".311",".185",".378",".325","90.4","13",7.7,67.8,16.7,27.4,42.5,57.5,116,273,49.3,995,80.9,8,112,1524,159,2016,83.3,116,693,50.7,1022,45,907,24,47.9,44.1,26.3,22.7,6.8
"Jacques, Joe",682175,2023,"23","26.2",32,2,20,10,16.4,8.2,".308",".452",".397","0.849","0.144","15","1","0","2","1","5.06","0","1",".240",".353",".366",".313",".343",".113",".321",".300","88.9","-2.2",3.5,58.3,11.4,22.1,34,66,17,50,51.7,226,64.1,8.9,8,276,0,436,88.6,14,123,48.3,211,43,188,17.9,39.7,64,15.1,17.4,3.5
"Elder, Bryce",693821,2023,"31","174.2",160,19,128,63,17.5,8.6,".245",".390",".316","0.706","0.145","74","0","0","12","4","3.81","0","31",".258",".415",".309",".327",".330",".156",".356",".320","89.9","8.5",6,67,13.8,28.5,43.4,56.6,190,438,53.9,1535,76.4,6.8,393,1450,1006,2849,86.3,121,880,46.1,1314,42.6,1215,23.6,46.3,50.6,21.1,23.7,4.7
"Hernández, Carlos",672578,2023,"67","70.0",62,10,77,32,25.6,10.6,".233",".425",".316","0.741","0.192","41","4","6","1","10","5.27","17","4",".249",".438",".319",".332",".330",".189",".405",".347","90.2","17.7",9.9,74.4,22.5,30,49.2,50.8,94,191,50.9,637,77.2,8.1,140,700,411,1251,77.5,103,457,49.1,614,42.1,527,30.4,51.8,33,31.9,28.8,6.3
"Blanco, Ronel",669854,2023,"17","52.0",49,12,52,28,23,12.4,".251",".462",".350","0.812","0.211","26","0","0","2","1","4.50","0","7",".238",".447",".352",".343",".340",".209",".394",".324","88.5","17.2",11.8,76.5,23,29.1,56,44,79,141,53.5,484,75,6.2,81,364,460,905,77,74,322,46.5,421,41.4,375,33,51.2,34.7,34.7,26.4,4.2
"Ober, Bailey",641927,2023,"26","144.1",125,22,146,29,25.3,5,".232",".403",".279","0.682","0.171","55","0","0","8","6","3.43","0","26",".222",".412",".294",".294",".270",".190",".365",".303","88.2","20",9.6,73.2,22.8,33.5,41.2,58.8,163,396,50.8,1181,79.7,6.4,652,1063,213,2327,77.2,191,839,49.2,1146,46.5,1081,28.7,53.1,34.7,35.2,20.8,9.4
"Gilbert, Tyler",656457,2023,"11","17.1",21,2,19,5,26.4,6.9,".313",".537",".361","0.898","0.224","10","0","1","0","2","5.19","0","0",".303",".544",".382",".383",".351",".241",".502",".423","91.6","11.2",12.5,68,22.4,29,37.5,62.5,15,40,52.5,138,76.9,4.9,19,209,35,263,77.6,19,85,47.5,125,47.1,124,27.2,47.5,43.8,18.8,33.3,4.2
"Weems, Jordan",607179,2023,"51","54.2",38,9,60,28,25.9,12.1,".194",".393",".300","0.693","0.199","22","0","3","5","1","3.62","7","0",".221",".430",".294",".320",".325",".209",".388",".314","89.9","16",11.3,67.5,19.7,23.4,46,54,52,113,52.5,483,71.2,7.9,73,442,405,920,80.3,58,295,47.5,437,40.5,373,27,44.3,39,32.6,22,6.4
"Davies, Zach",605200,2023,"18","82.1",98,10,72,39,19.1,10.3,".295",".461",".370","0.831","0.166","64","0","0","2","5","7.00","0","18",".280",".457",".360",".355",".358",".177",".399",".356","89.7","11",8,61.2,13,24.1,39.9,60.1,81,203,56.3,843,72.6,4.1,371,993,121,1498,87,52,401,43.7,655,47.5,711,22,40.3,44.3,24.6,26.1,4.9
"Gonzales, Marco",594835,2023,"10","50.0",55,5,34,18,15.8,8.4,".282",".431",".340","0.771","0.149","29","0","0","4","1","5.22","0","10",".286",".445",".334",".349",".350",".160",".384",".351","89.7","13.8",6.7,65.2,13.2,31.8,34.4,65.6,44,128,49.7,403,74.1,6.7,245,370,196,811,86.8,35,266,50.3,408,47.7,387,20.1,48.6,40.5,23.9,29.4,6.1
"Berríos, José",621244,2023,"32","189.2",173,25,184,52,23.5,6.6,".241",".397",".300","0.697","0.156","77","0","0","11","12","3.65","0","32",".257",".441",".302",".327",".315",".184",".398",".345","88.2","11.8",8.6,63.2,16.8,30.5,42.7,57.3,195,457,51,1498,69.8,7.3,543,1524,0,2937,83.2,153,909,49,1439,43.4,1276,25.5,46.5,42.1,25.1,26.6,6.1
"Wood, Alex",622072,2023,"29","97.2",98,9,74,42,17.2,9.8,".263",".421",".347","0.768","0.158","47","0","0","5","5","4.33","1","12",".253",".415",".335",".331",".338",".163",".351",".312","89.2","11.7",5.6,66.9,16.4,25.5,35.1,64.9,78,222,51,871,81.9,6.8,500,762,446,1708,83.6,92,560,49,837,45,769,21.7,45.8,45.9,27.2,21.6,5.2
"Kelly, Joe",523260,2023,"42","39.1",29,3,60,18,35.7,10.7,".196",".331",".292","0.623","0.135","18","1","6","2","5","4.12","13","0",".180",".303",".279",".265",".278",".123",".348",".304","84.9","0.7",6.8,56.1,18.6,31.6,54,46,61,113,50.2,358,63.8,8.1,76,331,305,712,81.4,37,199,49.8,355,39.1,279,31.4,43.8,58,18.2,23.9,0
"Akin, Keegan",669211,2023,"24","23.2",35,2,27,7,24.1,6.3,".337",".490",".375","0.865","0.153","18","0","0","2","2","6.85","3","1",".274",".475",".365",".332",".317",".201",".424",".366","90.7","14.1",11.5,68.7,19.5,34.5,38,62,27,71,45.6,206,75.6,9.1,67,271,114,452,80.5,33,169,54.4,246,39.2,177,25,53.1,35.9,26.9,29.5,7.7
"Cole, Gerrit",543037,2023,"33","209.0",157,20,222,48,27,5.8,".206",".322",".259","0.581","0.116","61","0","0","15","4","2.63","0","33",".229",".380",".256",".288",".281",".151",".365",".323","89.2","14.8",7.6,70.5,19.4,29.9,41.9,58.1,207,494,50.4,1653,76.7,7.5,233,1969,1079,3281,80.6,223,1149,49.6,1629,42.9,1409,26.2,50.1,40.3,27.4,24.9,7.4
"Staumont, Josh",622251,2023,"21","20.0",16,1,24,13,27,14.6,".219",".288",".352","0.640","0.069","12","0","0","0","0","5.40","1","1",".221",".361",".301",".324",".353",".141",".368",".329","89","14.5",8.2,70.4,20.2,25.7,44.9,55.1,22,49,53.1,191,75.9,8.1,0,207,153,360,79.8,24,119,46.9,169,39.2,141,27.4,46.7,51,24.5,14.3,10.2
"Underwood Jr., Duane",621249,2023,"20","24.1",24,3,14,11,14,11,".273",".455",".350","0.805","0.182","14","2","0","1","0","5.18","3","0",".308",".504",".347",".385",".385",".196",".411",".367","88.4","11.6",8,62,14.6,32.4,30.4,69.6,17,56,51,173,77.8,8,87,181,69,337,85.4,15,103,49,166,43.1,146,20.1,47.2,44,26.7,26.7,2.7
"France, J.P.",641585,2023,"24","136.1",138,19,101,47,17.4,8.1,".263",".414",".322","0.736","0.151","58","0","0","11","6","3.83","0","23",".264",".462",".319",".340",".325",".198",".379",".325","89.6","13.1",8.1,65.1,15.2,23.5,41.7,58.3,105,252,48.6,1072,71.6,7.4,334,1366,302,2202,84.8,112,737,51.4,1132,41.2,909,21.9,44.9,42.2,25.8,24.6,7.4
"Hill, Garrett",682051,2023,"9","15.2",19,4,14,14,17.5,17.5,".302",".587",".430","1.017","0.285","16","1","0","0","0","9.19","1","0",".231",".458",".429",".365",".375",".228",".368",".292","90.1","13.6",12,64.2,17.5,15.2,33.3,66.7,8,24,51.1,158,78.3,7.4,30,171,108,309,81.4,17,97,48.9,151,36.2,112,20.7,39.2,44,28,18,10
"Kuhl, Chad",641771,2023,"16","38.1",47,8,31,28,16.6,15,".313",".567",".419","0.986","0.254","36","1","1","0","4","8.45","0","5",".306",".604",".412",".430",".418",".299",".474",".377","92.2","17.6",12,65.4,18.2,20.4,49.4,50.6,42,85,54.2,417,77.4,8.1,32,334,399,770,81.8,42,231,45.8,353,38.6,297,26.6,41,31.2,36.8,28,4
"Faucher, Calvin",676534,2023,"17","25.2",31,4,25,12,20.8,10,".290",".458",".367","0.825","0.168","20","0","0","1","1","7.01","1","4",".286",".527",".359",".382",".363",".241",".448",".373","90","7.7",12.2,69,13.6,25.9,47.8,52.2,32,67,50.4,259,76.3,7.4,0,310,52,514,86.4,24,176,49.6,255,41.1,211,23,47.3,48.8,22,23.2,6.1
"Paxton, James",572020,2023,"19","96.0",93,18,101,33,24.6,8,".250",".452",".313","0.765","0.202","48","0","0","7","5","4.50","0","19",".226",".396",".328",".301",".293",".170",".362",".311","89.3","13.8",9.2,70.7,18.7,29.3,49,51,121,247,49.9,844,78.1,7.6,114,1243,333,1690,81.3,112,598,50.1,846,42.7,721,27.6,50,42.9,26,23.4,7.7
"Wesneski, Hayden",669713,2023,"34","89.1",82,20,83,32,21.9,8.4,".242",".460",".311","0.771","0.218","46","0","1","3","5","4.63","2","11",".259",".477",".330",".346",".329",".218",".411",".344","88.7","14.1",12.3,61.7,16.7,27.1,36.9,63.1,73,198,49.4,730,63.4,6.3,73,870,4,1479,83.3,77,462,50.6,749,43.1,638,22.7,44.6,41.2,26.5,26.2,6.2
"Silseth, Chase",681217,2023,"16","52.1",41,9,56,26,25.3,11.8,".212",".399",".312","0.711","0.187","23","0","1","4","1","3.96","1","8",".229",".394",".313",".319",".327",".165",".373",".323","88.7","8.5",10.2,63.1,19.1,26.7,46.8,53.2,58,124,52.4,465,68.3,6.8,148,517,45,888,80.9,51,267,47.6,423,41.6,369,27.9,44,48.9,24.1,23.4,3.6
"Chargois, JT",608638,2023,"46","42.1",35,3,35,18,20.1,10.3,".232",".377",".308","0.685","0.145","17","1","3","1","0","3.61","4","5",".226",".367",".297",".295",".306",".140",".326",".291","87.7","4.2",4.2,59,12.8,21.7,39.7,60.3,31,78,51.1,359,51.9,7.4,0,411,292,703,87.2,26,203,48.9,344,43.8,308,20.3,40,54.6,19.3,22.7,3.4
"Baker, Bryan",641329,2023,"46","45.0",33,4,51,24,27.4,12.9,".210",".338",".314","0.652","0.128","18","0","3","4","3","3.60","11","0",".195",".326",".287",".283",".304",".131",".328",".286","90","20.8",7.3,71.2,19.7,25,34.7,65.3,34,98,50,392,80.4,6.5,113,445,226,785,80.3,55,279,50,392,43.8,343,23.6,48,35.5,34.5,22.7,7.3
"Patiño, Luis",672715,2023,"9","21.2",21,3,18,14,18.2,14.1,".247",".376",".354","0.730","0.129","11","0","0","0","1","4.57","0","1",".278",".437",".327",".361",".380",".159",".388",".352","87.7","12.9",6,67.1,15.5,21.8,37,63,17,46,54.9,211,85.7,7.3,41,223,119,383,84.5,18,116,45.1,173,39.6,152,21.6,42.3,40.3,22.4,28.4,9
"Burnes, Corbin",669203,2023,"32","193.2",141,22,200,66,25.5,8.4,".200",".324",".274","0.598","0.124","73","0","0","10","8","3.39","0","32",".221",".347",".266",".287",".296",".126",".340",".309","86.4","10.5",5.3,65.8,17.9,30,48.8,51.2,245,502,54.4,1676,71.8,6.6,346,1942,651,3079,82.1,165,923,45.6,1403,41.9,1291,28.8,46.3,44.1,24.3,25.9,5.7
"Martin, Chris",455119,2023,"55","51.1",45,2,46,8,23.1,4,".237",".300",".266","0.566","0.063","6","3","1","4","1","1.05","23","0",".263",".348",".243",".279",".295",".086",".353",".350","84.5","4.1",2.1,73.2,21.1,38.3,28.8,71.2,34,118,42.7,308,77.1,9.7,77,606,10,722,78.9,64,303,57.3,414,47,339,23.3,58.3,50.3,15.2,30.3,4.1
"Strzelecki, Peter",657265,2023,"37","37.0",33,3,37,12,22.7,7.4,".234",".355",".327","0.682","0.121","18","0","1","3","5","4.38","14","0",".233",".391",".303",".316",".326",".159",".357",".313","89.1","14.7",7.5,67,22,26.5,37,63,34,92,53.1,347,68.4,8.7,116,363,6,653,78,45,205,46.9,306,41.2,269,26.6,45.5,38.7,34,22.6,4.7
"Miley, Wade",489119,2023,"23","120.1",99,16,79,38,16.1,7.8,".223",".386",".287","0.673","0.163","42","0","0","9","4","3.14","0","23",".249",".420",".293",".319",".312",".170",".346",".303","87.3","10.8",7.6,64.7,14.2,26.7,30.1,69.5,78,259,51.7,969,68.1,6.2,460,1280,133,1873,85.8,83,585,48.3,904,46.7,874,19.1,45.1,47.4,26.2,18.5,7.9
"Abreu, Bryan",650556,2023,"72","72.0",44,6,100,31,34.8,10.8,".177",".286",".274","0.560","0.109","14","5","4","3","2","1.75","24","0",".191",".339",".255",".280",".286",".149",".370",".315","89.9","14.4",9.8,63.9,26.7,27.2,68,32,117,172,52.1,632,71.1,6.8,0,499,712,1211,73.3,99,371,47.9,581,38.8,471,39.8,44.8,38.6,28.8,26.8,5.9
"Domínguez, Seranthony",622554,2023,"57","50.0",48,7,48,22,21.4,9.8,".246",".374",".339","0.713","0.128","21","2","7","5","5","3.78","14","0",".243",".400",".318",".330",".338",".157",".366",".322","85.5","14.8",8.1,75.1,23,28.9,39.7,60.3,52,131,52.9,454,85.1,8.6,34,587,238,859,77,70,304,47.1,405,36.6,314,28,50.6,42.6,23,23,11.5
"McClanahan, Shane",663556,2023,"21","115.0",95,15,121,41,25.8,8.7,".222",".388",".290","0.678","0.166","42","0","0","11","2","3.29","0","21",".238",".412",".295",".312",".305",".173",".385",".332","89.7","11.2",9.8,68.8,23.9,32.2,55.5,44.5,157,283,48.2,878,71.1,8.2,470,763,588,1821,76.1,155,649,51.8,943,43.1,784,33.5,51.2,44.6,25.4,23.5,6.5
"Rogers, Trevor",669432,2023,"4","18.0",16,2,19,6,24.1,7.6,".229",".329",".316","0.645","0.100","8","0","0","1","2","4.00","0","4",".214",".397",".292",".308",".304",".183",".353",".294","86.3","7.5",7.8,60.9,18.5,36.9,39.4,60.6,26,66,54.2,179,71.4,4.2,84,204,42,330,81.5,17,92,45.8,151,47.9,158,27.2,47.9,52.9,25.5,19.6,2
"Carlton, Drew",656290,2023,"11","20.2",18,2,18,6,21.2,7.1,".243",".378",".305","0.683","0.135","10","0","2","2","1","4.35","0","0",".234",".416",".298",".317",".307",".182",".372",".320","89.8","10.9",10.2,69.3,22.1,29.2,24.4,75.6,11,45,46.7,154,73.1,7.9,35,233,62,330,77.9,27,122,53.3,176,44.5,147,22.8,50.6,45.8,22,27.1,5.1
"Clarke, Taylor",664199,2023,"58","59.0",71,12,65,24,24.4,9,".303",".513",".371","0.884","0.210","39","3","3","3","6","5.95","12","2",".246",".474",".376",".344",".325",".228",".421",".342","89.6","19.8",12.7,67.3,18.8,34.9,43.1,56.9,85,197,52.8,564,81.7,8.7,164,310,395,1068,81.2,64,340,47.2,505,40,428,27.7,50.3,31.8,32.4,24.9,11
"Sands, Cole",663485,2023,"15","21.2",20,4,21,14,21.2,14.1,".235",".435",".343","0.778","0.200","9","0","0","0","0","3.74","0","0",".258",".493",".340",".370",".363",".235",".420",".343","91.5","14.6",12.5,64.1,10.4,23,44.7,55.3,21,47,49.4,204,80,6.1,98,236,79,413,89.6,14,134,50.6,209,38.3,158,19.3,43.8,39.1,34.4,20.3,6.3
"Bubic, Kris",663460,2023,"3","16.0",19,1,16,2,23.5,2.9,".292",".385",".324","0.709","0.093","7","0","0","0","2","3.94","0","3",".263",".415",".310",".309",".296",".152",".385",".349","91.7","8.8",6.1,76.5,23.7,25.2,48.3,51.7,14,29,43.6,115,80.6,11.7,65,112,87,264,76.3,27,114,56.4,149,39.4,104,28.7,54.2,53.1,24.5,18.4,4.1
"Suter, Brent",608718,2023,"57","69.1",65,3,55,25,18.8,8.6,".249",".341",".320","0.661","0.092","26","0","3","4","3","3.38","7","2",".228",".320",".294",".281",".301",".092",".298",".287","84","11.9",3.3,64.1,14.2,26.1,40.3,59.7,62,154,52.2,590,77.2,8.1,319,688,122,1129,85.8,49,346,47.8,540,40.4,456,22.2,44.3,46.9,23.9,19.6,9.6
"Stephan, Trevor",663986,2023,"71","68.2",63,6,75,26,25.5,8.8,".245",".389",".323","0.712","0.144","31","2","8","7","7","4.06","28","0",".238",".415",".311",".325",".320",".178",".397",".337","89.1","14.1",8.5,73,23.2,29.9,46.1,53.9,83,180,53.5,603,82.6,6.1,317,538,272,1128,76.8,89,383,46.5,525,44.1,498,30.6,49.9,42.6,27.1,22.9,7.4
"Hollowell, Gavin",668970,2023,"26","33.2",31,8,32,18,20.8,11.7,".238",".477",".357","0.834","0.239","22","1","1","2","0","5.88","3","0",".249",".448",".360",".356",".367",".199",".392",".331","86.6","20",8.2,66.2,23.2,26.9,31,69,26,84,51.1,312,74.5,9,0,411,0,610,76.8,46,198,48.9,299,44.2,270,25.5,46.2,33.7,31.6,23.5,11.2
"Quintana, Jose",500779,2023,"13","75.2",75,5,60,24,18.8,7.5,".260",".363",".314","0.677","0.103","30","0","0","3","6","3.57","0","13",".273",".430",".297",".330",".328",".157",".375",".341","88.1","11.9",5.1,65.5,12.4,30.1,37,63,78,211,56.9,700,73.4,5.2,223,695,251,1229,87.6,43,348,43.1,531,43.2,532,21.6,45.5,41.9,26.5,26.5,5.1
"Miller, Bobby",676272,2023,"22","124.1",105,12,119,32,23.6,6.3,".226",".364",".283","0.647","0.138","52","0","0","11","4","3.76","0","22",".227",".360",".283",".288",".288",".133",".341",".308","88.3","10.3",6,67.8,19.7,28.6,43.4,56.6,122,281,50.1,982,77.2,7.6,314,943,690,1961,80.3,131,664,49.9,979,42.9,842,26.8,48.2,47.7,24.7,23,4.6
"Cecconi, Slade",677944,2023,"7","27.0",27,4,20,4,18,3.6,".260",".471",".297","0.768","0.211","13","0","0","0","1","4.33","0","4",".257",".496",".325",".335",".295",".239",".388",".315","91","14.8",10.6,74,10.5,20.1,50,50,20,40,47.6,199,88.6,10.5,19,245,154,418,89.5,17,162,52.4,219,39.5,165,18.3,48.3,38.8,34.1,22.4,4.7
"Foley, Jason",671345,2023,"70","69.0",65,2,55,15,19.9,5.4,".251",".340",".293","0.633","0.089","20","7","2","3","3","2.61","28","0",".259",".384",".275",".299",".302",".125",".352",".329","88.2","3.7",4.4,64,11.9,32.8,29.8,70.2,51,171,49.9,522,72.4,8.3,140,725,182,1047,88.1,40,336,50.1,525,42.5,445,17.9,48.4,56.6,15.1,25.4,2.9
"Musgrove, Joe",605397,2023,"17","97.1",90,10,97,21,24.3,5.3,".247",".375",".301","0.676","0.128","33","0","0","10","3","3.05","0","17",".223",".345",".295",".275",".279",".123",".327",".300","87.5","11.1",5.1,64.2,15.6,35.5,43.7,56.3,124,284,51.5,799,72.6,6.8,176,779,593,1550,84.4,75,482,48.5,751,44.4,688,26,49.4,46,24.6,23.9,5.5
"Gray, Josiah",680686,2023,"30","159.0",152,22,143,80,20.5,11.5,".251",".412",".345","0.757","0.161","69","0","0","8","13","3.91","0","30",".251",".436",".332",".342",".346",".185",".380",".327","87.6","16.8",9.4,69.2,18.1,27.6,43.1,56.9,183,425,54.8,1541,78.2,6.7,45,1469,1142,2812,81.9,159,880,45.2,1271,42.6,1197,26.2,46.4,38,27.7,24.5,9.9
"Pearson, Nate",663878,2023,"35","42.2",36,7,43,18,23.6,9.9,".226",".409",".313","0.722","0.183","23","1","2","5","2","4.85","3","0",".218",".400",".310",".305",".307",".182",".353",".296","91.6","22.9",8.5,67.9,17.4,20.2,54.5,45.5,42,77,51.8,382,77.6,7.9,0,456,281,737,82.6,42,241,48.2,355,37.9,279,26.4,43.1,30.5,30.5,21.2,17.8
"Cessa, Luis",570666,2023,"7","26.0",46,3,11,12,8.3,9.1,".397",".603",".450","1.053","0.206","26","0","0","1","4","9.00","0","6",".371",".561",".446",".433",".437",".189",".445",".414","91.8","13.2",7.4,69.8,10.5,24.6,26.3,73.7,15,57,50,232,86.5,8,103,186,174,463,89.5,17,162,50,232,45.7,212,14.6,47.3,38,16.7,38,7.4
"Almonte, Yency",622075,2023,"49","48.0",43,6,49,23,23.7,11.1,".239",".372",".338","0.710","0.133","27","0","2","3","2","5.06","10","0",".247",".382",".314",".322",".345",".136",".370",".339","87.7","12.6",6.9,62.5,18.7,27,52.9,47.1,63,119,55,440,56.4,6.9,52,347,0,800,81.3,42,225,45,360,40.3,322,30.5,43,42.7,27.5,22.9,6.9
"Williamson, Brandon",682227,2023,"23","117.0",111,18,98,39,20,7.9,".248",".432",".311","0.743","0.184","58","0","0","5","5","4.46","0","23",".260",".449",".321",".334",".322",".189",".385",".333","90.1","17.2",8.2,67.2,17.2,25.2,35.8,64.2,86,240,49.1,952,80,7.2,320,1298,139,1939,82.8,114,664,50.9,988,41.9,812,22.1,46.6,37.8,28.4,25.6,8.2
"Gomber, Austin",596295,2023,"27","139.0",164,26,87,43,14.4,7.1,".297",".513",".351","0.864","0.216","85","0","0","9","9","5.50","0","27",".289",".505",".368",".363",".343",".217",".398",".342","90.5","12.8",8.9,67.9,14.3,24.2,34.6,65.4,84,243,46.6,1006,82.1,9.1,390,974,796,2160,85.7,112,784,53.4,1154,45.1,975,19.1,47.5,42.8,26.8,23.6,6.8
"Bradford, Cody",674003,2023,"20","56.0",56,11,51,12,21.8,5.1,".259",".500",".296","0.796","0.241","33","0","0","4","3","5.30","0","8",".240",".477",".333",".325",".284",".238",".394",".314","90.9","19.6",11.8,66.2,16.9,29.2,35.3,64.7,47,133,46.8,456,79.8,9.1,270,661,43,974,83.1,58,343,53.2,518,44.5,433,22.1,48.9,34.1,32.4,24.7,8.8
"Santos, Gregory",666619,2023,"60","66.1",69,2,66,17,22.8,5.9,".258",".318",".315","0.633","0.060","25","5","4","2","2","3.39","6","0",".245",".320",".283",".278",".303",".074",".326",".326","88.9","2.9",1.5,64.4,18.4,33.5,53.5,46.5,91,170,48.5,508,75.9,7.9,13,483,551,1047,81.6,64,347,51.5,539,44.6,467,30,49.4,52.2,15.9,30.3,1.5
"Bumgarner, Madison",518516,2023,"4","16.2",25,4,10,15,11.1,16.7,".347",".625",".456","1.081","0.278","19","0","0","0","3","10.26","0","4",".327",".576",".451",".430",".440",".249",".431",".369","89.4","14.3",12.5,74.2,11.6,16.6,38.7,61.3,12,31,53.4,187,81,6,43,238,69,350,88.4,14,121,46.6,163,36.6,128,17.1,43.4,35.9,29.7,25,9.4
"Curry, Xzavion",675540,2023,"41","95.0",98,12,67,30,16.6,7.4,".267",".436",".323","0.759","0.169","43","0","0","3","4","4.07","0","9",".271",".474",".326",".342",".327",".204",".381",".328","91.7","19.6",7.5,70.4,17.1,24.2,33.3,66.7,56,168,46.5,695,84.2,8,58,723,712,1495,82.9,96,563,53.5,800,45.1,674,20.8,48.9,31.8,34.1,25.6,8.5
"Kennedy, Brett",664028,2023,"5","18.0",19,1,9,7,10.8,8.4,".275",".478",".354","0.832","0.203","13","0","0","1","0","6.50","0","2",".258",".413",".352",".340",".351",".156",".331",".298","89.5","13.3",6.3,69.2,12,17.5,44.4,55.6,12,27,49.7,154,57.1,4.5,87,206,17,310,88,13,108,50.3,156,46.8,145,18.5,43.5,40.6,18.8,32.8,7.8
"Cueto, Johnny",456501,2023,"13","52.1",51,17,39,15,17.9,6.9,".256",".543",".317","0.860","0.287","35","0","0","1","4","6.02","0","10",".251",".493",".362",".346",".313",".242",".391",".312","88.2","16.9",10.6,73.1,15.9,33.5,26,74,39,150,52.1,448,81.1,4.3,166,486,208,860,84.1,48,301,47.9,412,46.9,403,19.3,52.4,34.2,34.8,23.6,7.5
"Garza, Justin",621057,2023,"17","18.1",22,3,17,12,18.7,13.2,".286",".506",".385","0.891","0.220","15","0","0","0","2","7.36","0","1",".303",".600",".378",".420",".402",".297",".484",".387","91.9","16.8",11.5,67.6,16.2,22.9,36.6,63.4,15,41,50.9,179,68.2,6.3,48,243,61,352,83.8,19,117,49.1,173,41.8,147,21.5,44.9,34.4,31.1,29.5,4.9
"Oviedo, Johan",670912,2023,"32","177.2",161,19,158,83,20.2,10.6,".237",".397",".330","0.727","0.160","85","0","0","9","14","4.31","0","32",".245",".407",".319",".330",".339",".162",".362",".320","88.6","11.9",7.6,69.8,16.1,24.7,52.1,47.9,198,380,51.6,1540,75.9,7.4,126,1313,1541,2980,83.8,162,1006,48.4,1442,42.1,1255,26,46.5,44.6,23,25,7.2
"Cruz, Fernando",518585,2023,"58","66.0",52,6,98,28,35.1,10,".211",".366",".295","0.661","0.155","36","0","0","1","2","4.91","7","2",".199",".371",".290",".289",".285",".171",".397",".329","89.1","17",10,70.6,23.5,31.1,55,44.5,105,191,54.8,614,81.3,7.1,402,667,51,1120,76.5,84,357,45.2,506,39.7,445,34.5,48.9,30.7,34.7,28,7.3
"Holmes, Clay",605280,2023,"66","63.0",51,2,71,23,27.1,8.8,".218",".291",".294","0.585","0.073","20","24","3","4","4","2.86","5","0",".206",".290",".265",".262",".284",".084",".306",".294","89.5","-3.4",2.4,62.2,16.8,24.5,51.6,48.4,63,122,48.5,497,71.3,9.2,0,712,214,1024,83.2,55,328,51.5,527,42.1,431,26.2,43.9,66.7,10.9,20.6,1.8
"Flexen, Chris",623167,2023,"29","102.1",133,25,74,38,15.9,8.2,".317",".545",".376","0.921","0.228","78","0","0","2","8","6.86","0","16",".292",".512",".392",".373",".356",".220",".412",".354","89.4","15.1",9.4,70,15,27.4,39.8,60.2,99,249,51.7,908,78.9,6.5,281,1265,157,1755,85,89,593,48.3,847,42.8,751,22.3,48,38.9,24.9,28.6,7.7
"Garcia, Luis",677651,2023,"6","27.0",25,3,31,10,27,8.7,".243",".427",".316","0.743","0.184","12","0","0","2","2","4.00","0","6",".238",".406",".322",".314",".311",".169",".390",".340","86.8","22.1",6.8,67.7,20.4,34.3,49.4,50.6,42,85,53.3,248,71,6.7,27,345,35,465,79.6,30,147,46.7,217,42.2,196,31,49.9,27.4,24.7,32.9,15.1
"Woodruff, Brandon",605540,2023,"11","67.0",40,9,74,15,29.2,5.9,".172",".322",".229","0.551","0.150","17","0","0","5","1","2.28","0","11",".203",".334",".241",".262",".260",".131",".334",".297","89","18.3",6.8,67,22,30,45.1,54.9,64,142,45.4,474,75,8.8,205,657,181,1043,78,84,381,54.6,569,45.1,470,28.3,50.1,37.3,29.8,23.6,9.3
"Hatch, Thomas",641672,2023,"18","28.2",33,2,26,12,20.2,9.3,".292",".425",".362","0.787","0.133","13","0","1","1","1","4.08","3","2",".260",".400",".341",".320",".334",".140",".363",".335","89.9","10.3",4.5,70.4,14,32,57.8,42.2,48,83,54.9,259,83.9,6.6,129,343,0,472,86,21,150,45.1,213,39,184,29.6,49.4,53.9,24.7,18,3.4
"Taillon, Jameson",592791,2023,"30","154.1",156,27,140,41,21.4,6.3,".258",".442",".308","0.750","0.184","83","1","0","8","10","4.84","0","29",".255",".467",".322",".333",".307",".212",".396",".331","88.3","16.7",10.7,67.9,17.1,29.2,34.2,65.8,123,360,48.6,1232,80.8,7.6,78,1688,385,2533,82.9,151,884,51.4,1301,44.5,1127,22,49.1,38.4,28.1,23.9,9.6
"Baumann, Mike",657508,2023,"60","64.2",52,7,61,33,22.3,12.1,".221",".370",".320","0.690","0.149","27","0","4","10","1","3.76","6","0",".254",".462",".303",".351",".349",".209",".408",".341","91.3","12.4",9,69.4,16.8,27.5,45.3,54.7,67,148,50.3,539,82.9,7.7,26,550,495,1071,83.2,62,369,49.7,532,43.9,470,25,48.3,42.9,30.5,22.6,4
"Martinez, Nick",607259,2023,"63","110.1",99,12,106,40,23,8.7,".240",".354",".311","0.665","0.114","42","1","6","6","4","3.43","15","9",".242",".388",".294",".308",".313",".146",".362",".325","84.7","6.4",7.1,62.9,17.7,33.1,46.5,53.5,145,312,53.8,942,68.7,6.6,504,907,339,1751,82.3,90,509,46.2,809,42.5,744,28.6,46.9,54,20.6,20.3,5.1
"Puk, A.J.",640462,2023,"58","56.2",54,10,78,13,32.2,5.4,".241",".420",".286","0.706","0.179","25","15","9","7","5","3.97","2","0",".208",".376",".300",".273",".257",".168",".380",".318","87.3","13",8.1,63.3,26.4,29.5,50.4,49.6,63,125,44.6,424,71.1,8.7,12,533,9,950,73.6,88,333,55.4,526,39.3,373,33,48.2,45.6,26.8,18.1,9.4
"Hill, Rich",448179,2023,"32","146.1",165,23,129,58,19.5,8.8,".281",".487",".351","0.838","0.206","88","0","1","8","14","5.41","0","27",".275",".479",".359",".357",".347",".204",".409",".352","89.4","14.3",10.1,63.7,13.8,25,35,65,105,300,47.5,1202,76.4,8.4,56,1339,943,2531,86.2,117,848,52.5,1331,43.5,1103,19.3,45.4,39,25.6,27.6,7.8
"Matz, Steven",571927,2023,"25","105.0",108,11,98,32,21.8,7.1,".263",".405",".320","0.725","0.142","45","0","0","4","7","3.86","0","17",".250",".386",".316",".306",".309",".136",".358",".329","89.1","11.8",4.7,66.3,19,27.8,41.6,58.4,104,250,48.1,898,71.9,8.2,511,1046,309,1866,81,122,642,51.9,968,44.8,836,25.3,47.8,45.9,23.7,24.4,6
"Wentz, Joey",666214,2023,"25","105.2",131,25,98,47,19.9,9.6,".295",".532",".362","0.894","0.237","81","0","0","3","13","6.90","0","19",".271",".504",".380",".362",".341",".233",".419",".348","89.9","17.4",11.5,69.8,17.5,25.4,47.7,52.3,116,243,49.5,956,83.2,7.4,337,1288,305,1930,82.5,119,680,50.5,974,44.8,865,25.5,47.8,36.9,29.1,24.2,9.8
"Maeda, Kenta",628317,2023,"21","104.1",94,17,117,28,27.3,6.5,".239",".429",".292","0.721","0.190","49","0","0","6","8","4.23","0","20",".228",".411",".309",".300",".283",".184",".382",".322","90.4","18.3",8.2,67.4,17.7,31.2,49.1,50.9,136,277,52.2,887,77.7,7.6,542,575,438,1700,82.3,97,548,47.8,813,43.5,740,28.2,48.5,33.6,33.6,26.1,6.8
"La Sorsa, Joe",686747,2023,"25","32.2",32,3,28,9,19.3,6.2,".246",".354",".324","0.678","0.108","16","0","0","1","0","4.41","2","0",".270",".377",".304",".324",".346",".107",".357",".345","85.7","12.2",2,65.7,18.3,23.3,37.5,62.5,21,56,44.4,240,72.7,10.2,24,310,0,540,81.7,36,197,55.6,300,38.5,208,22.5,46.9,41.2,26.5,25.5,6.9
"Kremer, Dean",665152,2023,"32","172.2",171,27,157,55,21.4,7.5,".254",".416",".314","0.730","0.162","79","0","0","13","5","4.12","0","32",".264",".458",".317",".338",".324",".194",".398",".344","89.7","12.7",8.9,69.2,18.5,26.3,38.4,61.6,148,385,50.1,1466,76.3,7.5,357,2211,261,2925,81.5,187,1010,49.9,1459,43.1,1262,24,47.7,40.2,26.8,28,5
"Severino, Luis",622663,2023,"19","89.1",113,23,79,34,18.9,8.2,".301",".555",".366","0.921","0.254","66","0","0","4","8","6.65","0","18",".281",".498",".390",".365",".349",".217",".419",".357","90.2","13.6",10.4,72,16.6,29.2,32,68,73,228,47.8,782,80.3,7.8,302,1026,291,1636,83.4,102,615,52.2,854,43.3,708,20.8,51.5,43.3,24.5,26.2,6
"Neris, Héctor",593576,2023,"71","68.1",41,7,77,31,28.2,11.4,".174",".292",".277","0.569","0.118","13","2","1","6","3","1.71","31","0",".192",".331",".259",".283",".294",".139",".331",".285","86.5","19.4",8.1,71.5,25.3,31.6,41.4,58.6,75,181,52.4,572,74.3,6.8,314,735,43,1092,74.7,94,372,47.6,520,43.5,475,30.6,50.6,34.2,33.5,20.5,11.8
"Vest, Will",676684,2023,"48","48.1",40,3,56,13,28.1,6.5,".216",".324",".268","0.592","0.108","16","2","3","2","1","2.98","11","4",".225",".364",".259",".277",".276",".140",".359",".322","90.2","11",5.4,60.6,18.8,33.5,34.9,65.1,44,126,48.2,376,70.8,6.2,96,424,260,780,81.2,46,245,51.8,404,43.8,342,24.3,47.6,44.2,24.8,26.4,4.7
"Bazardo, Eduard",660825,2023,"12","16.0",15,2,15,4,22.4,6,".238",".429",".284","0.713","0.191","8","0","0","0","0","4.50","0","0",".218",".404",".305",".287",".265",".186",".343",".286","87.2","13.8",8.3,71.9,16.3,35.9,47.1,52.9,24,51,52.6,142,73.1,9.6,22,126,122,270,83.7,15,92,47.4,128,45.2,122,27.3,53,39.6,18.8,29.2,12.5
"Jackson, Jay",543351,2023,"25","29.2",18,4,27,9,23.3,7.8,".171",".314",".243","0.557","0.143","7","0","0","3","1","2.12","1","0",".215",".387",".239",".284",".283",".172",".340",".289","87","18.2",7.6,70.3,18.4,29.9,55.7,44.3,39,70,52.8,234,84.8,7.4,0,177,265,443,81.6,27,147,47.2,209,43.8,194,30.4,49,45.6,30.4,12.7,11.4
"Cordero, Jimmy",622772,2023,"31","32.2",25,2,34,10,25.8,7.6,".208",".317",".280","0.597","0.109","14","0","1","3","2","3.86","8","1",".234",".347",".267",".291",".304",".113",".348",".327","88.5","4.9",4.7,59.4,14.6,26.7,46.4,53.6,32,69,50.4,258,77.8,8.8,7,362,143,512,85.4,22,151,49.6,254,43.2,221,24.5,43,55.8,15.1,25.6,3.5
"Medina, Luis",665622,2023,"23","109.2",109,14,106,57,21.4,11.5,".255",".440",".352","0.792","0.185","66","0","0","3","10","5.42","0","17",".250",".413",".343",".337",".349",".164",".376",".333","89.3","11.5",6.2,67.5,15.6,26.4,45.7,54.3,122,267,52,1012,76.3,8,170,1085,690,1945,84.4,98,630,48,933,41,798,24.5,46.1,43.8,23.5,26.9,5.9
"May, Trevor",543507,2023,"49","46.2",35,4,40,29,19.5,14.1,".208",".327",".332","0.659","0.119","17","21","3","4","4","3.28","1","0",".242",".390",".290",".328",".361",".149",".352",".315","88","21.4",6,63.3,17.7,25.4,38,62,38,100,50.6,393,66.7,5.8,173,329,201,777,82.3,43,243,49.4,384,45.3,352,23.6,44.1,32.3,24.8,27.1,15.8
"Yarbrough, Ryan",642232,2023,"25","89.2",96,13,67,13,17.8,3.5,".271",".421",".311","0.732","0.150","45","2","1","8","7","4.52","1","9",".266",".440",".317",".322",".306",".174",".369",".327","85.4","16.7",6.6,67.4,17.1,33.7,35.4,64.6,80,226,47.1,670,73.3,8.4,259,794,0,1424,82.9,87,508,52.9,754,43.4,618,22.8,51.5,39.9,26.7,23.3,10.1
"Winckowski, Josh",670174,2023,"60","84.1",89,9,82,31,22.3,8.4,".267",".393",".335","0.728","0.126","27","3","4","4","4","2.88","19","1",".240",".373",".319",".301",".311",".133",".349",".319","89.4","8.7",6.4,69.4,17.5,29.7,46.2,53.8,96,208,50.6,700,79.4,7.4,71,1034,278,1383,82.5,83,475,49.4,684,42.8,593,26.2,49.4,51.4,17.9,23.5,7.2
"Neal, Zach",594943,2023,"14","27.0",30,8,25,14,20.2,11.3,".280",".589",".374","0.963","0.309","20","0","0","1","1","6.67","0","2",".296",".569",".403",".405",".387",".274",".475",".386","87.7","12.3",12,69.7,14.5,29.9,42.9,57.1,30,70,50.6,234,89.3,6.1,85,332,45,462,85.5,23,159,49.4,228,42.4,196,23.1,49.6,34.9,26.5,33.7,4.8
"Alcala, Jorge",660896,2023,"11","17.1",14,5,16,10,21.3,13.3,".222",".508",".333","0.841","0.286","12","0","1","0","1","6.23","2","0",".217",".475",".356",".366",".341",".259",".412",".302","86.4","14.5",16.7,59.7,19.1,24.1,39,61,16,41,53.3,170,63,8.5,68,118,133,319,80.9,17,89,46.7,149,38.2,122,25.4,40.8,37.5,39.6,20.8,2.1
"Gibaut, Ian",664139,2023,"74","75.2",69,8,69,28,21.7,8.8,".245",".365",".320","0.685","0.120","28","3","6","8","4","3.33","23","0",".233",".368",".298",".297",".312",".135",".340",".309","86.7","16.2",6,69.3,19.8,32.1,39.1,60.9,72,184,47.2,573,68.5,7.3,98,863,0,1214,80.2,88,444,52.8,641,47,570,25.5,51.7,40.7,28.7,23.1,7.4
"Rutledge, Jackson",671131,2023,"4","20.0",24,4,12,6,13.6,6.8,".304",".519",".364","0.883","0.215","15","0","0","1","1","6.75","0","4",".269",".531",".376",".366",".333",".262",".391",".313","91","23.1",10.3,73.3,18.9,22.3,29.7,70.3,11,37,48,166,85.7,10.1,44,207,95,346,81.1,25,132,52,180,35.8,124,21.3,48.8,26.5,33.8,25,14.7
"Minter, A.J.",621345,2023,"70","64.2",56,6,82,21,31.5,8.1,".236",".354",".296","0.650","0.118","27","10","3","3","6","3.76","21","0",".215",".362",".283",".282",".281",".147",".380",".333","87.9","17.7",7,70.6,20.7,30.8,55.1,44.9,92,167,51,543,85.9,7.3,148,914,0,1062,79.3,76,368,49,521,45.1,480,31.4,50.4,36.3,28,27.4,8.3
"Rogers, Taylor",573124,2023,"60","51.2",39,6,64,25,29.6,11.6,".211",".357",".312","0.669","0.146","22","2","0","6","4","3.83","12","0",".205",".358",".292",".292",".308",".153",".361",".310","89.7","15.9",9.7,55.6,18.5,27.7,43.5,56.5,50,115,49.8,415,73.9,8.3,0,363,0,834,81.5,43,233,50.2,419,41.4,345,26.7,41.7,43.5,25.8,18.5,12.1
"Mlodzinski, Carmen",669387,2023,"35","36.0",28,3,34,18,22.4,11.8,".214",".313",".309","0.622","0.099","9","1","1","3","3","2.25","10","1",".239",".361",".279",".309",".333",".122",".344",".319","88.7","10.5",4,66.9,15.9,23.5,37.5,62.5,27,72,49.6,306,77.8,7.3,91,390,0,617,84.1,33,208,50.4,311,42.9,265,21.4,45.4,47.5,19.2,25.3,8.1
"Lamet, Dinelson",659275,2023,"17","27.2",42,7,32,23,22.1,15.9,".353",".647",".455","1.102","0.294","36","0","2","1","4","11.71","0","4",".256",".488",".460",".377",".380",".232",".427",".350","91.6","11.9",11.2,70.2,13.1,20.2,56.9,43.1,37,65,53.2,321,87.8,6.8,16,310,277,603,86.9,26,198,46.8,282,41.6,251,24,43.6,42.7,23.6,25.8,7.9
"Littell, Zack",641793,2023,"28","90.0",94,13,74,12,19.5,3.2,".261",".431",".291","0.722","0.170","41","0","0","3","6","4.10","0","14",".268",".441",".308",".317",".298",".173",".379",".336","89.6","12.8",8.3,72,13.6,31.6,40.7,59.3,79,194,46.1,613,87.2,8.8,256,548,427,1330,86.4,70,516,53.9,717,47.1,626,21,53.4,42.2,27.3,23.5,6.9
"Uribe, Abner",682842,2023,"32","30.2",16,0,39,20,30.7,15.7,".154",".192",".291","0.483","0.038","6","1","1","1","0","1.76","8","0",".197",".283",".238",".291",".333",".086",".334",".317","89.7","8.4",6,61.5,18.7,24.2,60.6,39.4,43,71,56.5,293,73.3,5.8,0,351,167,518,81.3,26,139,43.5,226,41.8,217,32.9,40.5,53.7,19.4,22.4,4.5
"Honeywell, Brent",641703,2023,"40","52.1",53,10,45,24,19.1,10.2,".260",".446",".350","0.796","0.186","28","0","2","2","4","4.82","4","0",".273",".458",".347",".361",".364",".185",".401",".351","90.9","10.4",8.1,70,16.6,24.8,43.8,56.2,53,121,51.6,487,81.7,6.4,324,447,5,943,83.4,53,320,48.4,457,43,406,24,46.8,49.7,24.2,21.7,4.3
"Bradish, Kyle",680694,2023,"30","168.2",132,14,168,44,25,6.6,".215",".330",".275","0.605","0.115","53","0","0","12","7","2.83","0","30",".235",".391",".268",".300",".295",".155",".366",".324","90","6.6",6.9,64.2,13.5,27.7,54.5,45.5,201,369,50.5,1333,72.6,7.5,173,1184,1281,2639,86.5,113,839,49.5,1307,42.8,1131,26,45.8,49.1,22.4,25.8,2.7
"Eovaldi, Nathan",543135,2023,"25","144.0",117,15,132,47,22.9,8.1,".225",".382",".295","0.677","0.157","58","0","0","12","5","3.63","0","25",".232",".399",".296",".307",".302",".167",".358",".310","88.9","6.4",7.9,69.9,18.9,28.6,42.4,57.6,145,342,53.5,1195,82.6,6.5,616,1224,392,2232,81.1,137,725,46.5,1037,43.6,974,26.4,47.8,51.5,21.4,22.2,4.8
"Hoeing, Bryan",663773,2023,"33","70.2",71,13,53,25,17.4,8.2,".259",".504",".322","0.826","0.245","43","0","0","2","3","5.48","2","7",".265",".488",".347",".348",".329",".223",".392",".326","90.5","10.5",9.4,62.8,13.4,27.4,38.8,61.2,64,165,53.6,602,66.2,6.9,75,692,357,1125,86.6,44,328,46.4,522,44.8,503,21.9,43.8,45.1,30.4,23.2,1.3
"González, Victor",624647,2023,"34","33.2",27,2,30,10,22.2,7.4,".223",".331",".296","0.627","0.108","15","0","0","3","3","4.01","4","1",".221",".333",".276",".279",".295",".112",".314",".291","86.6","0.8",6.5,62.9,20.5,30.4,45.1,54.9,37,82,52.9,270,83.3,5.9,33,325,152,510,79.5,31,151,47.1,240,41.8,213,29.2,45.7,54.3,18.5,25,2.2
"Pfaadt, Brandon",694297,2023,"19","96.0",109,22,94,26,22.3,6.2,".282",".534",".329","0.863","0.252","61","0","0","3","9","5.72","0","18",".249",".463",".362",".326",".299",".215",".393",".326","90.1","18.2",11.7,67.2,17.2,29.1,45.5,54.5,100,220,46.9,757,76.7,8.2,196,890,89,1612,82.8,99,575,53.1,856,43.3,699,25,49.3,32.6,33.9,25.2,8.4
"Flaherty, Jack",656427,2023,"29","144.1",162,17,148,66,22.8,10.2,".287",".450",".370","0.820","0.163","80","0","0","8","9","4.99","1","27",".267",".422",".356",".343",".355",".155",".399",".360","87.9","11.7",7.3,65.5,18.8,25.3,44.1,55.6,158,358,53.6,1413,72.9,6.9,84,1371,1177,2634,81.3,150,800,46.4,1221,42.2,1112,26.6,44,43,24.3,27.9,4.7
"Mears, Nick",683232,2023,"16","19.1",14,1,21,14,24.1,16.1,".194",".319",".333","0.652","0.125","8","0","0","0","1","3.72","1","0",".170",".268",".299",".275",".313",".098",".263",".240","89.9","21.8",2,61.5,14.4,24.4,42.6,57.4,20,47,53.3,193,58.1,8.6,2,217,143,362,85.6,15,104,46.7,169,42,152,23.2,41.7,35.3,33.3,19.6,11.8
"Vesia, Alex",681911,2023,"56","49.2",52,7,64,17,29.5,7.8,".263",".414",".327","0.741","0.151","24","1","1","2","5","4.35","10","1",".228",".394",".318",".296",".296",".166",".389",".337","92.1","23.8",8.2,72.8,23.7,27.9,47.9,52.1,56,117,49.1,419,87.9,7.7,12,581,260,853,76.3,75,316,50.9,434,44.4,379,30.3,50.8,29.1,35.8,22.4,12.7
"Graveman, Kendall",608665,2023,"68","66.1",51,9,66,36,23.4,12.8,".214",".370",".329","0.699","0.156","23","8","4","5","6","3.12","13","0",".231",".385",".312",".328",".345",".155",".366",".321","88.6","16",6.9,64.3,20.8,27.6,44.5,55.5,77,173,56.2,626,79.7,6.2,101,689,323,1114,79.2,65,313,43.8,487,42,467,29.2,43.6,38.5,28.2,24.7,8.6
"Gilbert, Logan",669302,2023,"32","190.2",169,29,189,36,24.5,4.7,".233",".409",".270","0.679","0.176","79","0","0","13","7","3.73","0","32",".238",".411",".290",".295",".275",".173",".371",".321","90.5","13.6",9,71.5,18.1,29.8,49.3,50.7,199,404,46.4,1355,84.3,9.1,432,1231,1259,2922,81.9,203,1120,53.6,1567,40.7,1190,26.4,52.2,42.2,28.5,23.2,6.1
"Middleton, Keynan",641871,2023,"51","50.2",40,8,64,23,30.2,10.8,".214",".364",".303","0.667","0.150","19","2","2","2","2","3.38","5","0",".212",".363",".296",".298",".302",".151",".375",".323","85.3","4.2",8.1,72.6,24.4,33.1,58.3,41.7,88,151,53.2,456,79.2,6.2,367,225,264,856,75.6,71,291,46.8,401,41.8,358,36,51.6,56.5,23.4,16.9,3.2
"Alcantara, Sandy",645261,2023,"28","184.2",176,22,151,48,19.8,6.3,".251",".391",".302","0.693","0.140","85","0","0","7","12","4.14","0","28",".260",".418",".301",".319",".313",".158",".370",".332","88.8","7",7,72.1,19.1,34.8,39.7,60.5,181,456,48.1,1310,83.4,7.1,742,1903,76,2721,80.8,194,1018,51.9,1411,45.6,1242,25.4,54.2,51.9,21.5,21.9,4.7
"Rodón, Carlos",607074,2023,"14","64.1",65,15,64,28,22.4,9.8,".261",".498",".340","0.838","0.237","49","0","0","3","8","6.85","0","14",".250",".478",".357",".352",".335",".228",".412",".336","91.6","22.1",12.2,76.6,19,30.5,44.3,55.7,77,174,50.3,570,81.8,7.8,49,684,400,1133,81,82,431,49.7,563,40.2,456,26.3,53.4,27.5,39.2,25.9,7.4
"White, Brendan",686839,2023,"33","40.2",40,4,44,15,24.9,8.5,".258",".387",".341","0.728","0.129","23","0","0","2","3","5.09","1","2",".247",".403",".322",".326",".335",".155",".391",".349","90.3","5.6",7.1,64.4,21.2,31.6,46.2,53.8,48,104,50.5,329,75,8,6,259,203,667,78.8,44,208,49.5,323,43.3,282,29.2,48.3,51.3,21.2,25.7,1.8
"Means, John",607644,2023,"4","23.2",13,4,10,4,11.4,4.5,".159",".354",".205","0.559","0.195","7","0","0","1","2","2.66","0","4",".253",".485",".238",".329",".292",".233",".348",".284","86.9","24.1",8.2,69.8,16,32.5,17.3,82.7,9,52,47.2,160,69.7,9.7,113,142,83,339,84,20,125,52.8,179,45.7,155,16.4,52.2,28.8,31.5,26,13.7
"Hartwig, Grant",701643,2023,"28","35.1",34,3,30,15,19,9.5,".250",".390",".348","0.738","0.140","19","0","0","5","2","4.84","2","0",".243",".382",".325",".321",".342",".139",".339",".309","87.1","8.7",6.5,65,11,25.3,39.6,60.4,36,91,56.2,359,69.8,6.7,27,411,0,639,89,20,182,43.8,280,37.9,242,20.5,42.7,48.6,21.5,26.2,3.7
"Long, Sam",669674,2023,"40","45.0",49,5,32,21,16.1,10.6,".282",".437",".359","0.796","0.155","28","2","0","0","1","5.60","5","1",".271",".430",".341",".336",".350",".159",".363",".328","89.1","14.7",9,67.5,14.9,29.9,31.1,68.9,37,119,51.3,398,69.6,7.2,59,384,333,776,85.1,38,255,48.7,378,43.8,340,20.1,48.2,43.4,26.9,22.1,7.6
"Ragans, Cole",666142,2023,"29","96.0",70,7,113,41,28.8,10.5,".202",".303",".288","0.591","0.101","37","0","0","7","5","3.47","3","12",".210",".333",".266",".283",".297",".124",".346",".311","87.8","10.6",6.4,71.2,23.4,28.4,49.3,50.7,113,229,50.9,807,81.7,7.3,376,848,362,1586,76.6,130,555,49.1,779,44.3,702,31,49.4,44.5,26.3,24.2,5.1
"Helsley, Ryan",664854,2023,"33","36.2",22,1,52,17,35.6,11.6,".176",".264",".274","0.538","0.088","10","14","5","3","4","2.45","2","0",".155",".248",".243",".237",".260",".093",".296",".262","88.6","15.5",3.9,68.6,26.8,31.7,52,48,51,98,50.8,309,80.4,9.2,0,341,266,607,73.2,55,205,49.2,299,42.4,258,35,49.9,40.8,28.9,21.1,9.2
"Bautista, Félix",642585,2023,"56","61.0",30,4,110,26,46.4,11,".144",".215",".245","0.460","0.071","10","33","6","8","2","1.48","1","0",".139",".241",".218",".225",".242",".102",".343",".297","88.6","21.4",8.1,72.9,35.4,32.6,61.3,38.7,106,173,53.7,531,81.4,7.1,245,696,47,988,64.6,118,333,46.3,457,40.2,397,44.3,51.2,36.4,32.3,22.2,9.1
"Ort, Kaleb",672391,2023,"21","23.0",27,6,24,9,22.4,8.4,".290",".548",".356","0.904","0.258","16","0","1","1","2","6.26","1","2",".233",".471",".379",".328",".304",".239",".393",".309","90.4","21",12.3,69.1,14.4,27.7,33.3,66.7,18,54,50.5,195,86.2,7.5,7,289,0,386,85.6,19,132,49.5,191,42.7,165,19.9,48.2,32.9,38.4,16.4,12.3
"Bradley, Taj",671737,2023,"23","104.2",106,23,129,39,28,8.5,".255",".495",".317","0.812","0.240","65","0","0","5","8","5.59","0","21",".238",".443",".344",".323",".305",".205",".415",".345","91.2","17.1",10.7,71.8,19.7,27.2,40.6,59.4,95,234,47.3,861,82.4,9.1,248,1269,304,1821,80.3,136,689,52.7,960,42.1,767,25,50.7,36.4,24.1,27.8,11.7
"Thielbar, Caleb",573204,2023,"36","30.2",23,7,36,6,30,5,".204",".451",".244","0.695","0.247","11","0","1","3","1","3.23","14","0",".220",".427",".293",".293",".259",".208",".399",".322","88.6","20.4",11.5,70.6,20.6,28.3,33.3,66.7,22,66,48.4,233,81.5,11.2,0,251,127,481,79.4,36,175,51.6,248,41.4,199,24.1,50.1,37.2,30.8,20.5,11.5
"Brash, Matt",666374,2023,"78","70.2",65,3,107,29,34.7,9.4,".242",".323",".325","0.648","0.081","24","4","5","9","4","3.06","24","0",".208",".307",".292",".281",".300",".099",".373",".346","88.1","12.5",4.8,62.6,24.1,29.2,63.8,36.2,132,207,54.3,708,64.5,5.8,1,529,774,1304,75.9,90,373,45.7,596,41.2,537,38.3,44.5,45.8,30.1,19.9,4.2
"Cabrera, Edward",665795,2023,"22","99.2",78,11,118,66,27.2,15.2,".215",".355",".341","0.696","0.140","47","0","0","7","7","4.24","0","20",".196",".331",".315",".301",".326",".136",".332",".290","87.6","7.6",6.9,60.9,17.1,30.5,50.3,49.7,162,322,58.5,1055,61.7,4.5,565,670,567,1802,82.9,78,455,41.5,747,43.7,788,30.9,43.1,55.7,22,15.4,6.9
"McArthur, James",663704,2023,"18","23.1",20,2,23,2,25.6,2.2,".235",".412",".256","0.668","0.177","12","4","0","1","0","4.63","2","2",".227",".331",".280",".268",".256",".104",".344",".313","89.1","3.4",4.7,62.2,13,29.5,54.3,45.7,25,46,45.7,156,89.3,8.2,0,126,215,341,87,15,115,54.3,185,44,150,24.8,47.2,59.4,18.8,17.2,4.7
"Seabold, Connor",657756,2023,"27","87.1",116,19,67,28,16.4,6.9,".317",".563",".372","0.935","0.246","73","0","0","1","7","7.52","0","13",".268",".478",".393",".346",".329",".210",".382",".325","89.2","16.5",10.1,73.8,16.3,23.5,40.4,59.6,69,171,46.7,729,83.9,9.9,208,850,504,1562,83.7,100,615,53.3,833,41.8,653,21.5,50.3,34,32,26.5,7.5
"Snell, Blake",605483,2023,"32","180.0",115,15,234,99,31.5,13.3,".181",".286",".293","0.579","0.105","45","0","0","14","9","2.25","0","32",".205",".352",".266",".301",".316",".147",".376",".326","87.2","10.6",7.4,65.6,23.8,27.9,58.4,41.4,310,531,60.1,1905,71.2,5.1,584,1541,1043,3168,76.2,197,828,39.9,1263,41.9,1328,37.3,42.9,43.7,24.9,26.4,4.9
"Bummer, Aaron",607481,2023,"61","58.1",53,4,78,36,29.2,13.5,".236",".347",".352","0.699","0.111","44","0","3","5","5","6.79","15","0",".217",".304",".313",".293",".337",".088",".344",".331","89.2","-2",2.7,53.5,19.2,27.7,56,44,89,159,52.2,574,56,6.8,6,675,0,1099,80.8,54,281,47.8,525,44.3,487,32.5,40,60.1,16.2,21.6,2
"Winder, Josh",680739,2023,"19","34.2",35,3,28,14,19,9.5,".267",".435",".333","0.768","0.168","16","1","0","2","1","4.15","1","0",".246",".447",".331",".336",".320",".200",".377",".314","91","13.1",8.6,71,12.8,26.4,40,60,30,75,50.7,284,78.9,6.8,139,170,238,559,87.2,25,196,49.3,276,42.3,237,20.3,48.5,41,29.5,25.7,3.8
"Carrasco, Carlos",471911,2023,"20","90.0",115,18,66,38,15.8,9.1,".310",".531",".381","0.912","0.221","68","0","0","3","8","6.80","0","20",".300",".520",".390",".385",".374",".219",".422",".365","91.5","8.7",10.7,69.4,14,28.1,46.7,53.3,114,244,54.7,868,80.7,6.9,473,678,431,1587,86,70,500,45.3,720,42.4,673,24.7,46.9,45.6,21.5,28.3,4.6
"Muñoz, Andrés",662253,2023,"52","49.0",40,2,67,22,31.8,10.4,".217",".304",".318","0.622","0.087","16","13","3","4","7","2.94","14","0",".202",".292",".279",".269",".304",".089",".335",".318","88.4","1.8",5.1,64.5,29.3,32.2,58.7,41.3,81,138,51.2,428,83.6,6.6,0,430,406,836,70.7,77,263,48.8,408,45.6,381,39.4,48,59,13.7,24.8,2.6
"Castillo, Luis",622491,2023,"33","197.0",160,28,219,56,27.3,7,".218",".395",".276","0.671","0.177","73","0","0","14","9","3.34","0","33",".226",".414",".289",".302",".285",".188",".383",".321","90","15.9",9.4,73.4,22.9,31.3,48.2,51.8,245,508,50.6,1623,77.7,7.4,500,1997,710,3207,77.1,266,1162,49.4,1584,43.7,1403,30.6,52.1,39.5,27.6,23.9,9
"Lively, Ben",594902,2023,"19","88.2",96,20,79,25,20.6,6.5,".270",".490",".324","0.814","0.220","53","0","0","4","7","5.38","0","12",".265",".474",".348",".341",".319",".209",".402",".342","89.1","14.3",8.3,64.7,14.2,24.5,39.3,60.7,64,163,48,664,67.7,9,141,815,108,1383,85.8,66,465,52,719,41.4,572,20.7,45.4,39.1,26.4,28.6,5.8
"Hand, Brad",543272,2023,"60","53.2",54,6,59,22,25,9.3,".270",".460",".351","0.811","0.190","33","1","2","5","3","5.53","5","0",".253",".398",".344",".326",".341",".145",".397",".357","88.8","14.2",7.3,62.3,12.2,28.1,43.9,56.1,61,139,51,495,73.1,8,0,486,0,969,87.8,36,296,49,475,41,398,22.3,44.9,39.3,21.3,32.7,6.7
"Herget, Jimmy",623474,2023,"29","29.0",33,7,26,8,20.5,6.3,".282",".547",".339","0.886","0.265","15","0","4","2","4","4.66","6","1",".246",".465",".367",".322",".306",".219",".384",".317","89.3","21.8",9.9,66.5,13.4,25.4,41,59,25,61,47.2,240,80.8,10.2,30,126,353,509,86.6,24,179,52.8,269,37.5,191,20.4,47.2,28.6,36.3,25.3,9.9
"Poche, Colin",621363,2023,"66","60.2",42,4,61,24,24.8,9.8,".194",".306",".275","0.581","0.112","15","1","5","12","3","2.23","22","0",".188",".294",".258",".255",".272",".107",".286",".261","87.2","21.1",5.6,67.5,20.6,31.4,45.7,54.3,69,151,51.9,481,68.3,6.5,0,603,324,927,79.4,62,301,48.1,446,43.1,400,29,48.8,36.3,29.4,21.9,12.5
"Pressly, Ryan",519151,2023,"65","65.1",54,8,74,16,27.6,6,".220",".358",".265","0.623","0.138","26","31","6","4","5","3.58","0","0",".234",".401",".269",".292",".279",".168",".376",".326","91.3","6.7",9,67.7,15.3,35,60.2,39.8,112,186,52,532,75,7,91,251,682,1024,84.7,51,333,48,492,40.4,414,31.4,50.7,54.8,23.2,19.8,2.3
"Francis, Bowden",670102,2023,"20","36.1",22,5,35,8,25.7,5.9,".175",".317",".228","0.545","0.142","7","1","0","1","0","1.73","1","0",".215",".402",".238",".295",".270",".187",".367",".301","90","18",10.9,68.6,16.3,29.4,40.3,59.7,31,77,48.6,262,68.9,8.3,1,278,260,539,83.7,31,190,51.4,277,39.9,215,23.2,49.5,35.9,34.8,21.7,7.6
"Robertson, David",502085,2023,"62","65.1",53,7,78,25,29,9.3,".221",".354",".302","0.656","0.133","22","18","6","6","6","3.03","10","0",".202",".350",".289",".280",".286",".148",".347",".300","89.3","15.2",6.1,62.2,22.3,28.7,49.4,50.6,78,158,51.4,550,77.5,8.3,15,571,482,1068,77.7,72,323,48.6,519,39.9,426,31.2,45,44.2,26.4,19.6,9.8
"Heasley, Jonathan",669169,2023,"12","15.0",17,5,9,2,14.3,3.2,".288",".610",".317","0.927","0.322","12","0","1","0","0","7.20","1","0",".337",".641",".383",".426",".371",".304",".485",".400","89.7","18.2",11.8,72.3,17.3,31.2,38.2,61.8,13,34,49.3,109,80,6.8,23,99,47,221,82.7,14,81,50.7,112,42.5,94,23.5,52,25.5,33.3,35.3,5.9
"Hentges, Sam",656529,2023,"56","52.1",53,2,56,18,25.1,8.1,".260",".338",".318","0.656","0.078","21","0","3","3","2","3.61","17","0",".262",".388",".292",".314",".322",".126",".386",".361","91.6","0.9",5.4,62.7,14.3,26.5,59.5,40.5,66,111,49.1,419,75,8,0,420,432,852,85.7,39,272,50.9,434,44,375,27.4,45,57.7,16.1,25.5,0.7
"Shreve, Chasen",592741,2023,"50","44.2",46,7,45,14,23.3,7.3,".266",".445",".318","0.763","0.179","23","0","5","1","2","4.63","12","0",".244",".422",".325",".315",".303",".178",".380",".327","88.3","12.5",9,65.7,17.4,33.4,44.5,55.5,61,137,55.3,410,71.2,7,307,270,8,753,82.6,38,218,44.7,332,43.8,325,28.5,47.9,44.4,27.1,21.8,6.8
"Waldron, Matt",663362,2023,"8","41.1",39,9,31,12,17.9,6.9,".244",".481",".295","0.776","0.237","20","0","0","1","3","4.35","0","6",".250",".444",".328",".321",".301",".195",".362",".308","86.7","14.2",10.8,67.6,15.8,25.8,28,72,23,82,47.3,318,76,7.4,0,385,0,673,84.2,38,240,52.7,355,46.2,311,18.9,47.8,40,26.9,22.3,10.8
"Palencia, Daniel",694037,2023,"27","28.1",22,3,33,14,27.7,11.8,".216",".353",".322","0.675","0.137","14","0","1","5","3","4.45","2","0",".217",".355",".303",".307",".324",".137",".363",".323","91.4","15.2",7.1,70.8,23.4,27.1,48.6,51.4,34,70,52.2,258,76.3,7.7,6,332,156,494,76.6,39,167,47.8,236,41.3,204,30.8,48,37.1,18.6,30,14.3
"Herrin, Tim",682120,2023,"23","27.2",29,3,32,12,26.4,9.9,".279",".404",".361","0.765","0.125","17","0","1","1","1","5.53","1","0",".243",".439",".338",".336",".332",".196",".415",".349","87.8","11.7",6.7,65.5,14.1,30.4,53.2,46.8,42,79,51.1,260,67.4,8.4,0,240,269,509,85.9,23,163,48.9,249,42.2,215,26.9,47.5,46.7,28,21.3,4
"Brebbia, John",605154,2023,"40","38.1",31,6,47,14,29.2,8.7,".215",".403",".280","0.683","0.188","17","0","1","3","5","3.99","7","10",".208",".389",".287",".282",".274",".181",".365",".302","90.7","21.3",10,67.6,20,27.2,46.2,53.8,42,91,49.6,335,75.4,8.4,2,309,364,675,80,46,230,50.4,340,42.7,288,27.4,47.6,30,41,23,6
"Lovelady, Richard",663992,2023,"27","23.1",15,3,24,10,25,10.4,".188",".375",".292","0.667","0.187","12","0","2","0","3","4.63","4","0",".195",".388",".291",".306",".303",".193",".343",".273","90.5","13.5",10.2,62.6,16.5,25.6,46.7,53.3,21,45,46.4,176,72,6.6,4,197,177,378,83.5,21,127,53.6,203,43.3,164,24.4,45.5,47.5,30.5,13.6,8.5
"Boxberger, Brad",502202,2023,"22","20.0",15,3,17,11,20.2,13.1,".208",".403",".321","0.724","0.195","11","2","0","0","1","4.95","1","0",".240",".429",".314",".336",".349",".189",".368",".314","90.5","14.5",7.3,62,18.4,19.2,39.4,60.6,13,33,50.9,172,78.9,5.6,44,184,110,338,81.6,19,103,49.1,166,45,152,23.5,40.2,43.6,25.5,25.5,5.5
"López, Pablo",641154,2023,"32","194.0",176,24,234,48,29.2,6,".238",".385",".292","0.677","0.147","79","0","0","11","8","3.66","0","32",".213",".343",".294",".270",".269",".130",".346",".311","87.1","12.6",6.3,69.2,21.4,34.3,48,52,250,521,50.2,1519,75.4,7.5,638,1363,374,3024,78.5,223,1041,49.8,1505,44.7,1352,30.3,51.7,45.4,25.3,22.8,6.7
"Morán, Jovani",663558,2023,"43","42.1",35,3,48,27,26.1,14.7,".226",".342",".341","0.683","0.116","25","0","1","2","2","5.31","9","0",".208",".327",".307",".296",".326",".119",".332",".302","86.2","15.1",6.4,65,27.8,22.8,59.1,40.9,55,93,54.3,408,71.4,5.6,354,342,54,750,72.2,62,223,45.7,343,42.7,321,37,42.1,43.1,28.4,22.9,5.5
"Sánchez, Cristopher",650911,2023,"19","99.1",88,16,96,16,24.2,4,".235",".421",".271","0.692","0.186","38","0","0","3","5","3.44","0","18",".242",".413",".296",".299",".278",".171",".374",".325","88.8","3.9",8.2,61.3,14.3,34.8,48.4,51.6,121,250,49.2,719,74.3,6.9,479,673,308,1460,85.7,65,454,50.8,741,42.2,616,26.4,48.2,57.7,19.9,20.6,1.8
"Willingham, Amos",686294,2023,"18","24.1",35,8,15,9,12.9,7.8,".337",".625",".388","1.013","0.288","18","0","0","0","2","6.66","0","0",".304",".584",".418",".394",".362",".280",".432",".351","92.5","15.6",12.1,66.4,10.3,31,42.7,57.3,32,75,52.4,242,78.6,6.1,12,308,141,461,89.7,15,146,47.6,220,43.1,199,21.3,47.9,35.2,35.2,23.1,6.6
"Ward, Thaddeus",663658,2023,"26","35.1",29,7,30,28,18.8,17.5,".225",".419",".369","0.788","0.194","25","0","0","0","0","6.37","0","0",".233",".442",".347",".361",".377",".209",".371",".302","89.4","12.8",10,58.3,17.7,21.3,36.4,63.6,28,77,53.2,362,70,7.3,10,425,0,681,82.3,33,186,46.8,319,37.6,256,23.2,38.6,46,31,16,7
"Rodriguez, Grayson",680570,2023,"23","122.0",121,16,129,42,25,8.2,".259",".418",".321","0.739","0.159","59","0","0","7","4","4.35","0","23",".251",".411",".320",".317",".315",".160",".388",".346","89.8","10.4",7.3,69.9,19.7,29.7,42.9,57.1,130,303,48.5,1021,82.6,7.7,471,1135,195,2104,80.3,149,757,51.5,1083,43.7,920,26.3,50.4,46.9,23.5,25.5,4.1
"Miller, Tyson",668338,2023,"10","15.1",13,2,10,6,15.6,9.4,".232",".393",".313","0.706","0.161","8","0","0","1","0","4.70","0","0",".314",".539",".308",".398",".388",".226",".437",".379","90.1","25.8",8.5,69.5,20.5,26.1,41.9,58.1,13,31,53.1,119,76.9,11.6,8,153,63,224,79.5,15,73,46.9,105,31.7,71,26.9,46.4,21.3,29.8,36.2,12.8
"Sears, JP",676664,2023,"32","172.1",165,34,161,53,21.9,7.2,".249",".465",".319","0.784","0.216","87","0","0","5","14","4.54","0","32",".243",".457",".335",".332",".314",".215",".389",".320","88.6","22.6",11.1,71.6,20.3,29.4,36.4,63.6,150,412,48.8,1400,79.4,8,434,1441,443,2867,79.7,213,1051,51.2,1467,43.6,1249,24.8,51,30.5,35.4,21.8,12.3
"Gibson, Kyle",502043,2023,"33","192.0",198,23,157,55,19.5,6.8,".270",".437",".322","0.759","0.167","101","0","0","15","9","4.73","0","33",".264",".445",".326",".333",".320",".181",".384",".334","89.7","8.2",7.6,65.9,15.8,27.8,45.3,54.7,204,450,53.4,1621,76.4,6,517,1705,256,3038,84.2,148,934,46.6,1417,41.6,1265,25.4,45.6,49.7,23.4,22.8,4.1
"Pérez, Martín",527048,2023,"35","141.2",150,21,93,49,15.3,8.1,".274",".441",".336","0.777","0.167","70","0","0","10","4","4.45","2","20",".267",".446",".335",".336",".330",".179",".364",".320","89","10.9",7.6,65,12.1,28.1,28.3,71.7,94,332,53.2,1183,81.2,6,588,1531,104,2223,87.9,82,676,46.8,1040,46.9,1042,17.5,45.3,46.1,25.3,22.9,5.6
"Stone, Gavin",694813,2023,"8","31.0",46,8,22,13,14.5,8.6,".338",".603",".401","1.004","0.265","31","1","1","1","1","9.00","0","4",".305",".502",".423",".376",".372",".197",".406",".361","88.5","11.7",8.7,71,21.3,34.3,47.1,52.9,49,104,55.3,303,80.6,6.6,187,323,37,547,78.7,37,174,44.7,245,45.6,250,30.9,50.8,47,21.7,27,4.3
"King, John",667463,2023,"35","37.1",45,2,20,10,12.7,6.4,".310",".393",".353","0.746","0.083","15","0","2","2","1","3.62","12","0",".282",".406",".327",".324",".327",".124",".346",".326","87.8","-3",5.5,68.1,16.4,31.5,33.3,66.7,28,84,50.7,267,79.5,7.4,196,288,43,527,83.6,29,177,49.3,260,45.7,241,21.8,49.5,66.9,12.6,19.7,0.8
"Finnegan, Kyle",640448,2023,"67","69.1",66,11,63,24,21.9,8.3,".254",".423",".318","0.741","0.169","29","28","8","7","5","3.76","8","0",".260",".442",".320",".330",".324",".183",".391",".342","92.2","9.4",8.5,70,17.9,24.6,48.8,51.2,60,123,45.1,499,86.4,9.3,277,774,55,1106,82.1,76,425,54.9,607,42.9,475,24.8,49.5,47.5,17.5,27,8
"Covey, Dylan",592229,2023,"29","43.0",48,5,30,17,15.7,8.9,".282",".412",".351","0.763","0.130","18","0","2","1","3","3.77","1","1",".285",".409",".332",".338",".356",".125",".364",".345","87.8","7.6",4.2,66.7,9.6,29.8,28.2,71.8,33,117,53.5,393,75,8.7,45,501,159,735,90.4,22,228,46.5,342,45.4,334,15.9,46.9,53.5,16.2,24.6,5.6
"Freeland, Kyle",607536,2023,"29","155.2",187,29,94,42,13.9,6.2,".300",".506",".342","0.848","0.206","87","0","0","6","14","5.03","0","29",".290",".520",".360",".364",".335",".230",".402",".340","90.2","14.3",8.7,71.6,10.4,29,35,65,119,340,48.5,1171,83.2,7.4,307,1681,426,2414,89.6,93,890,51.5,1243,45.4,1097,17.2,51,40.9,29.6,24.4,5
"Scott, Tanner",656945,2023,"74","78.0",53,3,104,24,33.9,7.8,".191",".264",".264","0.528","0.073","20","12","4","9","5","2.31","24","0",".203",".278",".236",".247",".275",".075",".331",".323","85.3","9",3.4,66.1,25.8,35.3,57,43,118,207,48.5,586,68.7,8.2,0,572,636,1208,74.2,106,411,51.5,622,42.7,516,36.2,51.2,50.3,19.4,25.7,4.6
"Davidson, Tucker",656353,2023,"38","51.1",64,6,46,19,19.5,8.1,".306",".478",".371","0.849","0.172","34","2","0","1","2","5.96","2","1",".288",".449",".364",".348",".354",".161",".402",".367","88.5","12.2",7.2,63.8,16,29.3,40.8,59.2,51,125,50.4,427,58.7,7.4,63,315,375,847,84,43,268,49.6,420,42.5,360,23.9,46.4,45.8,25.9,22.9,5.4
"Ramsey, Lane",682010,2023,"21","20.0",25,1,18,9,19.6,9.8,".313",".400",".374","0.774","0.087","13","0","0","1","0","5.85","3","0",".247",".341",".339",".303",".322",".094",".333",".317","86.4","19.2",1.5,69.6,17,25.1,42.2,57.8,19,45,52.6,179,76.2,6.2,0,166,174,340,83,19,112,47.4,161,43.8,149,24.2,46.2,36.9,27.7,24.6,10.8
"Gallegos, Giovanny",606149,2023,"56","55.0",54,11,59,12,25.8,5.2,".252",".467",".291","0.758","0.215","27","10","6","2","4","4.42","20","0",".247",".453",".322",".315",".286",".206",".405",".339","90.5","16.3",10.1,71.3,22.3,35.1,60.5,39.5,101,167,53.8,476,75.7,7.9,31,443,409,883,77.7,65,291,46.2,408,38.6,341,36.2,51.9,36.1,31.6,24.7,7.6
"Olson, Reese",681857,2023,"21","103.2",83,14,103,33,24.4,7.8,".215",".373",".277","0.650","0.158","46","0","0","5","7","3.99","1","18",".251",".461",".283",".333",".312",".210",".410",".343","90.8","12.8",10.9,64.6,14.3,29.9,52.7,47.3,145,275,52.7,919,78.1,6.5,264,844,635,1743,85.7,76,532,47.3,824,41.7,727,27.4,46.3,42.1,24.9,26.3,6.7
"Sborz, Josh",622250,2023,"44","52.1",43,8,66,17,30.7,7.9,".219",".383",".285","0.668","0.164","32","0","4","6","7","5.50","14","0",".211",".368",".291",".283",".278",".156",".369",".319","89.9","12",8.5,63.6,26.1,31.4,57.8,42.2,78,135,51.6,430,78.5,7.8,0,302,532,835,73.9,67,257,48.4,404,42.6,355,37.2,47.1,46.9,23.8,21.5,7.7
"Varland, Gus",681402,2023,"16","20.1",27,3,20,16,19.4,15.5,".318",".518",".431","0.949","0.200","15","0","0","1","1","6.64","1","0",".283",".471",".408",".380",".403",".188",".418",".370","93.7","7.3",10.6,68,17.6,23.2,51.1,48.9,24,47,50.4,203,77.1,8.7,20,202,181,403,82.4,24,136,49.6,200,39.5,159,26.2,45.4,50,16.7,30.3,3
"Smith-Shawver, AJ",700363,2023,"6","25.1",17,7,20,11,19,10.5,".183",".419",".276","0.695","0.236","12","0","0","1","0","4.26","0","5",".201",".396",".301",".301",".292",".195",".318",".256","90.3","19.3",9.6,68.9,16.2,25.8,34.4,65.6,22,64,54.6,248,79.5,8.6,48,245,161,454,83.8,23,142,45.4,206,39.6,180,21.8,45.4,37,32.9,19.2,11
"Megill, Trevor",656730,2023,"31","34.2",35,2,52,12,35.1,8.1,".265",".386",".324","0.710","0.121","14","0","1","1","0","3.63","4","2",".209",".337",".309",".275",".278",".128",".382",".339","90.7","16.7",7.2,62,23.1,29.1,55.6,44.4,45,81,46.4,278,67.3,8.7,0,432,167,599,76.9,46,199,53.6,321,43.4,260,32.5,46.7,32.5,24.1,33.7,9.6
"Kelly, Merrill",518876,2023,"30","177.2",143,20,187,68,25.9,9.4,".222",".371",".299","0.670","0.149","65","0","0","12","8","3.29","0","30",".241",".394",".294",".313",".316",".153",".380",".338","89.6","11.8",7.8,68.3,18.1,32.9,42.3,57.7,213,503,54.5,1528,79.9,6.4,647,1693,463,2803,81.9,158,872,45.5,1277,46.2,1295,27,49.1,45.7,23.6,24,6.7
"Gipson-Long, Sawyer",687830,2023,"4","20.0",14,2,26,8,31.7,9.8,".189",".351",".268","0.619","0.162","6","0","0","1","0","2.70","0","4",".172",".296",".272",".247",".252",".125",".306",".264","86.6","18.6",6.3,63.5,24.5,33.5,50.8,49.2,32,63,56,188,90.9,3.3,82,147,107,336,75.5,23,94,44,148,45.5,153,35,46.7,35.4,35.4,25,4.2
"Jameson, Drey",686753,2023,"15","40.2",40,6,37,18,21.3,10.3,".260",".416",".339","0.755","0.156","15","1","0","3","1","3.32","1","3",".249",".506",".330",".356",".330",".257",".412",".325","92","11.9",13.6,61.2,18.3,30.5,53.9,46.1,55,102,49.6,334,62.5,7.1,89,384,201,674,81.7,38,208,50.4,340,44.5,300,30,46,46.6,32.2,17.8,3.4
"Garcia, Robert",676395,2023,"25","32.0",26,3,33,12,26,9.4,".234",".333",".306","0.639","0.099","13","0","0","2","2","3.66","5","0",".241",".362",".279",".293",".312",".122",".364",".339","85.1","13.8",3.7,68.7,18.1,31.5,38.3,61.7,31,81,49.2,257,75.6,8.6,142,254,126,522,81.9,33,182,50.8,265,41.6,217,24.3,50.4,49.4,19.8,22.2,8.6
"Bido, Osvaldo",674370,2023,"16","50.2",55,4,48,21,20.3,8.9,".270",".377",".356","0.733","0.107","33","0","0","2","5","5.86","0","9",".273",".384",".326",".334",".361",".111",".367",".353","87.5","17.4",4.4,63.1,16.7,27.3,36.2,63.8,47,130,50.6,476,71.6,7.9,93,506,341,940,83.3,49,293,49.4,464,40.7,383,22.7,45,35.8,22.6,31.4,10.1
"Anderson, Tyler",542881,2023,"27","141.0",146,20,119,64,18.9,10.2,".266",".455",".346","0.801","0.189","85","0","0","6","6","5.43","0","25",".255",".435",".345",".339",".340",".180",".374",".325","87","19.1",8.2,72.1,21.1,29.5,42.6,57.4,160,376,52.4,1275,80.1,6.8,823,1583,25,2431,78.9,176,833,47.6,1156,42.8,1040,27.8,49.7,31,33.9,26.9,8.2
"Feltner, Ryan",663372,2023,"10","43.1",45,2,38,28,18.9,13.9,".265",".359",".373","0.732","0.094","28","0","0","2","4","5.82","0","10",".252",".367",".331",".332",".365",".115",".344",".325","86.1","13.7",4.5,61.4,15.4,24.9,38.5,61.5,35,91,47,365,68.5,6.9,115,350,310,776,84.6,39,253,53,412,45.3,352,21.5,44.3,43.6,21.1,27.1,8.3
"Manoah, Alek",666201,2023,"19","87.1",93,15,79,59,19,14.2,".269",".460",".388","0.848","0.191","57","0","0","3","9","5.87","0","19",".262",".471",".370",".373",".383",".209",".402",".340","89.5","16.3",9,67.9,15.1,26,36.7,63.3,87,237,53.9,911,71.2,7.4,218,964,507,1689,84.9,80,529,46.1,779,42,710,21.8,45.4,38.8,29.1,24.3,7.8
"Ramírez, Erasmo",541640,2023,"38","60.1",82,11,43,13,15.7,4.7,".328",".520",".361","0.881","0.192","43","0","2","3","3","6.41","3","2",".288",".494",".372",".351",".328",".206",".393",".341","89.7","10",8.4,73.7,14.6,26.1,38.5,61.5,45,117,46.7,449,84.6,9.5,74,747,130,962,85.4,55,378,53.3,513,42,404,20.2,51.5,43.9,27.1,26.2,2.8
"Morgan, Eli",669212,2023,"61","67.1",73,9,75,24,25.1,8,".267",".414",".328","0.742","0.147","30","1","2","5","2","4.01","8","0",".240",".407",".322",".309",".304",".167",".379",".331","86","12.6",9,71.5,19.1,33.8,46.4,53.6,98,211,52.5,625,79.8,9.2,377,481,332,1200,80.9,77,404,47.5,565,42.5,506,28.2,51.7,41.2,25.1,25.1,8.5
"Richards, Trevor",670950,2023,"56","72.2",63,13,105,35,33.3,11.1,".228",".424",".317","0.741","0.196","40","0","2","2","1","4.95","11","3",".198",".373",".318",".293",".294",".176",".391",".321","88.5","17.3",10.4,63.4,24.1,37.5,51,49,157,308,60.8,822,71.2,4.9,758,587,7,1352,75.9,81,336,39.2,530,41.8,565,37,47.6,31.8,38.2,23.1,6.9
"Falter, Bailey",663559,2023,"18","80.2",94,17,60,20,17.3,5.8,".288",".503",".329","0.832","0.215","48","0","0","2","9","5.36","0","14",".276",".472",".354",".339",".318",".196",".389",".338","89.6","14.8",9,68.8,11.8,29.2,36.2,63.8,63,174,45.9,595,75,8.3,90,669,537,1296,88.2,57,482,54.1,701,43.5,564,18.3,50.6,40.4,23.2,26.6,9.7
"Burke, Brock",656271,2023,"53","59.2",64,13,52,9,20.8,3.6,".271",".470",".301","0.771","0.199","29","0","2","5","3","4.37","12","0",".267",".454",".322",".316",".297",".187",".390",".339","89.7","15.8",8.6,77,17.4,30.3,38,62,46,121,43.8,400,89.1,7,102,640,172,914,82.6,69,396,56.2,514,44,402,22.2,56.6,39.6,32.6,20.3,7.5
"Lynn, Lance",458681,2023,"32","183.2",189,44,191,67,23.6,8.3,".259",".484",".328","0.812","0.225","117","0","0","13","11","5.73","0","32",".247",".461",".347",".336",".318",".214",".405",".335","88.7","17",10.4,74.1,22,28.3,44.9,55.1,211,470,52.4,1661,86,6.8,220,2505,442,3167,78,245,1116,47.6,1507,42.4,1342,28.8,50.1,36.3,30.6,24.1,9.1
"Raley, Brooks",548384,2023,"66","54.2",44,4,61,25,25.8,10.6,".217",".330",".319","0.649","0.113","17","3","3","1","2","2.80","25","0",".209",".327",".289",".286",".313",".118",".327",".298","85.8","15.7",4.9,61.6,17.5,28.3,50.7,49.3,77,152,54.7,537,64.4,7.4,148,478,0,982,82.5,48,274,45.3,445,37,363,29.3,43.4,43.1,26.4,20.1,10.4
"Gray, Jon",592351,2023,"29","157.1",149,22,142,54,21.6,8.2,".256",".400",".325","0.725","0.144","72","0","0","9","8","4.12","0","29",".256",".419",".317",".325",".327",".163",".377",".336","89.4","13.4",6.4,69.2,17.2,32.1,46.5,53.5,178,383,49.7,1192,79.1,8.2,278,1014,949,2393,82.8,143,833,50.3,1204,42.4,1015,26.4,50.8,40.8,26.8,25.7,6.7
"Bieber, Shane",669456,2023,"21","128.0",124,14,107,34,20.1,6.4,".253",".406",".303","0.709","0.153","54","0","0","6","6","3.80","0","21",".280",".453",".307",".338",".329",".173",".397",".356","91.6","9.5",7.8,64.4,11.7,29,50.5,49.5,148,293,51.7,1011,79,6.1,68,1214,672,1954,88.3,71,607,48.3,943,42.2,825,24.3,46.1,47.5,22,26.1,4.4
"Sale, Chris",519242,2023,"20","102.2",87,15,125,29,29.4,6.8,".227",".417",".292","0.709","0.190","49","0","0","6","5","4.30","0","20",".208",".387",".306",".296",".280",".179",".380",".312","87.9","15.6",8.4,63.6,21.6,33.6,44.1,55.9,128,290,51.6,862,68.8,7.5,219,824,627,1670,78.4,111,514,48.4,808,45.6,761,29.7,48.1,38.4,31.2,22.8,7.6
"Merryweather, Julian",657240,2023,"69","72.0",58,8,98,36,32.3,11.9,".219",".332",".314","0.646","0.113","27","2","2","5","1","3.38","17","0",".210",".351",".291",".298",".309",".141",".385",".337","89.8","14.5",7.1,66.4,21.1,30,63.2,36.8,122,193,52.4,644,83,7.7,92,502,604,1228,78.9,82,388,47.6,584,41.2,506,35.1,47.3,41.7,29.8,22,6.5
"Beeks, Jalen",656222,2023,"30","42.1",42,4,47,21,24.5,10.9,".251",".383",".335","0.718","0.132","28","1","1","2","3","5.95","2","8",".209",".334",".317",".293",".302",".125",".333",".293","88.3","10.2",7.3,65.8,21.3,27,54.5,45.5,54,99,50.1,366,61.9,8.6,324,398,9,731,78.8,51,240,49.9,365,41.6,304,31,46.4,45.5,26,24.4,4.1
"López, Jorge",605347,2023,"61","59.0",67,12,49,22,18.4,8.3,".290",".511",".366","0.877","0.221","39","3","4","6","2","5.95","10","0",".281",".454",".370",".352",".361",".173",".394",".353","90.9","9.4",6.4,64.8,13,28.7,47.4,52.6,64,135,48.6,470,78.2,8.1,112,486,368,966,87,42,322,51.4,497,41,396,23.2,47.3,47.1,18.2,28.3,6.4
"Smeltzer, Devin",656970,2023,"9","22.1",29,7,16,4,16,4,".315",".609",".370","0.979","0.294","16","0","0","0","1","6.45","0","1",".304",".613",".413",".409",".360",".309",".464",".368","90.9","18.3",11.8,64.3,12.6,29.5,34.6,65.4,18,52,48.8,176,67.6,9.4,100,166,54,361,87.4,15,119,51.2,185,41.3,149,19.3,47.4,35.5,32.9,23.7,7.9
"Dunning, Dane",641540,2023,"35","172.2",163,20,140,55,19.4,7.6,".250",".393",".316","0.709","0.143","71","0","0","12","7","3.70","3","26",".258",".418",".310",".325",".324",".160",".366",".327","88.8","10.8",7.5,66,14.3,27.9,41.4,58.6,155,374,49.8,1342,78.9,7.9,421,1518,757,2696,85.7,128,894,50.2,1354,43.3,1168,22.3,47,47.2,24.2,22.4,6.2
"Darvish, Yu",506433,2023,"24","136.1",134,18,141,42,24.6,7.3,".259",".420",".321","0.741","0.161","69","0","0","8","10","4.56","0","24",".239",".378",".321",".302",".305",".139",".361",".327","88.4","13.7",6.8,64.4,17.5,27.2,44.5,55.5,130,292,48.3,1072,72.2,8.7,172,982,651,2218,82.5,129,738,51.7,1146,42,931,25.1,46.4,42.7,21.5,27.2,8.6
"Webb, Jacob",657097,2023,"54","53.2",39,6,57,30,24.6,12.9,".199",".352",".316","0.668","0.153","22","1","1","1","1","3.69","12","0",".213",".357",".294",".306",".329",".145",".343",".300","88.1","15",5,70.4,28.1,33.1,40.5,59.5,64,158,51.5,478,78.9,7.7,256,454,0,928,71.9,89,317,48.5,450,43.2,401,32.2,51.2,37.6,31.2,24.8,6.4
"Ruiz, José",614179,2023,"38","44.1",52,10,39,21,18.8,10.1,".292",".522",".382","0.904","0.230","29","0","2","2","1","5.89","1","1",".265",".458",".385",".354",".359",".193",".387",".336","89","13.2",8.5,68.7,21.1,27.8,45.7,54.3,58,127,56.1,457,81.4,7.2,107,423,285,820,78.9,52,246,43.9,358,40.5,330,29.5,45.9,38.3,27,27,7.8
"Cuas, Jose",621016,2023,"72","65.1",63,8,71,35,24.3,12,".253",".406",".360","0.766","0.153","29","1","3","3","2","3.99","10","2",".251",".446",".339",".352",".358",".196",".410",".349","89.9","10.1",11.7,66.7,21.7,27.5,46.3,53.7,81,175,54.1,636,70.7,7,48,815,231,1176,78.3,78,360,45.9,540,39.6,466,29.7,45.5,45.3,22.3,25.7,6.7
"Brazobán, Huascar",623211,2023,"50","58.2",53,5,65,31,25.3,12.1,".243",".349",".344","0.693","0.106","27","0","3","5","2","4.14","13","0",".208",".331",".308",".292",".317",".124",".327",".295","85.4","7.9",7,64.8,21.1,33.9,47.7,52.3,92,193,56.1,569,78.7,6,287,725,0,1012,78.9,61,289,43.9,446,43.5,442,31.7,47.6,51.6,17.2,23.6,7.6
"Mayers, Mike",594577,2023,"6","26.1",34,4,17,10,14.3,8.4,".315",".491",".370","0.861","0.176","18","0","0","1","2","6.15","0","2",".284",".437",".369",".339",".342",".153",".363",".334","91.1","14.2",4.3,69.4,14.1,23.6,36.5,63.5,19,52,48.4,220,78.8,7.3,49,236,170,455,85.9,23,163,51.6,235,47,214,19.5,47.3,44.6,27.2,22.8,5.4
"Peterson, David",656849,2023,"27","111.0",124,16,128,50,26,10.2,".287",".456",".367","0.823","0.169","62","0","0","3","8","5.03","1","21",".260",".430",".357",".339",".343",".170",".415",".367","90","5.3",8.1,66.7,19.1,29.3,48.4,51.9,155,320,55.6,1094,68.9,6.7,372,1032,562,1966,80.9,111,582,44.4,872,41.3,811,29.5,45.9,55.2,17.2,23.1,4.5
"Koch, Matt",571863,2023,"39","38.2",41,7,27,9,16.6,5.5,".272",".450",".319","0.769","0.178","22","0","1","3","2","5.12","6","1",".255",".441",".331",".325",".307",".186",".363",".312","90.1","8.1",8,71.5,13.3,30.1,46.4,53.6,39,84,47.8,279,76.9,8.9,0,534,50,584,86.7,29,218,52.2,305,43.7,255,22.5,51.7,51.2,22.4,22.4,4
"Duran, Jhoan",661395,2023,"59","62.1",46,6,84,25,32.9,9.8,".207",".324",".298","0.622","0.117","17","27","5","3","6","2.45","1","0",".182",".289",".271",".251",".276",".107",".324",".292","89.2","-3.7",7,72.8,26,30.1,57.8,42.2,89,154,50.2,511,74.7,7.4,278,457,282,1017,74,96,369,49.8,507,42.1,429,35.4,51.4,66.2,15.5,14.8,3.5
"Coleman, Dylan",669395,2023,"23","18.1",18,3,21,19,21.9,19.8,".261",".435",".438","0.873","0.174","18","0","1","0","2","8.84","5","1",".233",".373",".384",".359",".419",".140",".352",".317","85.4","19.6",7.8,56.6,18.9,22.3,54,46,27,50,58.5,224,65.2,6,0,246,0,383,81.1,17,90,41.5,159,42.3,162,31.4,36.6,35.3,21.6,31.4,11.8
"Lawrence, Justin",664875,2023,"69","75.0",65,5,78,36,23.9,11,".235",".354",".334","0.688","0.119","31","11","7","4","7","3.72","11","0",".218",".337",".303",".299",".324",".119",".337",".305","89.5","7.8",5.4,57.5,15.4,24.8,45.8,54.2,65,142,48.4,573,79.3,7.8,0,607,0,1183,84.6,54,351,51.6,610,42.4,502,24.1,41.7,48.8,18.5,26.3,6.3
"López, Reynaldo",625643,2023,"68","66.0",50,8,83,34,29.9,12.2,".207",".336",".307","0.643","0.129","24","6","6","3","7","3.27","22","0",".213",".385",".286",".308",".314",".172",".390",".327","88.1","14.3",9.4,74.9,23,29,48.4,51.6,88,182,51.9,627,82.9,9.2,65,775,365,1205,77,100,435,48.1,581,39.7,479,30.5,51.2,40.3,30.2,21.4,8.2
"Ottavino, Adam",493603,2023,"66","61.2",46,7,62,29,23.8,11.1,".208",".339",".320","0.659","0.131","22","12","3","1","7","3.21","12","0",".209",".330",".294",".293",".322",".120",".319",".290","88.6","7.2",3.7,58.6,16.1,26.7,45.8,54.2,66,144,52.6,539,79.7,7.2,142,597,1,1024,83.9,46,285,47.4,486,39.7,407,26.1,41.9,56.2,24.7,15.4,3.7
"Brito, Jhony",666745,2023,"25","90.1",82,14,72,28,19.4,7.5,".244",".435",".306","0.741","0.191","43","1","0","9","7","4.28","1","13",".247",".440",".318",".327",".312",".194",".371",".313","88.6","14.1",9,67,18,29.5,30,70,64,213,50,723,76.7,7.1,419,711,175,1445,82,87,484,50,722,44,636,21.7,48.2,44.4,29.9,19.4,6.3
"Morton, Charlie",450203,2023,"30","163.1",150,14,183,83,25.6,11.6,".244",".371",".344","0.715","0.127","66","0","0","14","12","3.64","0","30",".244",".403",".318",".330",".345",".158",".391",".347","88.9","9.9",7.8,60.7,18.6,28.2,56.5,43.5,248,439,54.8,1556,71.4,6.7,292,1322,1228,2842,81.4,145,780,45.2,1286,41.2,1170,32.2,42.9,44.2,25.2,26.1,4.6
"Montero, Rafael",606160,2023,"68","67.1",74,11,79,29,26.5,9.7,".279",".479",".356","0.835","0.200","38","1","5","3","3","5.08","10","0",".242",".422",".359",".327",".323",".180",".401",".344","87.9","11.1",9.1,72.3,26.1,29.9,38,62.4,78,205,54.7,686,83.1,5.2,277,800,176,1253,73.9,107,410,45.3,567,47.9,600,30.1,49.1,40.6,27.3,26.2,5.9
"Smith, Will",519293,2023,"60","57.1",44,5,55,17,24.3,7.5,".211",".344",".270","0.614","0.133","28","22","5","2","7","4.40","8","0",".226",".379",".262",".283",".284",".154",".349",".306","88.2","20.4",7.8,69.2,18.7,33.7,47.7,52.3,73,153,52.6,454,74.6,8.2,25,336,502,863,81.3,53,283,47.4,409,43,371,28.9,50.5,30.5,33.1,27.3,9.1
"Moll, Sam",594580,2023,"70","62.1",47,2,68,30,25.4,11.2,".206",".289",".315","0.604","0.083","21","1","3","2","3","3.03","9","1",".199",".284",".265",".264",".310",".085",".296",".282","87.7","7.9",2.5,61.2,16.8,26.5,36.9,63.1,48,130,47.9,491,72.2,7.7,14,623,0,1025,83.2,55,327,52.1,534,42.2,433,22.5,44.6,52.1,23.3,19,5.5
"Woodford, Jake",663765,2023,"15","47.2",61,11,29,22,13.1,9.9,".314",".572",".387","0.959","0.258","33","0","0","2","3","6.23","0","8",".298",".531",".404",".392",".378",".233",".415",".350","92.1","5.8",11.3,66.2,13.4,17.5,25,75,20,80,50.3,457,82.3,6.8,37,569,101,909,86.6,40,299,49.7,452,42.4,385,15.8,41.7,51.2,19.6,25.6,3.6
"Contreras, Roansy",672710,2023,"19","68.1",75,11,55,32,18.2,10.6,".282",".466",".360","0.826","0.184","50","1","0","3","7","6.59","0","11",".274",".456",".357",".354",".355",".182",".394",".346","90.5","15.5",8.4,67.4,16.4,29,47.2,52.8,83,176,53.2,607,88,6.6,44,459,629,1141,83.6,59,360,46.8,534,42.6,486,26.5,47,39.3,29.4,24.8,6.5
"Cobb, Alex",502171,2023,"28","151.1",163,19,131,37,20.3,5.7,".272",".435",".319","0.754","0.163","65","0","0","7","7","3.87","0","28",".273",".446",".325",".333",".322",".172",".392",".350","89.8","1.3",7,61.3,12.8,30.5,37.3,62.7,152,407,53.2,1334,69.9,5.4,971,1001,534,2506,87.2,92,719,46.8,1172,44.2,1107,21.7,44.9,57.8,16.3,24.2,1.7
"Johnson, Pierce",572955,2023,"67","62.2",63,10,90,30,32.5,10.8,".257",".437",".337","0.774","0.180","28","13","3","2","6","4.02","12","0",".233",".379",".335",".305",".315",".147",".409",".366","90.7","13.1",6.4,62.4,17.6,33.3,58.2,41.8,113,194,53.7,582,72.2,6.6,0,382,702,1084,82.4,55,313,46.3,502,41.6,451,33.1,46.8,37.6,22.3,35,5.1
"Senga, Kodai",673540,2023,"29","166.1",126,17,202,77,29.1,11.1,".208",".327",".301","0.628","0.119","55","0","0","12","7","2.98","0","29",".222",".369",".282",".305",".314",".146",".377",".332","89","12.8",6.8,66.8,17.5,27.4,54.3,45.7,229,422,55,1540,81.4,6.3,664,1732,234,2795,82.5,147,842,45,1260,40.6,1138,29.7,45.2,44,24.9,21.8,9.3
"Faedo, Alex",656412,2023,"15","64.2",48,12,58,20,22.1,7.6,".200",".404",".263","0.667","0.204","32","0","0","2","5","4.45","1","12",".222",".419",".287",".303",".283",".197",".354",".291","88.8","18.2",7.7,66.1,14.5,28.2,45.8,54.2,65,142,48.7,504,75,6.2,138,502,394,1034,85.5,51,351,51.3,531,45.7,473,23.5,47.7,36.1,30.6,23,10.4
"Valdez, Framber",664285,2023,"31","198.0",166,19,200,57,24.8,7.1,".228",".365",".290","0.655","0.137","76","0","0","12","11","3.45","0","31",".248",".411",".287",".319",".313",".163",".391",".344","91.5","4.2",8,65.1,13.8,29,56.1,43.9,238,424,49.6,1463,74.7,8.4,461,1486,1003,2952,86.2,134,968,50.4,1488,40.8,1204,26.8,47.2,55.2,18.5,23.9,2.4
"Ortiz, Luis",682847,2023,"18","86.2",99,13,59,48,14.8,12,".288",".448",".372","0.820","0.160","46","0","0","5","5","4.78","0","15",".296",".529",".356",".388",".380",".234",".414",".351","92.4","6.7",10,68.3,14,26.2,41.5,58.5,86,207,54.1,791,72.1,7.6,200,783,478,1462,86,64,458,45.9,671,42.1,615,22.6,45.5,48.5,25.4,24.4,1.7
"Edwards Jr., Carl",605218,2023,"32","31.2",31,1,24,17,16.9,12,".250",".355",".345","0.700","0.105","13","2","2","1","3","3.69","13","0",".260",".358",".309",".316",".354",".098",".331",".323","86.3","10.1",4,68.4,16,30.1,32.3,67.7,30,93,54.7,309,68.3,7.3,133,362,70,565,84,28,175,45.3,256,45,254,21.6,47.4,45,23,28,4
"Smith, Drew",622098,2023,"62","56.1",50,7,60,29,24.6,11.9,".240",".442",".344","0.786","0.202","26","3","2","4","6","4.15","12","0",".221",".398",".341",".323",".329",".178",".366",".309","89.5","22.7",10.7,71.3,22.2,26.2,34.6,65.4,54,156,55,595,83.1,6,101,664,317,1082,77.8,77,347,45,487,41.6,450,26,46.5,30.7,37.3,22,10
"Jax, Griffin",643377,2023,"71","65.1",58,5,68,19,24.8,6.9,".232",".344",".297","0.641","0.112","28","4","7","6","10","3.86","23","0",".212",".315",".283",".265",".279",".102",".311",".292","86.8","6.9",3.3,62.8,17.1,31.4,48.1,51.9,74,154,46.8,490,75,7.3,93,401,1,1047,82.9,60,350,53.2,557,43.9,460,26.6,48.1,56.8,17.5,19.7,6
"Rucinski, Drew",607968,2023,"4","18.0",27,5,6,14,6.3,14.7,".346",".603",".442","1.045","0.257","18","0","0","0","4","9.00","0","4",".310",".502",".439",".404",".422",".192",".377",".337","88.6","13.1",9.5,59.4,9.2,23.8,50,50,22,44,52.9,185,82.8,8.3,27,192,131,350,90.8,9,98,47.1,165,42.3,148,21.8,40.6,43.2,28.4,23,5.4
"Reyes, Denyi",660593,2023,"9","19.2",25,3,17,8,18.9,8.9,".309",".481",".378","0.859","0.172","17","0","0","0","2","7.78","1","3",".281",".438",".372",".347",".354",".157",".391",".357","86.1","12.3",7.8,74.2,20.5,32.3,30,70,18,60,51.1,186,88.9,4.9,55,227,82,364,79.5,27,132,48.9,178,45.3,165,23.4,52.7,40.6,23.4,29.7,6.3
"Lugo, Seth",607625,2023,"26","146.1",140,19,140,36,23.2,6,".249",".412",".296","0.708","0.163","58","0","0","8","7","3.57","0","26",".256",".447",".306",".323",".304",".191",".395",".340","90.7","9.9",9.6,64.8,14.5,25.9,42.2,57.8,124,294,47.7,1133,74.4,9,139,1231,885,2377,85.5,117,806,52.3,1244,42.5,1010,21.9,46.3,45.4,24.2,26.4,4
"Kikuchi, Yusei",579328,2023,"32","167.2",165,27,181,48,25.9,6.9,".255",".426",".311","0.737","0.171","72","0","0","11","6","3.86","0","32",".245",".436",".319",".318",".301",".191",".400",".340","90.5","13.3",9,67,18.5,29.6,50.4,49.6,206,409,49,1381,78.5,8.4,257,1284,1274,2818,81.5,178,963,51,1437,43.5,1227,28,48.7,40,25.5,26.1,8.4
"Wheeler, Zack",554430,2023,"32","192.0",168,20,212,39,26.9,5,".229",".364",".274","0.638","0.135","77","0","0","13","6","3.61","0","32",".227",".356",".277",".278",".274",".129",".352",".319","86.9","14.2",5.1,70.6,20.2,32.1,46.9,53.1,239,510,50.3,1587,80.6,6.9,13,2394,361,3155,79.8,224,1107,49.7,1568,44.4,1402,28.6,51.3,41.2,26,23.7,9.1
"Bolton, Cody",675989,2023,"16","21.1",30,3,22,15,20.6,14,".333",".522",".434","0.956","0.189","15","0","0","1","0","6.33","1","0",".295",".498",".414",".391",".402",".203",".447",".392","92.6","8.8",10.1,69.7,15,19.3,46.9,53.1,23,49,55.8,254,90.9,7.3,75,249,0,455,85,21,140,44.2,201,44.2,201,23.3,41.5,39.1,21.7,37.7,1.4
"Harrison, Kyle",690986,2023,"7","34.2",29,8,35,11,23.8,7.5,".221",".458",".299","0.757","0.237","16","0","0","1","1","4.15","0","7",".234",".443",".324",".326",".311",".210",".386",".317","89.4","18.3",9.3,63.6,18.8,27.6,35.4,64.6,28,79,48.6,286,81.8,9.4,64,368,0,588,81.3,36,192,51.4,302,43.9,258,23.6,46.1,27.8,36.1,26.8,9.3
"Teheran, Julio",527054,2023,"14","71.2",68,13,50,13,17.4,4.5,".254",".466",".296","0.762","0.212","35","0","0","3","5","4.40","0","11",".263",".469",".324",".335",".308",".206",".382",".325","89.8","14.7",10,68.9,16,27.1,32.2,67.8,47,146,49.8,538,83.1,8.2,127,829,124,1080,84,60,374,50.2,543,44,476,20.6,48.1,40.7,27.1,25.3,6.8
"Thornton, Trent",663423,2023,"27","31.1",30,5,26,6,20.8,4.8,".252",".437",".288","0.725","0.185","7","0","1","1","2","2.01","4","1",".225",".371",".310",".275",".263",".146",".324",".288","85.9","14.9",4.3,64.5,16.7,28.7,35.5,64.5,22,62,47.2,216,76.7,9.4,0,207,93,458,83.3,26,156,52.8,242,41.9,192,22,47.6,39.8,30.1,21.5,8.6
"Ferrer, Jose A.",678606,2023,"39","34.0",37,4,25,13,17.6,9.2,".289",".422",".359","0.781","0.133","19","0","2","3","0","5.03","5","0",".254",".361",".338",".301",".327",".108",".328",".315","87.8","5.4",2.9,67,14.1,26.3,29.2,70.8,21,72,49,274,71.7,10.7,133,416,10,559,85.9,27,191,51,285,38.8,217,18.3,47,55.3,17.5,22.3,4.9
"Nogosek, Stephen",668665,2023,"13","25.2",28,6,25,14,21.2,11.9,".280",".530",".373","0.903","0.250","16","0","0","0","1","5.61","0","0",".247",".486",".382",".357",".346",".239",".401",".323","89.7","15.3",11.7,67.4,19.9,20,35.8,64.2,19,53,54.2,265,71.4,8.6,20,378,8,489,80.1,30,151,45.8,224,38.2,187,24,41.7,37.7,31.2,24.7,6.5
"Garrett, Braxton",666129,2023,"31","159.2",154,20,156,29,23.7,4.4,".250",".420",".294","0.714","0.170","65","0","0","9","7","3.66","0","30",".271",".444",".307",".328",".315",".173",".407",".362","90.2","7.4",7.8,63.2,13.6,31.2,49.1,50.9,190,387,50,1240,69.3,7.1,218,1412,849,2479,86.4,107,784,50,1240,42.4,1051,25.4,47.2,49,20.5,26.6,3.9
"Naile, James",664942,2023,"10","15.1",27,1,7,9,8.8,11.3,".380",".479",".450","0.929","0.099","15","0","0","0","0","8.80","1","0",".359",".483",".408",".402",".431",".124",".404",".398","91.9","5.4",3.1,64.7,10.2,22,29,71,9,31,45.8,141,76,8.1,11,178,119,308,89.8,11,108,54.2,167,40.9,126,14.4,45.1,54.7,10.9,31.3,3.1
"Anderson, Chase",502624,2023,"19","86.1",90,17,64,33,17.2,8.9,".274",".474",".350","0.824","0.200","52","1","0","1","6","5.42","0","17",".253",".440",".355",".337",".334",".187",".364",".314","87.4","16.3",8.2,69.8,17.7,25.2,31.1,68.9,60,193,52.9,766,79.6,6.4,332,938,64,1447,82.3,84,475,47.1,681,42.2,610,21.6,46.2,36.2,34.7,23.9,5.2
"Brasier, Ryan",518489,2023,"59","59.2",42,3,56,20,23.4,8.4,".197",".282",".272","0.554","0.085","20","2","1","3","0","3.02","11","0",".227",".348",".248",".292",".305",".122",".338",".312","89.5","12.8",3.8,70.7,17.6,31.9,41.7,58.3,60,144,50.1,452,83.3,8,0,583,319,902,82.4,56,318,49.9,450,41,370,25.1,51.2,44.4,23.8,23.8,8.1
"Anderson, Nick",623433,2023,"35","35.1",30,3,36,9,25.5,6.4,".229",".366",".277","0.643","0.137","12","1","2","4","0","3.06","15","0",".231",".401",".279",".293",".279",".170",".366",".317","90.8","15.9",9.4,63.6,19.6,29.5,48.6,51.4,36,74,45.8,251,74.5,8.6,0,274,274,548,80.4,37,189,54.2,297,38.3,210,27.8,48,40.6,21.9,26,11.5
"Weissert, Greg",669711,2023,"17","20.0",21,3,22,8,25.3,9.2,".273",".416",".349","0.765","0.143","9","0","0","0","0","4.05","2","0",".252",".411",".336",".326",".331",".158",".395",".353","91.1","11.1",7.1,65.5,23.7,20.9,41.7,58.3,15,36,49.7,172,79.3,8.4,21,230,0,347,76.3,27,114,50.3,174,39,135,28,43.2,50,25,21.4,3.6
"Thompson, Mason",666168,2023,"51","54.0",62,4,44,22,18.3,9.2,".294",".417",".368","0.785","0.123","33","1","3","4","4","5.50","10","0",".254",".397",".345",".328",".337",".144",".357",".323","86.6","7.2",5.3,61.5,13.2,25.7,42.5,57.5,48,113,49.2,440,73.5,7.6,2,563,330,895,86.8,37,280,50.8,455,38.9,348,21.6,43.9,50.6,21.2,21.8,6.5
"Garrett, Amir",607237,2023,"27","24.1",22,4,28,20,25,17.9,".244",".422",".378","0.800","0.178","9","0","0","0","1","3.33","0","0",".212",".374",".354",".338",".359",".162",".376",".314","90.6","14.8",9.4,65.6,22.7,23,35,65,21,60,54.8,261,77.8,5.7,0,264,212,476,77.3,32,141,45.2,215,43.9,209,26.4,42.2,48.4,31.3,18.8,1.6
"Suárez, Andrew",605498,2023,"13","27.2",33,7,17,15,13.1,11.5,".287",".557",".369","0.926","0.270","22","0","0","0","0","7.16","0","0",".273",".493",".392",".366",".357",".220",".379",".320","90.4","15.9",8.2,67.7,13.2,23.8,38.3,61.7,23,60,48.4,252,81.8,10.6,95,250,176,521,86.8,24,182,51.6,269,41.5,216,19.4,46.4,41.8,31.6,17.3,9.2
"Fleming, Josh",676596,2023,"12","51.2",56,9,25,19,11.3,8.6,".281",".467",".339","0.806","0.186","27","0","0","2","0","4.70","1","3",".292",".468",".342",".354",".351",".177",".371",".331","90.7","-0.3",5.6,68,11.3,27.5,33,67,37,112,53.6,407,72.4,3.8,220,371,168,759,88.8,27,240,46.4,353,47.1,358,18.2,46.4,61.6,15.3,20.3,2.8
"Jansen, Kenley",445276,2023,"51","44.2",40,5,52,17,27.7,9,".237",".379",".314","0.693","0.142","18","29","4","3","6","3.63","0","0",".202",".355",".303",".280",".283",".153",".340",".292","89.8","28.6",6.8,70.2,23.6,31.3,42.9,57.1,45,105,46.5,335,83.1,9,0,635,86,721,76.4,64,271,53.5,386,42.4,306,29,52.1,21.4,37.6,23.1,17.9
"Shaw, Bryan",543766,2023,"38","45.2",39,3,40,17,21.1,8.9,".235",".337",".326","0.663","0.102","21","4","1","0","0","4.14","4","0",".231",".356",".299",".305",".323",".125",".329",".303","88.3","11.8",3.9,68.2,16.9,23.2,41.8,58.2,38,91,50.8,393,79.2,6.2,21,489,108,774,83.1,44,260,49.2,381,42.6,330,23.4,45.3,40.2,26.8,26,7.1
"Priester, Quinn",682990,2023,"10","50.0",58,12,36,27,15.4,11.5,".290",".555",".378","0.933","0.265","43","0","0","3","3","7.74","0","8",".291",".479",".394",".373",".380",".188",".395",".351","89.7","4.6",8.3,64,14.3,25.9,44.7,55.3,51,114,50.9,441,70.4,6.2,92,459,315,866,85.7,39,272,49.1,425,41.5,359,23.3,44.6,53,17.9,23.2,6
"Alzolay, Adbert",640470,2023,"58","64.0",52,5,67,13,26.5,5.1,".225",".333",".278","0.611","0.108","19","22","3","2","5","2.67","7","0",".242",".374",".269",".295",".295",".132",".370",".338","89.4","12.9",6,69.2,19.2,31.5,49.7,50.3,72,145,47.7,460,81,10.4,5,466,448,962,80.8,67,349,52.3,504,40.2,388,28.1,51.4,43.5,23.8,26.8,6
"Williams, Devin",642207,2023,"61","58.2",26,4,87,28,37.7,12.1,".129",".218",".238","0.456","0.089","10","36","4","8","3","1.53","0","0",".168",".289",".214",".255",".273",".121",".341",".297","85.9","8.9",7,66.7,31.2,32.5,57.5,42.5,103,179,58,550,68.4,4,549,399,0,948,68.8,83,266,42,399,46.3,439,41.8,46.9,47.8,22.6,26.1,3.5
"Llovera, Mauricio",661440,2023,"30","35.0",36,3,29,15,18.1,9.4,".259",".374",".344","0.718","0.115","19","0","2","2","3","4.89","0","0",".267",".439",".312",".341",".354",".173",".378",".336","89.5","9.1",6.3,60.7,14.6,21.6,27.9,72.1,17,61,45.6,283,83.3,9.7,0,410,211,621,85.4,30,205,54.4,338,41.9,260,17.7,42.8,49.1,20.5,23.2,7.1
"Sandoval, Patrick",663776,2023,"28","144.2",145,12,128,74,19.6,11.3,".256",".374",".344","0.718","0.118","66","0","0","7","13","4.11","0","28",".256",".403",".318",".331",".347",".147",".365",".332","87.6","9.4",7,65.8,18.7,29.1,46.2,53.8,184,398,52.3,1370,84.3,7.1,675,959,919,2620,81.3,154,822,47.7,1250,41.7,1093,27.7,46.6,47,18.9,27.9,6.3
"Kelly, Kevin",687330,2023,"57","67.0",53,2,56,15,20.3,5.4,".211",".307",".283","0.590","0.096","23","1","1","5","2","3.09","12","0",".230",".339",".264",".284",".300",".109",".313",".296","87","10.3",3.6,62.3,17.2,25.9,35.3,64.7,47,133,48.2,514,72.2,9.1,0,630,0,1066,82.8,59,344,51.8,552,40.7,434,22.2,44.7,48.2,19,25.1,7.7
"De los Santos, Yerry",660787,2023,"22","24.1",17,1,18,13,17.3,12.5,".193",".295",".298","0.593","0.102","9","0","0","1","1","3.33","3","0",".225",".351",".257",".297",".329",".126",".310",".280","88.1","2.1",5.6,67.7,11.5,24.9,29.4,70.6,15,51,51.6,205,77.1,8.8,70,244,83,397,88.5,15,130,48.4,192,42.3,168,16.6,45.6,55.6,20.8,19.4,4.2
"Eflin, Zach",621107,2023,"31","177.2",158,19,186,24,26.5,3.4,".235",".379",".264","0.643","0.144","69","0","0","16","8","3.50","0","31",".218",".382",".276",".271",".248",".165",".351",".301","87.5","9.1",9,64.4,17,34,38.8,61.2,163,420,47.9,1234,76.7,6.8,131,1654,686,2577,83,147,865,52.1,1343,46.3,1192,24.1,49.9,50.4,22,20.2,7.3
"Adon, Joan",672851,2023,"12","51.2",60,8,48,24,20,10,".284",".483",".364","0.847","0.199","37","0","0","2","4","6.45","0","10",".273",".485",".361",".358",".354",".212",".412",".352","91.1","13.9",11.5,67.9,15.3,29,35.7,64.3,50,140,52.2,482,75.4,7.5,140,491,293,924,84.7,46,300,47.8,442,41.6,384,21.8,47.6,38.2,26.1,28.5,7.3
"Díaz, Alexis",664747,2023,"71","67.1",44,4,86,36,30.1,12.6,".186",".280",".317","0.597","0.094","23","37","3","9","6","3.07","2","0",".190",".297",".279",".288",".322",".107",".327",".298","89.8","18",6.5,71,26.2,27.8,52.5,47.5,94,179,55.5,645,81.3,6.9,0,564,598,1162,73.8,96,367,44.5,517,39.1,454,34.8,47,39.6,27.3,21.4,11.7
"Schmidt, Clarke",657376,2023,"33","159.0",169,24,149,46,21.5,6.6,".268",".451",".326","0.777","0.183","82","0","0","9","9","4.64","0","32",".252",".420",".334",".320",".312",".168",".373",".327","89.2","13.8",7.6,63.8,13,29.7,44.7,55.3,177,396,49.1,1333,74.9,8.2,40,1411,517,2712,87,114,880,50.9,1380,41.2,1118,22.8,47.1,43.6,24.6,23.8,8
"Lynch IV, Daniel",663738,2023,"9","52.1",50,9,34,16,15.2,7.2,".245",".426",".300","0.726","0.181","27","0","0","3","4","4.64","0","9",".265",".467",".312",".339",".320",".202",".370",".315","88.2","18.7",7.6,70,15.1,29.2,45.5,54.5,56,123,52.1,421,75.8,7.7,226,362,220,808,84.9,41,271,47.9,387,44.6,360,24.6,48.8,39.5,32.6,16.9,11
"Banks, Tanner",621383,2023,"32","61.0",59,10,51,16,20,6.3,".254",".474",".310","0.784","0.220","30","1","1","1","4","4.43","1","3",".250",".453",".331",".325",".307",".203",".375",".317","90.3","16.9",9.2,68.2,19.4,22.9,42.3,57.7,47,111,48.2,485,73.6,9,166,384,306,1007,80.6,69,356,51.8,522,39.9,402,24.8,46.4,37,33.2,24.5,5.4
"Zastryzny, Rob",642239,2023,"21","20.2",24,1,15,13,15.5,13.4,".293",".402",".389","0.791","0.109","11","0","1","1","0","4.79","2","1",".260",".391",".349",".333",".361",".131",".342",".318","87.7","17.1",5.8,66.8,20.3,26.2,40,60,20,50,49,191,75.8,8.5,55,226,0,389,79.7,27,133,51,199,40.5,158,25.7,47,40.6,15.9,24.6,18.8
"Leclerc, José",600917,2023,"57","57.0",37,5,67,28,28.8,12,".183",".292",".288","0.580","0.109","17","4","5","0","2","2.68","8","0",".183",".337",".261",".277",".288",".154",".326",".272","85.9","25.1",8.1,72.2,24.6,31.6,52.7,47.3,97,184,59.6,582,86.4,4.5,130,538,309,977,75.4,70,285,40.4,395,41.5,405,35.6,48,28.7,35.3,19.9,16.2
"García, Luis",472610,2023,"61","59.2",59,6,53,24,19.9,9,".252",".372",".336","0.708","0.120","27","0","3","2","3","4.07","10","0",".252",".362",".313",".313",".337",".111",".343",".325","87.1","-1.1",4.9,68.8,15.2,28.5,47.4,52.6,72,152,52.8,533,76.8,6.8,82,579,5,1010,84.8,50,328,47.2,477,38.4,388,25.4,47.5,60.9,15.8,21.7,1.6
"Whitlock, Garrett",676477,2023,"22","71.2",82,13,72,13,23.7,4.3,".288",".502",".323","0.825","0.214","41","1","1","5","5","5.15","3","10",".268",".466",".350",".330",".305",".198",".413",".356","90","11.8",10.2,68.5,17.5,32.3,53.3,46.7,98,184,47.7,570,81.3,9,288,632,2,1195,82.5,75,428,52.3,625,42.1,503,28.3,51.2,44,25.9,24.5,5.6
"Scott, Tayler",605463,2023,"18","17.2",23,3,17,10,19.3,11.4,".311",".568",".409","0.977","0.257","11","0","2","0","0","5.60","0","2",".240",".463",".407",".349",".352",".224",".384",".310","91.5","12.9",12.1,67.5,15.4,27.2,44,56,22,50,54.4,184,76,7.4,38,140,0,338,84.6,16,104,45.6,154,38.5,130,24.7,45.6,37.9,36.2,22.4,3.4
"Luzardo, Jesús",666200,2023,"32","178.2",162,22,208,55,28.1,7.4,".239",".409",".301","0.710","0.170","71","0","0","10","10","3.58","0","32",".230",".416",".307",".307",".293",".186",".394",".332","89.5","14.5",9.5,67.7,19.7,31.3,54.2,45.8,266,491,52.6,1571,77.6,6.9,626,1499,863,2988,80.3,189,960,47.4,1418,42.2,1260,31.4,48.6,41.1,28.6,21.6,8.7
"Marte, Yunior",628708,2023,"40","39.1",47,6,38,17,20.9,9.3,".288",".460",".357","0.817","0.172","22","2","2","1","1","5.03","2","0",".255",".424",".354",".330",".329",".169",".378",".333","87.1","11.6",7.9,66.4,17.5,29.9,40.4,59.6,44,109,52,364,73.3,6.4,0,392,308,700,82.5,39,223,48,336,42.1,295,25,47.4,50,21.4,20.6,7.9
"Bibee, Tanner",676440,2023,"25","142.0",122,13,141,45,24.1,7.7,".230",".353",".295","0.648","0.123","47","0","0","10","4","2.98","0","25",".232",".383",".285",".298",".297",".150",".354",".315","88.9","16.6",6.1,67.4,19.9,27.4,41.8,58.2,135,323,50.6,1178,75.9,7.3,386,1724,216,2326,80.1,154,774,49.4,1148,43.9,1020,26.3,47.2,37.3,28.4,26.1,8.1
"Bruihl, Justin",677865,2023,"27","28.0",28,2,22,11,18.2,9.1,".267",".410",".347","0.757","0.143","17","0","0","1","0","5.46","1","0",".266",".418",".325",".332",".350",".153",".366",".334","90.2","10.1",5.9,67,13.4,26.5,50,50,30,60,51.6,226,80.6,8.2,0,301,0,438,86.6,19,142,48.4,212,39,171,24.3,46.1,49.4,21.2,25.9,3.5
"Vines, Darius",670241,2023,"5","20.1",15,3,14,7,16.7,8.3,".203",".419",".274","0.693","0.216","9","0","0","1","0","3.98","1","2",".217",".418",".294",".307",".290",".201",".326",".264","86.7","18.4",8.1,70.4,17.9,24,47.2,52.8,17,36,48.5,150,85.7,6.8,76,206,26,308,82.1,20,112,51.5,159,46,142,25,48.1,40.3,32.3,17.7,9.7
"Moreta, Dauri",664294,2023,"55","58.0",39,4,76,24,31.8,10,".187",".330",".276","0.606","0.143","24","1","2","5","2","3.72","5","0",".183",".334",".267",".269",".273",".151",".337",".282","86.7","13.3",8.1,65.5,24.7,23.9,57.8,42.2,67,116,50.5,486,72.1,8.9,85,254,623,962,75.3,77,312,49.5,476,37.8,364,33.6,44.5,40.4,24.3,24.3,11
"Ortiz, Luis",656814,2023,"14","19.0",23,1,16,5,20,6.3,".311",".446",".354","0.800","0.135","7","1","0","0","0","3.32","0","0",".261",".381",".347",".304",".308",".120",".354",".334","87.3","4.8",3.4,66.7,18.1,24,30,70,9,30,41.8,125,81.5,9,17,128,41,299,81.9,21,116,58.2,174,40.5,121,20.5,48.8,52.5,18.6,25.4,3.4
"Beck, Tristan",663941,2023,"33","85.0",83,10,68,21,19.2,5.9,".252",".388",".300","0.688","0.136","37","2","1","3","3","3.92","4","3",".241",".401",".298",".298",".290",".160",".344",".303","88.1","14.9",7.6,68.6,16.4,28.9,41.5,58.5,76,183,48.8,633,73.7,7.3,5,476,532,1298,83.6,75,456,51.2,665,43.3,562,23.6,49.2,41.8,28.9,22.1,7.2
"Cabrera, Génesis",650893,2023,"61","55.2",49,8,58,24,24.3,10,".232",".408",".315","0.723","0.176","25","0","3","2","1","4.04","11","0",".226",".420",".311",".313",".310",".195",".373",".310","91.4","17.1",11.6,71.4,22.3,30.3,45.7,54.3,69,151,52.7,499,84.8,8.4,39,781,126,946,77.7,71,319,47.3,447,39.2,371,29.8,49.7,38.7,31,22.6,7.7
"Barnes, Matt",598264,2023,"24","21.1",25,2,20,10,20.2,10.1,".284",".386",".364","0.750","0.102","13","0","1","1","0","5.48","3","1",".275",".400",".330",".332",".356",".125",".375",".356","89.2","10",5.9,58.3,5.9,25.3,47.4,52.6,27,57,56.3,225,75,6,24,182,194,400,94.1,6,102,43.8,175,43.5,174,20.8,39.8,50,14.7,26.5,8.8
"Cortes, Nestor",641482,2023,"12","63.1",59,11,67,20,25.2,7.5,".244",".442",".308","0.750","0.198","35","0","0","5","2","4.97","0","12",".214",".398",".323",".298",".283",".184",".359",".296","89.6","26.6",7.4,70.7,20.3,26.1,36.1,63.9,48,133,47.7,509,76,7,30,869,21,1068,79.7,80,395,52.3,559,46.8,500,24.2,49.4,26.1,36.4,21.6,15.9
"Henry, Tommy",674072,2023,"17","89.0",86,12,64,35,16.8,9.2,".251",".418",".328","0.746","0.167","41","0","0","5","4","4.15","0","16",".244",".414",".324",".321",".321",".170",".344",".300","87.9","16.8",7.6,68.1,15.4,30.8,36.5,63.5,81,222,51.8,721,75.5,7,268,681,442,1391,84.6,70,456,48.2,670,43.5,605,22.3,48.7,36.7,29.5,24.5,9.4
"Skubal, Tarik",669373,2023,"15","80.1",58,4,102,14,32.9,4.5,".199",".298",".242","0.540","0.099","25","0","0","7","3","2.80","0","15",".194",".293",".238",".237",".239",".099",".322",".299","88.5","8.7",4.2,69.4,23.1,33.5,51.3,48.7,96,187,45.8,558,81.5,7.6,297,586,335,1218,76.9,106,458,54.2,660,44.9,547,31.3,53,51.8,19.4,19.9,8.9
"Greene, Hunter",668881,2023,"22","112.0",111,19,152,48,30.5,9.6,".253",".477",".337","0.814","0.224","60","0","0","4","7","4.82","0","22",".213",".389",".349",".303",".301",".176",".386",".324","90.1","17.4",9,70.3,22.6,29.4,48.7,51.3,154,316,51.6,1076,79.2,7.1,108,1139,840,2089,77.4,161,711,48.4,1011,44.3,924,30.7,49.2,35.9,35.5,22.1,6.6
"Rom, Drew",680723,2023,"8","33.2",51,7,32,19,18.8,11.2,".340",".613",".412","1.025","0.273","30","0","0","1","4","8.02","0","8",".273",".520",".431",".372",".352",".248",".420",".344","91.3","13.7",12.6,63.5,11.7,21.9,40,60,28,70,47.7,320,77.2,8.5,53,459,0,671,88.3,26,223,52.3,351,41.6,279,18.4,43.7,39.5,31.9,21.8,6.7
"Thompson, Ryan",657044,2023,"31","30.2",20,3,21,8,17.4,6.6,".185",".324",".267","0.591","0.139","13","1","3","1","2","3.82","8","0",".197",".349",".264",".279",".278",".152",".288",".245","86.9","5",5.7,61.5,10.2,24.4,40,60,20,50,46.2,205,66.7,10.1,1,291,152,444,89.8,15,147,53.8,239,38.5,171,17.8,44.4,62.5,20.5,10.2,6.8
"Hunter, Tommy",488984,2023,"14","23.2",28,6,20,5,18.9,4.7,".286",".541",".330","0.871","0.255","18","0","0","0","1","6.85","1","0",".248",".525",".367",".345",".296",".276",".401",".309","88.6","6.4",12.7,70.9,16.4,30.9,21.8,78.2,12,55,48.5,178,87.5,6.5,27,288,52,367,83.6,22,134,51.5,189,46,169,18,51.5,46.8,34.2,16.5,2.5
"Bielak, Brandon",656232,2023,"15","80.0",86,12,62,36,17.6,10.2,".277",".460",".361","0.821","0.183","34","0","0","5","6","3.83","0","13",".263",".462",".357",".353",".349",".200",".384",".329","90.5","8.8",10.4,66.7,15.9,26.8,40.1,59.9,81,202,54.4,755,73.7,6.8,344,725,154,1388,84.1,67,422,45.6,633,40.7,565,23.7,45,51.2,22.4,22,4.4
"Leone, Dominic",608678,2023,"51","54.0",49,14,54,28,23,11.9,".244",".507",".336","0.843","0.263","28","1","0","1","3","4.67","3","0",".243",".470",".352",".347",".340",".227",".408",".330","89.7","14.7",11.9,74.4,21.6,32.4,56.2,43.8,91,162,56.4,500,86,6.4,0,621,265,886,78.4,62,287,43.6,386,42.3,375,34.1,50.7,37.1,34.4,24.5,4
"Irvin, Cole",608344,2023,"24","77.1",78,11,68,21,20.2,6.3,".256",".420",".315","0.735","0.164","38","0","0","1","4","4.42","1","12",".276",".491",".318",".356",".336",".216",".417",".354","88.5","12.2",10.8,68.3,14.8,30.6,35.9,64.1,66,184,47.3,602,75.2,8.9,269,822,182,1273,85.2,68,459,52.7,672,45.1,574,20.8,50.5,41.7,28.3,23.8,6.3
"Cease, Dylan",656302,2023,"33","177.0",172,19,214,79,27.3,10.1,".250",".405",".332","0.737","0.155","90","0","0","7","9","4.58","0","33",".239",".386",".321",".314",".324",".148",".386",".345","90","15.4",6.2,68.6,18.7,28.2,55.5,44.5,281,506,55.1,1796,76.9,6.9,99,1408,1755,3262,81.3,188,1005,44.9,1466,38.7,1264,31,46.3,36.8,27.2,27.9,8.1
"Snider, Collin",676092,2023,"20","20.1",24,3,11,13,11.6,13.7,".296",".469",".389","0.858","0.173","11","1","1","0","0","4.87","3","1",".280",".431",".373",".355",".376",".151",".348",".320","86.6","5.9",4.2,63.2,11.1,19.9,35.9,64.1,14,39,53.4,196,63.6,6,1,233,88,367,88.9,12,108,46.6,171,39.5,145,17.7,40.1,53.5,22.5,18.3,5.6
"Cisnero, José",542585,2023,"63","59.1",63,10,70,25,26.2,9.4,".270",".446",".351","0.797","0.176","35","2","2","3","4","5.31","14","0",".247",".432",".344",".332",".332",".185",".410",".352","90.1","14.3",9.6,70.1,20.6,25.3,39.2,60.8,47,120,48.1,474,86.5,7.5,97,694,195,986,79.4,74,359,51.9,512,42.5,419,25.3,48.6,44,19.3,23.5,13.3
"Ureña, José",570632,2023,"10","44.2",50,13,29,22,14.3,10.8,".284",".597",".361","0.958","0.313","32","0","0","0","7","6.45","0","10",".266",".506",".398",".364",".347",".240",".384",".314","90.2","10.6",10.6,68.7,16.7,30.1,30.8,69.2,40,130,56,432,79.5,5.1,187,389,195,771,83.3,39,233,44,339,45.1,348,21.8,47.1,48.3,29.8,19.2,2.6
"Smyly, Drew",592767,2023,"41","142.1",147,26,141,56,22.5,8.9,".265",".478",".335","0.813","0.213","79","0","2","11","11","5.00","1","23",".238",".404",".348",".313",".312",".166",".361",".315","87.6","19.2",7.3,64.4,17.9,31.8,42.7,57.3,177,415,54.4,1307,75,7,0,1214,1187,2401,82.1,126,705,45.6,1094,43.1,1034,27.1,46.6,35.9,28.1,24.3,11.6
"Blackburn, Paul",621112,2023,"21","103.2",117,11,104,43,22.4,9.3,".286",".435",".352","0.787","0.149","51","0","1","4","7","4.43","0","20",".259",".414",".340",".325",".331",".155",".380",".343","87.2","12.2",5.8,66.3,13.3,29.8,41.9,58.1,132,315,56.4,1057,74.3,6,209,1106,219,1875,86.7,72,542,43.6,817,43.7,819,23.8,45.7,41.5,23.6,29.4,5.4
"Greinke, Zack",425844,2023,"30","142.1",158,25,97,23,16.4,3.9,".282",".467",".312","0.779","0.185","80","0","0","2","15","5.06","0","27",".286",".484",".332",".345",".318",".199",".395",".344","89.6","11.9",7.7,66.4,10.5,27.9,32.9,67.1,104,316,51,1132,75.6,7.8,367,1095,756,2219,89.5,76,722,49,1087,42.5,942,17.3,46.8,43.7,25.8,25.2,5.3
"Hernández, Jonathan",642546,2023,"33","31.2",35,4,34,15,23.1,10.2,".280",".432",".370","0.802","0.152","19","0","4","1","2","5.40","10","0",".239",".427",".348",".339",".342",".189",".393",".333","88.6","10.9",10.6,63.5,17.1,28,54.1,45.9,46,85,55,304,73.2,7.4,54,257,242,553,82.9,27,158,45,249,39.6,219,30,43.9,53.2,20.2,19.1,7.4
"Moore, Matt",519043,2023,"50","52.2",46,7,60,15,27.5,6.9,".232",".399",".295","0.694","0.167","15","0","3","5","1","2.56","22","0",".212",".372",".296",".282",".279",".160",".359",".306","88.4","16.4",7.9,71.5,21.2,34.9,42.2,57.8,62,147,50.7,421,81.5,7.8,260,399,172,842,78.8,62,293,49.3,410,43,357,28.2,53.1,35,33.6,22.9,8.6
"Perdomo, Angel",622780,2023,"30","29.0",21,3,44,11,37.6,9.4,".208",".366",".304","0.670","0.158","12","0","0","3","2","3.72","6","0",".183",".322",".287",".261",".282",".139",".378",".324","88.2","19.9",11.9,65.8,27.2,22.9,48.1,51.9,25,52,46.3,227,68.5,11,34,302,153,489,72.8,47,173,53.7,263,43.3,212,32,46,37.3,32.2,22,8.5
"Cox, Austin",680735,2023,"24","35.2",28,2,33,17,22.1,11.4,".220",".339",".315","0.654","0.119","18","1","0","0","1","4.54","5","3",".255",".395",".291",".337",".353",".141",".381",".346","90.5","16.9",7.2,65.1,22.1,22.7,44.6,55.4,29,65,49.5,286,71.4,6.1,88,393,97,578,77.9,42,190,50.5,292,45.2,261,27.8,44.1,37.1,29.9,27.8,5.2
"Corbin, Patrick",571578,2023,"32","180.0",210,33,124,57,15.7,7.2,".293",".481",".344","0.825","0.188","104","0","0","10","15","5.20","0","32",".298",".520",".353",".373",".351",".222",".417",".358","90.7","11.7",9.3,65.4,11.8,27.1,43.1,56.9,176,408,51.5,1506,72.2,7.6,186,1711,1025,2922,88.2,109,926,48.5,1416,44.4,1297,21.4,45.7,45.3,25.3,24.5,5
"Brown, Hunter",686613,2023,"31","155.2",157,26,178,55,26.8,8.3,".262",".456",".332","0.788","0.194","88","0","0","11","13","5.09","0","29",".235",".416",".340",".318",".309",".181",".394",".335","90.8","6.9",10.9,65.3,14.8,27.5,48.5,51.5,182,375,50.1,1362,74.3,7.7,130,1898,648,2720,85.2,131,887,49.9,1358,41.9,1141,24.8,46.4,52.2,22.2,20.8,4.7
"Duarte, Daniel",650960,2023,"31","31.2",24,5,23,20,16.9,14.7,".211",".360",".331","0.691","0.149","13","1","0","3","0","3.69","2","0",".190",".312",".310",".291",".317",".123",".272",".240","85.6","12.6",4.3,70.5,18.7,25,40.8,59.2,29,71,49.7,284,87.5,8.4,39,429,104,572,81.3,38,203,50.3,288,40.9,234,24.5,47.9,50,22.8,15.2,12
"Stripling, Ross",548389,2023,"22","89.0",104,20,70,16,18.4,4.2,".287",".497",".320","0.817","0.210","53","0","0","0","5","5.36","0","11",".287",".507",".348",".357",".323",".220",".421",".358","89.5","10.8",10.2,70.1,20.5,26.1,32.4,67.6,61,188,49.6,721,79.2,6.6,368,540,545,1453,79.5,105,513,50.4,732,48.4,703,23.7,48.2,44.4,23.5,28,4.1
"Farmer, Buck",571656,2023,"71","75.0",58,11,70,29,22.7,9.4,".214",".402",".296","0.698","0.188","35","3","6","4","5","4.20","10","0",".216",".410",".303",".310",".300",".195",".354",".290","87.8","19.8",8.7,66.9,23.2,28.9,45.2,54.8,84,186,52.6,643,71.1,7.4,281,527,414,1222,76.8,90,388,47.4,580,44.5,544,30.3,47,33.5,32.5,20.4,13.6
"Wicks, Jordan",696136,2023,"7","34.2",33,5,24,11,16.3,7.5,".252",".435",".306","0.741","0.183","17","0","0","4","1","4.41","0","7",".251",".407",".317",".312",".308",".156",".342",".306","88.1","7.4",6.3,68.4,14,29.7,39.4,60.6,39,99,57.1,333,77.4,5.3,173,337,73,583,86,24,171,42.9,250,44.4,259,23.3,46.3,50,21.4,25,3.6
"Woo, Bryan",693433,2023,"18","87.2",75,13,93,31,25.1,8.4,".227",".393",".305","0.698","0.166","41","0","0","4","5","4.21","0","18",".217",".352",".305",".289",".297",".136",".338",".301","87.4","13.9",6.3,71.8,23.7,27.9,40.6,59.4,78,192,47.6,689,78.6,9,53,1048,219,1448,76.3,129,545,52.4,759,43.5,630,28.1,50.9,40.8,29.2,22.1,7.9
"Karinchak, James",675916,2023,"44","39.0",24,6,52,28,30.4,16.4,".178",".356",".322","0.678","0.178","14","0","3","2","5","3.23","13","0",".199",".378",".300",".328",".347",".179",".395",".323","90.4","20.7",12.5,57.9,19.5,26.9,47.7,52.3,52,109,55.3,405,74.4,5.9,0,413,319,733,80.5,37,190,44.7,328,42,308,29.8,40.8,28.4,35.2,26.1,10.2
"Lodolo, Nick",666157,2023,"7","34.1",50,10,47,10,28.3,6,".340",".605",".406","1.011","0.265","24","0","0","2","1","6.29","0","7",".237",".473",".426",".337",".315",".236",".435",".346","90.8","8.3",12.7,61.7,16.7,32.3,56.2,43.8,59,105,50.3,325,68.1,7.3,81,334,231,646,83.3,33,198,49.7,321,43.5,281,30.4,46.9,47.1,26.5,23.5,2.9
"Doyle, Tommy",656382,2023,"15","23.2",23,5,18,13,17.5,12.6,".256",".500",".350","0.850","0.244","18","0","2","0","1","6.85","0","0",".275",".484",".364",".368",".367",".209",".401",".344","90.6","13.2",11.1,73.6,19.7,30.1,50,50,29,58,54.8,193,78.1,9.1,0,324,28,352,80.3,23,117,45.2,159,40.9,144,29.7,49.7,43.1,26.4,27.8,2.8
"Pivetta, Nick",601713,2023,"38","142.2",110,23,183,50,31.2,8.5,".208",".402",".283","0.685","0.194","64","1","1","10","9","4.04","2","16",".218",".421",".296",".309",".293",".203",".410",".333","90.5","13.4",11.8,65.5,19.3,33.1,49,51,198,404,51.3,1222,74,8.2,11,1391,852,2383,80.7,147,761,48.7,1161,42,1001,29.6,48.9,36.6,32.6,26.5,4.3
"Marinaccio, Ron",676760,2023,"45","47.1",35,6,56,27,27.3,13.2,".208",".357",".340","0.697","0.149","21","2","4","4","5","3.99","7","0",".199",".372",".315",".322",".335",".173",".368",".301","88.6","16.2",11.4,67.7,25.2,30.8,33.1,66.9,52,157,56.8,509,82.4,5.7,332,461,0,896,74.8,66,262,43.2,387,42,376,28.2,46.8,39.5,31.6,22.8,6.1
"Hicks, Jordan",663855,2023,"65","65.2",57,4,81,32,28.4,11.2,".231",".332",".326","0.658","0.101","24","12","3","3","9","3.29","13","0",".207",".311",".296",".283",".308",".104",".334",".309","86.7","-0.1",5.4,55.2,18.3,28,47.2,52.8,75,159,51,568,62.5,7.2,18,835,39,1114,81.7,55,301,49,545,42,468,28.2,41.4,58.9,16.1,21.4,3.6
"García, Deivi",665620,2023,"8","15.0",9,2,10,12,14.9,17.9,".173",".385",".328","0.713","0.212","4","1","0","0","1","2.40","0","0",".204",".407",".314",".342",".360",".203",".315",".252","90.7","15.6",9.1,67.7,18.6,22.2,36.1,63.9,13,36,56.1,162,78.6,4.8,47,179,51,289,81.4,16,86,43.9,127,39.8,115,23.8,42.2,40.9,27.3,27.3,4.5
"Loup, Aaron",571901,2023,"55","48.2",65,6,45,20,19.5,8.7,".313",".462",".377","0.839","0.149","33","1","2","2","3","6.10","9","0",".257",".423",".358",".321",".328",".166",".368",".327","87.9","8.2",8.5,66.7,15.8,32.4,32.3,67.7,41,127,46.8,392,81.5,9.7,147,656,34,837,84.2,47,297,53.2,445,42.4,355,20.8,50.7,48.2,21.3,25.6,4.9
"Ryu, Hyun Jin",547943,2023,"11","52.0",53,9,38,14,17,6.3,".257",".447",".306","0.753","0.190","20","0","0","3","3","3.46","0","11",".246",".394",".323",".304",".299",".149",".338",".305","87.8","11.7",7.6,65.7,17.8,30,28.5,71.5,35,123,49.4,410,79.2,6.4,189,499,142,830,82.2,49,276,50.6,420,47.6,395,21.1,48.1,46.2,23.4,24,6.4
"Ginkel, Kevin",656464,2023,"60","65.1",41,3,70,24,27.5,9.4,".181",".288",".263","0.551","0.107","18","4","2","9","1","2.48","8","0",".197",".336",".246",".273",".278",".140",".326",".282","88","9.5",7.5,67.3,17.6,29.2,58.2,41.8,96,165,53.6,566,75,6.4,0,601,454,1055,82.4,58,329,46.4,489,38.1,402,31.2,46.8,49.7,23.3,21.4,5.7
"Rucker, Michael",621074,2023,"35","40.1",39,6,40,19,22.7,10.8,".257",".434",".347","0.781","0.177","22","0","0","2","1","4.91","0","0",".237",".397",".339",".324",".332",".161",".365",".320","91.6","7.8",7.9,67.2,16.1,23.5,54.8,45.2,51,93,55.1,396,93.8,6.7,32,488,199,719,83.9,35,217,44.9,323,39.2,282,27.7,43.1,51.8,13.2,26.3,8.8
"Chapman, Aroldis",547973,2023,"61","58.1",37,4,103,36,41.4,14.5,".175",".261",".297","0.558","0.086","20","6","5","6","5","3.09","14","0",".169",".275",".258",".260",".292",".106",".366",".328","86.5","10.4",9.2,64.9,35.4,23.4,62.3,37.7,71,114,48.3,487,67,8.7,71,645,292,1008,64.6,120,339,51.7,522,42.3,427,42.2,44.9,47.7,18.3,24.8,9.2
"Bello, Brayan",678394,2023,"28","157.0",165,24,132,45,19.8,6.7,".270",".453",".324","0.777","0.183","74","0","0","12","11","4.24","0","28",".251",".415",".334",".316",".308",".164",".362",".319","89.5","4.9",7,69.1,16.6,29.4,41,59,165,402,52.2,1368,83,7.2,626,1529,308,2618,83.4,144,865,47.8,1251,42.4,1110,24.4,48.4,56.3,20.4,19.2,4.1
"Liberatore, Matthew",669461,2023,"22","61.2",66,5,46,25,16.7,9.1,".274",".444",".349","0.793","0.170","36","0","0","3","6","5.25","2","11",".285",".490",".341",".370",".363",".206",".407",".351","90.1","12.1",8.5,66.3,11,23.9,39.8,60.2,51,128,50.6,536,76.5,8,86,601,372,1059,89,38,347,49.4,523,41.2,436,18.7,44.9,43.7,24.6,25.1,6.5
"Young, Alex",622065,2023,"63","53.2",53,10,50,20,21.2,8.5,".248",".435",".315","0.750","0.187","23","1","3","4","2","3.86","14","0",".244",".402",".324",".313",".312",".158",".360",".320","90.2","12.4",6.1,67.8,16.7,35.6,53.7,46.3,88,164,52.6,461,77.5,8.1,315,349,213,877,83.3,47,282,47.4,416,39.3,345,30.3,50.9,49.7,19.4,22.4,8.5
"Fulmer, Michael",605242,2023,"58","57.0",48,7,65,28,27.4,11.8,".235",".402",".329","0.731","0.167","28","2","3","3","5","4.42","11","1",".236",".377",".320",".319",".336",".141",".386",".349","86.4","15.4",6.3,65.8,18.1,29.5,62.9,37.1,95,151,53.9,512,76.8,5.9,73,586,1,950,81.9,52,288,46.1,438,41.3,392,33.5,46.2,39.4,27.5,24.6,8.5
"Anderson, Grant",681982,2023,"26","35.2",38,5,30,14,19.5,9.1,".277",".431",".344","0.775","0.154","20","0","4","2","1","5.05","5","0",".231",".412",".334",".312",".307",".181",".348",".295","86.7","11.5",8.3,62.5,13.9,26.4,39.2,60.8,31,79,50,299,67.5,6.7,29,271,298,598,86.1,26,187,50,299,39.3,235,21.4,44.5,45.9,22.9,22,9.2
"Martinez, Seth",661527,2023,"35","43.0",45,5,45,19,23.1,9.7,".265",".435",".359","0.794","0.170","25","1","0","2","3","5.23","2","0",".262",".452",".345",".350",".356",".191",".412",".356","90.2","12.3",9.6,66.5,16.4,26.7,46.2,53.8,49,106,52,397,75.4,7.5,123,436,0,764,83.6,40,244,48,367,41.9,320,25.4,45.8,39.2,24,28.8,8
"Bellatti, Andrew",571479,2023,"27","24.2",25,4,25,12,22.1,10.6,".250",".440",".327","0.767","0.190","14","0","0","1","0","5.11","2","0",".266",".432",".331",".341",".344",".166",".397",".354","90.9","20.9",6.6,67.2,25.2,33.7,47.7,52.3,41,86,55.9,255,82.1,6.1,25,216,215,456,74.8,34,135,44.1,201,43.2,197,33.9,48.5,31.6,34.2,25,9.2
"Miller, Shelby",571946,2023,"36","42.0",19,3,42,19,25.8,11.7,".135",".241",".247","0.488","0.106","8","1","0","3","0","1.71","3","1",".187",".354",".222",".283",".292",".167",".324",".266","89.5","14.9",7,61.1,18.2,22.7,49.3,50.7,35,71,47.2,313,70.5,9.2,174,382,0,663,81.8,39,214,52.8,350,42.1,279,26,43,39,27,22,12
"Suárez, Ranger",624133,2023,"22","125.0",129,13,119,48,22,8.9,".267",".414",".333","0.747","0.147","58","0","0","4","6","4.18","0","22",".258",".408",".325",".322",".326",".151",".375",".340","87.8","8.1",7.5,62.1,15,29.6,38.3,61.7,121,316,52.7,1066,71.6,5.4,370,1260,393,2023,85,89,594,47.3,957,45.8,927,23.1,45,48.8,21,26.4,3.8
"Harris, Hogan",663687,2023,"14","63.0",67,10,56,28,19.7,9.9,".269",".470",".348","0.818","0.201","50","0","0","3","6","7.14","0","6",".252",".468",".352",".345",".333",".217",".389",".322","90","13.8",9.2,64.3,19.6,21.4,37.6,62.4,38,101,42.7,473,77.5,10,225,730,37,1109,80.4,80,409,57.3,636,41.3,458,23.1,46,39.3,27.6,25,8.2
"Topa, Justin",623437,2023,"75","69.0",61,4,61,18,21.9,6.5,".240",".327",".295","0.622","0.087","20","3","2","5","4","2.61","23","0",".230",".325",".269",".271",".290",".095",".319",".304","87.5","2.6",3,62.8,14.2,26.8,34.6,65.4,44,127,45.2,473,73.5,9.4,71,661,0,1046,85.8,51,360,54.8,573,43.7,457,19.5,46.6,57.4,16.2,22.3,4.1
"Bard, Daniel",453268,2023,"50","49.1",35,5,47,49,20.3,21.1,".206",".371",".397","0.768","0.165","25","1","2","4","2","4.56","6","0",".223",".421",".345",".372",".414",".198",".370",".305","87.1","16.9",10.2,63.2,16.6,17.6,39.3,60.7,33,84,51.1,477,71.6,9.4,2,477,423,933,83.4,48,289,48.9,457,39.1,365,21.7,40,36.7,31.3,21.9,10.2
"Manning, Matt",666159,2023,"15","78.0",60,11,50,21,15.8,6.6,".212",".375",".274","0.649","0.163","31","0","0","5","4","3.58","0","15",".262",".502",".281",".353",".322",".240",".389",".316","90.9","16.9",10.9,65.3,16.2,22.5,28.7,71.3,33,115,43.2,511,75.7,9.4,42,563,204,1182,83.8,71,438,56.8,671,42.5,502,18.8,46.8,38.5,30.5,21.3,9.6
"Chafin, Andrew",605177,2023,"63","51.1",45,6,63,28,28.1,12.5,".231",".410",".330","0.740","0.179","27","8","5","3","4","4.73","14","0",".228",".399",".324",".321",".328",".171",".391",".337","86.8","13.9",9.8,60.3,17.8,31.2,50.3,49.7,86,171,59.5,548,64.9,4,8,590,323,921,82.2,40,225,40.5,373,42.2,389,31.8,43,40.2,24.2,27.3,8.3
"Gaddis, Hunter",683769,2023,"11","42.0",41,6,24,14,13.2,7.7,".255",".447",".324","0.771","0.192","21","0","0","2","1","4.50","0","7",".230",".399",".331",".307",".304",".169",".309",".267","89.3","23.4",5.7,68.9,13.3,23.2,30.1,69.9,22,73,46,315,74.5,7.4,125,298,262,686,86.7,34,255,54,370,43.1,295,17.1,47.8,27.1,35,21.4,16.4
"Bleier, Richard",542947,2023,"27","30.2",37,5,16,5,12.1,3.8,".306",".479",".346","0.825","0.173","18","0","1","1","0","5.28","2","0",".270",".452",".352",".331",".318",".183",".356",".315","88.6","5.8",7.4,70.5,13.2,38.8,27.1,72.9,23,85,48,219,79.5,8.6,24,386,46,456,86.8,22,167,52,237,44.3,202,17.9,55.3,55.6,15.7,21.3,7.4
"García, Yimi",554340,2023,"73","66.0",67,8,79,15,28,5.3,".261",".405",".315","0.720","0.144","30","3","4","3","4","4.09","19","0",".234",".366",".312",".291",".292",".132",".373",".338","87","10.7",6.6,67.1,23.4,29.9,48.5,51.5,81,167,50.8,559,76.9,8.3,80,539,477,1100,76.6,85,363,49.2,541,42.5,468,31.3,48.2,47.3,20.9,24.7,7.1
"Irvin, Jake",663623,2023,"24","121.0",118,20,99,54,18.7,10.2,".255",".431",".340","0.771","0.176","62","0","0","3","7","4.61","0","24",".254",".450",".335",".344",".341",".196",".377",".322","90.4","14.7",10.3,64,12.6,22.6,33.5,66.5,80,239,49.1,1056,71.3,7.6,111,1380,656,2147,87.4,88,699,50.9,1093,44.7,960,17.9,43.7,42.5,30.1,20.6,6.8
"Steele, Justin",657006,2023,"30","173.1",167,14,176,36,24.6,5,".251",".371",".295","0.666","0.120","59","0","0","16","5","3.06","0","30",".247",".368",".291",".291",".293",".121",".359",".336","87.8","9.3",5.4,71.5,15.8,31.9,44.9,55.1,179,399,46.8,1252,80.8,8.2,28,1724,926,2678,84.2,161,1019,53.2,1426,43,1152,24,52.9,50.3,19.5,24.1,6
"Heaney, Andrew",571760,2023,"34","147.1",143,23,151,60,23.6,9.4,".251",".439",".332","0.771","0.188","68","0","1","10","6","4.15","2","28",".234",".432",".335",".327",".318",".198",".382",".318","90.1","14.8",10.2,68.3,18.7,30.5,41.8,58.2,176,421,53.1,1382,74.7,7.5,441,1506,656,2603,81.3,156,834,46.9,1221,43.1,1122,26.5,48.2,41.9,31,21.4,5.7
"Sewald, Paul",623149,2023,"65","60.2",46,8,80,24,32.1,9.6,".208",".353",".287","0.640","0.145","21","34","5","3","2","3.12","0","0",".187",".313",".281",".259",".268",".126",".331",".291","85.9","20.9",5.6,68.2,25.9,28.6,38.4,61.6,53,138,46.6,483,78.1,10.1,0,593,0,1037,74.1,98,378,53.4,554,44.4,460,29.3,49.8,32.6,37.5,19.4,10.4
"Bickford, Phil",641360,2023,"61","67.1",59,8,76,39,25,12.8,".230",".393",".339","0.732","0.163","37","1","1","5","5","4.95","4","0",".237",".431",".319",".336",".346",".194",".399",".336","90.9","22.3",10.3,72.1,22,28.8,46.3,53.7,88,190,53.7,660,85.5,6.2,25,873,331,1229,78,90,410,46.3,569,42.6,524,29.7,48.8,29.2,33.5,23.8,13.5
"Bachman, Sam",696147,2023,"11","17.0",17,0,14,11,18.2,14.3,".262",".292",".377","0.669","0.030","6","1","1","1","2","3.18","2","0",".282",".343",".308",".334",".394",".061",".348",".359","90.2","2.4",0,65.8,15.3,24,60,40,24,40,52.8,167,83.3,5.7,5,121,190,316,84.7,15,98,47.2,149,35.4,112,28.3,43.7,58.8,13.7,25.5,2
"Okert, Steven",595345,2023,"64","58.2",50,9,73,24,29.6,9.7,".229",".427",".310","0.737","0.198","29","0","3","3","2","4.45","12","2",".216",".398",".319",".305",".299",".182",".388",".324","88.2","23.5",9.5,68.4,24.4,26.7,47.1,52.9,64,136,50,509,78.7,8.7,0,394,625,1019,75.6,85,349,50,510,38.5,392,30.7,47.6,26.4,33.8,29.1,10.8
"Diekman, Jake",518617,2023,"63","56.2",37,3,64,38,26.3,15.6,".183",".267",".314","0.581","0.084","21","0","2","0","2","3.34","8","0",".198",".287",".271",".286",".328",".089",".306",".290","84.6","12.4",5,58.5,23.4,23.1,34.2,65.8,39,114,49.4,493,71.2,7.3,146,672,0,996,76.6,69,295,50.6,504,41.9,418,26.4,41.1,46.4,25.7,20,7.9
"Robertson, Nick",687798,2023,"18","22.1",30,3,26,9,24.5,8.5,".316",".526",".371","0.897","0.210","15","0","1","0","1","6.04","1","1",".261",".417",".375",".326",".327",".157",".410",".363","90.4","8.7",8.6,69,21.7,31.3,48.3,51.7,29,60,49,192,79.4,8.7,124,209,10,392,78.3,30,138,51,200,43.6,171,29.8,50.5,47.1,25.7,22.9,4.3
"Ramírez, Yohan",670990,2023,"31","38.1",39,3,35,17,19.9,9.7,".265",".361",".381","0.742","0.096","18","0","1","1","0","4.23","3","0",".236",".342",".335",".318",".356",".106",".324",".307","86.8","3.7",4.4,59.8,12.8,23.5,37.4,62.6,34,91,54.1,387,80.6,5,25,503,0,714,87.2,25,196,45.9,328,42.7,305,20.6,40.2,59.3,18.6,17.7,4.4
"Mantiply, Joe",573009,2023,"35","39.0",35,4,28,9,17.8,5.7,".236",".405",".280","0.685","0.169","20","0","0","2","2","4.62","1","3",".246",".435",".292",".309",".289",".189",".355",".303","87.7","7.1",9.2,65,18.7,35.1,31.4,68.6,32,102,51,291,71.8,6.8,138,274,159,571,81.3,34,182,49,280,40.1,229,23.2,49.7,54.2,25,17.5,3.3
"Alexander, Scott",518397,2023,"55","48.1",55,2,31,11,14.9,5.3,".282",".369",".324","0.693","0.087","25","1","2","7","3","4.66","6","8",".264",".380",".299",".296",".307",".116",".330",".314","90.4","-0.6",4.2,72.4,11.6,30.8,43,57,43,100,46.8,325,79.4,9.1,58,525,111,694,88.4,31,267,53.2,369,40.3,280,20.2,52.9,61.8,13.3,21.2,3.6
"VerHagen, Drew",572403,2023,"60","61.0",52,9,60,26,22.4,9.7,".226",".396",".325","0.721","0.170","27","0","1","5","1","3.98","14","0",".216",".383",".314",".308",".317",".166",".339",".288","88.1","15.5",8.1,65.3,21.3,28.2,51.3,48.7,77,150,51.1,532,67.5,8,117,601,0,1042,78.7,71,333,48.9,510,39.1,407,30.6,46.4,41,31.8,20.2,6.9
"Ryan, Joe",657746,2023,"29","161.2",155,32,197,34,29.3,5.1,".248",".452",".290","0.742","0.204","81","0","0","11","10","4.51","0","29",".220",".409",".316",".292",".267",".190",".387",".320","90","20.4",8.7,74.1,22.9,32.9,37,63,151,408,46.2,1240,80.2,8.5,730,1526,97,2683,77.1,245,1069,53.8,1443,45.9,1232,26.8,55.1,33.1,34.7,23,9.2
"Vásquez, Randy",681190,2023,"11","37.2",30,5,33,18,19.9,10.8,".211",".366",".315","0.681","0.155","12","0","0","2","2","2.87","0","5",".266",".445",".303",".354",".363",".179",".391",".344","86.9","13.4",6.4,64,11.7,29.4,30.4,69.6,31,102,51.9,347,83,7,79,435,70,669,88.3,24,206,48.1,322,44.1,295,17.9,46,37.3,26.4,28.2,8.2
"Muller, Kyle",666205,2023,"21","77.0",112,16,56,39,15.1,10.5,".346",".568",".416","0.984","0.222","65","0","1","1","5","7.60","0","13",".310",".548",".417",".401",".388",".237",".439",".373","92.1","12.8",10.9,71.3,13.5,24.1,45.3,54.7,77,170,48.5,705,82.6,7.5,121,749,584,1454,86.5,72,534,51.5,749,41.2,599,21.2,48.4,43.4,28.1,23.4,5.1