"last_name, first_name","player_id","year","player_age","ab","pa","hit","single","double","triple","home_run","strikeout","walk","k_percent","bb_percent","batting_avg","slg_percent","on_base_percent","on_base_plus_slg","isolated_power","babip","b_rbi","b_total_bases","r_total_caught_stealing","r_total_stolen_base","r_run","xba","xslg","woba","xwoba","xobp","xiso","xbacon","avg_swing_speed","exit_velocity_avg","launch_angle_avg","sweet_spot_percent","barrel","barrel_batted_rate","hard_hit_percent","avg_best_speed","avg_hyper_speed","z_swing_percent","meatball_percent","pitch_count_offspeed","pitch_count_fastball","pitch_count_breaking","pitch_count","iz_contact_percent","in_zone_swing_miss","in_zone_swing","in_zone_percent","in_zone","edge_percent","edge","whiff_percent","swing_percent","pull_percent","straightaway_percent","opposite_percent","batted_ball","groundballs_percent","flyballs_percent"
"Horwitz, Spencer",687462,2025,27,364,411,99,62,26,0,11,73,44,17.8,10.7,".272",".434",".353","0.787","0.162",".313","51","158","1","0","55",".251",".407",".344",".326",".335",".157",".314","68.5","87.4","15.6",38.7,24,8.2,36,"98.063965931","93.094774414",67.1,7.9,233,1015,370,1698,88.3,70,598,52.5,891,44.5,755,17.8,46.3,37,34.2,28.8,292,38.4,27.7
"Torkelson, Spencer",679529,2025,25,563,649,135,76,27,1,31,169,72,26,11.1,".240",".456",".333","0.789","0.216",".283","78","257","1","2","82",".226",".456",".339",".334",".322",".230",".321","73","90.2","23.1",39.3,54,13.5,45.1,"100.7921562","94.776285589",65.9,8.6,361,1374,590,2634,82.4,156,885,50.9,1342,43.4,1144,26.9,44.6,48.4,31.1,20.6,399,27.6,36.6
"Tellez, Rowdy",642133,2025,30,289,312,66,38,11,0,17,83,17,26.6,5.4,".228",".443",".276","0.719","0.215",".255","49","128","0","1","34",".234",".479",".307",".328",".286",".245",".331","74.8","91.2","14.8",36.8,32,15.3,46.4,"102.566534381","95.772612919",59.3,6.9,293,619,279,1286,82.3,68,384,50.4,648,45.4,584,28.1,44.9,32.5,39.2,28.2,209,38.8,31.6
"Soderstrom, Tyler",691016,2025,23,561,624,155,95,34,1,25,141,55,22.6,8.8,".276",".474",".346","0.820","0.198",".327","93","266","3","8","75",".261",".457",".354",".341",".333",".196",".349","74","91.6","7.9",34.4,48,11.4,49.8,"103.023677143","96.015814678",68.3,7.9,460,1074,573,2227,83.8,125,773,50.8,1131,44.9,1000,25.4,48.9,33.2,38.4,28.4,422,48.3,23.5
"Church, Nathan",701675,2025,24,56,65,10,8,1,0,1,18,3,27.7,4.6,".179",".250",".254","0.504","0.071",".237","8","14","0","1","9",".193",".279",".232",".247",".267",".085",".278","69","89","5.4",24.4,1,2.4,41.5,"98.5843615","93.85187",75.9,6.6,34,145,44,257,78.4,19,88,45.1,116,45.1,116,28.1,54.1,36.6,31.7,31.7,41,65.9,19.5
"Hampson, Garrett",641658,2025,30,77,91,11,9,2,0,0,29,11,31.9,12.1,".143",".169",".250","0.419","0.026",".229","1","13","1","3","19",".150",".194",".205",".217",".256",".044",".240","67.1","84.3","22.5",25.5,1,2,19.6,"93.03904913","90.521580435",53.4,6.8,36,231,79,381,82,20,111,54.6,208,51.2,195,22.5,39.6,33.3,39.2,27.5,51,41.2,27.5
"Moniak, Mickey",666160,2025,27,434,461,117,65,20,8,24,110,22,23.9,4.8,".270",".518",".306","0.824","0.248",".307","68","225","3","9","62",".262",".497",".348",".337",".299",".235",".348","73.8","89.7","17.4",37.6,45,13.8,45.3,"101.40795773","95.080857415",74.8,6.9,307,840,390,1598,81.9,109,601,50.3,804,41.7,666,28.2,56.5,44,33.3,22.6,327,33.6,36.7
"Lukes, Nathan",664770,2025,30,388,438,99,66,19,2,12,60,38,13.7,8.7,".255",".407",".323","0.730","0.152",".273","65","158","4","2","55",".259",".392",".317",".315",".327",".133",".305","68","87.9","11.2",30.8,16,4.7,37,"98.285858221","93.26684546",64.4,7.4,247,1022,304,1662,89.1,62,567,53,881,41.9,697,14,48.9,31.7,39.6,28.7,338,46.7,23.4
"Jackson, Alex",656577,2025,29,91,100,20,7,8,0,5,37,5,37,5,".220",".473",".290","0.763","0.253",".306","8","43","0","0","17",".178",".362",".327",".270",".252",".185",".299","76.1","88.3","14.3",40.7,8,14.8,40.7,"102.546793333","95.380737963",71.4,9.3,37,223,92,399,70.1,44,147,51.6,206,39.6,158,38.9,50.9,44.4,38.9,16.7,54,37,31.5
"Karros, Kyle",691720,2025,22,137,156,31,26,4,0,1,41,15,26.3,9.6,".226",".277",".308","0.585","0.051",".309","9","38","0","0","20",".210",".266",".268",".261",".296",".056",".298","69.1","87.9","12.3",25.5,1,1,33.7,"97.893413061","93.025963711",66.1,8.2,75,328,163,635,81,40,211,50.2,319,40.3,256,27.3,45,36.7,41.8,21.4,98,46.9,23.5
"Sánchez, Gary",596142,2025,32,91,101,21,14,2,0,5,27,4,26.7,4,".231",".418",".297","0.715","0.187",".267","24","38","0","0","13",".240",".421",".311",".315",".306",".181",".337","73.1","93.3","18.4",24.6,7,10.8,57.8,"103.08155625","96.651706563",59.8,9.2,69,202,110,415,84,20,125,50.9,209,43.1,177,26.7,42.4,56.9,26.2,16.9,65,41.5,30.8
"Arias, Gabriel",672356,2025,25,432,471,95,57,25,2,11,162,27,34.4,5.7,".220",".363",".274","0.637","0.143",".319","54","157","4","8","44",".214",".385",".278",".286",".272",".171",".342","75.1","90.2","6.1",33.8,31,11.3,43.3,"102.355979412","95.517852978",77,6.7,241,937,422,1792,68.3,211,666,48.3,865,42.7,766,40.5,57.3,38.2,37.5,24.4,275,49.8,21.5
"Bliss, Ryan",669208,2025,25,35,39,7,5,1,0,1,11,4,28.2,10.3,".200",".314",".282","0.596","0.114",".261","3","11","2","2","1",".205",".391",".268",".297",".287",".186",".299","70.1","89","10.2",37.5,3,12.5,33.3,"98.429506667","93.231437917",74.6,5.3,17,88,30,151,60.4,21,53,47,71,41.1,62,37.1,46.4,41.7,29.2,29.2,24,50,33.3
"Springer, George",543807,2025,35,498,586,154,94,27,1,32,111,69,18.9,11.8,".309",".560",".399","0.959","0.251",".340","84","279","1","18","106",".291",".571",".408",".404",".384",".280",".372","73.7","90","17.2",41.2,63,16.1,47.6,"102.436288051","95.608566256",71,8.5,363,1250,509,2307,79.6,168,835,51,1176,43.1,994,26.1,46.2,39.9,36.6,23.5,391,37.9,28.4
"Profar, Jurickson",595777,2025,32,318,371,78,47,16,1,14,59,48,15.9,12.9,".245",".434",".353","0.787","0.189",".261","43","138","2","9","56",".230",".390",".346",".325",".341",".160",".283","70.9","89","20",27,19,7.3,40.3,"99.565421094","94.049759844",65.7,7.4,252,908,339,1580,89.2,55,511,49.4,778,45.8,721,16.9,44.7,44.4,30.5,25.1,259,36.3,31.3
"Shaw, Matt",807713,2025,23,393,437,89,52,21,3,13,94,38,21.5,8.7,".226",".394",".295","0.689","0.168",".262","44","155","5","17","57",".237",".375",".300",".302",".307",".138",".311","69.6","84.9","13.4",35.3,21,6.9,29.4,"96.793366467","92.432072809",63.4,7.7,165,942,452,1720,83.4,96,579,53.1,913,43.3,744,22.5,48,40.9,32.3,26.7,303,39.6,25.7
"House, Brady",691781,2025,22,261,274,61,46,11,0,4,78,8,28.5,2.9,".234",".322",".252","0.574","0.088",".310","29","84","3","5","26",".256",".370",".248",".284",".278",".114",".362","72.4","89.8","5.8",36.2,8,4.3,46.3,"101.278758298","94.962086257",75.7,7.8,119,497,240,969,76.8,89,384,52.3,507,42,407,30.9,57.2,32.4,36.7,30.9,188,46.3,23.9
"Butler, Lawrence",671732,2025,24,569,630,133,80,30,2,21,179,59,28.4,9.4,".234",".404",".306","0.710","0.170",".304","63","230","7","22","83",".229",".393",".310",".304",".301",".164",".334","73.8","90.5","9.2",34.4,36,9.2,44.4,"102.147176546","95.442891289",67.9,6.8,538,1312,518,2517,76.3,202,854,50,1258,45.3,1139,32.9,47,33.7,37.2,29.1,392,46.7,22.7
"Crawford, J.P.",641487,2025,30,570,654,151,115,24,0,12,122,74,18.7,11.3,".265",".370",".352","0.722","0.105",".318","58","211","1","8","69",".266",".386",".322",".329",".354",".120",".339","71.1","87.2","11.5",40,22,4.8,34.7,"98.225449369","93.184882725",65.1,9,309,1714,483,2731,83.6,156,953,53.6,1465,43.6,1190,20.4,45.1,33.6,34.1,32.3,455,44.4,23.1
"Duran, Ezequiel",677649,2025,26,205,219,46,32,14,0,0,55,8,25.1,3.7,".224",".293",".266","0.559","0.069",".305","14","60","2","11","16",".214",".295",".249",".247",".258",".081",".294","71.5","85.3","15.2",30.3,4,2.6,30.9,"97.791035753","92.897366027",70.6,7.2,83,405,216,807,84.4,45,288,50.6,408,40.6,328,24.4,54.3,31.6,36.8,31.6,152,40.8,17.8
"Arcia, Orlando",606115,2025,30,203,214,41,30,7,1,3,47,10,22,4.7,".202",".291",".238","0.529","0.089",".247","13","59","1","0","13",".212",".295",".233",".240",".248",".084",".275","70.6","87.4","7",26.1,4,2.5,33.8,"98.674542078","93.369533182",72.8,9.9,70,444,191,784,82,54,300,52.6,412,41.3,324,24.8,54,38.2,40.1,21.7,157,49.7,21
"Lowe, Nathaniel",663993,2025,29,540,609,123,79,23,3,18,159,62,26.1,10.2,".228",".381",".307","0.688","0.153",".285","84","206","0","1","64",".229",".373",".301",".303",".311",".145",".325","72.7","89","10.9",33.4,27,7,41.5,"100.389231563","94.465033629",63.8,7.8,315,1642,488,2607,82.6,150,863,51.9,1353,43.5,1133,24.7,44.6,31.6,38.6,29.8,386,43.8,26.9
"Toglia, Michael",669911,2025,26,306,337,58,31,15,1,11,132,28,39.2,8.3,".190",".353",".258","0.611","0.163",".285","32","108","0","3","22",".199",".351",".265",".271",".268",".152",".351","72.7","89.9","17.7",38.1,18,10.2,43.2,"100.796186437","94.757682428",67.4,6.9,251,696,320,1354,74.5,115,451,49.4,669,45.2,612,37.3,48.9,43.8,33,23.3,176,36.4,28.4
"Hill, Derek",656537,2025,29,134,149,29,20,6,0,3,48,9,32.2,6,".216",".328",".281","0.609","0.112",".313","11","44","0","7","19",".232",".416",".272",".309",".295",".185",".361","72.5","91.2","6.8",38.2,10,11.2,49.4,"102.004252619","95.738407229",69.3,7.8,69,317,118,579,81.3,36,192,47.8,277,40.4,234,33.5,53.5,31.5,39.3,29.2,89,49.4,16.9
"Saggese, Thomas",695336,2025,23,275,295,71,52,17,0,2,83,16,28.1,5.4,".258",".342",".299","0.641","0.084",".359","25","94","0","3","25",".239",".350",".282",".280",".284",".111",".342","69.8","90.2","12.9",39,11,5.6,44.1,"99.925035361","94.561153679",65.3,7.5,87,757,238,1184,77.5,90,400,51.8,613,44.8,531,26.5,50.3,29.2,36.9,33.8,195,41,26.2
"Guerrero Jr., Vladimir",665489,2025,26,589,680,172,115,34,0,23,94,81,13.8,11.9,".292",".467",".381","0.848","0.175",".313","84","275","3","6","96",".300",".506",".366",".384",".390",".206",".357","76.7","92","7.8",33.7,61,12.2,50.7,"104.847490968","96.922139153",62.3,6.9,365,1440,494,2502,84.1,126,792,50.8,1271,45.1,1128,21.5,42.2,34.9,40.1,25.1,499,47.1,19.8
"Slater, Austin",596103,2025,32,148,160,32,20,6,1,5,51,11,31.9,6.9,".216",".372",".270","0.642","0.156",".293","13","55","0","1","22",".247",".476",".280",".332",".299",".229",".379","69.6","92","7.7",41.8,14,14.3,48,"102.50208234","95.83755734",70,6.7,70,365,159,644,81.5,43,233,51.7,333,43.6,281,27.1,49.8,42.9,40.8,16.3,98,48,27.6
"Lugo, Matthew",683090,2025,24,69,70,16,9,2,1,4,24,0,34.3,0,".232",".464",".243","0.707","0.232",".293","9","32","0","0","9",".217",".379",".299",".260",".228",".162",".333","73.4","88.2","12.9",33.3,6,13.3,42.2,"100.425752174","94.652896667",65,5.8,16,140,53,242,71.1,22,76,48.3,117,47.5,115,37.6,51.7,51.1,24.4,24.4,45,53.3,22.2
"Naylor, Bo",666310,2025,25,359,414,70,33,22,1,14,99,45,23.9,10.9,".195",".379",".282","0.661","0.184",".222","47","136","2","1","46",".201",".371",".289",".292",".291",".169",".276","72.4","89.6","21.3",36.8,26,9.7,38.3,"99.633649773","94.100167452",66.5,7.9,301,825,402,1681,85.6,85,589,52.7,886,42.5,715,22,47.1,43.1,34.2,22.7,269,31.6,32
"Kepler, Max",596146,2025,32,417,474,90,53,19,0,18,93,48,19.6,10.1,".216",".391",".300","0.691","0.175",".232","52","163","0","3","58",".243",".443",".300",".332",".326",".200",".311","71.3","90.8","16.3",34,38,11.6,44.7,"100.626033742","94.610328405",70.1,7.6,270,987,475,1826,86.9,83,634,49.5,904,41.9,766,23.5,48.1,42.9,35.6,21.6,329,36.2,32.8
"Busch, Michael",683737,2025,27,524,592,137,73,25,5,34,139,56,23.5,9.5,".261",".523",".343","0.866","0.262",".292","90","274","0","4","78",".262",".548",".369",".378",".344",".286",".356","69.6","92.2","17",41.1,66,17.1,47.3,"101.692645959","95.541508831",68.5,8.6,342,1198,641,2324,84,133,830,52.1,1211,43.8,1018,25.1,46.8,44.2,32.8,23,387,36.2,37
"Trevino, Jose",624431,2025,32,282,302,67,43,20,0,4,39,15,12.9,5,".238",".351",".272","0.623","0.113",".259","22","99","0","0","30",".242",".355",".271",".278",".279",".113",".279","68.9","87.9","10.9",29,11,4.4,40.7,"99.163307459","93.735879959",59.5,10.3,84,601,284,1063,86.8,44,333,52.7,560,42,446,18.4,46.6,42.3,35.5,22.2,248,47.6,22.2
"Berti, Jon",542932,2025,35,100,107,21,19,2,0,0,22,5,20.6,4.7,".210",".230",".262","0.492","0.020",".269","2","23","3","11","12",".253",".323",".226",".280",".303",".070",".326","72.3","87.5","1.5",30.8,2,2.6,37.2,"99.086163333","93.621396104",66.5,9.2,35,250,67,391,78,31,141,54.2,212,41.4,162,26.3,47.6,32.1,37.2,30.8,78,61.5,7.7
"Heineman, Tyler",623168,2025,34,149,174,43,31,8,1,3,31,12,17.8,6.9,".289",".416",".361","0.777","0.127",".342","20","62","0","2","25",".215",".293",".341",".273",".298",".079",".270","66.2","84.4","19.1",31.2,4,3.2,22.4,"95.366876724","91.715468261",73.8,7.5,115,339,133,627,88.6,26,228,49.3,309,43.4,272,19.3,53,34.4,40,25.6,125,42.4,25.6
"Contreras, Willson",575929,2025,33,490,563,126,74,31,1,20,142,44,25.2,7.8,".257",".447",".344","0.791","0.190",".319","80","219","1","5","70",".257",".488",".344",".358",".344",".231",".359","76","90.6","12.3",37.1,49,13.9,49,"103.153936457","96.033080457",66.3,7.1,250,1187,517,2160,80.5,142,728,50.8,1098,44,951,28.9,48.5,37.7,38,24.4,353,41.9,28
"Schwarber, Kyle",656941,2025,32,604,724,145,64,23,2,56,197,108,27.2,14.9,".240",".563",".365","0.928","0.323",".253","132","340","2","10","111",".251",".584",".391",".403",".374",".333",".373","77.3","94.3","20.1",35.3,85,20.8,59.6,"105.678659216","98.063659265",64.1,7.5,415,1505,900,3059,75.8,226,935,47.7,1459,40.4,1237,33.1,41.8,54.7,28.2,17.2,408,34.3,34.3
"Kennedy, Buddy",671083,2025,26,29,32,2,1,1,0,0,8,2,25,6.3,".069",".103",".156","0.259","0.034",".095","1","3","0","0","2",".136",".221",".132",".202",".217",".085",".188","69.9","87.9","18.9",33.3,1,4.8,42.9,"98.293987273","93.392088571",63.4,4.7,16,73,35,127,77.8,10,45,55.9,71,44.1,56,24.1,45.7,57.1,33.3,9.5,21,38.1,38.1
"Pagés, Pedro",686780,2025,26,361,389,83,57,15,0,11,107,19,27.5,4.9,".230",".363",".272","0.635","0.133",".293","45","131","0","0","38",".208",".340",".276",".259",".253",".132",".295","72.6","88","12.4",32.7,19,7.3,36.5,"99.396807402","93.764663583",66.8,8.3,161,848,320,1486,85.2,75,506,50.9,757,41.3,614,27.7,51.7,32.7,35,32.3,260,43.1,25.8
"Stanton, Giancarlo",519317,2025,35,249,281,68,36,8,0,24,96,29,34.2,10.3,".273",".594",".350","0.944","0.321",".338","66","148","0","0","36",".235",".520",".395",".354",".318",".285",".384","80.6","94.4","17.5",35.7,34,22.1,55.2,"107.633614026","98.832539221",58,6.8,158,678,264,1214,72.3,96,347,49.3,598,42.8,519,37.4,41.4,43.5,28.6,27.9,154,35.1,31.2
"Ramos, Heliot",671218,2025,25,620,695,159,113,24,1,21,158,52,22.7,7.5,".256",".400",".328","0.728","0.144",".309","69","248","4","6","85",".242",".417",".319",".320",".317",".175",".324","74","91.8","11.5",32.5,41,8.8,47.4,"102.515755862","95.752323082",66.2,8.6,256,1556,608,2653,84.4,135,868,49.4,1312,41.3,1096,25.3,47.8,33.1,42.5,24.4,468,44.4,25.4
"Perez, Salvador",521692,2025,35,597,641,141,76,35,0,30,125,28,19.5,4.4,".236",".446",".284","0.730","0.210",".251","100","266","0","0","54",".269",".534",".311",".357",".314",".266",".339","72.9","90","18.1",35.7,70,14.8,46.7,"102.06590789","95.318358013",74.8,7.6,275,1153,561,2267,82.7,136,786,46.4,1051,41,930,26.9,57.4,45.9,33.2,20.9,473,35.1,32.6
"Loftin, Nick",679845,2025,26,168,188,35,20,9,2,4,27,14,14.4,7.4,".208",".357",".278","0.635","0.149",".223","20","60","1","1","17",".232",".366",".279",".294",".301",".134",".274","69.4","88.2","14",35.4,9,6.3,34,"97.565724507","92.851372465",65.8,8.4,98,398,118,676,86.1,33,237,53.3,360,41.4,280,19,46.7,41.7,39.6,18.8,144,39.6,25.7
"Maton, Nick",665155,2025,28,54,63,9,5,2,0,2,19,9,30.2,14.3,".167",".315",".286","0.601","0.148",".212","4","17","1","0","5",".133",".250",".273",".236",".257",".117",".205","71.4","89","28.4",22.9,2,5.7,37.1,"98.372717222","93.408373143",67.5,6.4,62,124,53,250,69.1,25,81,48,120,42.8,107,40.5,46.4,37.1,42.9,20,35,20,42.9
"Farmer, Kyle",571657,2025,34,277,300,63,41,14,0,8,66,17,22,5.7,".227",".365",".280","0.645","0.138",".268","31","101","1","0","24",".228",".353",".282",".285",".284",".126",".302","66.6","87","15.3",37.6,13,6.1,35.2,"97.85606783","93.102847062",63.7,9.4,118,652,228,1101,86.8,51,386,55,606,41.3,455,21.5,48.5,39,36.2,24.9,213,41.3,25.4
"Anthony, Roman",701350,2025,21,257,303,75,48,18,1,8,84,40,27.7,13.2,".292",".463",".396","0.859","0.171",".404","32","119","1","4","48",".258",".484",".376",".372",".369",".226",".385","75.1","94.5","6.9",37.4,27,15.5,60.3,"103.89544954","97.546625838",55.9,7.2,213,656,310,1283,80.7,67,348,48.5,622,43.5,558,29.8,37.4,37.9,42.5,19.5,174,50.6,23
"Caissie, Owen",683357,2025,22,26,27,5,3,1,0,1,11,1,40.7,3.7,".192",".346",".222","0.568","0.154",".286","4","9","0","0","4",".189",".311",".245",".232",".219",".123",".327","74.8","87.3","14",53.3,2,13.3,20,"96.226985","92.584956",83,6.8,33,52,18,103,68.2,14,44,51.5,53,49.5,51,39.7,61.2,26.7,20,53.3,15,26.7,26.7
"Canzone, Dominic",686527,2025,27,243,269,73,51,11,0,11,59,20,21.9,7.4,".300",".481",".358","0.839","0.181",".352","32","117","1","3","30",".290",".533",".361",".376",".349",".243",".380","73.1","92.3","10.5",37.4,27,14.4,49.7,"102.981015914","96.069596505",68.2,7.4,191,497,252,1028,82.7,57,330,47.1,484,42.6,438,26.4,51.6,38.5,40.6,20.9,187,43.9,23.5
"Chapman, Matt",656305,2025,32,454,535,105,59,23,2,21,126,71,23.6,13.3,".231",".430",".340","0.770","0.199",".270","61","195","4","9","76",".243",".417",".336",".340",".352",".174",".335","75","92.2","15.7",34,33,9.9,47.6,"102.936609458","95.951665392",63.8,8.1,211,1324,519,2209,80.7,139,720,51.1,1129,42.7,944,25.3,42.4,43.4,33.7,22.9,332,40.4,24.7
"Fitzgerald, Ryan",680837,2025,31,46,53,9,5,0,0,4,8,7,15.1,13.2,".196",".457",".302","0.759","0.261",".147","9","21","0","1","10",".224",".464",".328",".343",".328",".240",".272","69.9","89.1","16.6",23.7,5,13.2,34.2,"98.701469444","93.402850833",55.9,7.2,28,107,41,194,80.7,11,57,52.6,102,47.4,92,28.7,44.8,47.4,36.8,15.8,38,42.1,36.8
"Arraez, Luis",650333,2025,28,620,675,181,139,30,4,8,21,34,3.1,5,".292",".392",".327","0.719","0.100",".289","61","243","4","11","66",".287",".363",".313",".303",".324",".076",".295","62.6","86.1","12.2",37.1,7,1.1,16.7,"93.590259064","90.800701323",62.7,9,225,1626,457,2467,95.8,35,829,53.6,1323,41.9,1034,5.3,49.4,29.4,32.4,38.2,618,45.1,22.5
"Dezenzo, Zach",701305,2025,25,98,109,24,16,6,0,2,37,11,33.9,10.1,".245",".367",".321","0.688","0.122",".373","10","36","0","1","17",".225",".426",".306",".316",".303",".201",".361","73.5","89.3","17.5",42.6,10,16.4,41,"100.586424839","94.450580984",68,10.8,62,248,145,480,76.2,39,164,50.2,241,40.4,194,33.5,44.2,34.4,42.6,23,61,36.1,29.5
"Vázquez, Christian",543877,2025,34,190,214,36,26,7,0,3,35,18,16.4,8.4,".189",".274",".271","0.545","0.085",".214","14","52","1","1","14",".210",".307",".248",".271",".291",".097",".256","67","85.9","15.3",35.7,6,3.8,27.4,"95.863345443","91.971705669",60.2,7.3,80,540,158,833,88.7,28,248,49.5,412,42.7,356,16.9,42.7,38.2,39.5,22.3,157,37.6,26.8
"De La Cruz, Bryan",650559,2025,28,47,50,9,8,1,0,0,18,3,36,6,".191",".213",".240","0.453","0.022",".310","0","10","0","1","1",".201",".308",".208",".245",".249",".107",".325","71.8","91.5","15.6",44.8,2,6.9,51.7,"101.415012","95.216104483",69.9,8.4,22,89,47,179,77.8,16,72,57.5,103,34.6,62,34,54.2,37.9,24.1,37.9,29,37.9,34.5
"Dunn, Blake",694362,2025,26,60,75,9,6,2,0,1,25,8,33.3,10.7,".150",".233",".320","0.553","0.083",".235","7","14","1","1","10",".188",".287",".272",".304",".350",".099",".322","70","88.6","-0.3",25.7,3,8.6,37.1,"99.079548824","93.890402424",62.5,6,39,185,75,318,73.3,24,90,45.3,144,45.3,144,33.1,41.8,25.7,45.7,28.6,35,62.9,11.4
"Whitcomb, Shay",694376,2025,26,32,32,4,3,0,0,1,10,0,31.3,0,".125",".219",".125","0.344","0.094",".143","1","7","0","0","4",".178",".288",".146",".198",".178",".110",".258","72.5","84.5","11.4",27.3,1,4.5,18.2,"93.960595455","91.204309091",69,13.8,6,74,40,138,79.6,10,49,51.4,71,42.8,59,33.3,50,68.2,13.6,18.2,22,50,18.2
"Millas, Drew",686452,2025,27,49,55,15,9,5,1,0,7,4,12.7,7.3,".306",".449",".358","0.807","0.143",".357","7","22","0","2","6",".279",".352",".350",".305",".333",".073",".325","66.7","84.8","8.5",32.6,1,2.3,23.3,"95.710318571","91.855159286",70.1,8.1,35,123,33,209,85.4,11,82,56,117,45,94,19.4,46.9,37.2,34.9,27.9,43,48.8,16.3
"Báez, Javier",595879,2025,32,417,437,107,75,17,3,12,109,10,24.9,2.3,".257",".398",".282","0.680","0.141",".318","57","166","1","5","55",".230",".358",".293",".270",".259",".129",".312","73.5","88.2","11.4",30.2,17,5.5,39.9,"99.167878141","93.685508232",65.4,6.9,191,812,353,1544,83.1,79,468,46.4,716,40.1,619,30.7,55.1,40.5,34.4,25.1,311,45.3,27.3
"Stefanic, Michael",683021,2025,29,22,25,4,4,0,0,0,3,3,12,12,".182",".182",".280","0.462","0.000",".211","0","4","0","0","1",".216",".312",".224",".283",".310",".096",".250","67.8","90.7","10.6",21.1,1,5.3,42.1,"97.646602","93.775205789",55.3,4.1,12,60,21,98,84.6,4,26,48,47,39.8,39,16.2,37.8,52.6,36.8,10.5,19,47.4,21.1
"Ramírez, Agustín",682663,2025,23,537,585,124,69,33,1,21,113,36,19.3,6.2,".231",".413",".287","0.700","0.182",".253","67","222","3","16","72",".259",".457",".302",".332",".315",".198",".327","75.2","90.8","8.3",31.1,47,11,47,"103.943810657","96.283585728",70,8.2,260,1104,546,2122,86.3,96,699,47,998,41.1,872,25.5,49.9,39.7,35.7,24.5,428,45.8,22.2
"Mullins, Cedric",656775,2025,30,435,498,94,53,23,1,17,120,50,24.1,10,".216",".391",".299","0.690","0.175",".253","59","170","4","22","58",".207",".340",".302",".284",".294",".133",".285","71.1","88.8","23.3",32.7,20,6.2,35.9,"98.760333806","93.525071065",69.1,8.9,299,1239,456,2112,82.5,129,738,50.8,1068,45.4,955,23.1,48.3,46.3,29.9,23.8,324,32.4,31.8
"Haggerty, Sam",664059,2025,31,162,182,41,29,7,3,2,37,16,20.3,8.8,".253",".370",".328","0.698","0.117",".317","13","60","4","12","31",".249",".362",".307",".304",".325",".114",".324","71.8","88.3","7",34.9,3,2.4,42.1,"99.873902459","94.182853197",70.5,8.2,118,345,153,644,81.7,44,241,53.1,342,44.6,287,26.3,50.2,36.5,38.9,24.6,126,50.8,17.5
"Peraza, Oswald",672724,2025,25,244,265,40,29,6,0,5,80,17,30.2,6.4,".164",".250",".223","0.473","0.086",".219","20","61","0","9","24",".194",".306",".214",".248",".252",".112",".288","73.6","87.1","8",29.7,11,6.7,38.8,"100.200491975","94.259031543",73.3,6.7,90,614,217,1005,74.7,98,388,52.6,529,42.6,428,33.3,52.9,41.8,38.8,19.4,165,51.5,19.4
"Albies, Ozzie",645277,2025,28,603,667,145,104,23,2,16,94,55,14.1,8.2,".240",".365",".306","0.671","0.125",".259","74","220","3","14","74",".243",".366",".295",".299",".310",".123",".287","69","87.5","18.7",33.5,25,4.9,30.7,"96.947639144","92.546234163",77.9,7.2,470,1232,547,2402,85.2,129,871,46.6,1118,42.3,1013,20.8,54.1,48.8,33.7,17.5,514,37.2,28.4
"Rodgers, Brendan",663898,2025,28,115,128,22,16,4,0,2,46,11,35.9,8.6,".191",".278",".266","0.544","0.087",".294","11","32","1","0","12",".213",".391",".246",".296",".286",".178",".351","74.1","90.5","10.8",40,10,14.3,48.6,"101.904707429","95.241190286",63.8,9.9,41,276,105,487,76.5,39,166,53.4,260,43.3,211,37.8,47.2,38.6,35.7,25.7,70,40,31.4
"Santana, Carlos",467793,2025,39,415,474,91,69,11,0,11,91,52,19.2,11,".219",".325",".308","0.633","0.106",".252","54","135","0","7","49",".216",".346",".284",".290",".306",".130",".275","71.3","87.6","16.7",31.1,16,4.9,37.8,"99.228050732","93.64377436",65.9,7,343,1039,469,1978,84.7,98,641,49.1,972,42.7,844,24.3,45,48.8,34.1,17.1,328,40.5,26.2
"Koss, Christian",683766,2025,27,174,191,46,34,9,0,3,45,9,23.6,4.7,".264",".368",".309","0.677","0.104",".336","23","64","1","4","25",".263",".402",".297",".311",".309",".139",".351","69.9","86.9","5.5",33.6,8,6,33.6,"99.009245077","93.592311395",72,7.8,61,365,154,644,73.6,67,254,54.8,353,44.4,286,31.6,55,30.6,38.8,30.6,134,51.5,20.1
"Stott, Bryson",681082,2025,27,499,560,128,90,22,3,13,91,54,16.3,9.6,".257",".391",".328","0.719","0.134",".288","66","195","5","24","66",".247",".393",".315",".313",".320",".146",".300","69.4","87.6","14.9",36,21,5.1,29.5,"97.625702976","92.873358435",55.6,8,338,1528,484,2466,87.3,92,724,52.8,1301,43.9,1083,16.7,40.4,29.2,40.3,30.4,414,41.1,29.2
"Gray, Tristan",656484,2025,29,78,86,18,10,5,0,3,19,6,22.1,7,".231",".410",".282","0.692","0.179",".263","9","32","0","0","9",".257",".473",".298",".349",".315",".216",".347","74.4","91.4","18.5",42.6,8,13.1,44.3,"101.892879333","95.131409333",76.1,8.9,48,180,65,315,73.4,33,124,51.7,163,40,126,31.9,52.7,44.3,42.6,13.1,61,31.1,27.9
"LeMahieu, DJ",518934,2025,36,128,142,34,29,3,0,2,35,14,24.6,9.9,".266",".336",".338","0.674","0.070",".352","12","43","0","0","13",".245",".338",".304",".295",".320",".093",".339","67.6","91.7","4.1",28,4,4.3,51.6,"101.062913913","95.603953804",59.4,7.4,78,318,114,539,85.4,24,164,51.2,276,43.2,233,22,42.1,15.1,44.1,40.9,93,60.2,15.1
"Yoshida, Masataka",807799,2025,31,188,205,50,35,11,0,4,24,10,11.7,4.9,".266",".388",".307","0.695","0.122",".280","26","73","0","3","16",".270",".384",".302",".314",".317",".115",".310","71.9","90.2","5.7",29.2,11,6.5,44,"100.498389286","94.589775269",58.5,9.4,122,403,147,715,92.2,18,230,55,393,42.5,304,15.4,44.5,47,32.1,20.8,168,56,16.7
"Sanoja, Javier",691594,2025,22,313,342,76,44,22,4,6,41,19,12,5.6,".243",".396",".287","0.683","0.153",".259","38","124","5","6","40",".251",".342",".294",".282",".296",".090",".287","68.3","88.5","10.8",31.8,5,1.8,35,"98.289398881","93.337097491",60.8,8.9,126,714,291,1218,91.7,33,399,53.9,656,43.8,533,12.4,46.9,35,40.7,24.3,280,47.5,18.9
"Correa, Carlos",621043,2025,30,537,584,148,106,29,0,13,113,45,19.3,7.7,".276",".402",".332","0.734","0.126",".328","52","216","0","0","63",".280",".439",".322",".338",".337",".159",".355","73.8","90.5","7.3",34.6,29,6.8,45.9,"102.338902322","95.568245592",64.4,8.6,270,1353,538,2311,85.9,104,737,49.5,1144,42.4,979,22.3,46.4,34.4,37.6,28,425,48.2,18.8
"Fletcher, Dominic",666150,2025,27,32,34,7,1,5,0,1,2,2,5.9,5.9,".219",".469",".265","0.734","0.250",".207","2","15","0","1","5",".248",".370",".311",".289",".292",".122",".264","68.5","89.1","15.8",23.3,1,3.3,40,"99.682667333","94.087066333",71,8.5,30,73,26,130,97.7,1,44,47.7,62,40.8,53,11.8,52.3,43.3,33.3,23.3,30,43.3,26.7
"Ozuna, Marcell",542303,2025,34,487,592,113,73,19,0,21,144,94,24.3,15.9,".232",".400",".355","0.755","0.168",".280","68","195","0","0","61",".239",".448",".334",".354",".362",".209",".335","72.9","89.9","14.1",35.1,40,11.4,44.6,"101.322693218","94.957629109",57.9,6.4,349,1403,633,2635,81.1,139,734,48.1,1268,42.3,1114,25.8,39.4,42.9,34.3,22.9,350,40.3,32.6
"Veen, Zac",691728,2025,23,34,37,4,2,1,0,1,14,2,37.8,5.4,".118",".235",".189","0.424","0.117",".158","2","8","1","1","1",".123",".214",".193",".188",".194",".091",".209","71","90.2","18.3",30,1,5,30,"98.461172222","93.739707778",88,7.9,17,98,11,140,63.6,24,66,53.6,75,44.3,62,43.7,62.1,45,35,20,20,45,35
"Renfroe, Hunter",592669,2025,33,99,108,18,12,6,0,0,21,8,19.4,7.4,".182",".242",".241","0.483","0.060",".228","4","24","0","0","5",".193",".319",".219",".257",".254",".126",".245","74.5","88.5","17",24.1,5,6.3,35.4,"99.1918265","93.701721646",62.4,7.2,56,209,78,391,86,17,121,49.6,194,41.2,161,23.3,44,50.6,31.6,17.7,79,43,25.3
"Hoerner, Nico",663538,2025,28,599,649,178,138,29,4,7,49,39,7.6,6,".297",".394",".345","0.739","0.097",".313","61","236","6","29","89",".292",".391",".324",".322",".341",".099",".317","68.5","86.7","12.5",36.1,13,2.3,30.3,"96.704418551","92.414274628",63.4,9.3,188,1314,599,2305,94.9,39,769,52.6,1212,42.8,986,11.2,48.8,37,37.2,25.8,554,44.9,23.8
"Mateo, Jorge",622761,2025,30,79,83,14,9,4,0,1,30,4,36.1,4.8,".177",".266",".217","0.483","0.089",".271","3","21","2","15","9",".167",".255",".214",".206",".207",".088",".269","71.9","85.3","9.8",20.4,2,4.1,36.7,"97.8277768","93.070715306",64.7,8.9,43,193,71,336,76.8,26,112,51.5,173,47.3,159,31.8,52.4,32.7,44.9,22.4,49,46.9,28.6
"Taveras, Leody",665750,2025,26,171,180,35,25,6,1,3,50,5,27.8,2.8,".205",".304",".226","0.530","0.099",".269","17","52","3","9","13",".198",".316",".230",".232",".220",".118",".278","71.2","88.5","21.2",27.2,8,6.4,35.2,"99.243581864","93.754772203",67.3,7.4,145,416,96,693,82.9,43,251,53.8,373,47.3,328,25.2,52.1,31.2,36.8,32,125,36,24.8
"Arenado, Nolan",571448,2025,34,401,436,95,64,18,1,12,49,28,11.2,6.4,".237",".377",".289","0.666","0.140",".241","52","151","0","3","48",".245",".366",".287",".289",".298",".122",".278","71.4","86.8","19",31.5,14,3.9,32.6,"97.232838983","92.648981303",64.9,6.3,177,863,399,1586,91.3,44,503,48.9,775,43.7,693,17.9,49.1,42.1,34.8,23,356,36.5,30.1
"Wells, Austin",669224,2025,25,401,448,88,44,22,1,21,118,30,26.3,6.7,".219",".436",".275","0.711","0.217",".245","71","175","1","5","51",".214",".399",".302",".294",".276",".185",".300","73.4","90.6","20.7",33,30,10.2,45.2,"101.709094658","95.230029897",71.5,8.7,292,935,433,1794,81.7,119,650,50.7,909,42.3,758,27.4,50.7,39.1,31.3,29.6,294,33,33.7
"Rodríguez, Johnathan",671286,2025,25,71,77,14,7,4,1,2,22,6,28.6,7.8,".197",".366",".260","0.626","0.169",".255","10","26","0","1","6",".225",".356",".273",".282",".285",".131",".326","77.3","92.1","-1.9",28.6,3,6.1,55.1,"103.9406876","96.875623061",61.2,7.3,62,162,68,313,73.3,24,90,47,147,40.9,128,37.7,44.1,38.8,28.6,32.7,49,59.2,14.3
"Kirk, Alejandro",672386,2025,26,451,506,127,94,18,0,15,59,48,11.7,9.5,".282",".421",".348","0.769","0.139",".292","76","190","0","1","45",".278",".480",".334",".359",".348",".203",".319","72.5","91.1","11.9",34.4,40,10.1,50.8,"102.169605025","95.726454811",65.9,8.3,156,1147,495,1977,85.6,93,644,49.4,977,41.3,816,18.5,47.2,28.1,41.5,30.4,398,44.2,25.4
"Rushing, Dalton",687221,2025,24,142,155,29,20,5,0,4,58,10,37.4,6.5,".204",".324",".258","0.582","0.120",".305","24","46","0","0","15",".203",".379",".256",".283",".262",".176",".344","73.1","90.8","17.2",37.2,12,14,45.3,"101.944263256","95.275830465",65.7,10.2,70,302,194,600,73.1,58,216,54.8,329,42,252,35.7,44.8,52.3,27.9,19.8,86,34.9,31.4
"Morel, Christopher",666624,2025,26,278,305,61,34,16,0,11,109,25,35.7,8.2,".219",".396",".289","0.685","0.177",".316","33","110","2","7","37",".213",".420",".299",".304",".283",".207",".351","76","91.8","17",33.7,25,14.8,49.7,"103.283549405","96.313953036",78.3,7,153,601,302,1177,70.9,129,443,48.1,566,41.5,488,38.9,53.8,55.6,29.6,14.8,169,39.6,34.9
"Turner, Trea",607208,2025,32,589,639,179,126,31,7,15,107,43,16.7,6.7,".304",".457",".355","0.812","0.153",".350","69","269","7","36","94",".270",".410",".352",".321",".324",".140",".329","71.2","89.3","9.1",34.7,28,5.8,42.1,"100.109582645","94.284521756",72.8,8.1,304,1244,644,2407,86.1,119,855,48.8,1174,41.9,1008,24.8,51.4,38.6,37.4,24,484,48.3,23.1
"Villar, David",681584,2025,28,20,25,4,3,1,0,0,5,4,20,16,".200",".250",".360","0.610","0.050",".267","1","5","0","0","4",".220",".356",".295",".337",".376",".136",".294","69.2","81.6","-0.1",26.7,1,6.7,26.7,"95.64807875","92.744836667",65.3,7.4,22,53,14,95,68.8,10,32,51.6,49,36.8,35,34.2,40,33.3,26.7,40,15,53.3,13.3
"Witt Jr., Bobby",677951,2025,25,623,687,184,108,47,6,23,125,49,18.2,7.1,".295",".501",".351","0.852","0.206",".334","88","312","9","38","99",".285",".508",".360",".365",".347",".222",".359","74.3","93.3","15.2",35.4,63,12.5,48.5,"103.906232271","96.610542829",71.5,8.2,285,1447,563,2511,83.4,149,898,50,1256,41.2,1035,23.9,51.1,32.9,37.8,29.3,505,37.4,27.9
"Rutschman, Adley",668939,2025,27,322,365,71,44,16,2,9,57,40,15.6,11,".220",".366",".307","0.673","0.146",".240","29","118","0","0","37",".241",".410",".298",".325",".327",".169",".293","70.1","89.4","13.7",33.7,20,7.5,38.6,"99.370985821","93.966094082",58.7,7.1,275,791,308,1491,91.1,40,447,51.1,762,45.5,678,14.5,40.6,41.9,32.6,25.5,267,43.4,28.1
"Soler, Jorge",624585,2025,33,279,315,60,36,12,0,12,94,28,29.8,8.9,".215",".387",".293","0.680","0.172",".273","34","108","0","0","31",".204",".387",".298",".294",".285",".183",".305","74","89.7","13.8",31.9,24,12.8,42,"101.751590213","95.016723457",65.7,7.5,133,615,387,1290,79.8,83,411,48.5,626,43.2,557,30.1,44.5,47.9,35.1,17,188,43.6,22.3
"Gasper, Mickey",681508,2025,29,95,110,15,12,1,0,2,20,10,18.2,9.1,".158",".232",".257","0.489","0.074",".176","11","22","0","2","15",".167",".241",".229",".236",".265",".074",".208","70.6","87.8","19.4",16.9,1,1.3,31.2,"97.650921842","93.035443421",57.8,6.9,88,252,101,451,87.2,17,133,51,230,42.1,190,18.5,39.5,33.8,29.9,36.4,77,42.9,31.2
"Noda, Ryan",676116,2025,29,47,59,5,4,0,0,1,25,11,42.4,18.6,".106",".170",".276","0.446","0.064",".190","2","8","0","1","3",".131",".247",".211",".245",".296",".116",".280","72.4","89.4","26.7",21.7,2,8.7,34.8,"99.337918182","93.769506364",59.1,8.2,18,160,61,254,65.4,27,78,51.8,132,44.7,114,44.1,40.2,47.8,21.7,30.4,23,34.8,30.4
"Lee, Korey",686676,2025,26,35,40,9,5,3,0,1,7,4,17.5,10,".257",".429",".333","0.762","0.172",".296","3","15","0","0","10",".185",".284",".333",".250",".268",".100",".231","70.9","86.3","15.9",24.1,1,3.4,34.5,"98.543971429","93.271985714",64.5,6.5,22,78,36,153,83.7,8,49,49.7,76,47.1,72,27.8,47.1,41.4,37.9,20.7,29,44.8,20.7
"Trout, Mike",545361,2025,33,456,556,106,65,14,1,26,178,87,32,15.6,".232",".439",".359","0.798","0.207",".310","64","200","0","2","73",".236",".474",".343",".358",".364",".239",".384","74","90.9","17.5",44.4,45,15.8,49.3,"103.439903451","96.179463887",55.9,7.8,207,1640,428,2482,79.3,147,711,51.2,1271,45.3,1124,29.9,38.8,37.7,34.2,28.2,284,34.2,30.3
"Hays, Austin",669720,2025,29,380,416,101,65,16,5,15,107,29,25.7,7,".266",".453",".315","0.768","0.187",".326","64","172","0","7","60",".234",".403",".327",".300",".290",".169",".325","71.9","88.8","14.6",31.9,29,10.4,38.4,"99.434684493","93.863333745",71.1,7.7,178,718,472,1559,78.5,115,534,48.2,751,41.3,644,31.4,52,47,34.1,19,279,41.6,28.3
"Fairchild, Stuart",656413,2025,29,51,55,11,6,4,1,0,15,4,27.3,7.3,".216",".333",".273","0.606","0.117",".306","2","17","1","2","7",".194",".354",".266",".264",".252",".160",".274","69.9","88.1","24.4",22.2,5,13.9,36.1,"98.732025625","93.561049355",76.6,9.2,37,109,36,195,72.9,23,85,56.9,111,43.1,84,30.7,51.8,41.7,27.8,30.6,36,38.9,33.3
"Abrams, CJ",682928,2025,24,580,635,149,90,35,5,19,125,37,19.7,5.8,".257",".433",".315","0.748","0.176",".296","60","251","3","31","92",".245",".401",".324",".309",".305",".156",".311","72.4","88.7","13.3",34.4,35,7.6,39.2,"99.528390349","93.868025131",67.4,7.4,273,1244,616,2320,83,137,808,51.7,1199,42.7,991,24.4,50.6,43.8,34.6,21.6,459,40.1,28.1
"Keirsey Jr., DaShawn",680577,2025,28,84,88,9,7,0,0,2,33,2,37.5,2.3,".107",".179",".138","0.317","0.072",".143","6","15","3","10","11",".144",".216",".142",".173",".174",".072",".237","69","87.5","9.9",19.2,3,5.8,34.6,"98.1940692","93.1913766",71.4,8.6,39,219,75,348,80.7,26,135,54.3,189,46.3,161,25.4,52,32.7,28.8,38.5,52,51.9,26.9
"Wilson, Will",669717,2025,26,78,91,15,11,4,0,0,34,7,37.4,7.7,".192",".244",".267","0.511","0.052",".341","2","19","0","2","7",".154",".242",".236",".219",".233",".089",".273","72.2","87.6","22",28.6,1,2,36.7,"97.655267273","92.939904186",78.4,6.8,40,187,100,368,71.6,38,134,46.5,171,37.5,138,37.4,55.2,30.6,40.8,28.6,49,42.9,26.5
"Acuña, Luisangel",682668,2025,23,175,193,41,34,7,0,0,37,13,19.2,6.7,".234",".274",".293","0.567","0.040",".295","8","48","1","16","30",".235",".299",".258",".271",".296",".063",".299","70.7","87.9","3.4",29.8,2,1.4,35.5,"99.435407273","93.76929803",68.9,6.8,67,381,164,687,89.4,24,226,47.7,328,41,282,22.3,49.1,21.3,50.4,28.4,141,56,17.7
"Carpenter, Kerry",681481,2025,27,433,464,109,60,18,5,26,106,18,22.8,3.9,".252",".497",".291","0.788","0.245",".274","62","215","1","1","66",".252",".493",".335",".335",".294",".241",".335","71.9","91.4","21",37.4,41,12.5,46.8,"101.150892761","95.204968523",71.4,7.1,348,899,363,1736,80.5,121,625,50.4,875,43.1,749,26.2,52.9,46.8,34.3,18.8,329,33.1,33.1
"Bernabel, Warming",682653,2025,23,139,146,35,22,8,1,4,25,7,17.1,4.8,".252",".410",".288","0.698","0.158",".282","14","57","1","1","15",".247",".337",".301",".273",".283",".090",".301","69.2","85.4","13.2",34.2,3,2.6,32.5,"97.004497018","92.502248509",72.9,6.3,73,281,115,520,86.7,24,180,47.5,247,38.1,198,20.8,55.4,42.1,36.8,21.1,114,42.1,23.7
"Castro, Willi",650489,2025,28,402,454,91,60,17,3,11,111,40,24.4,8.8,".226",".366",".313","0.679","0.140",".286","33","147","4","10","58",".234",".368",".302",".306",".321",".133",".324","71.6","86.7","11.2",36.6,19,6.5,37.3,"99.398738493","93.724594674",72,7.6,283,1029,362,1735,79.6,130,638,51.1,886,46.6,809,28.2,52.4,37.7,36.3,26,292,41.1,26.7
"Smith, Josh",669701,2025,27,495,563,124,89,23,2,10,100,55,17.8,9.8,".251",".366",".335","0.701","0.115",".295","35","181","3","12","70",".247",".366",".311",".310",".332",".119",".309","69.1","87.2","12.7",33.8,20,5,31.1,"97.379499592","92.713932653",63.1,8.4,366,1283,475,2287,87.7,94,764,53,1211,43.9,1003,19.6,45.5,36.3,37.3,26.3,399,44.6,24.1
"Loperfido, Joey",694388,2025,26,96,104,32,24,4,0,4,27,4,26,3.8,".333",".500",".379","0.879","0.167",".431","14","48","2","1","12",".266",".407",".381",".316",".316",".141",".370","72","87.3","11.7",32.9,4,5.7,37.1,"98.535505294","93.357428824",73.4,8,67,205,86,376,80,27,135,48.9,184,46.8,176,29.4,53.5,34.3,40,25.7,70,42.9,20
"Carlson, Dylan",666185,2025,26,217,241,44,28,9,1,6,54,21,22.4,8.7,".203",".336",".278","0.614","0.133",".241","20","73","3","3","17",".214",".357",".273",".285",".288",".144",".283","68.7","88.4","16.7",34.8,11,6.7,30.5,"97.553371852","92.871209136",68.7,8.4,149,645,158,1021,79.7,75,369,52.6,537,43.8,447,22.9,45.2,40.2,36.6,23.2,164,37.8,32.3
"Díaz, Elias",553869,2025,34,255,283,52,36,7,0,9,74,21,26.1,7.4,".204",".337",".270","0.607","0.133",".250","29","86","0","0","34",".202",".333",".269",".267",".269",".131",".286","72.8","88.4","17.7",30.1,14,7.5,38.7,"100.068601667","94.206191006",73,7.8,99,572,291,1056,76.3,93,392,50.9,537,43.7,461,34.2,52,38.7,34.9,26.3,186,37.6,28.5
"Rivas, Leo",660844,2025,27,90,111,22,18,2,0,2,24,20,21.6,18,".244",".333",".387","0.720","0.089",".313","9","30","0","6","19",".183",".266",".333",".288",".337",".084",".249","66.6","86.3","13.1",33.3,2,3,19.7,"94.335269697","91.255144",55.4,6.9,73,316,99,520,81,30,158,54.8,285,43.3,225,22.6,34,40.9,33.3,25.8,66,43.9,30.3
"Johnston, Troy",687859,2025,28,112,121,31,24,2,1,4,26,8,21.5,6.6,".277",".420",".331","0.751","0.143",".329","13","47","2","2","12",".274",".461",".328",".341",".328",".188",".358","70.6","89.6","14.6",39.5,8,9.3,40.7,"99.962519286","94.165047024",67.6,6.4,98,234,83,450,77.3,34,150,49.3,222,41.8,188,31,51.6,44.2,40.7,15.1,86,37.2,23.3
"Carroll, Corbin",682998,2025,24,564,642,146,66,32,17,31,153,67,23.8,10.4,".259",".541",".343","0.884","0.282",".299","84","305","6","32","107",".262",".529",".371",".372",".348",".267",".359","74.7","92.1","16.7",33.5,60,14.5,49.9,"103.729438309","96.452659346",66.8,7.6,343,1293,674,2497,81,155,816,48.9,1221,43.8,1093,24.8,48.9,42.4,35.2,22.4,415,35.7,32
"Burger, Jake",669394,2025,29,356,376,84,52,15,1,16,93,12,24.7,3.2,".236",".419",".269","0.688","0.183",".272","53","149","1","1","43",".246",".478",".295",".324",".280",".232",".332","74.6","90.4","16.1",33.5,37,13.9,48.5,"103.175129323","95.834832632",71,7.6,151,666,337,1324,83.4,76,458,48.7,645,42.4,562,29.2,55.1,34.6,38,27.4,266,39.5,28.6
"Baker, Luken",663609,2025,28,34,41,8,5,3,0,0,10,7,24.4,17.1,".235",".324",".366","0.690","0.089",".333","2","11","0","0","3",".217",".376",".317",".328",".351",".159",".307","76","94.6","22.1",25,2,8.3,54.2,"103.404434167","97.450175",67.1,12.9,25,107,25,170,72.7,15,55,48.2,82,42.4,72,32.9,42.9,45.8,33.3,20.8,24,37.5,20.8
"Feduccia, Hunter",676439,2025,28,88,105,13,8,5,0,0,29,15,27.6,14.3,".148",".205",".267","0.472","0.057",".213","8","18","0","1","5",".188",".281",".226",".275",".307",".094",".282","69.8","87.6","16.3",31.1,5,8.2,32.8,"97.34747871","92.755463607",64.8,10.9,84,261,95,477,79.1,33,158,51.2,244,41.1,196,28.3,44.4,32.8,27.9,39.3,61,45.9,18
"Noel, Jhonkensy",678877,2025,23,148,153,24,16,2,0,6,52,4,34,2.6,".162",".297",".183","0.480","0.135",".198","13","44","0","0","19",".161",".287",".207",".202",".183",".126",".247","77.9","90.3","13.8",25.8,6,6.2,41.2,"102.828730612","95.724912371",75.7,6.9,100,278,116,563,75.8,46,190,44.6,251,38.9,219,34.7,60.9,54.6,26.8,18.6,97,46.4,27.8
"Torres, Gleyber",650402,2025,28,532,628,136,98,22,0,16,101,85,16.1,13.5,".256",".387",".358","0.745","0.131",".284","74","206","1","4","79",".269",".462",".332",".363",".372",".193",".329","70.2","90","14.3",38.6,36,8.2,39,"99.951681689","94.284674897",64.8,7.8,265,1465,645,2652,85.1,127,853,49.7,1317,43.8,1161,19.5,40.8,31.1,39,29.9,438,38.4,30.6
"Myers, Dane",667472,2025,29,307,333,72,56,10,0,6,77,23,23.1,6.9,".235",".326",".291","0.617","0.091",".293","31","100","5","18","29",".251",".398",".275",".308",".307",".147",".334","71","90.7","10.5",34.6,18,7.8,42,"99.818160261","94.250510655",60.6,9.4,98,770,297,1241,82.2,77,433,57.5,714,42.3,525,23.7,45,32.9,44.6,22.5,231,44.6,25.1
"Beavers, Dylan",687637,2025,23,110,137,25,15,5,1,4,36,26,26.3,19,".227",".400",".375","0.775","0.173",".300","14","44","2","2","16",".213",".408",".347",".344",".364",".195",".317","72.2","88.8","21.2",37.3,7,9.3,28,"98.582665946","93.439117838",57,8,92,355,129,615,83.8,27,167,47.6,293,38.4,236,23.7,37.1,41.3,32,26.7,75,29.3,40
"Frelick, Sal",686217,2025,25,528,594,152,117,20,3,12,80,47,13.5,7.9,".288",".405",".351","0.756","0.117",".317","63","214","6","19","76",".255",".339",".332",".299",".324",".084",".301","68.2","85.5","12.1",30.7,14,3.1,27.4,"96.058504215","92.02970778",60,8.6,285,1377,495,2311,90.7,67,732,52.8,1220,43.8,1012,12.8,44.1,41,34.2,24.8,456,46.7,20.2
"Suwinski, Jack",669261,2025,26,150,178,22,12,7,0,3,57,24,32,13.5,".147",".253",".281","0.534","0.106",".211","10","38","1","7","15",".195",".376",".250",".310",".322",".181",".315","73.9","88.8","16.7",35.5,11,11.8,38.7,"100.555321489","94.441022581",61.2,8.3,92,445,226,806,75.4,63,256,51.9,418,48.6,392,32.1,39.8,41.9,33.3,24.7,93,34.4,37.6
"Realmuto, J.T.",592663,2025,34,502,550,129,90,26,1,12,129,35,23.5,6.4,".257",".384",".315","0.699","0.127",".321","52","193","2","8","57",".253",".411",".307",".316",".313",".158",".340","72","90","11.1",36.7,33,8.8,45.5,"101.254721596","94.894975239",65.6,7.6,292,1171,584,2196,85.4,103,707,49.1,1078,41.5,912,24.3,48.6,38.8,35.6,25.5,376,44.7,23.7
"Martin, Austin",668885,2025,26,156,181,44,34,8,1,1,31,22,17.1,12.2,".282",".365",".374","0.739","0.083",".347","7","57","4","11","22",".279",".403",".333",".345",".372",".124",".348","68.2","86.2","9.7",35.4,7,5.5,38.6,"99.170504355","93.642009597",63.2,7.6,118,449,126,749,90.1,23,232,49,367,45.3,339,17.4,40.6,41.7,37.8,20.5,127,52,16.5
"Mastrobuoni, Miles",670156,2025,29,152,175,38,33,4,0,1,29,17,16.6,9.7,".250",".296",".324","0.620","0.046",".301","12","45","3","6","20",".280",".373",".282",".322",".351",".092",".344","67.5","88","6.2",33.3,3,2.3,36.4,"97.996020645","93.315767967",56.5,8.8,111,367,146,669,86.7,28,210,55.6,372,42.6,285,16.1,39.9,29.5,40.3,30.2,129,51.2,20.9
"Crews, Dylan",686611,2025,23,293,322,61,41,8,2,10,76,24,23.6,7.5,".208",".352",".280","0.632","0.144",".246","27","103","5","17","43",".235",".393",".279",".307",".304",".158",".318","73.3","89.7","8.5",26.7,21,9.7,38.7,"101.064556729","94.842214579",66.2,7.3,151,627,273,1150,82.1,69,386,50.7,583,43.9,505,30.7,48.1,35.9,38.7,25.3,217,50.2,24.9
"Joe, Connor",656582,2025,32,70,80,13,9,4,0,0,20,7,25,8.8,".186",".243",".263","0.506","0.057",".250","4","17","2","2","2",".216",".328",".231",".276",".293",".113",".297","72.3","89.3","13.8",38.5,3,5.8,36.5,"99.612808846","94.084837843",57.3,11.4,32,199,66,334,83,18,106,55.4,185,41.6,139,20.7,40.4,30.8,38.5,30.8,52,38.5,25
"Locklear, Tyler",682988,2025,24,103,116,18,15,0,0,3,43,10,37.1,8.6,".175",".262",".267","0.529","0.087",".263","6","27","1","3","11",".172",".287",".245",".252",".265",".115",".296","71.5","87.9","7",18.3,4,6.7,41.7,"100.538864667","94.491840333",67.1,8.2,58,234,156,477,81.4,27,145,45.3,216,40.7,194,32.2,48.8,43.3,38.3,18.3,60,60,28.3
"Maldonado, Martín",455117,2025,38,147,161,30,20,6,0,4,57,8,35.4,5,".204",".327",".245","0.572","0.123",".302","12","48","0","0","11",".192",".344",".251",".251",".234",".152",".314","71.2","86","16.1",30.2,9,9.4,28.1,"97.990749545","93.002430341",56.5,9.5,52,318,152,569,72.3,49,177,55,313,44.5,253,38.4,45.3,47.9,31.3,20.8,96,42.7,24
"Neto, Zach",687263,2025,24,502,554,129,73,29,1,26,149,33,26.9,6,".257",".474",".319","0.793","0.217",".312","62","238","9","26","82",".251",".495",".337",".344",".315",".244",".356","71.4","91","17.5",38,50,14,46.6,"101.775942825","95.420716799",69.4,7,269,1113,558,2171,81.4,132,711,47.2,1024,38.2,829,29.1,48.6,45.8,33.2,20.9,358,36.3,31.6
"Freeland, Alex",690976,2025,23,84,97,16,11,2,1,2,35,11,36.1,11.3,".190",".310",".292","0.602","0.120",".298","6","26","0","1","10",".168",".296",".273",".258",".272",".128",".288","70.7","90.7","20.7",32,4,8,38,"98.387745","93.686567447",55.1,4.9,81,239,94,429,76,30,125,52.9,227,50.1,215,30.5,38.2,38,44,18,50,38,28
"Jackson, Jeremiah",669236,2025,25,170,183,47,30,10,2,5,50,11,27.3,6,".276",".447",".328","0.775","0.171",".365","21","76","2","0","20",".226",".398",".336",".295",".281",".172",".321","71.9","90.6","10.9",27.5,9,7.5,46.7,"101.013917833","94.970572521",72.6,6.8,79,372,160,706,75.1,62,249,48.6,343,42.8,302,33.2,52.8,35.8,40,24.2,120,50,27.5
"Lawlar, Jordan",691783,2025,22,66,74,12,5,7,0,0,26,6,35.1,8.1,".182",".288",".257","0.545","0.106",".293","5","19","0","2","9",".190",".294",".244",".253",".266",".104",".309","71.7","87","17.2",36.6,2,4.9,34.1,"97.86948","93.084547949",61,7,31,135,77,285,77.5,20,89,51.2,146,44.6,127,33.3,44.2,63.4,17.1,19.5,41,39,24.4
"Escarra, J.C.",641555,2025,30,84,98,17,10,5,0,2,14,11,14.3,11.2,".202",".333",".296","0.629","0.131",".214","11","28","0","1","5",".233",".349",".280",".300",".323",".116",".273","72.8","90.8","11.5",27.8,4,5.6,43.1,"100.294987778","94.348824722",65.2,7.3,56,211,102,395,89.1,14,129,50.1,198,41,162,19.4,43,44.4,29.2,26.4,72,44.4,19.4
"Mervis, Matt",670223,2025,27,120,134,21,10,4,0,7,50,11,37.3,8.2,".175",".383",".254","0.637","0.208",".219","14","46","0","0","15",".145",".266",".274",".223",".229",".121",".250","73.6","88.3","22.3",26.8,6,8.5,38,"99.912860833","94.214077324",74.2,7.3,135,261,99,536,68.2,63,198,49.8,267,42,225,39.9,54.7,49.3,32.4,18.3,71,36.6,35.2
"Rodríguez, Julio",677594,2025,24,652,710,174,107,31,4,32,152,44,21.4,6.2,".267",".474",".324","0.798","0.207",".302","95","309","6","30","106",".274",".483",".341",".348",".331",".209",".356","76.4","91.8","8.5",31.5,49,9.8,48,"103.7115726","96.24062626",75.2,7.3,301,1370,534,2496,80.6,180,929,49.5,1235,42.3,1055,28.2,55.4,35.9,40.8,23.3,502,48.2,25.7
"Bryant, Kris",592178,2025,33,39,41,6,4,2,0,0,13,2,31.7,4.9,".154",".205",".195","0.400","0.051",".231","1","8","0","0","2",".159",".301",".181",".217",".200",".143",".238","71.2","90.8","13",46.2,2,7.7,34.6,"97.886280769","93.540250769",74.1,4.2,16,92,29,167,76.2,15,63,50.9,85,47.9,80,35.7,50.3,42.3,38.5,19.2,26,38.5,30.8
"Pillar, Kevin",607680,2025,36,43,43,9,7,2,0,0,8,0,18.6,0,".209",".256",".209","0.465","0.047",".257","1","11","0","3","6",".209",".295",".202",".216",".209",".086",".257","69.1","86.1","14.9",34.3,1,2.9,20,"94.907728333","91.579498",69.9,7.8,18,96,26,154,84.5,9,58,53.9,83,46.8,72,19.1,57.8,42.9,40,17.1,35,42.9,25.7
"McKinstry, Zach",656716,2025,30,452,511,117,71,23,11,12,111,46,21.7,9,".259",".438",".333","0.771","0.179",".314","49","198","5","19","68",".247",".358",".333",".305",".324",".111",".325","67.5","85.7","14.1",41.2,21,6.1,30.5,"96.985648092","92.494690578",65.5,7.5,292,1175,446,2035,83.8,112,692,51.9,1057,46.2,940,22.8,46.7,43.2,31.4,25.4,347,40.9,24.5
"Bae, Ji Hwan",678225,2025,25,20,25,1,1,0,0,0,9,5,36,20,".050",".050",".240","0.290","0.000",".091","0","1","1","4","4",".115",".278",".174",".268",".292",".163",".210","67.9","88.3","10.2",18.2,2,18.2,36.4,"97.659576","92.829788",68.3,4.9,14,69,18,102,71.4,8,28,40.2,41,45.1,46,41.7,47.1,9.1,63.6,27.3,11,54.5,36.4
"Rortvedt, Ben",666163,2025,27,112,128,17,13,3,0,1,23,11,18,8.6,".152",".205",".240","0.445","0.053",".182","10","23","0","0","9",".185",".246",".211",".240",".270",".062",".233","68.8","81.2","13.6",23.9,3,3.3,19.6,"93.114169535","90.907202471",65.8,7.9,67,325,90,517,78.4,37,171,50.3,260,45.8,237,25.4,47.2,41.3,32.6,26.1,92,50,20.7
"Rave, John",670231,2025,27,153,175,30,21,5,0,4,46,18,26.3,10.3,".196",".307",".283","0.590","0.111",".250","14","47","2","7","18",".228",".349",".267",".302",".315",".122",".328","73.9","88.3","8.4",25.5,6,5.5,40,"100.331691373","94.211258235",59.9,6.1,140,381,174,749,83.3,40,239,53.3,399,45.7,342,24.2,42.5,42.7,35.5,21.8,110,54.5,24.5
"Devers, Rafael",646240,2025,28,607,729,153,85,33,0,35,192,112,26.3,15.4,".252",".479",".372","0.851","0.227",".307","109","291","1","1","99",".244",".487",".365",".367",".368",".242",".358","71.6","93.5","12.6",34.6,67,16,56.1,"104.005280383","97.028150813",70.1,7.9,430,1958,501,3060,71.4,299,1044,48.7,1489,41.6,1273,31.6,47.2,35.8,37.9,26.3,419,42.7,30.1
"Jung, Jace",690291,2025,24,47,55,5,5,0,0,0,16,7,29.1,12.7,".106",".106",".236","0.342","0.000",".161","3","5","0","0","8",".162",".217",".181",".241",".284",".055",".246","73.3","88.3","13.3",29,1,3.2,38.7,"99.26483","93.838995161",66.1,9,34,124,57,222,80.8,15,78,53.2,118,43.2,96,23.6,47.7,32.3,48.4,19.4,31,48.4,12.9
"Eaton, Nate",681987,2025,28,81,90,24,19,4,0,1,19,6,21.1,6.7,".296",".383",".348","0.731","0.087",".371","4","31","2","9","16",".243",".365",".322",".293",".300",".123",".313","73.3","88.8","8.8",31.3,4,6.3,37.5,"98.736911563","93.482995873",63.2,10.1,41,179,93,338,90.9,10,110,51.5,174,38.2,129,17.6,47,39.1,42.2,18.8,64,50,23.4
"Lindor, Francisco",596019,2025,31,644,732,172,106,35,0,31,131,65,17.9,8.9,".267",".466",".346","0.812","0.199",".288","86","300","6","31","117",".260",".454",".350",".345",".342",".194",".325","71","90.5","15.1",34.6,46,8.8,44.4,"100.755824319","94.874493626",67.3,8.3,520,1613,650,2940,84.7,156,1021,51.6,1517,43.1,1266,20.8,47.7,42.1,35.4,22.5,520,39,27.5
"Pederson, Joc",592626,2025,33,265,306,48,28,10,1,9,65,34,21.2,11.1,".181",".328",".285","0.613","0.147",".203","26","87","0","2","28",".219",".393",".276",".315",".319",".174",".290","73.4","91.2","16.9",28.4,19,9.5,44.8,"101.989422727","95.472364192",63.5,7.2,214,680,283,1237,83.2,63,374,47.6,589,43,532,25.2,44.3,44.3,29.9,25.9,201,40.8,29.4
"Barnes, Austin",605131,2025,35,42,44,9,6,3,0,0,14,1,31.8,2.3,".214",".286",".233","0.519","0.072",".321","2","12","0","0","4",".227",".303",".227",".240",".245",".076",".341","66.7","80.9","4.2",34.5,1,3.4,20.7,"94.497949286","91.446035714",54.8,5.5,8,94,46,164,86.3,7,51,56.7,93,45.7,75,28.6,42.7,37.9,41.4,20.7,29,48.3,13.8
"Polanco, Jorge",593871,2025,31,471,524,125,69,30,0,26,82,42,15.6,8,".265",".495",".326","0.821","0.230",".269","78","233","3","6","64",".266",".464",".350",".343",".329",".198",".321","71.2","90.8","16.7",34.3,41,10.3,45.8,"101.532444745","95.138197245",66.9,7.6,476,924,479,2023,86,92,657,48.5,982,40.9,828,23.3,46.3,48.4,31.2,20.4,397,38,28.7
"Fermín, José",665877,2025,26,60,70,17,11,5,0,1,10,8,14.3,11.4,".283",".417",".377","0.794","0.134",".327","9","25","2","2","5",".275",".367",".352",".332",".370",".092",".330","68","87.1","16",35.3,0,0,29.4,"96.5928275","92.389810213",57.6,8.5,26,160,42,271,92.1,6,76,48.7,132,45.8,124,15.2,38.7,45.1,35.3,19.6,51,39.2,25.5
"Thomas, Colby",687515,2025,24,120,132,27,16,5,0,6,49,7,37.1,5.3,".225",".417",".267","0.684","0.192",".309","19","50","1","2","20",".206",".383",".291",".281",".256",".176",".346","74.8","92.2","21.2",24,10,13.3,49.3,"104.21021","96.532611757",75.4,8.7,60,282,110,481,81.2,34,181,49.9,240,43.7,210,37.1,57.8,46.7,36,17.3,75,37.3,34.7
"Fernández, Yanquiel",692585,2025,22,138,147,31,22,5,0,4,44,8,29.9,5.4,".225",".348",".265","0.613","0.123",".297","11","48","0","0","13",".190",".309",".268",".243",".236",".118",".282","74.5","88.6","8",31.6,8,8.4,36.8,"99.730782766","93.889233085",70.7,7.2,103,293,183,608,80.5,40,205,47.7,290,43.9,267,30.7,52.5,46.3,30.5,23.2,95,49.5,25.3
"Rojas, Josh",668942,2025,31,189,211,34,23,9,0,2,48,19,22.7,9,".180",".259",".252","0.511","0.079",".227","11","49","1","4","14",".209",".305",".232",".263",".281",".096",".279","67.8","89.6","13.4",30.6,5,3.5,36.8,"98.368843714","93.541469143",70.2,9.5,137,468,135,797,83,50,294,52.6,419,41.2,328,23.1,46.2,35.4,39.6,25,144,41.7,31.9
"Winker, Jesse",608385,2025,31,70,81,16,8,5,2,1,21,9,25.9,11.1,".229",".400",".309","0.709","0.171",".300","10","28","0","1","8",".204",".350",".301",".277",".289",".146",".283","71.1","89.5","20.5",29.4,4,7.8,45.1,"101.052788462","94.994217843",68.5,8.2,44,184,64,317,83.5,19,115,53,168,40.4,128,22.4,45.1,54.9,21.6,23.5,51,37.3,19.6
"Clement, Ernie",676391,2025,29,545,588,151,105,35,2,9,61,27,10.4,4.6,".277",".398",".313","0.711","0.121",".296","50","217","5","6","83",".263",".364",".308",".292",".302",".100",".296","67.6","86.6","17.9",37.1,12,2.4,26,"95.998970369","92.037389446",72,8,233,986,448,1871,93,46,658,48.9,914,41.4,774,14.5,53.8,40.1,36.5,23.4,496,34.7,28.6
"Short, Zack",670097,2025,30,50,56,11,7,2,0,2,18,4,32.1,7.1,".220",".380",".291","0.671","0.160",".300","7","19","1","0","9",".175",".281",".295",".241",".250",".105",".274","69.7","86.2","20.9",18.2,1,3,39.4,"98.439797333","93.533943333",57,6,28,153,54,252,73.9,18,69,48,121,46.4,117,29.4,40.5,30.3,48.5,21.2,33,42.4,30.3
"MacIver, Willie",680862,2025,28,102,111,19,11,5,0,3,27,7,24.3,6.3,".186",".324",".252","0.576","0.138",".222","9","33","0","3","7",".200",".308",".256",".256",".264",".108",".271","70.7","88.8","10.2",28,3,4,37.3,"98.324076053","93.2848816",76.2,10.6,29,243,91,395,78.8,34,160,53,210,39.6,157,27.2,54.9,26.7,41.3,32,75,49.3,22.7
"Steer, Spencer",668715,2025,27,509,568,121,77,21,2,21,129,51,22.7,9,".238",".411",".312","0.723","0.173",".277","75","209","1","7","66",".219",".361",".316",".293",".297",".142",".295","70.9","87.3","18.8",34.2,29,7.6,33.2,"97.843391958","93.000497056",67.5,9.4,177,1394,558,2316,81.6,156,848,54.3,1256,43.4,1004,25,48,45.4,33.4,21.1,383,35.2,30.3
"Cole, Zach",805904,2025,24,47,52,12,6,2,0,4,20,5,38.5,9.6,".255",".553",".327","0.880","0.298",".348","11","26","0","3","9",".198",".431",".373",".305",".275",".233",".344","75","90.1","12.8",33.3,4,14.8,48.1,"104.956450769","96.693444615",61.7,5.4,53,103,63,224,69,22,71,51.3,115,46,103,42,44.6,37,48.1,14.8,27,51.9,33.3
"Goodman, Hunter",696100,2025,25,540,579,150,86,28,5,31,152,33,26.3,5.7,".278",".520",".323","0.843","0.242",".331","91","281","2","1","73",".244",".466",".359",".324",".292",".221",".339","74.4","90.8","17.3",32.8,50,12.8,46.9,"102.599968608","95.758645633",75.3,7.4,226,1092,574,2149,80.1,152,764,47.2,1014,41.6,893,32,55,48.7,33.3,17.9,390,38.5,28.7
"Schneider, Davis",676914,2025,26,188,227,44,28,5,0,11,60,36,26.4,15.9,".234",".436",".361","0.797","0.202",".280","31","82","1","3","33",".188",".409",".351",".323",".324",".221",".276","71.5","90.8","24.2",27.9,18,14,41.1,"100.329632154","94.696231395",68.2,7.6,135,592,235,1012,82.1,57,318,46,466,38.9,394,28.5,42.7,56.6,29.5,14,129,30.2,38.8
"Dunn, Oliver",686554,2025,27,36,41,6,4,2,0,0,11,2,26.8,4.9,".167",".222",".205","0.427","0.055",".231","6","8","0","1","4",".221",".261",".190",".235",".260",".040",".313","72.9","87.3","3.8",35.7,0,0,32.1,"99.923279167","94.14957875",63.5,5.8,25,74,45,154,72.2,15,54,55.2,85,40.3,62,32.3,42.2,39.3,28.6,32.1,28,57.1,14.3
"Iglesias, Jose",578428,2025,35,306,343,70,56,11,0,3,56,24,16.3,7,".229",".294",".298","0.592","0.065",".269","36","90","1","5","29",".240",".313",".268",".281",".308",".074",".291","68.9","84","3.9",27,5,2,28.5,"96.076090484","92.044981089",55.3,9.1,129,837,300,1370,88.8,44,393,51.9,711,41.2,564,17.8,45,26.6,39.8,33.6,256,59.4,15.2
"Narváez, Carlos",665966,2025,26,403,446,97,55,27,0,15,111,38,24.9,8.5,".241",".419",".306","0.725","0.178",".294","50","169","1","1","51",".220",".381",".315",".293",".288",".162",".303","72.3","91.1","13.2",30.4,27,9.1,44.6,"101.53825034","95.342193367",67.3,9.1,200,1106,369,1829,80.5,123,631,51.2,937,41.2,754,27.7,48.9,35.8,34.8,29.4,296,44.9,28
"Hinds, Rece",677956,2025,24,43,44,5,2,1,0,2,21,1,47.7,2.3,".116",".279",".136","0.415","0.163",".150","3","12","0","0","6",".177",".399",".177",".250",".196",".222",".347","75.7","92.5","4",31.8,4,18.2,50,"102.76882","96.340739545",73.3,8.2,20,68,62,171,58.2,23,55,43.9,75,40.9,70,52.7,54.4,63.6,27.3,9.1,22,63.6,22.7
"Matos, Luis",682641,2025,23,172,184,38,20,9,1,8,27,11,14.7,6,".221",".424",".266","0.690","0.203",".217","22","73","0","4","26",".219",".368",".296",".274",".264",".149",".258","72","88","14.1",33.6,11,7.5,37.7,"98.432457397","93.368412329",65.6,8.4,102,353,169,687,87.8,27,221,49.1,337,41.6,286,20.1,51.4,40.4,43.2,16.4,146,46.6,25.3
"Hernández, Heriberto",681715,2025,25,256,294,68,45,12,1,10,77,31,26.2,10.5,".266",".438",".347","0.785","0.172",".335","45","112","1","1","40",".245",".435",".341",".334",".331",".190",".345","73.4","90.2","14.2",29,20,10.9,45.4,"101.299416264","95.054874807",68.5,6.8,162,631,237,1138,71,114,393,50.5,574,47.1,536,35.2,45.2,46.4,35.5,18,183,42.1,29.5
"Scott II, Victor",687363,2025,24,398,463,86,65,15,1,5,111,42,24,9.1,".216",".296",".305","0.601","0.080",".284","37","118","4","34","54",".225",".313",".274",".287",".314",".087",".312","69","86.1","15.2",36,11,3.7,26,"96.84561594","92.427137782",73.4,7.3,222,932,424,1703,82,114,632,50.6,861,41.9,713,26.9,49.1,35.7,38.3,26,300,44,25
"Anderson, Tim",641313,2025,32,83,90,17,14,3,0,0,29,3,32.2,3.3,".205",".241",".258","0.499","0.036",".315","3","20","1","1","8",".183",".243",".229",".219",".238",".060",".281","69.1","88.6","0.7",20,0,0,36.4,"97.435145185","92.993100556",72,8.5,17,214,67,330,78.6,28,131,55.2,182,41.5,137,31.9,56.1,34.5,40,25.5,55,61.8,21.8
"Paredes, Isaac",670623,2025,26,378,438,96,60,15,1,20,76,50,17.4,11.4,".254",".458",".352","0.810","0.204",".268","53","173","1","0","53",".235",".380",".353",".320",".337",".146",".294","69","87.4","23",37.2,19,6.3,33.6,"97.968035894","93.068434007",60.4,7.2,209,1096,479,1943,88.8,66,587,50.1,972,42.5,825,16.4,40.9,56.9,27,16.1,304,30.6,32.2
"White, Eli",642201,2025,31,256,271,60,39,8,3,10,70,11,25.8,4.1,".234",".406",".270","0.676","0.172",".282","35","104","1","10","43",".251",".435",".290",".310",".288",".185",".346","72.2","87.7","11.3",34.6,17,9,40.4,"100.120268901","94.122021978",72.1,10.7,80,564,254,1001,81.1,75,396,54.8,549,43.6,436,26.2,52.9,37.8,34,28.2,188,46.3,24.5
"Chourio, Jackson",694192,2025,21,549,589,148,88,35,4,21,121,30,20.5,5.1,".270",".463",".308","0.771","0.193",".308","78","254","7","21","88",".247",".426",".328",".307",".288",".179",".314","73.9","89.3","10.6",34,42,9.7,42.3,"101.15634963","94.875813411",70.4,7.4,195,1235,481,2108,83.9,117,728,49,1034,42.3,893,26,53.4,34.3,38.4,27.4,435,42.8,25.7
"Swanson, Dansby",621020,2025,31,590,645,144,93,24,3,24,168,47,26,7.3,".244",".417",".300","0.717","0.173",".298","77","246","3","20","84",".267",".477",".310",".345",".323",".210",".373","70.9","90.5","13.3",36.9,50,11.7,47.8,"101.168222972","95.031771415",73.7,8.3,299,1227,739,2521,77.5,216,960,51.7,1303,42.8,1079,30.5,50.3,42.3,40,17.8,428,42.3,27.3
"Kurtz, Nick",701762,2025,22,420,489,122,58,26,2,36,151,63,30.9,12.9,".290",".619",".383","1.002","0.329",".364","86","260","1","2","90",".245",".537",".419",".372",".345",".292",".380","77.2","92.7","15.3",39,50,18.4,51.1,"104.041792059","96.828915978",63.9,6.4,337,1026,471,1954,72.5,172,625,50.1,978,45.5,889,35.5,43.1,35.3,34.9,29.8,272,37.9,34.9
"DeLuca, Jonny",676356,2025,26,57,59,19,15,1,3,0,13,2,22,3.4,".333",".456",".356","0.812","0.123",".432","4","26","0","6","5",".252",".329",".350",".267",".278",".076",".327","71","85.6","10.3",31.8,1,2.3,31.8,"97.202066364","92.618060227",65.4,8.5,37,116,56,224,84.3,11,70,47.8,107,47.3,106,23.9,50.4,47.7,40.9,11.4,44,45.5,25
"Newman, Kevin",621028,2025,31,114,116,23,19,2,0,2,23,1,19.8,0.9,".202",".272",".209","0.481","0.070",".236","11","31","0","1","13",".211",".283",".209",".218",".218",".072",".265","68.1","86.6","9.2",28.3,2,2.2,29.3,"95.824514565","91.955249121",70,8.2,48,236,90,416,89.1,17,156,53.6,223,43,179,17,52.4,32.6,46.7,20.7,92,52.2,21.7
"Suzuki, Seiya",673548,2025,30,571,651,140,74,31,3,32,164,71,25.2,10.9,".245",".478",".326","0.804","0.233",".282","103","273","2","5","75",".247",".493",".343",".352",".330",".246",".344","73.4","91.3","17.9",40.2,69,16.6,48.7,"102.931278798","95.890233373",59.1,7,266,1401,784,2727,84.3,132,841,52.2,1424,42,1146,23.9,40.6,41.9,34.7,23.4,415,31.8,34.7
"Langford, Wyatt",694671,2025,23,489,573,118,70,25,1,22,151,74,26.4,12.9,".241",".431",".344","0.775","0.190",".299","62","211","6","22","73",".239",".448",".337",".346",".344",".210",".345","73.1","91.4","17.5",35.9,48,14,48.4,"102.369966744","95.79834863",63.8,6.9,351,1321,453,2335,83.2,121,722,48.4,1131,42.4,990,26.3,43,43.1,33.8,23,343,35,30.6
"Vivas, Jorbit",678391,2025,24,56,66,9,6,2,0,1,13,5,19.7,7.6,".161",".250",".266","0.516","0.089",".190","5","14","0","0","6",".245",".327",".242",".304",".340",".082",".319","70.3","85.9","17.4",32.6,2,4.7,37.2,"97.064059545","92.664742791",75.6,9.3,41,141,53,246,78.4,22,102,54.9,135,41.5,102,25.4,49.6,46.5,39.5,14,43,39.5,20.9
"Sánchez, Jesús",660821,2025,27,451,497,107,68,21,4,14,110,42,22.1,8.5,".237",".395",".304","0.699","0.158",".283","48","178","3","13","61",".242",".441",".304",".323",".308",".200",".318","75.9","91.3","9.3",30.3,38,11.1,43.4,"102.78171462","95.681017749",69.4,6.7,356,1059,425,1936,82.2,115,645,48,930,44,851,25.9,49.2,39.7,36.7,23.6,343,48.4,22.2
"Johnson, Bryce",669369,2025,29,76,84,26,21,4,0,1,19,3,22.6,3.6,".342",".434",".383","0.817","0.092",".446","8","33","1","4","9",".298",".406",".359",".328",".342",".107",".398","68.8","88.4","9",45,3,5,33.3,"98.348224231","93.548018627",67.6,8,51,153,63,287,86,14,100,51.6,148,42.5,122,25.7,48.8,40,40,20,60,51.7,13.3
"Edman, Tommy",669242,2025,30,346,377,78,51,13,1,13,61,19,16.2,5,".225",".382",".274","0.656","0.157",".235","49","132","1","3","49",".274",".411",".284",".321",".322",".137",".331","70.2","88.3","11.8",33.3,13,4.5,39.9,"99.368114861","93.911672648",65.1,8.1,279,698,284,1338,89.9,47,465,53.4,714,44.5,596,19.8,48,42.6,35.1,22.3,291,45.7,24.4
"Jung, Josh",673962,2025,27,482,511,121,83,23,1,14,129,27,25.2,5.3,".251",".390",".294","0.684","0.139",".316","61","188","1","4","53",".245",".414",".298",".304",".288",".169",".336","70.3","89.3","12.8",39.4,29,8.2,46.7,"100.8140564","94.816045657",69.5,6.5,216,1073,450,1931,82.1,119,663,49.4,954,43,831,25.4,51.1,35.1,40.5,24.4,353,41.6,24.9
"Amaya, Jacob",676070,2025,26,66,73,7,6,1,0,0,16,3,21.9,4.1,".106",".121",".139","0.260","0.015",".132","8","8","0","2","7",".174",".227",".120",".197",".208",".053",".226","66.8","88.5","12.4",22.2,0,0,29.6,"97.032412308","93.052247451",53.5,7.8,23,159,51,269,85.5,11,76,52.8,142,48.3,130,19.6,39.8,29.6,37,33.3,54,51.9,16.7
"Wynns, Austin",642851,2025,34,103,110,30,16,8,0,6,32,5,29.1,4.5,".291",".544",".321","0.865","0.253",".364","21","56","0","0","13",".233",".427",".365",".295",".266",".194",".334","70.9","88.6","13",35.6,7,9.6,46.6,"101.397520833","95.015625972",67.2,10.2,59,232,112,443,79.5,36,176,59.1,262,43.1,191,27.6,51.5,43.8,38.4,17.8,73,43.8,31.5
"Herrera, Jose",645444,2025,28,166,204,31,23,6,0,2,47,23,23,11.3,".187",".259",".285","0.544","0.072",".242","17","43","0","0","21",".169",".225",".251",".237",".273",".056",".235","67","83.9","16.2",30.8,1,0.8,22.6,"94.05191082","91.19759124",57.8,8.7,140,514,151,854,86.3,37,271,54.9,469,43.6,372,21.1,38.8,40.6,36.8,22.6,133,44.4,27.1
"Ramírez, José",608070,2025,32,593,673,168,101,34,3,30,74,66,11,9.8,".283",".503",".360","0.863","0.220",".279","85","298","7","44","103",".284",".446",".359",".342",".362",".162",".323","70.9","88.9","19.2",36.4,37,7,37,"99.107451103","93.765336362",66,7.8,637,1291,583,2666,91,76,847,48.1,1284,41.4,1103,14.9,46.8,51.6,30.1,18.3,525,33.3,29.9
"Robles, Victor",645302,2025,28,106,114,26,20,4,1,1,26,3,22.8,2.6,".245",".330",".281","0.611","0.085",".309","9","35","2","6","12",".203",".292",".268",".237",".242",".089",".263","67","85.4","6.8",28,4,4.9,23.2,"94.92896125","91.626172785",79.3,8.5,51,197,90,375,84.9,22,146,49.1,184,43.7,164,25.9,60.8,41.5,34.1,24.4,82,50,26.8
"Paris, Kyren",677347,2025,23,126,140,24,13,4,1,6,59,10,42.1,7.1,".190",".381",".266","0.647","0.191",".295","11","48","1","7","20",".173",".348",".283",".265",".251",".175",".328","73.2","88.9","17.8",34.3,11,16.4,47.8,"100.929316364","94.91915303",68.6,7.9,46,312,137,547,64,67,186,49.5,271,42.2,231,45.7,49.2,44.8,23.9,31.3,67,37.3,40.3
"Tena, José",677588,2025,24,152,169,37,22,13,2,0,37,15,21.9,8.9,".243",".355",".314","0.669","0.112",".319","16","54","1","3","19",".243",".364",".296",".302",".316",".121",".322","70.8","89.2","1.2",34.5,6,5.2,40.5,"99.054484464","93.921000268",63.3,7.7,102,353,184,678,85,31,207,48.2,327,41.4,281,22,45,25,44,31,116,59.5,14.7
"Refsnyder, Rob",608701,2025,34,182,209,49,28,12,0,9,54,24,25.8,11.5,".269",".484",".354","0.838","0.215",".331","30","88","0","3","29",".243",".457",".359",".338",".331",".214",".341","73.2","92","12.1",34.6,16,12.3,52.3,"102.333693385","95.943907308",61.8,8.8,122,465,228,887,80,56,280,51,453,41.8,371,25.3,40.9,39.2,42.3,18.5,130,43.8,26.9
"Fulford, Braxton",690924,2025,26,108,120,23,15,5,2,1,36,7,30,5.8,".213",".324",".267","0.591","0.111",".297","16","35","0","1","11",".198",".327",".258",".262",".258",".128",".293","71.6","87.3","19.8",30.7,4,5.3,38.7,"100.083468947","94.1395428",69.4,5.5,49,258,117,455,79.5,33,161,51,232,43.5,198,30.6,48.8,34.7,42.7,22.7,75,34.7,36
"Thomas, Lane",657041,2025,29,125,142,20,14,2,0,4,44,14,31,9.9,".160",".272",".246","0.518","0.112",".203","11","34","1","4","10",".168",".272",".235",".243",".256",".104",".258","72.7","87.8","23.5",26.5,4,4.8,31.3,"98.390208571","93.283397831",64.3,7.6,66,334,116,556,74.2,47,182,50.9,283,44.4,247,32.1,43.7,36.1,39.8,24.1,83,36.1,25.3
"Riley, Austin",663586,2025,28,416,447,108,71,20,1,16,128,27,28.6,6,".260",".428",".309","0.737","0.168",".337","54","178","1","2","54",".246",".472",".318",".330",".298",".225",".357","75.9","92.3","16.8",37,44,15.2,50.2,"104.205844276","96.625096678",72.2,9.4,176,1030,409,1791,78.1,148,676,52.3,936,41.8,748,29.5,51,42.6,36.7,20.8,289,34.6,32.9
"Kelenic, Jarred",672284,2025,25,60,65,10,6,2,0,2,23,5,35.4,7.7,".167",".300",".231","0.531","0.133",".229","2","18","1","0","7",".182",".384",".236",".272",".245",".202",".294","73.4","89.1","16",21.6,5,13.5,37.8,"100.910482778","94.461611389",71.3,7.4,53,131,49,258,70.1,29,97,52.7,136,40.3,104,41.5,50.4,35.1,45.9,18.9,37,45.9,35.1
"Crow-Armstrong, Pete",691718,2025,23,591,647,146,74,37,4,31,155,29,24,4.5,".247",".481",".287","0.768","0.234",".276","95","284","8","35","91",".242",".475",".323",".321",".284",".233",".321","72.7","89.5","20",33.9,59,13,41.6,"100.676597945","94.609790365",81.2,7.2,375,1157,586,2312,82,157,873,46.5,1075,40.8,944,28.9,60.1,48.9,30.4,20.7,454,33.5,35.5
"Fry, David",681807,2025,29,146,157,25,13,4,0,8,58,9,36.9,5.7,".171",".363",".229","0.592","0.192",".212","23","53","0","1","16",".137",".259",".258",".204",".197",".122",".227","70.4","88.7","23",23.9,8,9.1,39.8,"99.144653488","93.742049535",69,9.8,97,330,143,624,74,59,227,52.7,329,44.4,277,32.6,52.6,50,33,17,88,36.4,28.4
"García Jr., Luis",671277,2025,25,488,526,123,78,28,1,16,84,27,16,5.1,".252",".412",".289","0.701","0.160",".270","66","201","5","14","67",".281",".470",".300",".339",".320",".189",".337","72.4","90.2","9.2",33.7,37,9,45.8,"100.772844709","94.823697591",71.4,6.7,339,861,523,1838,88.8,70,627,47.8,878,42.8,786,21.7,53.9,38,41.4,20.6,413,45.5,24.5
"Durbin, Caleb",702332,2025,25,445,506,114,78,25,0,11,50,30,9.9,5.9,".256",".387",".334","0.721","0.131",".265","53","172","6","18","60",".255",".362",".319",".312",".333",".107",".285","67.9","85.2","13.9",29.6,16,4,26.9,"96.100902887","92.05425549",61.3,9.9,169,1051,440,1838,91.3,53,610,54.1,995,41.9,771,13,44.5,41.3,38.3,20.4,402,43.8,22.9
"Herrera, Iván",671056,2025,25,388,452,110,78,13,0,19,84,43,18.6,9.5,".284",".464",".373","0.837","0.180",".315","66","180","2","8","54",".275",".491",".365",".371",".368",".216",".348","74.4","91.2","10.1",33.8,34,11,47.7,"102.882753464","95.975006557",64.3,8.6,211,1013,455,1809,84.5,92,592,50.9,921,42.8,774,23.3,45.1,35.7,37.3,26.9,308,48.7,19.8
"Smith, Pavin",656976,2025,29,244,288,63,37,17,1,8,92,41,31.9,14.2,".258",".434",".362","0.796","0.176",".377","28","106","2","2","36",".215",".398",".348",".319",".327",".183",".343","72","90.1","12.4",37,18,11.7,46.1,"100.556484935","94.576743052",57.3,7.3,234,565,350,1255,75.9,90,373,51.9,651,43.3,543,31.8,40.6,40.9,33.1,26,154,42.2,24.7
"Dingler, Dillon",693307,2025,26,435,469,121,85,21,2,13,110,23,23.5,4.9,".278",".425",".327","0.752","0.147",".345","57","185","0","0","54",".290",".475",".326",".351",".339",".185",".389","71.7","90","15.8",42.3,30,9.2,45.7,"101.112198405","94.948132515",64.3,8.4,144,984,408,1793,85.5,90,620,53.8,964,42.4,760,24.8,48.5,38.7,36.2,25.2,326,36.2,26.4
"McMahon, Ryan",641857,2025,30,509,586,109,65,23,1,20,189,70,32.3,11.9,".214",".381",".312","0.693","0.167",".294","53","194","1","3","62",".219",".419",".306",".322",".318",".201",".348","74","93.3","13.9",35.3,39,12.1,50.5,"102.856311911","96.350240575",64.7,7.4,357,1446,541,2500,74.8,209,829,51.2,1281,45.2,1130,35.2,45.4,41.2,39.3,19.5,323,43.3,30.7
"Peguero, Liover",678894,2025,24,80,88,16,11,1,0,4,25,6,28.4,6.8,".200",".362",".273","0.635","0.162",".235","8","29","0","4","9",".177",".295",".281",".246",".251",".119",".257","73.1","85.7","6.5",21.8,5,9.1,32.7,"97.231876667","92.703338148",59.8,9.2,44,173,114,349,80.4,21,107,51.3,179,40.1,140,33.6,41,43.6,38.2,18.2,55,56.4,29.1
"Palacios, Richie",680700,2025,28,42,48,14,11,2,0,1,9,5,18.8,10.4,".333",".452",".396","0.848","0.119",".394","3","19","0","4","10",".315",".443",".369",".360",".380",".127",".390","68.1","89.9","10.6",41.2,2,5.9,44.1,"98.478291176","93.239145588",63.1,6.8,22,119,39,190,76.9,15,65,54.2,103,50,95,24.1,43.7,32.4,50,17.6,34,41.2,23.5
"Rojas, Johan",679032,2025,24,152,172,34,28,3,2,1,40,13,23.3,7.6,".224",".289",".280","0.569","0.065",".289","18","44","2","12","23",".227",".298",".254",".265",".288",".071",".308","70.3","87.9","7.4",27.7,4,3.4,35.3,"99.557933889","93.879675648",67.1,6.4,70,351,147,625,81.7,38,208,49.6,310,43.2,270,24.7,52.5,24.4,46.2,29.4,119,55.5,18.5
"Andujar, Miguel",609280,2025,30,321,341,102,74,17,1,10,49,17,14.4,5,".318",".470",".352","0.822","0.152",".348","44","151","0","1","36",".259",".383",".354",".298",".299",".124",".306","71.7","88","11",31.8,13,4.7,35.4,"98.982146397","93.528504007",72.3,7.9,135,617,332,1214,89.5,45,427,48.7,591,43.7,530,17.8,53.5,33.2,45.6,21.2,274,46.7,21.9
"Bregman, Alex",608324,2025,31,433,495,118,72,28,0,18,70,51,14.1,10.3,".273",".462",".360","0.822","0.189",".288","62","200","1","1","64",".254",".427",".356",".337",".344",".174",".302","71","90.1","17.7",32.9,24,6.6,44.4,"99.354701257","94.200430932",59.6,8.7,218,1113,450,1947,90.6,57,607,52.3,1019,43.5,846,15,40.6,46.3,36.2,17.5,365,38.9,26.6
"Marte, Ketel",606466,2025,31,480,556,136,80,28,0,28,83,64,14.9,11.5,".283",".517",".376","0.893","0.234",".290","72","248","2","4","87",".285",".534",".381",".390",".379",".249",".345","74.6","90.8","14.8",33,54,13.5,47,"102.65931603","95.815528287",67.3,7.3,474,978,509,2095,84.2,108,684,48.5,1017,44.2,925,22.5,45.3,47.3,34,18.8,400,40.8,28.2
"Wood, James",695578,2025,22,598,689,153,84,38,0,31,221,85,32.1,12.3,".256",".475",".350","0.825","0.219",".350","94","284","7","15","87",".259",".493",".353",".361",".354",".233",".410","76","94.3","6.3",36.3,62,16.3,56.3,"106.446259788","98.230447241",55.8,7.6,462,1383,787,2887,76.9,188,815,50.6,1461,43.4,1255,32.9,40.2,29.7,42.9,27.4,380,49.7,21.3
"Huff, Sam",669087,2025,27,53,58,11,8,1,0,2,25,4,43.1,6.9,".208",".340",".259","0.599","0.132",".333","4","18","0","0","5",".189",".306",".261",".253",".250",".117",".362","73.6","89.3","4.1",34.5,4,13.8,37.9,"98.959443333","93.867601034",65.6,9.1,28,135,46,232,67.1,27,82,53.9,125,41.8,97,41.7,46.6,34.5,27.6,37.9,29,48.3,24.1
"Mountcastle, Ryan",663624,2025,28,332,357,83,58,18,0,7,98,15,27.5,4.2,".250",".367",".286","0.653","0.117",".326","35","122","0","3","34",".253",".428",".284",".313",".293",".174",".357","75.2","90.7","9.1",37.5,28,11.7,47.1,"101.733937167","95.313543167",75.5,8,157,742,286,1354,77.6,114,509,49.8,674,42.6,577,32,57.5,38.3,30.4,31.3,240,45.8,22.9
"Ballesteros, Moisés",694208,2025,21,57,66,17,12,2,1,2,12,9,18.2,13.6,".298",".474",".394","0.868","0.176",".349","11","27","0","0","12",".267",".413",".374",".339",".367",".145",".339","72.7","89.1","0.9",31.1,3,6.7,33.3,"99.939276087","94.363866444",69.9,7.6,68,134,41,249,74.7,20,79,45.4,113,44.6,111,26.7,46.6,28.9,46.7,24.4,45,62.2,13.3
"Raleigh, Cal",663728,2025,28,596,705,147,63,24,0,60,188,97,26.7,13.8,".247",".589",".359","0.948","0.342",".248","125","351","4","14","110",".231",".547",".392",".371",".346",".316",".336","75.2","91.3","25.2",35.3,80,19.5,49.6,"103.037930049","96.182622409",75,6.3,598,1409,630,2833,78.4,212,980,46.1,1306,41.8,1185,31.5,51.7,54.5,25.8,19.7,411,25.8,41.8
"Rafaela, Ceddanne",678882,2025,24,546,587,136,82,34,4,16,117,28,19.9,4.8,".249",".414",".295","0.709","0.165",".289","63","226","5","20","84",".242",".416",".307",".305",".289",".174",".307","71","88.3","12.8",32.3,40,9.2,38.7,"99.637036837","93.97214993",75.3,8.4,297,1120,532,2128,82.1,145,809,50.5,1074,41.1,874,26.8,58.9,37.6,39.6,22.8,434,44,26
"Clarke, Denzel",672016,2025,25,148,159,34,21,8,2,3,61,6,38.4,3.8,".230",".372",".274","0.646","0.142",".369","8","55","0","6","18",".204",".326",".281",".254",".249",".122",".347","74.3","90","4.1",29.2,6,6.7,42.7,"101.799379767","95.151251744",65.3,7,75,354,146,631,79.8,40,198,48,303,44.8,283,32.7,47.1,34.8,43.8,21.3,89,55.1,23.6
"Rooker, Brent",667670,2025,30,626,699,164,91,40,3,30,155,65,22.2,9.3,".262",".479",".335","0.814","0.217",".302","89","300","1","6","92",".261",".489",".349",".351",".334",".228",".345","73.6","90.7","16.4",39.7,65,13.7,44.8,"101.348762785","95.08004389",75.3,7,380,1379,604,2575,79.6,191,935,48.2,1242,41.8,1076,30.8,50,42.9,34.9,22.2,473,37,30.2
"Rocchio, Brayan",677587,2025,24,344,383,80,55,18,2,5,77,22,20.1,5.7,".233",".340",".290","0.630","0.107",".281","44","117","4","8","34",".246",".358",".278",".295",".306",".113",".315","70","88","11",33.3,9,3.3,35.5,"98.267840896","93.292344494",70.9,8,285,784,265,1411,82.8,88,513,51.3,724,43.8,618,24,51.4,44.9,34.1,21,276,45.3,24.6
"Vientos, Mark",668901,2025,25,424,463,99,59,21,2,17,115,30,24.8,6.5,".233",".413",".289","0.702","0.180",".277","61","175","0","1","44",".246",".432",".303",".320",".303",".187",".336","71.2","91.4","11.5",33.5,36,11.5,50.5,"101.904334459","95.670780607",70.8,7.8,223,863,450,1764,77.3,142,626,50.1,884,40.5,715,32.5,51.9,37.7,39,23.3,313,41.5,27.2
"Wagner, Will",695238,2025,26,129,149,29,22,7,0,0,28,17,18.8,11.4,".225",".279",".324","0.603","0.054",".287","7","36","0","1","15",".266",".340",".280",".318",".361",".073",".340","69","86.8","9.1",31.4,2,2,41.2,"98.7454226","93.4040769",71.9,9,118,362,114,632,86.8,30,228,50.2,317,43,272,22.4,49.5,32.4,43.1,24.5,102,51,16.7
"Collins, Isaac",686555,2025,27,372,441,98,64,22,3,9,93,57,21.1,12.9,".263",".411",".368","0.779","0.148",".326","54","153","7","16","56",".246",".359",".344",".322",".354",".113",".326","72.7","88.8","12.2",34.4,14,4.9,38.9,"99.896805357","94.13021853",64.8,8.4,292,1107,325,1792,84,99,619,53.3,955,44.1,791,22.5,43.1,41.1,35.1,23.9,285,43.9,23.5
"Alvarez, Yordan",670541,2025,28,165,199,45,31,8,0,6,33,28,16.6,14.1,".273",".430",".367","0.797","0.157",".295","27","71","1","1","17",".284",".549",".338",".393",".383",".265",".350","76.1","94.7","18.3",42.8,19,13.8,52.9,"104.636630145","97.124242246",63.6,6,125,461,174,803,89.1,26,239,46.8,376,44.8,360,22.4,44,39.9,33.3,26.8,138,34.1,31.9
"Wisely, Brett",689172,2025,26,54,63,10,5,4,0,1,14,7,22.2,11.1,".185",".315",".279","0.594","0.130",".231","10","17","1","1","5",".200",".347",".267",".284",".292",".146",".270","67.8","87.3","25.4",28.6,3,7.1,31,"96.461614","92.230807",66.9,10,29,160,52,261,83.1,15,89,51,133,45.2,118,20.9,49.4,35.7,45.2,19,42,28.6,35.7
"Ortiz, Joey",687401,2025,26,470,506,108,82,18,1,7,74,27,14.6,5.3,".230",".317",".276","0.593","0.087",".260","45","149","3","14","62",".245",".327",".263",".275",".290",".082",".291","72.4","84.9","13.3",27.4,12,3,32.8,"97.991058051","93.026599357",57.8,8.1,161,1093,429,1873,90.6,56,596,55,1031,43.7,819,16,46.8,29.6,38.1,32.3,402,45.5,18.7
"Toro, Abraham",647351,2025,28,259,284,62,42,13,0,7,42,14,14.8,4.9,".239",".371",".289","0.660","0.132",".256","27","96","1","2","33",".253",".376",".286",".302",".309",".123",".305","69.6","86.3","13.4",32,10,4.5,34.2,"97.83336","92.947994955",65.5,7.7,212,599,231,1105,86.5,47,348,48.1,531,41.8,462,20.4,49.6,40.5,37.8,21.6,222,43.2,25.7
"Carter, Evan",694497,2025,22,194,220,48,32,9,2,5,41,19,18.6,8.6,".247",".392",".336","0.728","0.145",".291","25","76","2","14","31",".246",".365",".321",".312",".335",".119",".312","70","86.7","13.7",34,9,5.9,34.6,"98.081147895","93.040980197",65.7,9.4,141,435,195,822,81.9,52,287,53.2,437,43.8,360,25.5,44.3,37.3,40.5,22.2,153,38.6,23.5
"Castellanos, Nick",592206,2025,33,547,589,137,91,27,2,17,133,32,22.6,5.4,".250",".400",".294","0.694","0.150",".298","72","219","0","4","72",".242",".408",".300",".302",".290",".165",".320","70.5","87.8","15.2",39,32,7.6,34.5,"98.623467608","93.407329952",80,5.7,275,969,681,2166,81.9,144,794,45.8,993,41.1,891,29.9,58.8,40.5,36.2,23.3,420,38.8,31
"Bader, Harrison",664056,2025,31,448,501,124,82,24,1,17,136,39,27.1,7.8,".277",".449",".347","0.796","0.172",".359","54","201","7","11","61",".220",".374",".346",".297",".298",".154",".315","73.5","87.2","12.7",33,32,10.2,40.3,"100.565887134","94.337735112",65.1,7.1,270,1021,477,1941,79,125,596,47.2,916,42.2,819,29,47.9,43.8,35.9,20.3,315,45.7,22.9
"Thaiss, Matt",642136,2025,30,156,190,34,26,6,1,1,46,29,24.2,15.3,".218",".288",".349","0.637","0.070",".300","16","45","1","1","16",".197",".299",".298",".294",".333",".102",".278","72.2","88.9","14.3",27.7,5,4.5,42.9,"99.981091636","94.296854587",74.1,8.1,101,500,131,768,75.2,73,294,51.7,397,45.2,347,28.9,48.2,41.1,34.8,24.1,112,43.8,24.1
"Seymour, Bob",676044,2025,26,78,83,16,13,1,1,1,32,4,38.6,4.8,".205",".282",".253","0.535","0.077",".333","5","22","0","1","9",".200",".279",".239",".236",".248",".079",".338","74.4","89.5","11.9",23.9,0,0,47.8,"100.880754348","94.768931304",74.4,6.4,63,130,76,295,81.8,18,99,45.1,133,46.8,138,36.7,56.3,41.3,34.8,23.9,46,50,17.4
"Torrens, Luis",620443,2025,29,261,283,59,39,14,1,5,56,19,19.8,6.7,".226",".345",".284","0.629","0.119",".270","29","90","0","1","20",".274",".454",".278",".338",".328",".180",".349","70.8","90.6","6.2",35.9,22,10.7,48.1,"100.939072718","94.984531902",68.5,8.8,106,606,265,1069,83.1,68,403,55,588,42.3,452,20.7,49.3,30.1,44.2,25.7,206,50.5,20.9
"McNeil, Jeff",643446,2025,33,399,462,97,59,21,5,12,55,49,11.9,10.6,".243",".411",".335","0.746","0.168",".253","54","164","0","3","42",".266",".395",".324",".330",".355",".130",".306","70.7","87.2","15.9",38.9,18,5.1,32.9,"97.362971437","92.810539654",75.8,8.3,230,912,453,1718,89.5,73,694,53.3,916,42.8,735,16.6,52.9,48.6,29.7,21.7,350,36.6,28.3
"Tauchman, Mike",643565,2025,34,335,385,88,61,17,1,9,86,45,22.3,11.7,".263",".400",".356","0.756","0.137",".328","40","134","0","0","44",".244",".382",".335",".321",".339",".139",".327","69.1","89","16.5",35.6,17,6.8,38.8,"99.55421704","93.9989049",67.1,8,240,939,346,1594,81.5,105,568,53.1,846,41.2,656,24.3,46.8,38.4,38.4,23.2,250,36.8,29.6
"Marte, Starling",516782,2025,36,293,329,79,56,14,0,9,68,22,20.7,6.7,".270",".410",".335","0.745","0.140",".318","34","120","2","7","37",".248",".397",".326",".319",".322",".149",".325","72.6","87.6","10",32.6,18,7.8,40.4,"100.870151441","94.586623167",67.8,6.4,176,710,268,1255,82.4,79,448,52.7,661,45.3,568,26.4,49.7,36.5,37.8,25.7,230,48.7,22.2
"Wagaman, Eric",676572,2025,27,476,514,119,79,28,3,9,100,32,19.5,6.2,".250",".378",".296","0.674","0.128",".296","53","180","1","4","56",".259",".421",".293",".315",".306",".162",".327","73.4","91","10.6",34.4,26,6.8,46.5,"102.304067053","95.484613553",64.5,8.3,221,1075,482,1955,85,95,633,50.2,981,42,822,24.2,45.2,38.1,38.6,23.4,381,44.1,24.4
"Baldwin, Brooks",681460,2025,24,300,328,72,45,15,1,11,86,21,26.2,6.4,".240",".407",".290","0.697","0.167",".298","38","122","0","5","32",".235",".416",".302",".307",".288",".181",".330","70.7","90.4","14.8",36.8,24,10.9,40.9,"100.405509245","94.668835355",72.8,8.2,225,750,229,1251,82.8,79,458,50.3,629,43.2,540,24.6,53.2,44.5,34.5,20.9,220,41.4,28.6
"Clase, Jonatan",682729,2025,23,100,112,21,16,3,0,2,28,10,25,8.9,".210",".300",".288","0.588","0.090",".271","9","30","1","3","10",".217",".341",".267",".284",".295",".124",".303","71.8","86","17.4",21.9,5,6.8,35.6,"98.503751471","93.279422647",64.8,8.2,66,257,87,439,81,27,142,49.9,219,42.1,185,27.1,47.2,41.1,35.6,23.3,73,43.8,37
"Miranda, Jose",669304,2025,27,36,36,6,5,0,0,1,13,0,36.1,0,".167",".250",".167","0.417","0.083",".227","5","9","0","0","2",".203",".268",".179",".205",".203",".065",".318","70.7","88.5","6.6",26.1,1,4.3,43.5,"99.880571667","94.345161304",66.2,11,11,67,38,127,88.9,5,45,53.5,68,37.8,48,26.5,53.5,56.5,34.8,8.7,23,56.5,26.1
"Larnach, Trevor",663616,2025,28,503,567,126,84,24,1,17,122,53,21.5,9.3,".250",".404",".323","0.727","0.154",".295","60","203","4","4","62",".247",".399",".317",".315",".321",".153",".322","72.2","90.9","10.9",34.9,28,7.2,45.7,"101.351578402","95.134984031",62.2,7.8,383,1153,535,2191,83.9,108,669,49.1,1076,42.6,933,29.8,44.5,40.1,36.4,23.5,387,43.7,25.8
"Vierling, Matt",663837,2025,28,88,100,21,17,3,0,1,24,7,24,7,".239",".307",".310","0.617","0.068",".308","11","27","0","2","6",".250",".436",".278",".338",".326",".186",".343","71.7","92.2","20.4",27.3,8,12.1,45.5,"100.691921212","95.080868939",61.5,10.1,54,260,89,436,89.6,15,144,53.7,234,41.3,180,18.5,44.7,24.2,39.4,36.4,66,33.3,42.4
"Bogaerts, Xander",593428,2025,32,491,552,129,88,30,0,11,94,48,17,8.7,".263",".391",".328","0.719","0.128",".299","53","192","2","20","63",".267",".413",".313",".327",".336",".146",".329","72.2","89","11.1",36.7,28,6.9,39.2,"100.19021209","94.233073607",58.8,7.2,271,1165,479,2100,85.5,93,640,51.8,1088,41.7,876,21.3,41.9,42.4,37.4,20.2,406,43.8,23.2
"Harper, Bryce",547180,2025,32,501,580,131,72,32,0,27,121,70,20.9,12.1,".261",".487",".357","0.844","0.226",".292","75","244","2","12","72",".268",".492",".361",".368",".364",".224",".353","74.2","91.3","11.6",37.6,47,12.3,47.5,"102.783123874","95.800004672",78.9,6.3,261,1019,692,2172,80.9,141,738,43,935,39.3,853,30.7,54.2,36.3,37.1,26.6,383,43.6,28.5
"Canario, Alexander",672744,2025,25,216,234,47,34,6,1,6,80,17,34.2,7.3,".218",".338",".274","0.612","0.120",".313","20","73","1","3","25",".219",".407",".270",".295",".275",".188",".345","76","87.4","10.5",35.8,17,12.4,43.8,"101.464192464","94.871333139",74.7,7.8,148,448,226,897,70,100,333,49.7,446,39.6,355,39,53.4,39.4,35.8,24.8,137,45.3,27
"Goldschmidt, Paul",502671,2025,37,489,534,134,92,31,1,10,100,36,18.7,6.7,".274",".403",".328","0.731","0.129",".325","45","197","1","5","76",".266",".450",".316",".329",".321",".184",".333","72.6","90.4","15.9",36.1,31,7.9,43.7,"100.708316256","94.748625913",66.3,9,258,1175,458,2092,83.6,119,727,52.4,1097,40.8,854,20.5,47.8,37.1,32.5,30.4,391,38.9,29.7
"Rice, Ben",700250,2025,26,467,530,119,61,28,4,26,100,50,18.9,9.4,".255",".499",".337","0.836","0.244",".271","65","233","2","3","74",".283",".557",".358",".394",".365",".273",".362","73.4","93.3","14.2",39.3,57,15.4,56.1,"104.138238152","97.178139076",65.5,7.6,375,998,508,2047,86,92,670,50,1023,42.3,866,21.2,43.3,44.4,34.4,21.1,369,39.8,28.5
"Solano, Donovan",456781,2025,37,166,179,41,33,4,1,3,40,8,22.3,4.5,".247",".337",".291","0.628","0.090",".304","21","56","0","0","10",".223",".320",".277",".259",".268",".098",".289","65.9","87.4","12.7",35.9,5,3.9,37.5,"97.96341","93.101891328",66,8.2,98,403,138,704,83.4,40,241,51.8,365,45.6,321,26.4,51.7,34.4,35.2,30.5,128,46.1,20.3
"Alexander, Blaze",677942,2025,26,230,266,53,33,12,1,7,86,22,32.3,8.3,".230",".383",".323","0.706","0.153",".333","28","88","6","4","31",".211",".374",".313",".305",".308",".164",".337","72.1","90.2","7.3",35.8,19,12.8,43.2,"100.976531667","94.769820208",68.2,8.7,103,617,236,1042,77.7,82,367,51.7,538,43.2,450,31,47.4,39.9,37.8,22.3,148,50.7,24.3
"Frazier, Adam",624428,2025,33,419,459,112,85,20,0,7,81,26,17.6,5.7,".267",".365",".319","0.684","0.098",".313","44","153","6","8","43",".244",".333",".300",".279",".298",".090",".299","65.9","85.3","14.5",39.5,7,2,20.6,"94.597659294","91.299166588",71.2,7.1,223,1088,438,1841,86.2,95,686,52.4,964,43.1,793,19.7,51.3,36,35.2,28.8,344,39.5,26.5
"Gonzalez, Romy",663853,2025,28,315,341,96,61,23,3,9,81,18,23.8,5.3,".305",".483",".343","0.826","0.178",".378","53","152","5","6","47",".276",".480",".352",".344",".320",".204",".369","74.3","93.3","5.5",33.5,30,12.6,57.3,"104.23239437","97.196095588",73.5,7.4,195,650,294,1238,82.3,79,447,49.1,608,43,532,29.3,54,31.8,38.9,29.3,239,50.2,21.3
"Campusano, Luis",669134,2025,26,21,27,0,0,0,0,0,11,6,40.7,22.2,".000",".000",".222","0.222","0.000",".000","0","0","0","0","0",".076",".089",".154",".208",".281",".014",".159","73.1","87.8","-16",0,0,0,30,"96.979674","92.729879",51.7,4.8,27,65,27,126,76.7,7,30,46,58,46,58,38.6,34.9,60,40,0,10,90,10
"Jansen, Danny",643376,2025,30,288,337,62,37,11,0,14,86,42,25.5,12.5,".215",".399",".321","0.720","0.184",".253","36","115","0","0","38",".199",".356",".318",".299",".309",".157",".284","69.5","87.6","24",35.6,18,8.8,39,"98.68086","93.598515665",65.4,7.9,162,792,296,1353,81.9,82,453,51.4,693,42.8,577,24,43.2,48.8,34.1,17.1,205,28.3,32.2
"France, Ty",664034,2025,30,444,490,114,82,25,0,7,83,22,16.9,4.5,".257",".360",".320","0.680","0.103",".300","52","160","0","1","50",".259",".425",".302",".328",".325",".166",".320","71","89.5","10.5",35.2,28,7.7,44.2,"100.76941467","94.788930523",73.5,8,203,1093,399,1873,88.5,77,670,48.6,911,43.2,809,21.3,51.8,31.6,39,29.4,364,46.7,24.2
"Wilson, Weston",642215,2025,30,111,125,22,13,4,0,5,34,12,27.2,9.6,".198",".369",".282","0.651","0.171",".236","17","41","3","2","15",".251",".427",".288",".330",".329",".176",".362","74.1","89.4","14.4",38.5,8,10.3,41,"100.048028462","94.307998831",62.9,6.5,91,264,142,536,77.8,38,171,50.7,272,45.3,243,30.1,44,50,32.1,17.9,78,42.3,26.9
"Siri, Jose",642350,2025,29,32,36,2,0,2,0,0,17,4,47.2,11.1,".063",".125",".167","0.292","0.062",".133","1","4","0","2","7",".094",".257",".146",".205",".194",".163",".200","72.1","84.9","33.3",33.3,3,20,33.3,"96.38954625","92.849020667",68.5,8,15,91,47,162,60,20,50,45.1,73,38.9,63,42,50,6.7,53.3,40,15,20,66.7
"d'Arnaud, Travis",518595,2025,36,213,231,42,23,13,0,6,74,13,32,5.6,".197",".343",".255","0.598","0.146",".269","21","73","0","0","16",".194",".362",".263",".271",".254",".168",".298","70.1","88.2","17.9",34.3,16,11.4,37.9,"99.193355143","93.8755725",73.4,8.7,78,466,235,873,75.8,82,339,52.9,462,44.3,387,31.9,54.2,42.9,35,22.1,140,38.6,25.7
"DeJong, Paul",657557,2025,31,193,208,44,28,10,0,6,70,11,33.7,5.3,".228",".373",".269","0.642","0.145",".317","23","72","0","4","18",".194",".351",".278",".259",".241",".157",".302","72.2","88.1","22.7",37.3,13,10.3,39.7,"99.616800317","93.875351032",76.2,9.5,104,411,195,817,78.8,68,321,51.5,421,42.7,349,33.2,57.2,40.5,42.1,17.5,126,29.4,34.1
"Meadows, Parker",678009,2025,25,191,213,41,29,6,2,4,56,21,26.3,9.9,".215",".330",".291","0.621","0.115",".280","16","63","0","4","22",".225",".346",".277",".291",".303",".122",".320","69.9","86.9","12.5",36,7,5.1,30.9,"97.783717273","92.930370153",64.9,7.7,129,435,232,858,83.3,47,281,50.5,433,45,386,28.8,44.5,39.7,36.8,23.5,136,44.1,16.9
"Ohtani, Shohei",660271,2025,30,611,727,172,83,25,9,55,187,109,25.7,15,".282",".622",".392","1.014","0.340",".315","102","380","6","20","146",".274",".649",".418",".425",".387",".375",".395","75.8","94.9","15",35.9,100,23.5,58.7,"106.126015352","98.277186118",66.1,7.2,483,1468,714,2865,75.2,223,898,47.4,1359,43.6,1251,33.4,45,43.2,37.8,19,426,39.7,35.7
"Freeman, Tyler",671289,2025,26,377,428,106,82,20,2,2,51,34,11.9,7.9,".281",".361",".354","0.715","0.080",".317","31","136","9","18","50",".278",".367",".319",".325",".355",".088",".322","71.3","90.1","7.9",30.7,7,2.1,40.4,"99.694809259","94.1276813",65.1,8.9,122,1028,377,1646,94.2,32,552,51.5,848,40.8,672,12.5,46.1,32.2,37.3,30.4,332,52.1,20.8
"Varsho, Daulton",662139,2025,28,248,271,59,24,13,2,20,77,17,28.4,6.3,".238",".548",".284","0.832","0.310",".250","55","136","0","2","43",".226",".494",".345",".327",".279",".267",".327","75.6","89.9","23.5",36.9,28,15.9,40.3,"101.929371512","95.29886564",77.4,8.1,138,559,223,986,75.6,96,394,51.6,509,45.7,451,29.8,54.8,50.6,27.3,22.2,176,29.5,37.5
"Mitchell, Garrett",669003,2025,26,68,78,14,9,4,1,0,25,7,32.1,9,".206",".294",".286","0.580","0.088",".318","3","20","0","3","9",".229",".341",".261",".288",".306",".112",".354","76.1","90.4","10.8",28.9,3,6.7,42.2,"101.702092273","95.23852186",65.8,5.6,55,187,50,303,81,19,100,50.2,152,45.2,137,30.9,44.9,33.3,33.3,33.3,45,48.9,20
"Lopez, Otto",672640,2025,26,544,594,134,98,21,0,15,82,44,13.8,7.4,".246",".368",".305","0.673","0.122",".264","77","200","6","15","66",".269",".434",".295",".330",".327",".165",".316","71.7","88.5","8.4",32.5,33,7.1,38.3,"99.900867489","94.042562749",62.7,7.6,286,1121,536,2129,89.3,72,675,50.5,1076,43.5,926,18.9,46.3,34.4,40.2,25.4,465,48.6,23.2
"Kim, Hyeseong",808975,2025,26,161,170,45,35,6,1,3,52,7,30.6,4.1,".280",".385",".314","0.699","0.105",".396","17","62","1","13","19",".221",".309",".306",".251",".258",".087",".327","67.3","86","7",39.1,3,2.7,28.2,"95.688711273","91.889763486",66,7,79,370,168,660,78.1,48,219,50.3,332,45.8,302,31.4,50.6,35.5,39.1,25.5,110,52.7,18.2
"Yelich, Christian",592885,2025,33,573,644,151,101,21,0,29,167,64,25.9,9.9,".264",".452",".343","0.795","0.188",".323","103","259","6","16","88",".245",".439",".343",".330",".327",".194",".345","73.4","90.2","1.9",31.2,42,10.3,46.4,"102.370284187","95.465991975",66.7,7.2,253,1504,642,2601,81.6,156,846,48.8,1269,41.5,1080,29.2,45.7,33.4,38.8,27.8,407,56.8,17.2
"Pozo, Yohel",650968,2025,28,160,168,37,24,8,0,5,22,7,13.1,4.2,".231",".375",".262","0.637","0.144",".239","19","60","0","0","16",".246",".357",".275",".276",".277",".111",".284","69.5","87.7","17.8",29.5,3,2.2,35.3,"98.211883478","93.14336927",76,4.7,64,330,139,591,86.7,27,203,45.2,267,41.8,247,19.8,60.7,41,29.5,29.5,139,38.8,18
"Hedges, Austin",595978,2025,32,155,180,25,17,3,0,5,43,18,23.9,10,".161",".277",".250","0.527","0.116",".183","10","43","2","1","13",".177",".284",".239",".249",".265",".107",".242","71.5","88.2","25.1",30.5,4,3.4,32.2,"98.538487857","93.387313929",74.1,8,122,382,137,696,80,51,255,49.4,344,42.7,297,30.3,51.7,48.3,27.1,24.6,118,32.2,28
"Marchán, Rafael",665561,2025,26,105,118,22,16,4,0,2,17,10,14.4,8.5,".210",".305",".282","0.587","0.095",".230","13","32","0","0","9",".213",".293",".264",".261",".285",".080",".251","65.9","85.6","11.1",26.7,2,2.2,22.2,"94.982321111","91.630902584",65,8.1,78,254,101,459,83.6,25,152,51,234,42,193,22.8,44.9,46.7,33.3,20,90,52.2,21.1
"Schunk, Aaron",668845,2025,27,32,33,6,5,1,0,0,10,0,30.3,0,".188",".219",".188","0.407","0.031",".273","0","7","0","0","1",".224",".306",".177",".229",".224",".083",".326","68.3","85.9","24.3",43.5,1,4.3,21.7,"94.291900909","91.328601364",76.5,10.9,9,62,30,110,87.2,5,39,46.4,51,47.3,52,25,65.5,17.4,34.8,47.8,23,21.7,30.4
"Friedl, TJ",670770,2025,29,579,685,151,113,22,2,14,115,81,16.8,11.8,".261",".378",".364","0.742","0.117",".301","53","219","3","12","82",".231",".321",".333",".303",".340",".090",".287","69.9","87.1","14.3",33.4,13,2.7,32.1,"97.485236416","92.822655233",58.3,8.4,349,1570,563,2645,90.1,80,810,52.7,1390,42.4,1119,17.5,39.2,45.2,36.2,18.6,473,42.3,21.6
"Maile, Luke",571912,2025,34,45,54,11,8,2,0,1,16,7,29.6,13,".244",".356",".346","0.702","0.112",".357","6","16","0","1","6",".261",".408",".316",".342",".362",".148",".410","68.7","90.8","14",38.7,2,6.5,45.2,"101.387447857","95.660297143",63.2,10.3,20,124,46,214,80.6,14,72,53.3,114,44.9,96,27.4,44.4,38.7,41.9,19.4,31,45.2,22.6
"Vázquez, Luis",676679,2025,25,50,53,8,6,1,0,1,14,3,26.4,5.7,".160",".240",".208","0.448","0.080",".200","3","12","0","2","6",".220",".378",".201",".279",".265",".157",".306","72.4","89.6","7.2",38.9,4,11.1,44.4,"100.387227059","94.647829412",69.4,7.9,13,117,45,190,76.5,16,68,51.6,98,49.5,94,34.6,54.7,27.8,50,22.2,36,52.8,25
"Jankowski, Travis",608671,2025,34,45,50,11,9,2,0,0,12,3,24,6,".244",".289",".286","0.575","0.045",".324","2","13","0","2","8",".236",".267",".256",".248",".280",".031",".316","68","84.6","-0.4",22.9,0,0,34.3,"98.685423125","93.38867375",61.1,11,22,112,30,182,89.4,7,66,59.3,108,35.2,64,23.3,47.3,34.3,42.9,22.9,35,62.9,11.4
"Gelof, Zack",680869,2025,25,92,101,16,11,3,0,2,46,7,45.5,6.9,".174",".272",".230","0.502","0.098",".311","7","25","2","1","12",".143",".299",".224",".219",".202",".155",".281","72.1","88.1","15.2",35.4,6,12.5,47.9,"99.654851667","94.271335532",74.4,6.7,44,250,90,416,65.6,55,160,51.7,215,45.9,191,43.2,51.2,41.7,43.8,14.6,48,43.8,25
"Bauers, Jake",641343,2025,29,183,218,43,27,9,0,7,59,32,27.1,14.7,".235",".399",".353","0.752","0.164",".305","28","73","1","8","28",".237",".460",".333",".356",".357",".223",".350","76.5","91.7","16.6",36,17,13.6,45.6,"102.321269516","95.787091138",65.7,8.8,144,453,216,895,83.4,49,295,50.2,449,42.9,384,26.4,43.1,36,40,24,125,35.2,30.4
"Yorke, Nick",694377,2025,23,69,72,16,12,3,0,1,15,3,20.8,4.2,".232",".319",".264","0.583","0.087",".283","8","22","0","1","7",".234",".315",".256",".257",".266",".081",".300","71.9","85.6","10.5",25.9,1,1.9,38.9,"98.7823","93.529267358",70.4,7.4,22,174,67,284,86.9,14,107,53.5,152,46.5,132,22.3,52.1,38.9,33.3,27.8,54,53.7,20.4
"Baldwin, Drake",686948,2025,24,405,446,111,72,18,2,19,68,38,15.2,8.5,".274",".469",".341","0.810","0.195",".289","80","190","0","0","56",".272",".480",".351",".353",".339",".208",".327","75.3","91.7","6.5",33.8,37,11,49.6,"102.167061775","95.60419003",70,8.3,280,973,394,1750,85.9,87,617,50.3,881,42.3,741,19.5,49.5,35.3,38.3,26.4,337,48.7,24.9
"Osuna, Alejandro",696030,2025,22,151,176,32,26,4,0,2,34,21,19.3,11.9,".212",".278",".313","0.591","0.066",".256","15","42","4","5","12",".271",".390",".270",".338",".368",".119",".351","71.2","88.9","12",34.5,7,5.9,37,"100.229705172","94.226966293",61.7,8.3,118,465,116,739,85,36,240,52.6,389,42.9,317,19.6,44.2,30.3,46.2,23.5,119,42.9,20.2
"Roden, Alan",702176,2025,25,136,153,26,17,6,1,2,37,8,24.2,5.2,".191",".294",".261","0.555","0.103",".240","9","40","1","1","17",".176",".242",".249",".227",".249",".066",".236","70.1","86.4","2.3",20.6,2,2,30.4,"97.826416863","92.978674653",61.6,6.2,107,271,140,551,87.8,21,172,50.6,279,43.2,238,23.8,47.2,39.2,39.2,21.6,102,58.8,17.6
"Smith, Dominic",642086,2025,30,204,225,58,41,12,0,5,42,15,18.7,6.7,".284",".417",".333","0.750","0.133",".329","33","85","0","2","26",".252",".398",".325",".306",".306",".145",".312","67.7","87.7","15.1",39.2,7,4.2,35.5,"97.948953012","93.092219394",66.6,9.2,126,449,220,848,87.5,35,279,49.4,419,42.9,364,22.2,49.4,39.8,41,19.3,166,42.2,27.7
"Rivero, Sebastián",665861,2025,26,33,34,6,4,2,0,0,9,1,26.5,2.9,".182",".242",".206","0.448","0.060",".250","2","8","0","1","4",".168",".278",".198",".204",".193",".110",".231","70.1","86.9","15.3",41.7,2,8.3,29.2,"96.9734025","92.64067875",72.9,11.8,11,83,22,127,74.5,13,51,55.1,70,42.5,54,35.4,62.2,33.3,37.5,29.2,24,41.7,25
"Ward, Taylor",621493,2025,31,579,663,132,63,31,2,36,175,75,26.4,11.3,".228",".475",".317","0.792","0.247",".257","103","275","1","4","86",".231",".450",".339",".333",".320",".219",".328","69.5","90.1","18",34.9,56,13.7,42.7,"100.944753902","94.843614171",53.7,7.4,257,1505,715,2788,86.5,104,768,51.3,1429,44.5,1242,23.8,37.6,36.6,36.3,27.1,410,34.4,36.1
"Gurriel, Yuli",493329,2025,41,36,40,4,3,1,0,0,8,4,20,10,".111",".139",".200","0.339","0.028",".143","3","5","0","0","2",".133",".174",".167",".190",".222",".041",".173","72.8","85.1","22.4",14.3,0,0,17.9,"94.735272857","91.508708519",58,8.1,36,66,29,148,95,2,40,46.6,69,44.6,66,18.6,47.3,28.6,53.6,17.9,28,39.3,28.6
"Doyle, Brenton",686668,2025,27,502,538,117,77,23,2,15,138,30,25.7,5.6,".233",".376",".274","0.650","0.143",".289","57","189","2","18","57",".239",".415",".282",".300",".281",".177",".328","70.8","89.9","9.8",33,40,10.8,44.6,"101.00400956","94.812165962",71,8.3,165,1119,453,1957,81.6,127,689,49.6,971,44.7,874,29.7,50.4,40,37.8,22.2,370,46.5,25.9
"McLain, Matt",680574,2025,25,510,577,112,79,18,0,15,167,55,28.9,9.5,".220",".343",".300","0.643","0.123",".292","50","175","2","18","73",".212",".361",".286",".290",".294",".149",".314","69.7","88.8","16.3",34,27,7.7,40.7,"99.170988588","93.766255706",59.9,7.4,188,1274,687,2365,80.2,141,712,50.3,1188,44.1,1043,28.5,43.2,32,38.3,29.7,350,39.7,30
"Gonzales, Nick",693304,2025,26,381,408,99,73,18,3,5,73,21,17.9,5.1,".260",".362",".299","0.661","0.102",".306","30","138","2","0","39",".254",".368",".289",".291",".295",".114",".313","70.5","88.8","9.1",31.7,14,4.5,38.8,"99.501335385","94.022817942",79.5,8,150,757,385,1405,83.7,98,602,53.9,757,44.7,628,24.7,57.4,37.5,35.9,26.6,312,46.5,22.8
"Gilbert, Drew",687551,2025,24,100,109,19,10,5,1,3,20,7,18.3,6.4,".190",".350",".248","0.598","0.160",".205","13","35","1","1","12",".214",".336",".260",".270",".272",".123",".268","72.2","86.6","11.3",35.8,4,4.9,35.8,"98.241752","93.126746875",65.9,7.7,74,199,119,416,84.6,23,149,54.3,226,40.6,169,25.8,45.7,35.8,38.3,25.9,81,45.7,18.5
"Flores, Wilmer",527038,2025,33,419,463,101,75,10,0,16,88,34,19,7.3,".241",".379",".307","0.686","0.138",".267","71","159","0","1","44",".225",".334",".302",".281",".294",".109",".285","65.5","85.9","18.8",35.6,16,4.8,26.9,"96.048525988","92.028912096",63.2,8.2,237,1020,467,1918,85.6,90,623,51.4,985,42.5,815,20.8,46.7,38.9,35,26,334,35,26.9
"Adams, Riley",656180,2025,29,263,286,49,33,8,0,8,110,18,38.5,6.3,".186",".308",".252","0.560","0.122",".283","24","81","0","1","29",".208",".350",".250",".275",".272",".142",".359","78.3","91.8","9.1",31.4,16,10.5,52.3,"103.494352237","96.418372697",65.4,7.1,129,633,294,1160,77,89,387,51,592,44,510,34.6,48.3,44.4,27.5,28.1,153,50.3,20.9
"Arozarena, Randy",668227,2025,30,613,709,146,86,32,1,27,191,64,26.9,9,".238",".426",".334","0.760","0.188",".297","76","261","6","31","95",".227",".417",".332",".327",".326",".190",".329","72.3","91.3","12.9",32.6,49,11.5,50.6,"102.490457934","95.926660471",62.6,8,340,1671,590,2873,75.9,218,904,50.3,1445,42.4,1218,29.7,44,33,42.2,24.8,427,42.6,26.9
"Jones, Jahmai",663330,2025,27,129,150,37,18,11,1,7,32,18,21.3,12,".287",".550",".387","0.937","0.263",".333","23","71","0","2","21",".291",".547",".399",".399",".390",".257",".387","73.6","91.5","20",38.1,13,13.4,53.6,"103.078442292","96.185267813",69.6,7.6,119,315,124,595,80.9,39,204,49.2,293,46.4,276,26,45.2,44.3,32,23.7,97,32,24.7
"Schuemann, Max",680474,2025,28,183,213,36,28,4,2,2,35,22,16.4,10.3,".197",".273",".295","0.568","0.076",".231","13","50","1","7","20",".230",".334",".262",".297",".325",".104",".283","68.6","87.3","12.4",34.9,4,2.6,32.9,"97.241612703","92.809173741",69.5,6.2,83,504,180,838,82.7,53,306,52.5,440,42.4,355,24.4,45.5,27.6,42.8,29.6,152,45.4,23.7
"Semien, Marcus",543760,2025,34,470,534,108,76,16,1,15,93,50,17.4,9.4,".230",".364",".305","0.669","0.134",".251","62","171","1","11","62",".243",".395",".295",".318",".321",".153",".302","68.4","88.3","19.4",35.8,26,6.7,35,"98.284177358","93.274231455",75.2,7.7,240,1179,477,2075,86.1,107,769,49.3,1023,41.8,867,22.6,49,44.6,36.8,18.7,386,34.5,33.4
"Lee, Jung Hoo",808982,2025,26,560,617,149,98,31,12,8,71,47,11.5,7.6,".266",".407",".327","0.734","0.141",".291","55","228","3","10","73",".277",".385",".320",".321",".339",".108",".316","68.3","87.1","9.9",34.1,18,3.7,32,"97.154749061","92.638543988",64.5,8.9,322,1351,511,2351,91.5,68,802,52.9,1244,42.4,998,13.1,44.7,40,34.7,25.4,493,47.5,24.9
"Laureano, Ramón",657656,2025,30,441,488,124,72,26,2,24,119,35,24.4,7.2,".281",".512",".342","0.854","0.231",".331","76","226","4","7","72",".270",".518",".364",".362",".333",".248",".367","72.2","90.3","13.4",37.1,45,13.8,49.1,"102.249268272","95.596059444",67.2,7.7,250,1108,478,2002,80.2,140,706,52.6,1050,44,879,27.4,47.7,42.6,34.7,22.7,326,41.4,26.4
"Lowe, Brandon",664040,2025,30,507,553,130,80,19,0,31,149,38,26.9,6.9,".256",".477",".307","0.784","0.221",".297","83","242","2","3","79",".253",".478",".334",".335",".307",".224",".356","73.9","91.1","15.2",37.6,47,12.9,46.6,"101.991060221","95.474542762",77.6,8,418,1045,524,2146,76.6,199,851,51.3,1097,43.3,926,33.4,55.5,45.6,30.8,23.6,364,37.9,29.7
"Marsee, Jakob",805300,2025,24,209,234,61,35,18,3,5,48,22,20.5,9.4,".292",".478",".363","0.841","0.186",".357","33","100","6","14","28",".275",".442",".363",".347",".350",".168",".357","70.5","88.9","10.9",38.9,13,8,41.4,"100.197952716","94.371443168",63.1,6.7,135,488,194,881,87.3,38,299,53.8,474,41.4,365,19.5,43.1,42,36.4,21.6,162,44.4,24.1
"Estrada, Thairo",642731,2025,29,154,165,39,27,9,0,3,26,6,15.8,3.6,".253",".370",".285","0.655","0.117",".281","21","57","3","1","14",".233",".322",".284",".264",".269",".089",".278","71.8","86.3","7",28.2,4,3.1,30.5,"97.262690923","92.709620231",73,7,48,327,135,569,88.3,24,206,49.6,282,43.8,249,22.8,54,44.3,36.6,19.1,131,51.9,22.9
"Candelario, Jeimer",600869,2025,31,80,91,9,5,2,0,2,29,9,31.9,9.9,".113",".212",".198","0.410","0.099",".137","10","17","1","0","3",".126",".247",".189",".213",".215",".122",".199","69.5","87.3","11.4",20.8,4,7.5,28.3,"96.216884815","92.187747736",69.7,4.8,78,177,95,375,76.7,30,129,49.3,185,45.6,171,32.3,49.6,56.6,20.8,22.6,53,50.9,28.3
"Gurriel Jr., Lourdes",666971,2025,31,500,546,124,79,24,2,19,76,31,13.9,5.7,".248",".418",".295","0.713","0.170",".254","80","209","4","10","52",".256",".420",".307",".315",".306",".164",".301","70.6","87.8","16.3",37.4,31,7.2,38.3,"99.058751759","93.630561528",69.5,7.4,235,1102,501,1994,87.9,85,703,50.8,1012,43.1,859,20.2,52.3,40.2,36,23.8,433,37.4,27.3
"Reyes, Pablo",622569,2025,31,31,34,6,5,1,0,0,10,2,29.4,5.9,".194",".226",".242","0.468","0.032",".286","2","7","0","1","4",".197",".276",".214",".236",".247",".079",".295","69.3","87.8","16.5",27.3,1,4.5,31.8,"96.85312","92.42656",63.5,8.4,10,86,19,131,78.7,10,47,56.5,74,45,59,24.6,43.5,22.7,45.5,31.8,22,50,13.6
"Murphy, Sean",669221,2025,30,291,337,58,29,13,0,16,105,35,31.2,10.4,".199",".409",".300","0.709","0.210",".243","45","119","0","0","34",".201",".408",".309",".314",".306",".207",".317","72.6","89.1","10.6",30.2,25,13.2,43.1,"102.033985426","95.22279861",68,6.9,135,742,370,1357,78,106,481,52.2,707,42.7,579,32.3,47.9,48.7,32.8,18.5,189,46,30.2
"Montgomery, Colson",695657,2025,23,255,284,61,30,9,1,21,83,25,29.2,8.8,".239",".529",".311","0.840","0.290",".263","55","135","0","0","43",".230",".501",".355",".341",".303",".271",".340","77","89.4","18",35.8,25,14.5,44.5,"103.036108506","95.789749711",70.2,7.9,176,609,247,1082,80.1,77,387,50.9,551,42.5,460,31.5,50.7,48.6,34.1,17.3,173,36.4,31.2
"Schanuel, Nolan",694384,2025,23,488,564,129,93,23,1,12,71,59,12.6,10.5,".264",".389",".353","0.742","0.125",".286","53","190","1","5","64",".262",".388",".327",".327",".352",".126",".306","67.5","87.5","13.2",38,19,4.5,29,"96.61346119","92.362165704",65.4,7.8,323,1263,437,2151,91,65,721,51.3,1103,43.3,932,15,45.2,38.7,38,23.3,424,42.9,25
"Hamilton, David",666152,2025,27,177,194,35,24,4,1,6,47,13,24.2,6.7,".198",".333",".257","0.590","0.135",".234","19","59","6","22","27",".209",".319",".260",".260",".267",".110",".284","70.5","86.6","14.3",27.8,8,6,27.8,"97.096658438","92.584142835",61,9.3,142,386,163,742,85.4,35,239,52.8,392,44.3,329,22.7,44.5,39.8,34.6,25.6,133,44.4,26.3
"Diaz, Yainer",673237,2025,26,542,567,139,93,25,1,20,95,20,16.8,3.5,".256",".417",".284","0.701","0.161",".277","70","226","1","1","56",".268",".465",".300",".326",".297",".197",".325","72.2","89.9","10.2",34.9,43,9.6,42.2,"100.97744942","94.706836942",78.3,7.3,259,908,513,1871,87.3,83,655,44.7,837,39.3,736,23.4,59.5,36.7,40.2,23.1,450,46,23.3
"Beck, Jordan",687597,2025,24,539,588,139,91,27,5,16,174,43,29.6,7.3,".258",".416",".317","0.733","0.158",".351","53","224","8","19","62",".231",".395",".319",".301",".293",".164",".342","73.2","87.4","12.8",36.9,35,9.6,38.5,"100.308269611","94.26308585",67.2,7,211,1278,635,2336,76.9,183,791,50.4,1177,43.2,1010,31.2,47.4,39.1,38,23,366,42.1,26.5
"Altuve, Jose",514888,2025,35,588,654,156,105,24,1,26,109,55,16.7,8.4,".265",".442",".329","0.771","0.177",".283","77","260","6","10","80",".237",".384",".331",".300",".305",".147",".289","69.7","85.1","17.7",29.8,30,6.2,30.9,"97.313797857","92.666821705",63.5,6.1,297,1219,562,2314,86.6,89,663,45.1,1044,43.1,997,20.7,50,52.5,31.3,16.3,486,43.2,25.1
"Conforto, Michael",624424,2025,32,418,486,83,51,20,0,12,121,56,24.9,11.5,".199",".333",".305","0.638","0.134",".247","36","139","0","1","54",".233",".410",".287",".330",".336",".177",".327","74","89.9","12.9",34.3,29,9.7,44,"100.8879832","94.86054311",66.2,7.8,298,1142,471,2049,81.9,125,690,50.8,1042,43.8,898,24.9,45.1,38,34.7,27.3,300,42,30
"Caglianone, Jac",695506,2025,22,210,232,33,19,6,1,7,52,18,22.4,7.8,".157",".295",".237","0.532","0.138",".172","18","62","0","1","19",".237",".431",".239",".321",".309",".194",".315","77.4","89.4","4.1",29.7,19,12,42.4,"102.891404557","95.64711057",67.5,6.5,144,399,247,858,84.7,39,255,44.1,378,42.2,362,26.8,51.3,40.5,37.3,22.2,158,50.6,20.3
"Straw, Myles",664702,2025,30,267,299,70,51,14,1,4,50,19,16.7,6.4,".262",".367",".313","0.680","0.105",".308","32","98","1","12","51",".252",".365",".299",".295",".303",".113",".309","67.1","87.2","14.8",36.2,9,3.9,27.1,"96.079168692","92.074034626",62.4,8.3,111,705,225,1104,87,50,385,55.9,617,43.1,476,17.3,47,32.3,36.2,31.4,229,40.6,26.2
"Bohm, Alec",664761,2025,28,464,504,133,101,18,3,11,82,29,16.3,5.8,".287",".409",".331","0.740","0.122",".324","59","190","0","2","53",".275",".413",".322",".324",".325",".139",".334","71.7","90.8","6.8",35.6,24,6.2,46.4,"100.707635803","94.852393109",66.9,8.8,171,986,486,1801,90.3,63,650,54,972,43.9,791,14.6,48.2,27.3,47.4,25.3,388,49.7,20.9
"Muncy, Max",691777,2025,22,206,220,44,28,7,0,9,68,10,30.9,4.5,".214",".379",".259","0.638","0.165",".269","23","78","1","1","17",".203",".353",".277",".267",".252",".150",".306","73.1","87.1","9.3",33.8,14,10.1,32.4,"99.591026471","93.796838162",68.1,7.8,91,445,217,824,80.3,57,290,51.7,426,43,354,32.6,50.2,42.4,36,21.6,139,45.3,22.3
"Brooks, Trenton",670092,2025,29,41,43,6,3,2,0,1,13,2,30.2,4.7,".146",".268",".186","0.454","0.122",".185","2","11","0","0","5",".214",".338",".199",".255",".250",".124",".313","66.9","89.4","18.2",28.6,2,7.1,35.7,"97.237452857","92.972148148",78.3,9.5,33,100,26,168,81.9,13,72,54.8,92,42.3,71,23.7,55.4,42.9,32.1,25,28,46.4,28.6
"Davidson, Logan",669722,2025,27,42,47,7,4,2,0,1,22,3,46.8,6.4,".167",".286",".222","0.508","0.119",".316","4","12","0","0","3",".138",".246",".225",".198",".196",".108",".290","72.1","87.4","12.1",13.6,1,4.5,27.3,"98.252886","93.396255789",67.3,9.8,32,86,61,204,69.7,23,76,55.4,113,36.3,74,37.5,47.1,31.8,45.5,22.7,22,59.1,27.3
"Mesa Jr., Victor",683748,2025,23,32,38,6,3,2,0,1,5,5,13.2,13.2,".188",".344",".297","0.641","0.156",".192","6","11","0","0","7",".229",".418",".288",".331",".333",".190",".271","72.7","91.1","14.1",32.1,2,7.1,42.9,"99.99815","94.431658148",75.8,5.7,23,71,41,141,84,8,50,46.8,66,46.1,65,21.3,53.2,46.4,21.4,32.1,28,35.7,39.3
"Matthews, Brice",694728,2025,23,42,47,7,3,0,0,4,20,2,42.6,4.3,".167",".452",".222","0.674","0.285",".167","9","19","0","1","6",".178",".462",".287",".294",".234",".284",".347","73.2","88.6","14.4",41.7,6,25,41.7,"102.907875455","96.055640476",67,3.9,21,106,28,179,55.7,27,61,50.8,91,39.7,71,50.6,49.7,41.7,50,8.3,24,41.7,37.5
"Hicks, Liam",689414,2025,26,332,390,82,62,13,1,6,56,43,14.4,11,".247",".346",".346","0.692","0.099",".278","45","115","0","2","37",".244",".350",".313",".315",".346",".106",".293","67.4","84.6","10.6",39,10,3.5,27.7,"96.015787174","92.008309275",55.3,9.4,239,853,365,1537,90.8,41,447,52.6,808,43.8,673,15.1,37.4,37.2,37.9,24.8,282,43.6,23.8
"Trammell, Taylor",666211,2025,27,117,135,23,13,7,0,3,41,17,30.4,12.6,".197",".333",".296","0.629","0.136",".270","12","39","2","3","15",".187",".307",".282",".271",".289",".120",".286","74.6","91","15.5",33.8,6,7.8,40.3,"100.305634865","94.610534865",67.8,7.4,99,315,113,552,69.8,58,192,51.3,283,40.8,225,38.6,45.5,42.9,32.5,24.7,77,42.9,24.7
"Robertson, Will",683770,2025,27,70,75,9,8,1,0,0,27,2,36,2.7,".129",".143",".173","0.316","0.014",".205","9","10","0","0","2",".145",".218",".149",".188",".195",".073",".241","74.3","85","25.2",31.8,4,9.1,31.8,"96.081497727","92.111820455",68.5,6.8,44,156,56,266,75.3,22,89,48.9,130,45.1,120,35.7,53.8,43.2,36.4,20.5,44,29.5,22.7
"Fermin, Freddy",666023,2025,30,319,347,80,62,13,0,5,65,19,18.7,5.5,".251",".339",".297","0.636","0.088",".301","26","108","2","1","32",".233",".336",".280",".271",".280",".104",".292","69.6","89.1","14.2",28.7,11,4.2,34.1,"98.499082764","93.418854228",73.1,8.5,129,742,353,1371,85.1,80,529,52.8,724,43.3,594,23.5,53.3,33,38.7,28.4,261,48.3,24.5
"Higashioka, Kyle",543309,2025,35,303,327,73,47,14,1,11,72,20,22,6.1,".241",".403",".291","0.694","0.162",".279","47","122","1","3","33",".233",".394",".301",".295",".284",".161",".305","70.9","88.9","17.2",39.1,20,8.6,39.1,"99.057726983","93.733033983",61.4,8.2,172,657,326,1279,87.2,52,406,51.7,661,40.7,521,21.9,45,51.1,30.9,18,233,36.1,30
"Handley, Maverick",668974,2025,27,41,47,3,3,0,0,0,18,2,38.3,4.3,".073",".073",".133","0.206","0.000",".125","3","3","0","0","2",".127",".194",".106",".177",".186",".067",".224","67.4","83.5","4.1",26.9,0,0,34.6,"96.465391667","92.232695833",69.7,9.3,13,105,43,183,71.1,22,76,59.6,109,45.9,84,35.8,51.9,38.5,42.3,19.2,26,57.7,23.1
"Ritter, Ryan",690022,2025,24,187,207,45,32,9,3,1,61,10,29.5,4.8,".241",".337",".296","0.633","0.096",".349","18","63","1","3","22",".211",".276",".280",".248",".270",".066",".313","69.1","85.2","7.4",30.5,2,1.5,30.5,"96.732699677","92.401848618",72.3,7.9,37,429,224,773,74.4,76,297,53.2,411,41.7,322,35.4,54.1,42.7,31.3,26,131,51.1,18.3
"Young, Jared",676724,2025,29,43,47,8,3,1,0,4,16,2,34,4.3,".186",".488",".234","0.722","0.302",".167","6","21","0","0","5",".201",".456",".301",".296",".248",".255",".310","74","84.6","23",39.3,4,14.3,39.3,"98.880852143","93.560503571",68.4,7.3,24,100,57,192,77.6,15,67,51,98,42.2,81,33,49,39.3,32.1,28.6,28,28.6,35.7
"Espinal, Santiago",669289,2025,30,301,328,73,61,12,0,0,38,21,11.6,6.4,".243",".282",".292","0.574","0.039",".275","16","85","1","2","25",".229",".287",".259",".254",".280",".059",".260","68.5","86.5","15.1",31.3,2,0.7,25.7,"95.861426183","91.96218977",64.7,9.1,117,747,328,1302,91.2,39,441,52.4,682,42.3,551,14.1,45.2,38.4,35.1,26.5,268,43.7,23.5
"Machado, Manny",592518,2025,32,615,678,169,109,33,0,27,131,55,19.3,8.1,".275",".460",".335","0.795","0.185",".307","95","283","3","14","91",".271",".495",".341",".355",".334",".224",".344","74.5","92.9","14.3",34.8,63,12.9,51.5,"103.43453","96.416401779",70,8.5,330,1446,622,2647,81.4,173,930,50.2,1329,43.3,1145,26.1,50,35.6,39.3,25.2,489,38.9,29.2
"Nimmo, Brandon",607043,2025,32,587,652,154,102,27,0,25,141,50,21.6,7.7,".262",".436",".324","0.760","0.174",".301","92","256","1","13","81",".252",".419",".329",".321",".317",".167",".329","72.3","91.9","11.2",29.7,40,8.8,50.2,"102.56356141","95.897196556",66.2,8.4,248,1502,681,2602,82.8,162,940,54.5,1419,43.3,1127,23.8,47.2,35.2,35.5,29.3,454,46,23.6
"O'Neill, Tyler",641933,2025,30,181,209,36,20,6,1,9,51,22,24.4,10.5,".199",".392",".292","0.684","0.193",".218","26","71","0","4","22",".243",".523",".297",".360",".331",".280",".332","74","88.8","22.2",34.6,22,16.5,39.1,"100.510865075","94.485570376",68,7.7,129,440,167,821,76.1,64,268,47.9,394,42.8,352,31.4,47.4,47.4,32.3,20.3,133,31.6,37.6
"Raley, Luke",670042,2025,30,183,219,37,25,8,0,4,64,19,29.2,8.7,".202",".311",".319","0.630","0.109",".284","19","57","1","2","23",".209",".358",".291",".312",".327",".149",".322","73.8","89.5","9.8",31.7,13,10.6,42.3,"101.481510339","95.137145897",80.8,9,159,420,192,831,68.2,107,336,50.1,416,43.7,363,40.8,53.9,47.2,32.5,20.3,123,52.8,22.8
"Fortes, Nick",663743,2025,28,218,242,50,35,9,1,5,47,14,19.4,5.8,".229",".349",".296","0.645","0.120",".269","21","76","0","1","19",".215",".322",".286",".270",".282",".107",".272","72","87.5","13.4",29.9,8,4.6,37.9,"99.24272869","93.641201726",63.8,7.8,120,509,218,915,86.1,41,296,50.7,464,43.5,398,18.9,47.5,50,28.2,21.8,174,46,21.3
"Moore, Dylan",664238,2025,32,219,243,44,28,5,0,11,82,20,33.7,8.2,".201",".374",".267","0.641","0.173",".256","25","82","5","14","35",".191",".326",".280",".262",".261",".134",".303","71.8","84.8","21.3",34.3,12,8.6,34.3,"97.881551857","92.946941714",69.7,9.8,101,615,186,1010,70.9,109,375,53.2,538,42.5,430,33.3,48.7,42.9,35,22.1,140,35,32.1
"McCoy, Mason",669200,2025,30,22,26,3,2,1,0,0,7,3,26.9,11.5,".136",".182",".269","0.451","0.046",".200","1","4","0","2","5",".162",".347",".224",".287",".291",".185",".238","68.7","82.9","11.1",46.7,2,13.3,26.7,"94.701915","92.222856667",58.7,5.2,9,54,31,97,77.8,6,27,47.4,46,44.3,43,34.1,42.3,53.3,26.7,20,15,53.3,33.3
"Simon, Ronny",682927,2025,25,77,88,18,15,3,0,0,15,8,17,9.1,".234",".273",".299","0.572","0.039",".281","7","21","0","1","10",".240",".350",".259",".295",".310",".110",".297","71.8","88.4","10",27.7,4,6.2,36.9,"98.654906875","93.41201619",60.8,8.1,56,206,68,345,86.4,15,110,52.5,181,44.3,153,17.4,44.9,29.2,40,30.8,65,53.8,16.9
"Keith, Colt",690993,2025,23,414,468,106,69,22,2,13,102,48,21.8,10.3,".256",".413",".333","0.746","0.157",".307","45","171","1","1","65",".257",".444",".326",".341",".337",".187",".341","70.7","90","13.3",41.1,29,9.2,43.7,"100.641926329","94.686217184",63.8,7.3,388,944,392,1826,85.8,84,593,50.9,930,43.2,788,22.5,44.9,36.4,37.7,25.9,316,38,29.1
"Walker, Christian",572233,2025,34,585,640,139,87,24,1,27,177,40,27.7,6.3,".238",".421",".297","0.718","0.183",".291","88","246","1","2","72",".233",".435",".310",".314",".294",".203",".332","74.1","90.9","16.9",34.5,53,12.9,46.1,"102.499785971","95.668558155",75.8,7,242,1485,604,2513,78.7,205,964,50.6,1272,43.5,1094,30.5,52.2,42.2,35.2,22.6,412,37.4,29.4
"Duran, Jarren",680776,2025,28,620,696,159,89,41,13,16,169,60,24.3,8.6,".256",".442",".332","0.774","0.186",".326","84","274","6","24","86",".248",".410",".335",".326",".327",".162",".342","74.8","91.8","12",34.5,44,9.7,46.8,"103.158389163","96.0558783",64.1,7.5,395,1463,614,2624,83.6,134,818,48.6,1276,44,1156,29.3,47.2,35.4,38.5,26.2,455,41.5,25.1
"Betts, Mookie",605141,2025,32,589,663,152,107,23,2,20,68,61,10.3,9.2,".258",".406",".326","0.732","0.148",".258","82","239","2","8","95",".267",".422",".318",".330",".335",".156",".298","69","89.1","18",37.7,29,5.5,35.8,"98.069345714","93.262709925",59.9,8.2,246,1465,552,2460,92.4,57,753,51.1,1258,43.1,1061,15.3,41.2,42.9,35.6,21.5,531,32.8,34.5
"Cruz, Oneil",665833,2025,26,471,544,94,53,18,3,20,174,64,32,11.8,".200",".378",".298","0.676","0.178",".262","61","178","5","38","62",".218",".425",".295",".324",".317",".207",".346","78.8","95.8","8.1",31.5,54,17.9,56.6,"107.307978467","98.8072552",58.2,5.9,415,943,697,2235,76.2,138,581,44.7,998,43.6,975,34,41.6,36.1,41.1,22.8,302,48.3,25.2
"Martini, Nick",605361,2025,35,102,111,23,18,4,0,1,18,9,16.2,8.1,".225",".294",".288","0.582","0.069",".265","4","30","0","0","9",".215",".292",".259",".253",".279",".077",".261","69.7","85.7","14.6",26.2,3,3.6,31,"97.063985476","92.605228313",63.8,9,54,280,83,432,88.2,16,136,49.3,213,41.2,178,19.1,44.9,33.3,35.7,31,84,45.2,27.4
"Lowe, Josh",666139,2025,27,396,435,87,53,21,2,11,109,33,25.1,7.6,".220",".366",".283","0.649","0.146",".273","40","145","4","18","56",".240",".370",".284",".298",".304",".131",".332","72.4","88.6","9.3",34.5,17,5.9,39.6,"99.41732007","93.945724064",71.8,7,238,1052,409,1842,75,163,653,49.9,910,44.8,818,28,54.5,39,34.5,26.6,290,46.6,20.3
"Biggio, Cavan",624415,2025,30,69,83,12,9,2,0,1,21,11,25.3,13.3,".174",".246",".296","0.542","0.072",".234","4","17","0","1","9",".211",".342",".257",".303",".328",".131",".303","68","89.8","20.9",34,2,4,36,"97.68916375","93.2967125",55.7,10,68,196,60,341,83.3,17,102,53.7,183,45.7,156,25.4,38.1,40,40,20,50,28,46
"Keaschall, Luke",807712,2025,22,182,207,55,37,14,0,4,29,19,14,9.2,".302",".445",".382","0.827","0.143",".340","28","81","3","14","25",".263",".378",".363",".324",".347",".116",".311","66.9","86.2","10.5",38.3,8,5.2,31.2,"97.107228701","92.654308562",63.2,8.3,108,426,181,774,86.7,33,249,50.9,394,41.3,320,18.5,42,37,39.6,23.4,154,46.1,22.7
"Lopez, Nicky",670032,2025,30,24,28,1,1,0,0,0,4,4,14.3,14.3,".042",".042",".179","0.221","0.000",".050","1","1","0","0","2",".176",".199",".130",".240",".294",".023",".211","67.7","84.8","-5.5",15,0,0,40,"97.358447","92.6792235",71.4,4.7,12,68,22,106,92.5,3,40,52.8,56,48.1,51,8.7,43.4,45,40,15,20,70,5
"Domínguez, Jasson",691176,2025,22,381,429,98,69,18,1,10,115,41,26.8,9.6,".257",".388",".331","0.719","0.131",".338","47","148","5","23","58",".237",".370",".316",".306",".316",".133",".339","74.1","90.6","13",28.9,19,7,49.6,"102.212663185","95.648499111",72.8,7.2,308,891,398,1692,82.9,98,574,46.6,788,42.6,720,27.2,50.4,35.9,37,27,270,45.2,27
"O'Hearn, Ryan",656811,2025,31,474,544,133,94,21,1,17,109,58,20,10.7,".281",".437",".366","0.803","0.156",".330","63","207","1","3","67",".269",".429",".349",".343",".357",".160",".347","71.8","89.4","11.4",38.2,28,7.6,42.5,"99.566357446","94.072133569",66.8,7.3,358,1131,524,2173,84.3,113,719,49.7,1076,44.7,967,23.3,46.8,36,37.1,26.8,369,45,25.7
"Hernández, Enrique",571771,2025,33,232,256,47,29,8,0,10,68,18,26.6,7,".203",".366",".255","0.621","0.163",".233","35","85","0","0","30",".221",".394",".268",".287",".273",".173",".306","71.1","90.3","16.3",32.9,16,9.4,37.6,"99.835463571","94.131469762",70.8,7.9,132,491,309,1033,82,65,361,49.4,510,44.4,459,29,51.1,42.4,32.4,25.3,170,38.8,32.4
"Adell, Jo",666176,2025,26,526,573,124,68,18,1,37,151,33,26.4,5.8,".236",".485",".293","0.778","0.249",".257","98","255","1","5","63",".260",".549",".333",".365",".316",".289",".365","77.6","91.7","16.1",35.1,65,17.3,50,"104.215712606","96.547484587",74.3,6.4,229,1185,580,2220,83.1,133,788,47.8,1061,41,910,28.5,52.6,38,36.4,25.5,376,38,29.8
"Sweeney, Trey",700242,2025,25,296,326,58,44,6,2,6,92,26,28.2,8,".196",".291",".258","0.549","0.095",".257","32","86","1","3","36",".191",".295",".245",".245",".254",".104",".273","73.6","87.9","11.9",28.8,14,6.7,35.1,"98.832125049","93.46450932",70,8.1,206,649,252,1191,79.7,91,448,53.7,640,46,548,28,51,40.9,38.9,20.2,208,46.6,26.9
"Wallner, Matt",670242,2025,27,336,392,68,27,16,3,22,114,46,29.1,11.7,".202",".464",".311","0.775","0.262",".228","40","156","3","4","47",".205",".437",".334",".327",".314",".232",".308","76.6","91","21.1",33.9,31,13.8,45.5,"102.7851575","95.761244395",72,9,212,929,317,1555,72.1,158,567,50.6,787,43.2,672,35.5,50.5,48.7,32.6,18.8,224,34.4,33.5
"Canha, Mark",592192,2025,36,113,125,24,20,3,0,1,24,7,19.2,5.6,".212",".265",".272","0.537","0.053",".256","6","30","1","0","9",".214",".303",".244",".268",".283",".089",".278","68.7","86.6","19.9",25.3,2,2.2,33,"97.298217826","92.70554033",61.3,6.3,42,309,99,506,84.2,26,165,53.2,269,45.5,230,23.7,45.8,37.4,38.5,24.2,91,36.3,25.3
"Outman, James",681546,2025,28,134,148,18,6,5,1,6,63,12,42.6,8.1,".134",".321",".216","0.537","0.187",".185","11","43","0","1","19",".158",".372",".237",".265",".238",".214",".298","72.6","88","18",28.2,12,16.9,39.4,"100.988622","94.538542857",66,9.6,110,294,155,605,72.3,56,202,50.6,306,45.6,276,40.4,47.4,46.5,35.2,18.3,71,36.6,33.8
"Acuña Jr., Ronald",660670,2025,27,338,412,98,64,12,1,21,102,71,24.8,17.2,".290",".518",".417","0.935","0.228",".358","42","175","1","9","74",".263",".535",".403",".397",".396",".272",".377","76.4","92.7","13.3",30.9,37,15.7,52.5,"105.047340254","97.260763686",69.3,7.2,223,977,406,1741,73.8,158,602,49.9,869,43.7,761,30.3,46.2,35.6,41.5,22.9,236,46.6,29.7
"Hoskins, Rhys",656555,2025,32,279,328,66,41,12,1,12,91,38,27.7,11.6,".237",".416",".332","0.748","0.179",".297","43","116","1","2","30",".220",".389",".324",".314",".322",".169",".322","71","90.2","22.1",39.7,20,10.3,46.4,"100.047500722","94.368500412",60.1,8.3,168,715,389,1429,78.9,92,437,50.9,727,41.6,594,27.6,40.4,52.1,32.5,15.5,194,29.9,33.5
"Jensen, Carter",695600,2025,21,60,69,18,9,6,0,3,12,9,17.4,13,".300",".550",".391","0.941","0.250",".333","13","33","0","0","12",".336",".633",".403",".447",".423",".297",".420","74.9","95.4","7.3",41.7,10,20.8,58.3,"105.665572083","98.411932917",75.5,8.2,70,141,54,293,84.8,16,105,47.4,139,39.6,116,24.6,48.5,41.7,35.4,22.9,48,45.8,16.7
"Sosa, Edmundo",624641,2025,29,243,261,67,43,12,1,11,56,10,21.5,3.8,".276",".469",".307","0.776","0.193",".315","39","114","1","1","30",".245",".391",".332",".290",".279",".146",".316","72.3","87.7","9.4",35.4,12,6.3,38,"99.677737979","93.987724064",69.8,6.1,114,533,234,942,83.8,51,314,47.8,450,46.1,434,25.7,57.1,41.1,33.9,25,192,45.3,25
"Wong, Connor",657136,2025,29,168,188,32,24,8,0,0,42,16,22.3,8.5,".190",".238",".262","0.500","0.048",".250","7","40","1","2","16",".221",".295",".230",".266",".291",".074",".292","72.3","85.5","10.4",28.7,4,3.1,31,"97.650525968","92.838836452",64.3,8.7,75,426,182,745,84.2,38,240,50.1,373,42.3,315,24.7,48.3,38,40.3,21.7,129,51.2,20.9
"Kreidler, Ryan",668952,2025,27,38,44,4,4,0,0,0,19,4,43.2,9.1,".105",".105",".190","0.295","0.000",".211","0","4","0","2","5",".182",".255",".150",".236",".260",".072",".365","71","89.6","16.5",38.1,1,4.8,28.6,"98.99076","93.991411579",71.6,5.6,28,85,45,179,69.8,19,63,49.2,88,46.9,84,41.8,50.8,52.4,33.3,14.3,21,47.6,38.1
"Winn, Masyn",691026,2025,23,491,537,124,88,27,0,9,102,34,19,6.3,".253",".363",".310","0.673","0.110",".301","51","178","5","9","72",".240",".347",".297",".286",".298",".107",".301","71.1","88.3","16",31.3,19,4.8,34.6,"98.797379897","93.446512558",62.3,9,259,1264,527,2256,85.8,106,747,53.2,1200,43.5,982,19.6,45.3,38.9,35.1,26,393,39.2,24.4
"Casas, Triston",671213,2025,25,99,112,18,12,3,0,3,27,11,24.1,9.8,".182",".303",".277","0.580","0.121",".217","11","30","0","0","5",".212",".409",".256",".304",".303",".197",".292","75.1","87.6","15.1",34.7,7,9.7,44.4,"100.957485","94.540363056",72.6,9.6,96,230,89,437,75.3,40,162,51,223,42.8,187,31.1,48.5,40.3,34.7,25,72,38.9,34.7
"Marsh, Brandon",669016,2025,27,379,425,106,68,25,2,11,110,38,25.9,8.9,".280",".443",".342","0.785","0.163",".363","43","168","1","7","59",".263",".432",".339",".330",".328",".169",".367","71.4","91.1","12.6",39.1,23,8.3,46.4,"100.6056675","94.960470849",66.3,7.2,184,953,434,1657,88.6,61,534,48.6,806,43.2,715,23.2,47.1,37.7,35.1,27.2,276,41.7,26.1
"Chisholm Jr., Jazz",665862,2025,27,462,531,112,65,15,1,31,148,58,27.9,10.9,".242",".481",".332","0.813","0.239",".282","80","222","8","31","75",".234",".481",".349",".346",".325",".247",".341","73.9","89","15.8",32.6,48,15,43.3,"100.93875057","94.67092819",68.4,7.9,408,1073,471,2138,75,179,717,49,1048,43.9,938,32.2,47.1,48.9,32.6,18.5,319,39.5,33.2
"Contreras, William",661388,2025,27,566,659,147,102,28,0,17,120,84,18.2,12.7,".260",".399",".355","0.754","0.139",".299","76","226","4","6","89",".253",".398",".332",".331",".352",".145",".321","73.2","91.1","7",31.6,29,6.4,48.5,"102.570622124","95.839705166",67.9,6.8,294,1408,601,2556,82.9,148,864,49.8,1273,44.6,1140,24.2,46.5,35.2,38.9,25.9,452,50.4,21.7
"McCormick, Chas",676801,2025,30,100,116,21,15,5,0,1,31,9,26.7,7.8,".210",".290",".279","0.569","0.080",".290","5","29","3","2","13",".228",".372",".257",".299",".298",".144",".330","71.5","85.8","21.9",32,4,5.3,29.3,"97.336296765","92.737822239",75,8.1,47,250,107,433,72.7,41,150,46.2,200,42,182,34.7,55.2,42.7,34.7,22.7,75,40,22.7
"Ruiz, Keibert",660688,2025,26,255,267,63,49,12,0,2,26,8,9.7,3,".247",".318",".277","0.595","0.071",".268","25","81","2","0","19",".271",".351",".262",".287",".301",".080",".301","66.1","86.2","11.3",31.3,5,2.2,30.9,"96.142920957","92.090094629",68.8,8.2,162,412,255,888,93.7,20,319,52.3,464,42.9,381,12.8,52.8,43.9,38.3,17.8,230,48.7,20.4
"Pereda, Jhonny",640902,2025,29,69,78,17,11,6,0,0,21,8,26.9,10.3,".246",".333",".325","0.658","0.087",".354","4","23","0","0","4",".194",".280",".295",".254",".277",".087",".278","71","89.1","6.6",26.5,2,4.1,44.9,"100.866635417","94.433317708",62.9,9,26,202,80,333,72,30,107,51.1,170,42.9,143,30,42,32.7,40.8,26.5,49,59.2,12.2
"Merrill, Jackson",701538,2025,22,440,483,116,69,25,6,16,108,33,22.4,6.8,".264",".457",".317","0.774","0.193",".312","67","201","2","1","59",".263",".490",".331",".347",".319",".227",".347","72","89.7","15.2",42.6,44,13,42.9,"100.742734371","94.664461796",79.4,7.6,254,947,377,1703,81.1,127,671,49.6,845,44,749,27.1,58.4,37,33.1,29.9,338,39.1,30.2
"Lile, Daylen",695734,2025,22,321,351,96,61,15,11,9,56,21,16,6,".299",".498",".347","0.845","0.199",".336","41","160","6","8","51",".302",".449",".360",".348",".350",".146",".363","69.2","88.9","15",44.2,14,5.2,40.1,"99.156241493","93.671687761",75.4,9.9,197,724,283,1306,87.4,65,516,52.4,684,43.4,566,18.9,52.2,39.4,34.9,25.7,269,36.4,24.5
"Conine, Griffin",665052,2025,27,79,86,20,11,7,0,2,25,7,29.1,8.1,".253",".418",".314","0.732","0.165",".346","8","33","1","0","13",".232",".387",".318",".299",".295",".155",".339","74.4","90.9","8",33.3,8,14.8,48.1,"102.12991","95.268616852",64.7,6.2,66,168,79,338,70.2,36,121,55.3,187,44.7,151,36.1,45.9,37,38.9,24.1,54,48.1,20.4
"Heim, Jonah",641680,2025,30,395,433,84,59,14,0,11,88,32,20.3,7.4,".213",".332",".271","0.603","0.119",".243","43","131","0","3","38",".219",".346",".266",".276",".279",".127",".282","69","88.1","14.5",33.3,19,6.1,35.9,"98.278415548","93.298205016",68.1,8,296,1004,326,1704,80.9,115,602,51.9,884,45.4,773,24.2,49.7,40.7,37.2,22.1,312,41.3,27.2
"Langeliers, Shea",669127,2025,27,481,523,133,70,32,0,31,103,36,19.7,6.9,".277",".536",".325","0.861","0.259",".290","72","258","1","7","73",".251",".463",".364",".328",".304",".212",".318","73.8","90.9","16.4",33.4,43,11.2,44.9,"102.509663298","95.562115",73,7.8,190,1067,477,1925,84,112,698,49.6,956,41.4,797,25.1,52.4,41,37.6,21.4,383,37.3,29
"Meidroth, Chase",805367,2025,23,450,505,114,94,15,0,5,72,45,14.3,8.9,".253",".320",".329","0.649","0.067",".291","23","144","4","14","54",".254",".333",".294",".300",".330",".080",".302","67.4","88.2","6.7",26.2,6,1.6,36.1,"97.686781436","92.976040347",52.8,9.6,201,1283,442,2057,91,52,576,53,1090,43.8,901,13,38.6,33.5,38.2,28.3,382,53.9,18.3
"Smith, Will",669257,2025,30,362,436,107,69,20,1,17,89,64,20.4,14.7,".296",".497",".404","0.901","0.201",".345","61","180","3","2","64",".269",".496",".389",".378",".382",".227",".351","69.8","91.3","18.4",41.7,34,12.2,47.1,"101.332929281","95.105303022",56.8,7.8,188,1073,488,1926,84.6,87,565,51.6,994,43.9,846,22.2,38.8,32.7,41.4,25.9,278,32.7,36.7
"Cameron, Daz",663662,2025,28,41,42,8,6,1,0,1,13,1,31,2.4,".195",".293",".214","0.507","0.098",".259","3","12","0","1","7",".220",".376",".221",".263",".238",".156",".322","75.4","91.9","20.4",28.6,2,7.1,32.1,"99.524880714","94.134041071",71.3,8.2,32,74,30,159,82.1,12,67,59.1,94,40.9,65,24.4,54.1,35.7,57.1,7.1,28,32.1,35.7
"Lee, Brooks",686797,2025,24,487,527,115,83,15,1,16,92,31,17.5,5.9,".236",".370",".285","0.655","0.134",".258","64","180","1","3","50",".234",".374",".286",".289",".285",".140",".288","69.5","88.6","13.2",30.8,23,5.8,38.5,"98.1525774","93.309491128",68.6,6.7,440,935,497,2009,88,81,673,48.8,981,45,905,24,49.8,40.8,36.5,22.8,400,44.3,29
"Thomas, Alek",677950,2025,25,433,469,108,77,19,3,9,122,21,26,4.5,".249",".370",".289","0.659","0.121",".324","38","160","4","7","51",".242",".372",".287",".289",".285",".130",".336","71.2","89.6","4.2",27.7,25,7.8,39.3,"100.704408917","94.569621821",68.9,7.9,330,769,460,1678,81.6,112,608,52.6,882,42.3,709,28.7,52.9,34.9,43.9,21.2,321,53.6,21.5
"O'Hoppe, Logan",681351,2025,25,423,451,90,62,8,1,19,139,24,30.8,5.3,".213",".371",".258","0.629","0.158",".267","43","157","1","2","35",".228",".425",".273",".301",".273",".197",".339","72","90.9","17.3",33.6,38,13.3,46.9,"101.727337413","95.336562491",73.9,7.7,177,894,438,1758,77.4,143,633,48.7,857,40.3,708,32.9,52.2,46.2,30.4,23.4,286,40.2,29.7
"McCusker, Carson",676812,2025,27,29,30,5,5,0,0,0,16,1,53.3,3.3,".172",".172",".200","0.372","0.000",".385","1","5","1","0","0",".179",".289",".170",".218",".207",".110",".400","75.5","78","11.5",15.4,1,7.7,30.8,"93.697048571","92.709609231",60.7,3.1,40,66,17,131,61.8,13,34,42.7,56,44.3,58,51.7,45.8,46.2,15.4,38.5,13,38.5,38.5
"Mayo, Coby",691723,2025,23,263,294,57,34,12,0,11,84,27,28.6,9.2,".217",".388",".299","0.687","0.171",".274","28","102","0","3","30",".202",".363",".303",".289",".287",".160",".298","74.7","87.3","20.7",33,18,10.1,36,"99.691533371","93.857359663",61.8,7.9,105,584,319,1132,79.9,72,359,51.4,581,44.6,504,30.6,45.3,46.4,29.6,24,179,35.8,31.8
"Ibáñez, Andy",628451,2025,32,176,193,42,30,8,0,4,26,12,13.5,6.2,".239",".352",".301","0.653","0.113",".259","21","62","1","4","24",".254",".371",".289",".304",".315",".117",".297","69.2","88.9","12.6",32.5,7,4.6,36.4,"98.636547027","93.431222703",73.7,8.5,95,392,163,716,88.1,31,261,49.4,354,40.8,292,18.5,51.4,46.4,33.1,20.5,151,40.4,27.8
"Alvarez, Francisco",682626,2025,23,246,277,63,39,12,1,11,73,27,26.4,9.7,".256",".447",".339","0.786","0.191",".321","32","110","0","0","32",".229",".437",".343",".326",".315",".208",".325","74","93.1","9.6",32.4,21,12.1,54.3,"103.450256092","96.632659422",66.4,7,90,574,308,1123,73.6,92,348,46.7,524,42.2,474,34.6,45.8,31.8,37.6,30.6,173,49.7,23.7
"McCarthy, Jake",664983,2025,27,206,222,42,26,7,5,4,40,10,18,4.5,".204",".345",".247","0.592","0.141",".233","20","71","0","6","18",".239",".374",".256",".286",".280",".135",".296","69.8","84.7","6.5",28.2,9,5.3,27.6,"96.21972175","92.14488327",64.8,6.3,134,431,204,846,88.2,32,272,49.6,420,44.2,374,21.1,49.4,37.1,42.4,20.6,170,55.9,21.8
"Muncy, Max",571970,2025,34,313,388,76,45,10,2,19,83,64,21.4,16.5,".243",".470",".376","0.846","0.227",".264","67","147","0","4","48",".238",".497",".366",".374",".374",".259",".319","71.2","91.3","19.6",37.4,32,13.6,51.5,"101.909755678","95.532473957",65.4,7.5,214,812,486,1650,82.9,91,532,49.3,813,44.4,733,23.5,42.4,51.5,32.3,16.2,235,31.5,40.9
"Trejo, Alan",676701,2025,29,40,43,7,5,2,0,0,7,1,16.3,2.3,".175",".225",".190","0.415","0.050",".206","1","9","0","0","3",".206",".351",".181",".244",".221",".146",".243","66.1","87.9","16.1",17.1,3,8.6,28.6,"96.444043529","92.222021765",76.5,9.5,22,72,45,148,83.1,11,65,57.4,85,43.2,64,22.1,58.1,40,37.1,22.9,35,42.9,45.7
"Caratini, Victor",605170,2025,31,344,386,89,63,14,0,12,65,23,16.8,6,".259",".404",".324","0.728","0.145",".282","46","139","0","1","35",".255",".425",".318",".329",".324",".170",".313","72.3","88.7","12.5",34.7,22,7.7,40.7,"100.008528662","94.285292852",68.2,9.8,320,698,340,1417,85.2,74,501,51.9,735,42.9,608,19.8,46.6,38.9,37.9,23.2,285,42.8,26.7
"Massey, Michael",686681,2025,27,262,277,64,52,9,0,3,43,9,15.5,3.2,".244",".313",".268","0.581","0.069",".277","20","82","1","2","20",".238",".346",".254",".265",".264",".108",".282","70.1","87.5","22.2",35.7,9,4,33,"97.791403604","92.942590407",69.5,7.2,201,533,229,1013,87.3,46,362,51.4,521,45.3,459,18.5,54,46,29,25,224,31.3,30.8
"McCray, Grant",687529,2025,24,22,26,2,1,0,1,0,11,2,42.3,7.7,".091",".182",".160","0.342","0.091",".167","2","4","0","0","3",".142",".311",".154",".223",".206",".169",".262","73.4","85.7","15.4",30.8,2,15.4,23.1,"97.056798333","92.528399167",71.9,4.1,9,66,20,97,75.6,10,41,58.8,57,39.2,38,32,51.5,53.8,30.8,15.4,13,53.8,30.8
"Hilliard, Sam",656541,2025,31,51,61,10,4,3,1,2,23,10,37.7,16.4,".196",".412",".328","0.740","0.216",".308","3","21","1","2","8",".166",".372",".326",".301",".303",".206",".303","75.2","93.5","15.6",21.4,5,17.9,57.1,"103.536915714","97.178934444",66.2,7.2,38,155,64,276,62.8,32,86,47.1,130,46,127,39.2,43.5,32.1,42.9,25,28,50,28.6
"Urías, Ramón",602104,2025,31,352,391,85,57,17,0,11,88,27,22.5,6.9,".241",".384",".292","0.676","0.143",".281","44","135","0","3","33",".227",".375",".292",".289",".283",".148",".298","70.8","89.2","13.2",33.6,22,8,41.8,"99.727267941","94.199624375",70,6.7,197,843,356,1509,80.5,104,532,50.7,760,42.6,638,26.2,49.1,44.9,33.6,21.5,274,41.6,25.5
"Rodríguez, Endy",682848,2025,25,52,57,9,5,4,0,0,14,5,24.6,8.8,".173",".250",".246","0.496","0.077",".237","2","13","1","0","5",".192",".290",".226",".249",".264",".098",".265","71.5","92.2","15.1",36.8,1,2.6,44.7,"99.320391053","94.658298919",65.3,7.3,30,123,43,205,83.1,13,77,57.6,118,42.9,88,24.5,45.9,47.4,34.2,18.4,38,34.2,34.2
"Donovan, Brendan",680977,2025,28,460,515,132,90,32,0,10,67,42,13,8.2,".287",".422",".353","0.775","0.135",".315","50","194","3","3","64",".280",".449",".337",".346",".348",".169",".326","69.3","89.7","12.2",40.1,35,8.8,40.9,"99.946562944","94.337995152",61.3,8.1,214,1155,455,1923,91.3,53,612,52,999,43.7,840,13.4,43.8,34.8,38.3,26.8,399,43.1,22.3
"Lockridge, Brandon",663604,2025,28,134,148,31,23,7,1,0,36,8,24.3,5.4,".231",".299",".276","0.575","0.068",".310","11","40","1","10","17",".233",".314",".254",".267",".282",".081",".319","71.1","87.1","2.3",26.2,3,2.9,32,"97.779298571","92.981448673",68.7,10.4,77,334,124,578,83.5,37,224,56.4,326,42.7,247,24.9,53.5,21.4,41.7,36.9,103,58.3,19.4
"Hassell III, Robert",690987,2025,23,197,206,44,32,9,0,3,62,8,30.1,3.9,".223",".315",".257","0.572","0.092",".311","18","62","0","4","22",".226",".369",".252",".273",".260",".143",".330","68.7","88.6","7.2",34.1,11,8.1,40.7,"99.261806818","93.737415496",73.6,6.7,130,390,204,764,80.5,56,287,51,390,40.4,309,28.8,50.9,33.3,45.2,21.5,135,52.6,20.7
"Díaz, Yandy",650490,2025,33,583,651,175,120,29,1,25,92,57,14.1,8.8,".300",".482",".366","0.848","0.182",".318","83","281","1","3","79",".285",".459",".364",".353",".355",".174",".339","73.6","93","5",29.2,41,8.3,52.5,"104.837007886","97.11235376",63.7,7.9,273,1543,483,2525,86.9,108,823,51.3,1293,43.1,1086,17.9,44.4,25,41.7,33.3,496,54,20
"Eldridge, Bryce",805811,2025,20,28,37,3,1,2,0,0,13,7,35.1,18.9,".107",".179",".297","0.476","0.072",".188","4","5","0","0","1",".175",".506",".242",".362",".349",".331",".306","71.5","95.6","12",25,4,25,68.8,"105.11026","98.515259375",68.5,5,33,74,50,160,74,13,50,45.6,73,39.4,63,35.4,40.6,37.5,50,12.5,16,43.8,50
"Gorman, Nolan",669357,2025,25,351,402,72,43,14,1,14,136,47,33.8,11.7,".205",".370",".296","0.666","0.165",".283","46","130","1","1","48",".196",".386",".292",".296",".290",".190",".318","72.7","89.6","22.3",39.3,20,9.1,41.1,"100.473005926","94.520283241",66.6,7.4,215,970,343,1655,73.4,148,557,50.5,836,44.8,741,34.6,47.4,41.1,32.9,26,219,28.3,37.4
"Williams, Luke",663897,2025,28,31,34,4,2,2,0,0,9,1,26.5,2.9,".129",".194",".176","0.370","0.065",".174","5","6","0","5","5",".185",".228",".167",".230",".242",".044",".272","66.3","86.9","13.4",30.4,1,4.3,27.3,"96.978906364","92.871979524",68.3,9.3,10,63,19,112,81.4,8,43,58.9,63,44.9,48,27.1,52.7,43.5,34.8,21.7,23,43.5,13
"Tucker, Kyle",663656,2025,28,500,597,133,82,25,4,22,88,87,14.7,14.6,".266",".464",".377","0.841","0.198",".282","73","232","3","25","91",".270",".483",".363",".372",".381",".213",".327","72","90.1","17.2",37.5,45,10.8,40.4,"99.768677067","94.192831928",70.8,7.9,365,1218,577,2306,84.9,128,847,51.9,1196,43,992,20.2,45.2,45.2,33.9,20.9,416,33.9,32.7
"Barrosa, Jorge",678489,2025,24,71,77,10,6,3,0,1,22,2,28.6,2.6,".141",".225",".169","0.394","0.084",".176","7","16","0","0","8",".165",".243",".171",".193",".194",".077",".230","68.2","87.8","7.7",26.9,0,0,30.8,"96.6119248","92.468888",62.1,6.7,58,183,73,327,84.8,16,105,51.5,169,41.2,135,26.9,48.9,48.1,38.5,13.5,52,44.2,34.6
"Martínez, Angel",682657,2025,23,446,484,100,64,23,2,11,110,23,22.7,4.8,".224",".359",".269","0.628","0.135",".271","45","160","2","8","56",".215",".313",".274",".255",".262",".099",".284","70.2","87.1","18.4",32.2,12,3.5,29.3,"97.037956154","92.536116469",69.2,6.4,337,986,368,1797,86.2,85,618,49.7,893,43.7,786,21.4,54.4,46.7,34.8,18.6,345,38.6,29.6
"Barrero, José",676480,2025,27,29,31,4,2,1,0,1,9,1,29,3.2,".138",".276",".194","0.470","0.138",".158","3","8","0","0","4",".125",".214",".209",".180",".181",".089",".181","73.6","83.6","28",25,1,5,20,"92.891037","90.926829",70,10.9,14,64,31,128,83.7,8,49,54.7,70,45.3,58,24.6,53.9,30,30,40,20,25,35
"Monasterio, Andruw",655316,2025,28,126,135,34,21,9,0,4,32,7,23.7,5.2,".270",".437",".319","0.756","0.167",".333","16","55","1","2","19",".224",".363",".328",".280",".276",".139",".300","68.4","87","20.8",43.6,5,5.3,35.1,"96.826778511","92.50592129",65.5,8.2,48,316,132,558,83.9,31,192,52.5,293,45,251,26,47,47.9,33,19.1,94,31.9,31.9
"Bleday, JJ",668709,2025,27,307,344,65,34,17,0,14,91,36,26.5,10.5,".212",".404",".294","0.698","0.192",".251","39","124","2","1","48",".197",".345",".302",".276",".281",".148",".280","71.7","88.7","20.5",29.5,17,7.8,38.7,"99.544634679","93.986993226",64.2,8.2,322,632,295,1328,80.2,85,430,50.5,670,40,531,29.8,44.7,47,36.9,16.1,217,36.9,31.8
"Nuñez, Nasim",683083,2025,24,82,92,19,13,2,0,4,20,8,21.7,8.7,".232",".402",".297","0.699","0.170",".254","13","33","1","9","13",".239",".367",".304",".296",".304",".128",".311","69.4","88.6","5",34.4,3,4.7,42.2,"98.875752581","93.964415082",63.6,9.3,79,233,84,417,84.3,22,140,52.6,220,40.2,168,25.1,43.9,26.6,37.5,35.9,64,50,21.9
"Story, Trevor",596115,2025,32,612,654,161,107,29,0,25,176,33,26.9,5,".263",".433",".308","0.741","0.170",".330","96","265","1","31","91",".249",".421",".320",".311",".296",".173",".351","71.1","91.4","14.2",32.6,43,9.8,47,"102.418939954","95.643419306",72.3,8.5,263,1325,633,2472,82.1,165,922,51.6,1275,41.5,1026,29.3,54.4,37.4,34.7,27.9,438,43.6,27.4
"Henderson, Gunnar",683002,2025,24,577,651,158,102,34,5,17,137,62,21,9.5,".274",".438",".349","0.787","0.164",".329","68","253","5","30","85",".276",".425",".339",".341",".354",".149",".363","75.3","92.1","9.5",29.9,38,8.5,49.2,"102.936564389","96.031023084",67.5,7.6,401,1378,578,2506,83.5,139,842,49.8,1247,43.4,1086,25.1,47.6,36.6,37.8,25.6,445,48.5,18.9
"Harris, Dustin",687957,2025,25,40,43,8,4,3,0,1,13,3,30.2,7,".200",".350",".256","0.606","0.150",".269","2","14","1","1","5",".186",".275",".265",".231",".243",".089",".276","67.2","86.9","16.1",37,1,3.7,25.9,"95.675450714","91.979863333",72.2,8.3,28,89,49,180,93.8,4,65,50,90,42.2,76,24.5,52.2,37,37,25.9,27,40.7,25.9
"Hernández, Teoscar",606192,2025,32,511,546,126,71,29,1,25,134,26,24.5,4.8,".247",".454",".284","0.738","0.207",".283","89","232","2","5","65",".250",".455",".315",".323",".291",".206",".339","72.9","90.2","9.9",34,44,11.5,46.1,"101.752887801","95.144195209",68.5,8.8,240,1138,552,2139,77.2,177,777,53,1134,43.4,928,31.9,50.4,35.9,37.7,26.4,382,45.3,27.7
"Capra, Vinny",681962,2025,28,96,105,12,9,2,0,1,25,3,23.8,2.9,".125",".177",".157","0.334","0.052",".153","6","17","0","2","10",".178",".256",".150",".211",".214",".078",".244","68.5","85.9","11.2",26.3,2,2.6,32.9,"96.857216667","92.522860282",58.3,9.1,58,169,100,364,85.4,18,123,58,211,41.8,152,24.5,44.8,42.1,34.2,23.7,76,53.9,19.7
"Rojas, Miguel",500743,2025,36,290,317,76,51,18,0,7,46,24,14.5,7.6,".262",".397",".318","0.715","0.135",".291","27","115","0","5","35",".249",".358",".312",".293",".306",".109",".296","68.1","87.6","12.9",34.4,10,4,31.2,"97.377713277","92.731858692",63.1,7.5,147,663,263,1166,90.8,34,368,50,583,43.9,512,17.9,44.9,42.1,35.2,22.7,247,45.7,23.1
"Encarnacion-Strand, Christian",687952,2025,25,130,137,27,17,4,0,6,32,3,23.4,2.2,".208",".377",".234","0.611","0.169",".223","19","49","2","0","13",".207",".408",".261",".275",".235",".201",".272","73.6","87.9","21",29,9,9,44,"100.823273","94.4550123",66.2,7.5,39,289,104,469,86.9,20,153,49.3,231,43.9,206,25.8,56.3,47,32,21,100,39,30
"Allen, Nick",669397,2025,26,371,416,82,71,11,0,0,99,31,23.8,7.5,".221",".251",".284","0.535","0.030",".298","22","93","7","8","32",".220",".267",".245",".252",".284",".046",".298","64.5","84.8","13.3",29.3,0,0,21.6,"94.907320963","91.457467333",67.8,8.2,110,971,370,1582,84.9,87,578,53.9,853,42.9,679,21.5,48.4,29.3,38.9,31.8,283,47,19.1
"Bellinger, Cody",641355,2025,29,588,656,160,101,25,5,29,90,57,13.7,8.7,".272",".480",".334","0.814","0.208",".274","98","282","2","13","89",".254",".430",".347",".327",".320",".176",".298","70.1","88.3","18.5",37.1,38,7.5,37.9,"98.690370317","93.444149405",67,7.1,426,1428,564,2594,87.5,107,859,49.4,1282,44.1,1144,18.1,48.3,42.4,31.8,25.8,507,32.9,35.7
"Vaughn, Andrew",683734,2025,27,406,447,103,67,22,0,14,80,31,17.9,6.9,".254",".411",".307","0.718","0.157",".280","65","167","0","0","35",".273",".479",".311",".349",".329",".206",".339","70.7","91.6","13.3",38.4,40,12,47.7,"101.722005241","95.420312018",66,7.6,175,920,440,1722,86.8,74,559,49.2,847,43.5,749,21.7,46.9,37.5,38.1,24.3,333,41.7,27
"Meyers, Jake",676694,2025,29,343,381,100,80,15,2,3,67,31,17.6,8.1,".292",".373",".354","0.727","0.081",".353","24","128","5","16","53",".269",".403",".323",".325",".334",".134",".333","68.4","88.1","9.8",34.6,14,5,38.9,"99.285411377","93.81484913",69.1,6.9,138,715,351,1340,88.8,54,480,51.9,695,44.6,598,21.2,47.2,36.1,42.1,21.8,280,48.9,20.4
"Knizner, Andrew",668800,2025,30,77,88,17,14,1,1,1,10,7,11.4,8,".221",".299",".299","0.598","0.078",".239","5","23","0","0","12",".226",".309",".270",".278",".304",".084",".257","69.2","84.2","16",23.2,1,1.4,23.2,"94.789412941","91.601198971",56,7.2,28,191,76,321,85.7,14,98,54.5,175,46.7,150,19.9,48.6,29,37.7,33.3,69,46.4,23.2
"Dubón, Mauricio",643289,2025,30,369,398,89,61,21,0,7,42,24,10.6,6,".241",".355",".289","0.644","0.114",".255","33","131","0","3","43",".247",".331",".283",".278",".294",".084",".278","68.2","84.5","13.1",31.7,4,1.2,26.3,"95.584607","91.821087031",72.5,8.2,137,791,315,1346,90.3,48,496,50.8,684,40.8,549,15.8,54.2,33.5,36.3,30.2,331,42.6,26
"Robert Jr., Luis",673357,2025,27,382,431,85,59,12,0,14,112,40,26,9.3,".223",".364",".297","0.661","0.141",".274","53","139","8","33","52",".246",".426",".289",".321",".319",".180",".345","75.6","89.4","18.2",34.7,28,10.2,41.6,"101.308583088","94.893475424",76.3,6.6,220,806,344,1524,77.8,123,554,47.6,726,44.2,673,31.7,53.3,44.2,30.7,25.2,274,38.3,28.5
"Tatis Jr., Fernando",665487,2025,26,594,691,159,105,27,2,25,129,89,18.7,12.9,".268",".446",".368","0.814","0.178",".303","71","265","7","32","111",".272",".488",".353",".370",".372",".217",".347","74","93.3","9.4",28.9,51,10.9,51.8,"103.844166724","96.718358423",70.3,7.4,376,1426,646,2636,82.3,153,866,46.7,1231,43.2,1140,27,45.9,36.2,40.3,23.6,467,49,25.3
"Kayfus, CJ",692216,2025,23,123,138,27,12,10,1,4,38,11,27.5,8,".220",".415",".292","0.707","0.195",".280","19","51","0","4","16",".242",".427",".306",".322",".314",".185",".348","71.1","88.7","16.4",41.4,8,9.2,36.8,"99.494627442","93.95327186",75.5,7.3,91,250,119,493,76.3,46,194,52.1,257,47.5,234,35.7,53.3,37.9,31,31,87,39.1,32.2
"Tovar, Ezequiel",678662,2025,23,360,390,91,60,18,4,9,98,21,25.1,5.4,".253",".400",".294","0.694","0.147",".322","33","144","3","5","44",".261",".441",".301",".319",".302",".180",".356","71.6","89.4","16.4",43.7,25,9.3,38.9,"100.45095771","94.346705534",82.1,7.5,142,806,357,1469,79.5,118,575,47.6,700,41.9,617,31.4,60.7,38.1,32.2,29.6,270,35.6,27.4
"Alonso, Pete",624413,2025,30,624,709,170,90,41,1,38,162,61,22.8,8.6,".272",".524",".347","0.871","0.252",".305","126","327","2","1","87",".274",".572",".368",".386",".349",".299",".364","75.3","93.5","15.4",38.4,89,18.9,54.4,"105.076411532","97.45647",65.7,6.9,270,1537,692,2807,81.6,168,911,49.4,1386,41.9,1177,25.6,46.3,39.3,31.6,29.1,471,37.8,29.9
"Elko, Tim",671284,2025,26,67,72,9,4,1,0,4,30,5,41.7,6.9,".134",".328",".194","0.522","0.194",".152","8","22","0","1","6",".162",".335",".228",".243",".220",".173",".294","74.2","90.8","3.8",16.2,4,10.8,48.6,"103.514651579","96.093476757",65.8,7,28,149,69,284,80.4,20,102,54.6,155,45.1,128,31.5,50.4,35.1,40.5,24.3,37,59.5,27
"Lewis, Royce",668904,2025,26,376,403,89,58,18,0,13,80,25,19.9,6.2,".237",".388",".283","0.671","0.151",".267","52","146","2","12","36",".240",".400",".292",".297",".286",".160",".303","73.6","89.8","16.7",33.2,26,8.7,40.3,"100.418670671","94.408310906",69.5,6.8,204,885,303,1517,80,109,544,51.6,783,42.6,646,26.7,51,45.6,36.6,17.8,298,36.6,32.6
"Haase, Eric",606992,2025,32,70,77,16,11,3,0,2,31,4,40.3,5.2,".229",".357",".289","0.646","0.128",".378","9","25","0","0","11",".206",".347",".286",".273",".269",".141",".370","71.3","83","5.4",30,4,10,22.5,"95.763671","92.169992051",62.2,6.8,36,171,72,337,68.2,34,107,51,172,42.4,143,36.7,46.9,37.5,47.5,15,40,50,25
"Bichette, Bo",666182,2025,27,582,628,181,118,44,1,18,91,40,14.5,6.4,".311",".483",".357","0.840","0.172",".342","94","281","3","4","78",".295",".473",".361",".353",".344",".179",".350","69.1","91","8.2",37.9,39,7.9,48.8,"101.819073862","95.502667967",72.1,7.7,237,1377,503,2308,89.2,87,807,48.5,1120,43.7,1009,18.4,53.1,26.7,42.1,31.2,494,47.4,19.8
"Suárez, Eugenio",553993,2025,33,588,657,134,57,28,0,49,196,46,29.8,7,".228",".526",".298","0.824","0.298",".243","118","309","1","4","91",".211",".463",".347",".320",".285",".252",".314","72.3","90.2","21.9",32.8,57,14.3,47.6,"101.4773033","95.099828471",69.4,7.1,277,1407,673,2606,78.8,194,913,50.4,1315,43.8,1143,33.3,50.4,47.4,34.8,17.8,399,32.1,40.9
"Alfaro, Jorge",595751,2025,32,39,39,10,8,2,0,0,14,0,35.9,0,".256",".308",".256","0.564","0.052",".400","3","12","0","1","3",".241",".330",".245",".247",".241",".090",".375","75.9","86.8","12.4",40,2,8,44,"100.574966154","94.5389824",83.8,8.1,9,80,30,136,75.8,15,62,54.4,74,42.6,58,34.7,69.9,36,28,36,25,44,24
"Caballero, José",676609,2025,28,314,370,74,50,18,1,5,98,47,26.5,12.7,".236",".347",".339","0.686","0.111",".324","36","109","11","49","52",".218",".332",".309",".299",".324",".115",".315","69.1","86","17.4",36.5,13,5.9,30.6,"97.838589423","92.958973317",62.8,6.5,166,804,365,1501,82.6,79,455,48.3,725,42.6,639,26.7,45,37.4,41.9,20.7,222,40.1,23.9
"Barger, Addison",680718,2025,25,460,502,112,58,32,1,21,121,36,24.1,7.2,".243",".454",".301","0.755","0.211",".284","74","209","1","4","61",".255",".462",".322",".331",".313",".207",".346","75.9","91.7","11.9",35.5,39,11.4,51,"103.716706784","96.416377947",66.4,8.5,323,1010,499,1955,82,120,667,51.4,1005,43.7,855,26.1,49.2,43.7,33.7,22.6,341,42.5,22.9
"Reynolds, Bryan",668804,2025,30,587,654,144,87,38,3,16,173,57,26.5,8.7,".245",".402",".318","0.720","0.157",".319","73","236","2","3","68",".259",".447",".315",".338",".331",".189",".366","72.2","91.2","7.3",38.4,42,10.1,46,"101.932535192","95.465817885",73.4,8,539,1261,665,2631,80.5,188,962,49.8,1310,45.6,1201,29.4,49.6,41.2,34.8,24,417,47.2,23.5
"Wade Jr., LaMonte",664774,2025,31,209,242,35,23,8,2,2,58,27,24,11.2,".167",".254",".271","0.525","0.087",".220","18","53","0","1","19",".205",".321",".241",".281",".304",".116",".283","70","89.7","21.9",33.8,7,4.5,31.8,"98.244666579","93.396152434",62.5,10,173,668,159,1039,86.2,47,341,52.6,546,44.2,459,22.8,40.9,37,38.3,24.7,154,31.2,34.4
"Benson, Will",666181,2025,27,230,253,52,30,8,2,12,67,16,26.5,6.3,".226",".435",".273","0.708","0.209",".255","41","100","2","2","31",".257",".496",".298",".342",".307",".238",".359","71.8","92.4","16.1",37.3,26,15.4,53.8,"102.907826588","96.242418757",74.5,8.7,146,492,213,922,73.3,99,371,54,498,46.4,428,34.4,52.9,42.6,31.4,26,169,36.1,29.6
"Senger, Hayden",663584,2025,28,72,78,13,12,1,0,0,22,3,28.2,3.8,".181",".194",".221","0.415","0.013",".255","4","14","0","0","8",".215",".321",".190",".259",".256",".107",".308","72.9","88.6","9.7",28.8,2,3.8,38.5,"99.78424","94.065760204",68.4,7.5,10,164,43,254,80.6,18,93,53.5,136,44.1,112,33.1,54.7,40.4,38.5,21.2,52,46.2,17.3
"Lux, Gavin",666158,2025,27,446,503,120,85,28,2,5,114,56,22.7,11.1,".269",".374",".350","0.724","0.105",".351","53","167","0","1","49",".243",".336",".322",".299",".327",".092",".326","69.6","88.3","9.6",38.1,12,3.6,36.9,"97.799033473","93.010295676",65.1,6.6,312,1068,540,2052,86.2,94,680,50.9,1045,41.3,847,21.6,42.7,39,40.5,20.4,333,47.1,22.5
"Westburg, Jordan",676059,2025,26,328,352,87,59,10,1,17,80,17,22.7,4.8,".265",".457",".313","0.770","0.192",".302","41","150","2","1","59",".253",".460",".332",".327",".301",".207",".334","70.7","90.2","14.1",30.1,28,11.2,43.4,"101.28897176","94.91639",72.7,9,196,755,241,1300,77.9,107,485,51.3,667,41.8,544,29.4,50.2,35.3,40.6,24.1,249,43.4,30.5
"Heyward, Jason",518792,2025,35,85,95,15,11,2,0,2,20,6,21.1,6.3,".176",".271",".223","0.494","0.095",".197","12","23","1","0","9",".201",".291",".217",".245",".251",".090",".259","72.4","85.1","11.5",22.1,3,4.4,33.8,"98.149889118","93.15069",60.3,8.1,56,185,75,347,83.8,16,105,50.1,174,41.2,143,26.7,46.4,45.6,35.3,19.1,68,47.1,30.9
"Rengifo, Luis",650859,2025,28,501,541,119,91,16,3,9,104,33,19.2,6.1,".238",".335",".287","0.622","0.097",".281","43","168","7","10","55",".260",".375",".275",".302",".309",".115",".327","69.5","87.1","6.7",34.7,20,5,32.7,"97.798023081","92.967555404",71.5,7.4,270,1073,522,2008,85.5,107,739,51.4,1033,45.5,914,21.9,51.6,32.7,40.9,26.4,401,50.6,18.5
"Rogers, Jake",668670,2025,30,123,142,23,13,5,2,3,39,15,27.5,10.6,".187",".333",".277","0.610","0.146",".241","19","41","0","0","14",".194",".321",".270",".274",".286",".127",".283","70.5","89.5","17.2",36.8,8,9.2,40.2,"98.986049302","93.778180233",63.2,8.8,56,309,139,570,80.2,38,192,53.3,304,45.1,257,26.7,44,49.4,26.4,24.1,87,42.5,24.1
"Freeman, Cody",683227,2025,24,114,121,26,19,4,0,3,19,5,15.7,4.1,".228",".342",".258","0.600","0.114",".247","15","39","1","1","13",".244",".332",".261",".269",".276",".088",".293","67.3","84.9","10.6",33,4,4.1,25.8,"94.709205208","91.506490842",55.8,8.3,58,278,116,505,87.8,17,139,49.3,249,43.6,220,13.6,45.1,40.2,34,25.8,97,48.5,18.6
"Manzardo, Kyle",700932,2025,24,470,531,110,62,19,2,27,135,48,25.4,9,".234",".455",".313","0.768","0.221",".265","70","214","0","2","47",".224",".443",".329",".322",".305",".220",".311","70.6","90.3","21.3",37.1,40,11.8,43.8,"100.114470588","94.531639086",67,8.5,394,1050,451,2018,79.3,148,715,52.9,1067,43.6,879,27.7,48.4,39.7,34.4,25.9,340,30.3,35.3
"Wilson, Jacob",805779,2025,23,486,523,151,112,26,0,13,39,27,7.5,5.2,".311",".444",".355","0.799","0.133",".317","63","216","2","5","62",".277",".364",".348",".304",".324",".087",".301","63.9","84.6","8.8",32.2,10,2.2,24.7,"95.136633108","91.576810226",66.6,9.6,154,1076,361,1735,92.4,45,595,51.5,893,41.2,714,9.6,49.9,34,40.9,25.1,450,53.3,17.1
"Adames, Willy",642715,2025,29,591,686,133,79,22,2,30,179,80,26.1,11.7,".225",".421",".318","0.739","0.196",".263","87","249","4","12","94",".224",".435",".321",".327",".319",".211",".317","72.1","88.9","21.1",35.6,53,12.6,42.8,"99.897786476","94.18327716",67.9,7,296,1599,667,2797,81.2,173,921,48.5,1357,42.6,1191,29.2,46.7,44.2,31.8,24,421,31.8,36.3
"Seigler, Anthony",678011,2025,26,62,73,12,11,1,0,0,16,8,21.9,11,".194",".210",".292","0.502","0.016",".255","5","13","0","2","6",".240",".342",".239",".305",".334",".102",".320","66.9","89.3","10.6",43.8,1,2.1,37.5,"98.248267391","93.527252667",67.2,6.9,46,171,41,276,81.5,17,92,49.6,137,43.8,121,27.4,42.4,33.3,37.5,29.2,48,50,20.8
"Burleson, Alec",676475,2025,26,497,546,144,98,26,2,18,79,39,14.5,7.1,".290",".459",".343","0.802","0.169",".312","69","228","1","5","54",".272",".471",".346",".345",".329",".199",".323","72.4","91","15.2",34,40,9.5,43,"101.386484258","95.130209592",69.5,8,314,1072,429,1933,86.9,89,677,50.4,974,43.1,834,17.9,49.3,33.6,40.4,26,423,40.2,28.8
"Taylor, Chris",621035,2025,34,113,125,21,12,7,0,2,42,5,33.6,4,".186",".301",".256","0.557","0.115",".271","12","34","2","2","15",".205",".324",".250",".270",".275",".119",".325","69.8","85.9","18.6",38.9,5,6.9,36.1,"97.662010278","92.902285634",72.6,9.1,32,298,84,475,67.3,64,196,56.8,270,45.7,217,38.6,51.8,44.4,29.2,26.4,72,34.7,26.4
"Kiner-Falefa, Isiah",643396,2025,30,431,459,113,88,21,2,2,77,17,16.8,3.7,".262",".334",".297","0.631","0.072",".314","40","144","4","15","45",".245",".304",".279",".262",".281",".059",".298","66.6","84.6","4",29.7,5,1.4,27.5,"95.949940457","91.999728395",63.7,8.8,187,913,389,1631,91.9,45,559,53.8,878,45,734,15.1,49.1,37.8,37.2,25,360,58.1,11.1
"Teodosio, Bryce",669326,2025,26,138,150,28,18,7,2,1,47,5,31.3,3.3,".203",".304",".248","0.552","0.101",".293","7","42","1","7","12",".185",".259",".243",".222",".233",".075",".277","68.9","84.3","12.9",23.4,4,4.3,26.6,"96.560468889","92.308938778",82.4,9.6,27,310,138,521,71.4,68,238,55.5,289,41.1,214,37.3,62.8,35.1,31.9,33,94,46.8,22.3
"Benintendi, Andrew",643217,2025,30,420,470,101,63,16,2,20,82,40,17.4,8.5,".240",".431",".307","0.738","0.191",".250","63","181","0","1","57",".234",".430",".317",".320",".305",".197",".290","68.7","88","20.1",35.8,38,11,36.9,"98.278448655","93.238830702",72.5,6.6,325,916,380,1721,80.2,121,610,48.9,841,45.2,778,24.5,50.3,45.9,31.1,23,344,33.1,34.3
"Norby, Connor",681393,2025,25,311,337,78,52,17,1,8,90,18,26.7,5.3,".251",".389",".300","0.689","0.138",".324","34","121","2","8","42",".241",".417",".300",".307",".292",".176",".337","69.3","88.3","15.9",42,21,9.4,37.1,"98.764348839","93.549892377",76.1,8,167,646,317,1245,81.3,89,475,50.1,624,43,535,29.3,54.2,44.2,30.4,25.4,224,38.8,30.8
"Nola, Austin",543592,2025,35,38,41,7,6,1,0,0,5,2,12.2,4.9,".184",".211",".225","0.436","0.027",".212","1","8","0","0","2",".260",".320",".198",".275",".297",".060",".299","68.9","87.5","11",35.3,0,0,44.1,"98.003522941","93.431973333",68.6,6.8,13,100,27,148,84.7,9,59,58.1,86,50.7,75,16.4,49.3,32.4,38.2,29.4,34,41.2,14.7
"Pauley, Graham",688363,2025,24,161,184,36,22,9,1,4,36,21,19.6,11.4,".224",".366",".311","0.677","0.142",".262","11","59","0","2","18",".223",".343",".300",".299",".314",".120",".290","69.6","86.6","17.3",33.9,7,5.5,35.4,"97.950822063","92.977433016",66.9,7,134,385,131,681,80.9,44,230,50.5,344,44.5,303,26.9,47.6,39.4,40.2,20.5,127,38.6,26
"García, Adolis",666969,2025,32,507,547,115,68,28,0,19,135,28,24.7,5.1,".227",".394",".271","0.665","0.167",".267","75","200","4","13","58",".232",".427",".286",".304",".278",".195",".314","72.1","92.1","16.3",33.2,44,11.6,46.7,"101.875197354","95.57270172",69.9,7.3,230,1382,394,2150,77.2,165,723,48.1,1034,42.9,923,30.3,52.2,38,35.4,26.6,379,36.9,33.8
"Gonzalez, Oscar",660757,2025,27,59,61,13,12,1,0,0,13,2,21.3,3.3,".220",".237",".246","0.483","0.017",".283","4","14","1","0","2",".266",".398",".217",".298",".290",".132",".341","73.3","89.1","2.5",34.8,3,6.5,45.7,"100.983558261","94.74139413",81.9,5.1,29,110,63,216,81.4,16,86,48.6,105,47.2,102,27.1,66.7,43.5,30.4,26.1,46,52.2,21.7
"Jiménez, Leo",677870,2025,24,29,32,2,1,0,0,1,8,2,25,6.3,".069",".172",".129","0.301","0.103",".050","1","5","0","0","2",".186",".307",".139",".240",".238",".122",".256","70.6","92","8.4",22.7,2,9.1,50,"101.288531818","95.453145714",62.9,6.3,28,85,24,143,88.6,5,44,49,70,40.6,58,21.3,42.7,36.4,36.4,27.3,22,50,31.8
"Brown, Seth",664913,2025,32,65,76,12,9,2,0,1,23,9,30.3,11.8,".185",".262",".303","0.565","0.077",".268","3","17","0","1","6",".193",".344",".265",".295",".310",".151",".298","72.8","87.2","18.7",40.5,4,9.5,40.5,"98.639958095","93.322191667",69.7,7,69,141,79,298,81.8,18,99,47.7,142,45,134,32.4,48.7,50,26.2,23.8,42,33.3,35.7
"Santander, Anthony",623993,2025,30,194,221,34,23,5,0,6,61,25,27.6,11.3,".175",".294",".271","0.565","0.119",".219","18","57","0","0","16",".188",".301",".255",".265",".286",".113",".277","72","89.6","18.5",27.6,6,4.5,41,"100.252058507","94.331401567",68.1,7.1,160,589,153,934,81.6,55,299,47,439,42.4,396,24.5,48.5,51.5,30.6,17.9,134,37.3,25.4
"Wiemer, Joey",686894,2025,26,55,61,13,8,2,0,3,23,2,37.7,3.3,".236",".436",".279","0.715","0.200",".323","12","24","0","0","7",".241",".458",".297",".305",".284",".218",".391","72.5","91.4","6.4",38.2,5,14.7,61.8,"101.055430588","95.594696176",75,6.8,24,105,68,219,75.9,21,87,53,116,44.7,98,33.1,56.6,58.8,26.5,14.7,34,47.1,29.4
"Jones, Nolan",666134,2025,27,355,403,75,54,14,2,5,113,39,28,9.7,".211",".304",".296","0.600","0.093",".292","34","108","3","8","34",".224",".373",".270",".301",".309",".148",".328","72.7","90.8","13",35.8,21,8.5,46.7,"101.479686667","95.273598792",63.4,9.4,247,1022,301,1697,78.7,123,578,53.7,912,43.4,737,27.9,46.4,35.4,37.8,26.8,246,43.1,26
"De La Cruz, Elly",682829,2025,23,629,699,166,106,31,7,22,181,67,25.9,9.6,".264",".440",".336","0.776","0.176",".337","86","277","8","37","102",".251",".424",".333",".322",".325",".173",".352","74.5","91","7.6",32.5,46,10.2,44.2,"102.291176726","95.4641937",64.1,6.9,616,1255,642,2678,78.5,177,825,48.1,1288,41.5,1112,31.7,45.7,36.5,37.2,26.3,449,51.2,20.9
"Rivera, Emmanuel",656896,2025,29,120,127,30,26,4,0,0,24,6,18.9,4.7,".250",".283",".291","0.574","0.033",".313","13","34","0","1","5",".246",".312",".258",".267",".288",".066",".308","68.3","86.7","11.6",38.5,1,1,32.3,"96.802193333","92.451264479",72.4,8,40,301,102,476,82.2,29,163,47.3,225,45.6,217,28.7,52.7,25,43.8,31.3,96,41.7,24
"Sosa, Lenyn",672820,2025,25,518,544,137,94,20,1,22,127,18,23.3,3.3,".264",".434",".293","0.727","0.170",".309","75","225","1","2","57",".263",".467",".313",".326",".293",".204",".349","72.6","90.7","18.4",39.2,41,10.4,43.8,"100.914668265","94.870690765",61.5,7.5,222,1163,501,2056,86,87,622,49.2,1012,43.8,900,23.5,51,36.2,38,25.8,395,32.2,29.6
"Fitzgerald, Tyler",666149,2025,27,217,243,47,32,10,1,4,70,17,28.8,7,".217",".327",".278","0.605","0.110",".299","14","71","4","9","19",".192",".281",".269",".242",".256",".089",".282","69.2","84.5","17",30.5,7,4.5,27.9,"96.267063288","92.142678904",72,7.6,125,449,247,925,79.8,68,337,50.6,468,40.8,377,31.2,52.6,40.9,31.2,27.9,154,40.3,30.5
"Mayer, Marcelo",691785,2025,22,127,136,29,16,8,1,4,41,8,30.1,5.9,".228",".402",".272","0.674","0.174",".301","10","51","2","0","20",".210",".348",".290",".263",".255",".138",".307","74.1","90","6.7",35.6,8,9.2,51.7,"100.981297955","95.035314253",68.3,10.8,88,269,123,510,86.8,25,190,54.5,278,38.6,197,28.6,50.8,37.9,37.9,24.1,87,48.3,26.4
"Seager, Corey",608369,2025,31,380,445,103,63,19,0,21,87,58,19.6,13,".271",".487",".373","0.860","0.216",".299","50","185","0","3","61",".285",".569",".365",".400",".386",".284",".368","72.6","92.9","11.6",34.2,45,15.3,53.6,"103.909205676","96.729058034",78,7.1,317,814,410,1668,81.8,116,637,49,817,45.2,755,27.9,49.9,34.2,42.7,23.1,295,44.7,31.9
"Judge, Aaron",592450,2025,33,541,679,179,94,30,2,53,160,124,23.6,18.3,".331",".688",".457","1.145","0.357",".376","114","372","5","12","137",".300",".708",".463",".460",".434",".409",".422","77","95.4","19",39.4,96,24.7,58.2,"106.838113247","98.650676124",67,6.4,399,1267,691,2631,75.3,207,838,47.5,1250,43.1,1134,34.6,43.7,36.3,37.1,26.5,388,33.5,38.4
"Waters, Drew",671221,2025,26,206,219,50,40,6,3,1,60,11,27.4,5,".243",".316",".288","0.604","0.073",".338","14","65","3","5","21",".232",".318",".268",".265",".278",".086",".329","71.6","86","9.1",35.6,6,4.1,28.8,"97.434472083","92.746290972",77.2,8.4,176,406,181,795,78.9,68,322,52.5,417,40.1,319,30.3,56.5,39,38.4,22.6,146,47.3,25.3
"Kim, Ha-Seong",673490,2025,29,171,191,40,31,4,0,5,39,16,20.4,8.4,".234",".345",".304","0.649","0.111",".271","17","59","2","6","19",".242",".356",".288",".297",".312",".114",".310","70.5","89.7","15.7",33.6,7,5.2,43.3,"99.669184627","94.229750677",54.1,9.4,67,508,165,790,88.9,27,244,57.1,451,46.1,364,15.5,40,40.3,38.1,21.6,134,37.3,24.6
"Schmitt, Casey",669477,2025,26,312,348,74,47,15,0,12,83,27,23.9,7.8,".237",".401",".305","0.706","0.164",".282","40","125","0","0","34",".256",".436",".307",".328",".323",".180",".345","71.7","89.5","19.2",40.3,21,9,43.8,"100.706954224","94.593324009",71.9,8.6,157,668,386,1330,85.4,69,474,49.5,659,41.5,552,25.8,51.6,46.8,29.6,23.6,233,32.6,30
"Abreu, Wilyer",677800,2025,26,373,417,92,53,17,0,22,101,40,24.2,9.6,".247",".469",".317","0.786","0.222",".277","69","175","3","6","53",".243",".475",".334",".335",".315",".232",".331","74.1","90.8","23",31.9,34,12.3,44.9,"102.379878333","95.549366836",73.6,7.2,266,974,272,1600,83.7,99,609,51.7,827,43.6,698,24,52.1,43.5,31.5,25,276,31.5,39.9
"McGuire, Reese",624512,2025,30,133,140,30,19,2,0,9,27,4,19.3,2.9,".226",".444",".245","0.689","0.218",".212","24","59","0","0","17",".208",".359",".290",".254",".230",".152",".260","70.7","85.1","15.7",31.2,10,9.2,36.7,"97.746413462","92.967980769",70.9,9.1,84,275,121,503,86.9,24,183,51.3,258,44.5,224,22.7,55.1,46.8,38.5,14.7,109,41.3,27.5
"Aranda, Jonathan",666018,2025,27,370,422,117,81,22,0,14,107,41,25.4,9.7,".316",".489",".393","0.882","0.173",".409","59","181","2","0","56",".291",".515",".381",".382",".374",".224",".409","70.5","93","14.5",42.1,34,12.8,54.5,"102.687689924","96.267280418",68.1,8.2,220,1024,336,1717,79.1,125,599,51.3,879,43,737,24.9,48.6,40.2,36.5,23.3,266,37.2,27.4
"Moncada, Yoán",660162,2025,30,248,289,58,31,13,2,12,75,32,26,11.1,".234",".448",".336","0.784","0.214",".282","35","111","0","0","39",".217",".421",".339",".324",".323",".203",".310","73.4","89.8","15.1",37.1,25,14.3,43.4,"101.202542614","94.864336514",65.8,7.1,222,568,274,1128,79.6,75,367,49.5,558,44.3,500,31.4,44.9,48,30.9,21.1,175,36.6,33.7
"Marte, Noelvi",682622,2025,23,339,360,89,56,17,2,14,85,16,23.6,4.4,".263",".448",".300","0.748","0.185",".310","51","152","3","10","45",".245",".418",".321",".304",".285",".173",".327","73.3","88.5","12.7",32,23,9,36.3,"99.982802857","94.081349283",70.6,6.8,147,600,366,1267,80.5,87,447,50,633,43.6,552,27.1,51.8,44.5,32,23.4,256,45.7,25.4
"Amaya, Miguel",665804,2025,26,96,103,27,14,9,0,4,22,4,21.4,3.9,".281",".500",".314","0.814","0.219",".324","25","48","0","0","14",".244",".393",".346",".295",".282",".149",".317","72.2","86.4","18.6",38.2,5,6.6,32.9,"97.858989737","93.0655964",71.4,5.2,59,167,108,385,83.2,23,137,49.9,192,40,154,26,54,51.3,35.5,13.2,76,36.8,31.6
"Crim, Blaine",688760,2025,28,65,74,13,6,2,0,5,28,6,37.8,8.1,".200",".462",".270","0.732","0.262",".235","12","30","0","0","10",".215",".457",".309",".322",".289",".242",".368","73.7","92.2","14.9",46.2,6,15.4,53.8,"102.3841365","96.130850513",61.3,6.2,23,148,80,291,72.8,25,92,51.5,150,39.5,115,35.4,44.7,25.6,46.2,28.2,39,30.8,30.8
"Stallings, Jacob",607732,2025,35,119,129,16,12,4,0,0,40,6,31,4.7,".134",".168",".195","0.363","0.034",".203","9","20","0","0","5",".170",".234",".171",".211",".229",".063",".257","67.1","85","10.6",31.3,1,1.3,26.3,"94.85299475","91.470348228",71,8.1,37,286,123,480,74.7,44,174,51,245,42.3,203,34.1,55.6,43.8,31.3,25,80,50,25
"Campbell, Kristian",692225,2025,23,229,263,51,35,10,0,6,72,29,27.4,11,".223",".345",".319","0.664","0.122",".296","21","79","1","2","24",".221",".338",".299",".296",".318",".118",".321","73.3","88.6","4.7",30.4,8,5.1,41.8,"100.531882308","94.411397756",60.7,7.9,138,557,271,1070,80.3,64,325,50,535,41.5,444,27.3,42.1,27.8,39.2,32.3,158,54.4,18.4
"Kwan, Steven",680757,2025,27,625,693,170,129,29,1,11,60,55,8.7,7.9,".272",".374",".330","0.704","0.102",".283","56","234","5","21","81",".273",".366",".310",".310",".334",".093",".301","63.7","86.2","15.6",39.7,11,1.9,19.3,"94.357794321","91.185631109",58.8,8.5,394,1700,510,2786,96.1,34,872,53.2,1482,42.9,1194,8.7,41.9,29.7,38.8,31.5,575,39.1,26.1
"Teel, Kyle",691019,2025,23,253,297,69,50,11,0,8,77,37,25.9,12.5,".273",".411",".375","0.786","0.138",".361","35","104","1","3","38",".237",".416",".349",".337",".345",".179",".340","69.5","88.3","14.4",47.8,17,9.6,37.6,"99.256241023","93.683455455",65.7,7.7,208,644,308,1225,77.6,90,401,49.8,610,43.3,531,29.1,44.6,40.4,35.4,24.2,178,37.1,29.8
"Young, Cole",702284,2025,21,223,257,47,35,7,1,4,47,28,18.3,10.9,".211",".305",".302","0.607","0.094",".247","24","68","0","1","24",".224",".355",".274",".297",".314",".131",".281","71.4","87.6","17.2",33.3,10,5.6,31.1,"97.99473618","93.043937232",63.9,7.6,131,655,185,1034,79.3,71,343,51.9,537,42.2,436,24.6,44.5,41.7,28.3,30,180,38.3,28.9
"Mangum, Jake",663968,2025,29,405,428,120,98,18,1,3,64,19,15,4.4,".296",".368",".330","0.698","0.072",".345","40","149","6","27","37",".251",".336",".307",".276",".288",".085",".299","67.3","87.3","-0.7",26.5,9,2.6,33.4,"97.795184639","92.979726627",78.7,8.2,247,823,282,1442,86.8,78,591,52.3,751,44.8,643,18.9,62.1,24.5,39.4,36.2,343,61.8,14.3
"Pasquantino, Vinnie",686469,2025,27,621,682,164,98,33,1,32,107,49,15.7,7.2,".264",".475",".323","0.798","0.211",".271","113","295","0","1","72",".259",".463",".340",".334",".319",".205",".311","72.5","90.9","16.3",33.5,56,10.8,44.7,"101.339574109","95.022747112",65.2,7.1,495,1372,581,2572,90,85,847,50.5,1300,43.2,1111,18.2,48,45.1,32.9,22,519,38.2,29.7
"Kingery, Scott",664068,2025,31,27,29,4,3,1,0,0,11,2,37.9,6.9,".148",".185",".207","0.392","0.037",".250","0","5","1","1","3",".155",".206",".182",".196",".213",".051",".262","69.7","86.1","9.1",12.5,1,6.3,31.3,"98.784984286","93.758946429",74.6,5.8,12,55,32,104,68.2,14,44,56.7,59,49,51,40,57.7,37.5,50,12.5,16,68.8,25
"Garver, Mitch",641598,2025,34,254,290,53,38,5,1,9,80,30,27.6,10.3,".209",".343",".297","0.640","0.134",".262","30","87","0","3","29",".209",".371",".284",".298",".300",".163",".306","71.8","91.5","19.4",31.1,14,7.9,46.9,"100.635150112","94.896484576",59.7,8.5,171,590,301,1166,77.8,80,361,51.9,605,41.9,489,30.7,40.8,45.8,36.7,17.5,177,35.6,31.6
"Tolbert, Tyler",686475,2025,27,50,57,14,11,2,0,1,11,1,19.3,1.8,".280",".380",".321","0.701","0.100",".325","6","19","2","21","19",".260",".343",".305",".313",".318",".083",".337","69.7","88.3","11.3",40.5,1,2.4,38.1,"98.134727","93.317394",82.8,5.3,17,106,47,189,85.7,11,77,49.2,93,40.7,77,26.2,56.6,31,35.7,33.3,42,35.7,26.2
"Fraley, Jake",641584,2025,30,191,217,46,31,9,0,6,49,25,22.6,11.5,".241",".382",".332","0.714","0.141",".294","23","73","3","4","31",".248",".369",".316",".315",".338",".121",".334","71.6","85.2","17.8",39.4,7,4.9,34.5,"98.280407465","93.180021915",69,7.1,175,408,201,834,87.1,36,278,48.3,403,41.4,346,24.2,47,50,28.2,21.8,142,34.5,26.1
"Campero, Gustavo",672569,2025,27,58,66,10,6,1,0,3,14,5,21.2,7.6,".172",".345",".273","0.618","0.173",".171","8","20","1","4","9",".239",".399",".277",".325",".331",".159",".315","69.1","85.3","14.2",27.3,3,6.8,22.7,"95.820476364","92.031090233",69.4,6.6,66,138,58,274,80.6,18,93,48.9,134,41.2,113,27.6,48.9,31.8,38.6,29.5,44,43.2,29.5
"Simpson, Chandler",802415,2025,24,414,441,122,104,15,3,0,43,20,9.8,4.5,".295",".345",".326","0.671","0.050",".327","26","143","12","44","53",".295",".336",".296",".297",".328",".041",".330","64.2","84.3","0.5",29.8,0,0,17.3,"93.5904715","90.810575972",62.5,8.9,183,952,294,1517,92.5,41,545,57.5,872,44,667,11.5,48.6,26.1,45.5,28.5,376,60.4,8.8
"Bride, Jonah",681146,2025,29,112,125,19,17,2,0,0,39,11,31.2,8.8,".170",".188",".248","0.436","0.018",".257","5","21","0","0","7",".176",".236",".203",".223",".254",".060",".267","68.2","87.3","11.4",28.4,2,2.7,28.4,"96.765093784","92.515973243",44.9,7.4,71,294,125,556,83.2,22,131,52.5,292,42.3,235,24.9,33.3,32.4,33.8,33.8,74,48.6,17.6
"Crooks, Jimmy",699625,2025,23,45,46,6,4,0,1,1,17,0,37,0,".133",".244",".152","0.396","0.111",".185","1","11","0","0","3",".185",".319",".171",".223",".203",".134",".297","71.9","89.6","19.7",17.9,2,7.1,39.3,"99.601929286","94.402205357",70.5,8.5,27,114,36,199,83.8,12,74,52.8,105,43.7,87,25,50.3,28.6,50,21.4,28,35.7,35.7
"Holliday, Jackson",702616,2025,21,586,649,142,101,21,3,17,140,56,21.6,8.6,".242",".375",".314","0.689","0.133",".291","55","220","11","17","70",".241",".404",".304",".314",".313",".163",".316","70.6","88.8","8.9",32.4,35,7.8,40.8,"99.642935225","94.03038741",68.3,8.6,425,1373,483,2450,81.6,165,895,53.7,1311,43.6,1063,24.5,47.1,33.8,39.8,26.4,447,49,25.1
"Verdugo, Alex",657077,2025,29,197,213,47,37,10,0,0,31,14,14.6,6.6,".239",".289",".296","0.585","0.050",".283","12","57","0","1","21",".266",".369",".264",".306",".322",".103",".316","67.4","89.9","9.9",34.9,5,3,42.8,"99.887519759","94.267966303",52.9,7.6,101,559,175,880,91.8,21,255,54.8,482,44,387,14.4,38.6,31.3,43.4,25.3,166,44.6,19.9
"Helman, Michael",680737,2025,29,99,110,23,12,5,1,5,21,7,19.1,6.4,".232",".455",".290","0.745","0.223",".247","20","45","0","4","18",".179",".323",".319",".250",".241",".144",".227","70.1","82.7","19.6",24.7,7,8.6,24.7,"94.505061053","91.595129467",72.2,6.4,55,229,87,405,81.3,31,166,56.8,230,46.4,188,24.1,55.3,56.8,25.9,17.3,81,42,29.6
"Valera, George",671655,2025,24,41,48,9,5,2,0,2,13,7,27.1,14.6,".220",".415",".333","0.748","0.195",".269","5","17","0","0","7",".187",".278",".330",".272",".306",".091",".274","72.3","91.1","2.2",28.6,1,3.6,42.9,"102.141089286","95.153796071",61,5.9,39,105,48,203,78.7,13,61,49.3,100,46.3,94,29.8,41.4,32.1,46.4,21.4,28,50,21.4
"Harris II, Michael",671739,2025,24,611,641,152,100,26,6,20,128,16,20,2.5,".249",".409",".268","0.677","0.160",".281","86","250","6","20","55",".268",".438",".289",".315",".291",".169",".340","74.3","90.2","7.4",29.6,45,9.1,43.4,"103.013806132","95.674311175",71.3,6.1,372,1196,463,2177,88.2,90,761,49.1,1068,43.7,949,24.4,57,35.8,40.3,23.9,494,50.6,21.3
"Mead, Curtis",678554,2025,24,240,264,56,42,10,1,3,63,15,23.9,5.7,".233",".321",".299","0.620","0.088",".303","19","77","1","5","26",".232",".350",".278",".289",".299",".118",".314","73.3","87.5","17.1",33.7,8,4.5,34.8,"98.795073295","93.488545114",67.3,6.3,125,568,249,1019,87,45,346,50.8,514,46.3,468,21.1,48,34.3,34.8,30.9,178,37.6,30.3
"Wade, Tyler",642180,2025,30,107,127,22,19,1,2,0,31,15,24.4,11.8,".206",".252",".309","0.561","0.046",".289","9","27","2","1","13",".185",".226",".262",".247",".291",".041",".261","65","82.6","8.3",28.7,0,0,15,"92.342291389","90.376605694",60,8.9,62,279,109,496,82.4,27,153,51.4,255,43.3,215,26.7,43.8,32.5,33.8,33.8,80,55,20
"Perdomo, Geraldo",672695,2025,25,597,720,173,115,33,5,20,83,94,11.5,13.1,".290",".462",".389","0.851","0.172",".303","100","276","6","27","98",".278",".424",".370",".356",".381",".146",".319","68.3","87.6","15.5",36.2,33,6.2,31.9,"97.403040156","92.774457856",57,9,403,1792,659,3007,92.1,74,932,54.4,1636,42.3,1272,12,39.7,40.3,33.2,26.5,533,39.8,26.5
"Melendez, MJ",669004,2025,26,60,65,5,2,2,0,1,23,3,35.4,4.6,".083",".167",".154","0.321","0.084",".111","1","10","0","0","5",".137",".261",".151",".208",".203",".124",".222","72.8","90.9","25",21.6,3,8.1,45.9,"99.71341","94.594313514",64.5,3.9,48,145,59,255,69.2,24,78,47.5,121,44.3,113,41,47.8,62.2,27,10.8,37,32.4,40.5
"Tawa, Tim",694374,2025,26,199,225,40,25,8,0,7,64,20,28.4,8.9,".201",".347",".274","0.621","0.146",".252","18","69","2","8","29",".206",".368",".273",".290",".284",".162",".307","73.1","89.2","6.8",31.4,13,9.3,42.1,"100.696969118","94.668478824",69,8,99,452,252,876,81,56,294,48.6,426,42.1,369,32.5,48.4,44.3,38.6,17.1,140,50.7,27.1
"Johnson, Daniel",669288,2025,29,53,57,10,6,3,0,1,13,4,22.8,7,".189",".302",".246","0.548","0.113",".231","1","16","1","2","13",".237",".414",".243",".305",".290",".178",".314","72.7","89.3","13.9",30,5,12.5,42.5,"101.561793","94.954765641",69.3,8.1,24,111,63,210,77.1,16,70,48.1,101,38.6,81,33,50.5,32.5,45,22.5,40,45,22.5
"Bailey, Patrick",672275,2025,26,409,452,91,64,18,3,6,133,30,29.4,6.6,".222",".325",".277","0.602","0.103",".308","55","133","0","1","47",".210",".333",".265",".264",".266",".123",".306","71.6","88.2","15.6",35.3,16,5.6,36.4,"98.882488071","93.543761039",68.4,8.5,356,912,365,1724,82.2,108,608,51.6,889,44.7,770,28.6,49.4,33.2,41.3,25.5,286,38.5,29.7
"Harris, Brett",695391,2025,27,73,84,20,15,5,0,0,21,7,25,8.3,".274",".342",".349","0.691","0.068",".377","5","25","0","1","11",".235",".306",".311",".288",".321",".071",".332","71","83.3","9.5",27.8,2,3.7,27.8,"97.65899","92.8454",64.7,6.3,50,178,83,336,82.1,20,112,51.5,173,46.7,157,24.8,44.3,55.6,22.2,22.2,54,51.9,27.8
"Cabrera, Oswaldo",665828,2025,26,107,122,26,21,4,0,1,25,11,20.5,9,".243",".308",".322","0.630","0.065",".305","11","33","1","0","17",".244",".297",".286",".284",".323",".054",".314","69.3","89.1","8.8",31,0,0,34.5,"97.700893415","93.00878321",69.1,8.2,77,265,79,441,80.7,29,150,49.2,217,36.7,162,24.3,48.5,41.7,36.9,21.4,84,51.2,14.3
"Julien, Edouard",666397,2025,26,182,208,40,27,10,0,3,61,22,29.3,10.6,".220",".324",".309","0.633","0.104",".311","12","59","3","0","13",".242",".424",".286",".329",".329",".182",".362","70.2","89.2","6.1",39,15,12.2,42.3,"100.268172787","94.521132377",61,8.6,199,433,200,876,82.3,47,266,49.8,436,40.1,351,26.1,40.3,32.5,39,28.5,123,50.4,17.9
"Clemens, Kody",665019,2025,29,348,386,74,39,12,4,19,93,29,24.1,7.5,".213",".434",".281","0.715","0.221",".231","52","151","1","5","46",".243",".465",".307",".331",".309",".223",".329","72.2","91.5","16.7",35.9,31,12,48.3,"102.245098819","95.890658268",67.5,7.5,228,895,315,1529,82.6,93,536,51.9,794,41.9,640,23.9,48.4,44.4,37.8,17.8,259,34.4,33.6
"India, Jonathan",663697,2025,28,497,567,116,78,29,0,9,106,54,18.7,9.5,".233",".346",".323","0.669","0.113",".279","45","172","4","0","63",".238",".378",".301",".315",".329",".140",".304","72","87.9","17.1",33,23,5.8,36.8,"99.096462296","93.637694783",58.1,8,208,1497,459,2359,87.3,96,753,54.9,1295,44.7,1055,19.9,40.3,48,29.2,22.8,394,38.3,29.7
"Young, Jacob",696285,2025,25,324,364,75,62,10,1,2,65,27,17.9,7.4,".231",".287",".296","0.583","0.056",".283","31","93","11","15","34",".262",".336",".264",".297",".324",".074",".327","68.3","87.6","3.8",27.9,5,1.9,34.2,"98.260470403","93.325113441",60.1,9.5,130,781,297,1367,89.1,49,449,54.6,747,43.3,592,17.4,43.7,29.4,41.6,29,269,56.5,14.9
"Hayes, Ke'Bryan",663647,2025,28,527,570,124,100,16,3,5,111,36,19.5,6.3,".235",".306",".290","0.596","0.071",".289","49","161","3","12","50",".238",".342",".266",".282",".295",".104",".304","71.2","89.3","8.5",30.6,19,4.5,42.5,"99.789439561","94.118686822",60.6,8.3,169,1259,500,2154,89.1,72,661,50.7,1090,40.8,877,19.9,44.1,29.2,40.7,30.1,418,49,18.4
"Isbel, Kyle",664728,2025,28,368,409,94,70,16,4,4,74,23,18.1,5.6,".255",".353",".301","0.654","0.098",".307","33","130","5","4","42",".220",".290",".287",".251",".269",".070",".274","70.5","87.8","8.7",26.5,5,1.6,36.1,"99.661835734","93.907481368",61.9,9.4,190,825,338,1470,91,44,488,53.6,789,43.4,639,18.2,46.5,36.1,41,22.9,310,52.3,17.4
"Naylor, Josh",647304,2025,28,543,604,160,110,29,1,20,83,48,13.7,7.9,".295",".462",".353","0.815","0.167",".315","92","251","2","30","81",".271",".436",".351",".335",".335",".166",".321","71","89.2","11.6",30.8,31,6.7,41.9,"100.123963879","94.317973693",72.5,7.7,347,948,543,2013,86.8,91,692,47.4,954,41.1,827,22.1,53.9,42.2,39.6,18.3,465,45.8,26
"Greene, Riley",682985,2025,24,600,655,155,87,31,1,36,201,46,30.7,7,".258",".493",".313","0.806","0.235",".323","111","296","1","2","84",".239",".494",".343",".335",".296",".255",".356","75.6","89.9","15",36.9,69,17.1,45.5,"102.573683564","95.50996453",73.6,7.2,457,1557,510,2706,76.2,239,1004,50.4,1364,44.3,1200,30.9,52.6,40.8,32.9,26.2,404,40.8,31.7
"Pérez, Wenceel",672761,2025,25,344,383,84,50,17,4,13,87,31,22.7,8.1,".244",".430",".308","0.738","0.186",".285","43","148","3","8","47",".242",".393",".318",".310",".309",".152",".322","70.5","90.3","18.4",37.8,23,8.8,40.1,"99.315106565","93.97487416",67.2,7.8,236,821,381,1534,79.7,101,498,48.3,741,42.5,652,26,49.3,42.4,33.6,24,262,36.6,31.3
"Garcia, Maikel",672580,2025,25,595,666,170,110,39,5,16,84,62,12.6,9.3,".286",".449",".351","0.800","0.163",".308","74","267","9","23","81",".276",".422",".347",".335",".343",".146",".319","71.9","91.3","9.7",34.5,29,5.6,45.1,"101.342001641","95.068685362",58,8,235,1473,564,2519,90.6,71,758,51.8,1306,41.7,1050,15,40.1,35.3,39.7,25,519,44.9,21.6
"Walls, Taylor",670764,2025,28,282,317,62,43,14,1,4,70,26,22.1,8.2,".220",".319",".280","0.599","0.099",".271","38","90","6","14","36",".210",".309",".265",".261",".273",".099",".274","68.8","87","15.1",33.5,7,3.2,26.4,"96.119638571","92.100255905",64.5,9.3,199,783,225,1278,84.8,71,466,56.8,723,44.2,563,20.3,45.9,33.5,36.7,29.9,221,41.6,30.8
"Acosta, Maximo",691185,2025,22,54,61,11,7,1,0,3,17,6,27.9,9.8,".204",".389",".295","0.684","0.185",".235","5","21","2","1","7",".248",".473",".302",".349",".334",".225",".362","68.5","93.5","9.9",37.8,5,13.5,56.8,"101.57518","95.931934054",55,6.4,24,135,77,249,81.7,11,60,43.8,109,46.6,116,29.5,38.2,43.2,48.6,8.1,37,48.6,35.1
"Williamson, Ben",810938,2025,24,277,295,70,56,13,0,1,64,15,21.7,5.1,".253",".310",".294","0.604","0.057",".325","21","86","1","5","36",".241",".322",".269",".269",".283",".081",".314","69.7","88.3","3.1",23.3,7,3.3,40.5,"99.548201226","93.912783555",60.6,10.2,99,718,279,1216,87.4,50,397,53.9,655,40,487,21.9,48.1,27.9,33.5,38.6,215,58.6,19.5
"Olson, Matt",621566,2025,31,624,724,170,98,41,2,29,176,91,24.3,12.6,".272",".484",".366","0.850","0.212",".333","95","302","0","1","98",".249",".492",".366",".360",".347",".244",".344","73.9","93.3","14.8",37.1,65,14.3,53.3,"103.816455133","96.735765819",66.5,7.4,398,1741,780,3166,78.2,225,1030,49,1550,43.8,1386,26.2,45.3,36.6,34.9,28.5,453,39.7,28.3
"McCutchen, Andrew",457705,2025,38,477,551,114,79,22,0,13,118,67,21.4,12.2,".239",".367",".333","0.700","0.128",".289","57","175","1","1","51",".258",".415",".309",".333",".350",".157",".340","71.1","89.5","14.5",34.5,30,8.3,42.5,"100.124243278","94.328514568",69,6.9,212,1249,609,2267,80.5,157,805,51.4,1166,43.8,992,26.2,45.6,46.7,33.1,20.2,362,42.3,27.1
"Amador, Adael",691182,2025,22,113,128,20,12,7,0,1,27,11,21.1,8.6,".177",".265",".256","0.521","0.088",".224","10","30","1","1","5",".218",".299",".238",".269",".294",".081",".288","70.6","84.8","15.2",30.3,3,3.4,24.7,"96.266382195","92.139779878",66.8,7.3,86,256,90,451,87.6,19,153,50.8,229,43.5,196,20.7,47.2,41.6,32.6,25.8,89,40.4,28.1
"Pham, Tommy",502054,2025,37,392,449,96,68,17,1,10,94,50,20.9,11.1,".245",".370",".330","0.700","0.125",".294","52","145","3","5","44",".246",".396",".308",".318",".332",".149",".321","73.4","91.6","6.9",32.7,20,6.6,47.2,"102.224109934","95.517309701",60.7,9.1,142,968,446,1706,84.8,88,580,56,956,44,750,22.9,42.7,37.6,37,25.4,303,51.2,19.8
"Taylor, Michael A.",572191,2025,34,295,325,59,29,20,1,9,110,23,33.8,7.1,".200",".366",".259","0.625","0.166",".281","35","108","3","8","33",".186",".380",".270",".271",".248",".194",".297","72.4","90.8","17.9",37.2,20,10.5,42.9,"101.676094494","95.232601638",70.5,8.8,200,663,283,1267,72.6,127,463,51.9,657,43.6,552,37.7,51.3,41.4,30.9,27.7,191,37.7,31.9
"Soto, Juan",665742,2025,26,577,715,152,88,20,1,43,137,127,19.2,17.8,".263",".525",".396","0.921","0.262",".270","105","303","4","38","120",".288",".608",".390",".429",".417",".321",".376","73.6","93.8","12",32.9,81,18.1,55.3,"104.539509412","97.232619389",55.7,7.5,428,1565,766,2968,83.6,134,817,49.5,1468,41.3,1225,22.4,35.5,38.9,40.3,20.8,447,45.2,27.5
"Taylor, Tyrone",621438,2025,31,310,341,69,46,18,3,2,76,16,22.3,4.7,".223",".319",".279","0.598","0.096",".286","27","99","2","12","34",".257",".364",".264",".298",".311",".107",".338","70.3","86.5","19.4",40.6,9,3.8,35.1,"98.271444237","93.188807331",65.4,8.7,114,655,318,1246,88.5,49,436,53.5,667,42.6,531,22.7,49.1,44.8,32.2,23,239,33.1,23
"Stowers, Kyle",669065,2025,27,399,457,115,66,21,3,25,125,48,27.4,10.5,".288",".544",".368","0.912","0.256",".356","73","217","1","5","61",".265",".537",".386",".375",".349",".272",".383","75","91.1","14.1",38,53,19,52,"103.093111727","96.214876787",79.3,7.2,255,995,353,1712,75.3,170,689,50.8,869,42.1,721,32.5,54,44.1,30.1,25.8,279,38.7,30.1
"Davis, Henry",680779,2025,25,252,283,42,28,7,0,7,76,18,26.9,6.4,".167",".278",".234","0.512","0.111",".203","22","70","1","2","25",".213",".389",".229",".293",".279",".176",".304","73.9","88.6","23.3",33,21,11.5,37.4,"100.464622889","94.376065531",75.8,7.1,112,579,301,1069,79.9,81,408,50.3,538,41.8,447,28.9,55.3,41.2,36.3,22.5,182,33.5,30.2
"Mauricio, Ronny",677595,2025,24,168,184,38,26,6,0,6,54,15,29.3,8.2,".226",".369",".293","0.662","0.143",".296","10","62","0","4","19",".218",".366",".290",".286",".287",".148",".323","73.8","91.2","12.7",28.1,10,8.8,43,"101.786935","95.220553393",66.7,6.9,108,331,224,692,74.1,56,216,46.8,324,46.1,319,33.9,52.5,47.4,28.9,23.7,114,45.6,22.8
"Caminero, Junior",691406,2025,21,602,653,159,86,28,0,45,125,41,19.1,6.3,".264",".535",".311","0.846","0.271",".260","110","322","1","7","93",".255",".501",".357",".346",".307",".246",".323","78.5","92.4","10.7",27.7,68,14,51.4,"104.467588678","96.871000041",69.5,7.3,343,1278,593,2494,82.1,152,849,49,1222,40.8,1017,24.7,50.4,44.4,36.6,19,484,46.7,25.8
"Peña, Jeremy",665161,2025,27,493,543,150,101,30,2,17,93,35,17.1,6.4,".304",".477",".363","0.840","0.173",".345","62","235","2","20","68",".270",".432",".363",".334",".333",".162",".332","72.3","88.9","8.9",30,33,8.2,42.9,"100.3500578","94.382263083",68.3,7.6,245,924,453,1779,87.2,74,576,47.4,843,42.2,751,27.1,51,42.7,37.7,19.6,403,47.9,23.8
"Walker, Jordan",691023,2025,23,363,396,78,58,13,1,6,126,29,31.8,7.3,".215",".306",".278","0.584","0.091",".310","41","111","3","10","40",".207",".363",".260",".278",".271",".155",".317","78.1","92.3","10.3",29,26,10.9,50,"104.361880756","96.653513613",66.9,5.6,175,804,371,1541,78.4,104,482,46.7,720,41.2,635,35.6,49.4,35.3,45,19.7,238,47.5,22.3
"Alvarez Jr., Nacho",805373,2025,22,188,208,44,30,12,0,2,49,12,23.6,5.8,".234",".330",".296","0.626","0.096",".304","15","62","0","0","18",".228",".308",".279",".270",".291",".080",".306","67.7","84.9","17.8",33.1,2,1.4,26.8,"95.360603857","91.727261",58.4,8.1,64,471,207,819,82,46,256,53.5,438,42.9,351,22.2,43,31,40.1,28.9,142,38,23.2
"Moreno, Gabriel",672515,2025,25,277,309,79,57,12,1,9,53,29,17.2,9.4,".285",".433",".353","0.786","0.148",".323","40","120","2","2","44",".279",".453",".340",".346",".349",".174",".345","70.9","90.4","14.4",39.8,16,7.1,43.4,"99.634329735","94.171203067",60.6,8.7,130,773,306,1314,87.4,52,414,51.9,683,43,566,18,44,32.7,35.8,31.4,226,39.4,26.1
"Chaparro, Andrés",665953,2025,26,66,73,12,9,2,0,1,22,5,30.1,6.8,".182",".258",".247","0.505","0.076",".250","5","17","0","0","4",".182",".315",".228",".254",".250",".133",".272","73.3","86","16.5",35.6,5,11.1,37.8,"99.91851","94.142261778",69.5,6.4,51,131,76,282,80.2,18,91,46.5,131,42.2,119,32.9,50.7,46.7,28.9,24.4,45,42.2,20
"Pages, Andy",681624,2025,24,581,624,158,103,27,1,27,135,29,21.6,4.6,".272",".461",".313","0.774","0.189",".308","86","268","7","14","74",".258",".428",".332",".316",".301",".170",".335","72.6","88.6","16.9",38.9,38,8.4,37.2,"99.313461778","93.746068218",70.5,8.5,205,1345,596,2365,87.1,115,890,53.4,1263,42.3,1000,21.5,53.1,40.7,34.1,25.2,452,35.4,32.5
"Schneemann, Daniel",682177,2025,28,379,422,78,47,18,1,12,117,38,27.7,9,".206",".354",".283","0.637","0.148",".263","41","134","3","9","48",".215",".387",".280",".297",".291",".173",".310","70.9","88.9","10.9",32.6,30,11.4,41.7,"99.967612231","94.233244324",64.7,7.6,352,852,368,1668,77.8,121,544,50.4,841,41.7,696,29.6,45.4,42.8,34.5,22.7,264,47,26.5
"Bouchard, Sean",656248,2025,29,66,73,11,9,0,1,1,27,7,37,9.6,".167",".242",".247","0.489","0.075",".263","7","16","1","1","7",".179",".232",".225",".227",".258",".053",".303","72.8","86.6","18.1",28.2,0,0,30.8,"96.339928","92.310214872",59.4,9.5,34,151,63,273,77.6,19,85,52.4,143,40.7,111,34.7,43.2,51.3,20.5,28.2,39,38.5,25.6
"Kemp, Otto",805249,2025,25,197,218,46,27,11,0,8,67,12,30.7,5.5,".234",".411",".298","0.709","0.177",".306","28","81","2","2","26",".231",".418",".308",".310",".296",".187",".345","72.7","89.9","11.5",38.6,16,12.1,44.7,"100.840276818","94.728175344",73.2,8.6,130,410,191,818,77,69,300,50.1,410,43,352,34.3,51.3,43.9,33.3,22.7,132,43.2,32.6
"Nootbaar, Lars",663457,2025,27,509,583,119,81,24,1,13,119,64,20.4,11,".234",".361",".325","0.686","0.127",".279","48","184","5","4","68",".231",".400",".304",".317",".323",".169",".301","73.4","91.3","16.5",33,40,10.2,50,"101.938818418","95.520290383",56,8,356,1291,551,2359,87,88,675,51.1,1206,43.5,1027,20.9,39.4,33.8,39.3,26.9,394,37.8,26.1
"Quero, Edgar",700337,2025,22,365,403,98,76,17,0,5,71,32,17.6,7.9,".268",".356",".333","0.689","0.088",".320","36","130","1","0","31",".236",".346",".307",".290",".304",".110",".293","67.5","90.4","6.8",35.1,11,3.7,46.3,"99.759928311","94.349440405",68.3,8.3,252,1009,278,1583,83.2,101,600,55.5,878,43.4,687,21,46.4,27.7,38.2,34.1,296,49.3,20.6
"Hummel, Cooper",669450,2025,30,88,105,15,12,0,0,3,31,14,29.5,13.3,".170",".273",".298","0.571","0.103",".222","7","24","0","1","10",".196",".383",".268",".313",".320",".187",".303","71.8","92","11.3",31,7,12.1,37.9,"100.34355","94.891784737",64.8,9.8,73,255,98,450,82.1,25,140,48,216,40.2,181,32.4,41.8,41.4,36.2,22.4,58,50,27.6
"Freeman, Freddie",518692,2025,35,556,627,164,99,39,2,24,128,60,20.4,9.6,".295",".502",".367","0.869","0.207",".342","90","279","2","6","81",".268",".467",".370",".350",".345",".200",".347","69.9","90.9","14.3",36.7,45,10.4,45.7,"100.776056343","94.869970093",76.1,7.1,366,1277,588,2382,78.6,191,892,49.2,1172,41.8,996,27.3,51.9,43.4,31.2,25.4,433,41.6,29.1
"Valdez, Enmanuel",665839,2025,26,91,102,19,11,4,2,2,16,11,15.7,10.8,".209",".363",".294","0.657","0.154",".233","12","33","0","0","7",".254",".411",".290",".327",".334",".158",".308","70.4","89.8","15.7",37.3,6,8,42.7,"100.139290263","94.238050933",57.9,9.7,53,214,100,393,86.4,17,125,55,216,41.7,164,21.5,43.8,46.7,36,17.3,75,34.7,25.3
"Vargas, Miguel",678246,2025,25,504,569,118,68,32,2,16,100,56,17.6,9.8,".234",".401",".316","0.717","0.167",".261","60","202","0","6","80",".237",".407",".314",".319",".320",".171",".294","70.6","89.7","22.6",36.6,38,9.3,40.5,"99.545761182","94.110815049",69.3,8.5,193,1425,507,2323,83.8,135,832,51.7,1201,44.6,1037,20.6,46.2,40.5,36.1,23.3,407,29,35.1
"Volpe, Anthony",683011,2025,24,539,596,114,59,32,4,19,150,43,25.2,7.2,".212",".391",".272","0.663","0.179",".252","72","211","8","18","65",".223",".405",".286",".301",".284",".182",".307","72.6","89.3","12.4",34.6,42,10.5,41.9,"100.214381212","94.48835443",65.7,8.1,273,1364,543,2397,78.3,180,831,52.8,1265,43.1,1033,25.1,45.9,32.8,40.6,26.6,399,41.6,29.8
"Pereira, Everson",677592,2025,24,65,73,9,6,1,0,2,28,7,38.4,9.6,".138",".246",".219","0.465","0.108",".194","8","16","0","2","7",".160",".304",".212",".242",".240",".143",".277","74.2","90.5","13.2",31.6,3,7.9,44.7,"100.842596842","94.782732368",73.1,4.9,39,148,79,307,66,36,106,47.2,145,43.3,133,45.8,46.9,52.6,31.6,15.8,38,42.1,31.6
"Nido, Tomás",621512,2025,31,35,37,12,12,0,0,0,10,0,27,0,".343",".343",".361","0.704","0.000",".480","2","12","0","0","4",".272",".339",".314",".278",".292",".068",".380","69","86.4","10.4",38.5,0,0,34.6,"97.705402308","93.0468092",81.4,4.2,9,74,21,119,83.3,8,48,49.6,59,48.7,58,25.7,58.8,46.2,26.9,26.9,26,46.2,15.4
"Stephenson, Tyler",663886,2025,28,299,342,69,38,18,0,13,116,37,33.9,10.8,".231",".421",".316","0.737","0.190",".322","50","126","1","0","40",".216",".413",".319",".313",".306",".197",".351","70.1","90.5","12.9",42.2,27,14.4,49.2,"100.887212903","94.951515484",62,6.4,125,785,323,1389,77.9,95,429,50,692,45.4,628,30.6,43.6,39.6,34.2,26.2,187,38,34.2
"Moore, Christian",695681,2025,22,162,184,32,19,5,1,7,62,19,33.7,10.3,".198",".370",".284","0.654","0.172",".266","16","60","0","3","20",".203",".345",".288",".282",".289",".142",".326","72.7","88.9","14.6",38.2,7,6.9,36.3,"100.7636714","94.563016162",69.4,7.6,45,482,175,779,72,78,279,51.6,402,43.5,339,36.9,47.4,26.5,39.2,34.3,102,41.2,32.4
"Gorski, Matt",685301,2025,27,41,42,8,5,0,1,2,16,1,38.1,2.4,".195",".390",".214","0.604","0.195",".261","4","16","1","0","2",".194",".379",".256",".253",".213",".185",".318","74.8","85.3","8.4",32,3,12,32,"97.866259231","93.1304548",56.8,8.8,33,69,61,181,64,18,50,48.6,88,39.8,72,38.9,49.7,36,40,24,25,44,28
"Palacios, Joshua",641943,2025,29,128,145,26,19,4,0,3,36,12,24.8,8.3,".203",".305",".292","0.597","0.102",".258","9","39","0","0","11",".222",".359",".271",".299",".309",".137",".310","72","88.3","11",29,8,8.6,39.8,"101.061781778","94.71795191",72.4,7.9,114,303,118,558,79.5,44,215,53.2,297,48.9,273,27.8,51.6,36.6,28,35.5,93,47.3,19.4
"Stewart, Sal",701398,2025,21,55,58,14,8,1,0,5,15,3,25.9,5.2,".255",".545",".293","0.838","0.290",".257","8","30","0","0","11",".289",".626",".355",".398",".326",".337",".400","72.1","95.4","17.9",35,7,17.5,52.5,"103.545688","97.170707692",72,7.4,10,108,60,217,81.8,14,77,49.3,107,44.2,96,23.9,52.1,52.5,27.5,20,40,35,40
"Williams, Carson",700246,2025,22,99,106,17,9,3,0,5,44,6,41.5,5.7,".172",".354",".219","0.573","0.182",".240","12","35","1","2","11",".169",".313",".248",".233",".217",".144",".305","73.6","85.9","8",30.4,5,8.9,35.7,"97.9481525","93.165114909",68.7,6.7,23,224,115,415,70.1,44,147,51.4,214,45.2,188,38.3,49.6,50,39.3,10.7,56,58.9,25
"Rosario, Amed",642708,2025,29,181,191,50,33,11,0,6,31,7,16.2,3.7,".276",".436",".309","0.745","0.160",".303","23","79","0","1","20",".288",".439",".321",".331",".323",".151",".349","73.2","91.2","9.9",35.1,9,6,45,"101.6359032","95.1587738",73.4,6.3,121,308,158,646,86.7,33,248,52.3,338,42.4,274,22.2,55.9,43,34.4,22.5,151,47.7,21.2
"Cowser, Colton",681297,2025,25,327,360,64,34,14,0,16,128,27,35.6,7.5,".196",".385",".269","0.654","0.189",".262","40","126","0","14","36",".200",".404",".285",".293",".274",".203",".330","73.6","90.9","13.8",32.7,28,14.1,46,"101.565652323","95.12341401",60.4,7.1,318,728,324,1486,76.4,107,454,50.7,752,43.4,644,34.6,42.4,40.2,33.2,26.6,199,45.2,33.2
"Devanney, Cam",687478,2025,28,36,38,5,4,1,0,0,21,2,55.3,5.3,".139",".167",".184","0.351","0.028",".333","1","6","1","0","1",".137",".241",".162",".188",".183",".104",".329","70.2","90.4","27.4",33.3,1,6.7,46.7,"99.4550525","94.456061333",74.7,6.2,20,101,34,162,60,26,65,53.7,87,42.6,69,45.2,51.9,53.3,20,26.7,15,20,46.7
"Turang, Brice",668930,2025,25,584,659,168,120,28,2,18,150,66,22.8,10,".288",".435",".359","0.794","0.147",".356","81","254","8","24","97",".262",".429",".346",".335",".338",".167",".350","70.6","91.1","8.6",35.1,35,7.9,47.4,"100.614785374","94.892922904",62.8,8.3,351,1557,665,2772,84.5,142,917,52.7,1460,43.1,1196,21,44.3,25.9,40.6,33.6,441,46.9,25.6
"Cronenworth, Jake",630105,2025,31,419,515,103,71,20,1,11,107,69,20.8,13.4,".246",".377",".367","0.744","0.131",".299","59","158","3","3","61",".225",".353",".333",".319",".352",".128",".299","70.9","88.5","14.9",31.9,20,6.2,39,"99.15448481","93.790989905",62.1,8,282,1341,440,2184,88.6,79,696,51.3,1121,43.6,953,18.8,42.7,35.6,37.8,26.6,323,43,30
"Basallo, Samuel",694212,2025,20,109,118,18,8,6,0,4,30,6,25.4,5.1,".165",".330",".229","0.559","0.165",".187","15","36","0","0","10",".216",".378",".246",".286",".275",".163",".297","75.5","89.1","13.8",20.3,7,8.9,43,"101.75076075","95.101636582",73.9,8.4,90,202,109,443,78.9,34,161,49.2,218,40,177,29.4,56,40.5,30.4,29.1,79,49.4,32.9
"Misner, Kameron",670224,2025,27,197,217,42,27,9,1,5,69,16,31.8,7.4,".213",".345",".273","0.618","0.132",".296","22","68","1","8","27",".191",".299",".272",".247",".253",".108",".290","73.2","87.6","15",27.5,7,5.3,29.8,"98.404901875","93.313993858",63.1,5.8,187,465,198,916,76,71,296,51.2,469,47.1,431,34.4,47.3,38.9,34.4,26.7,131,43.5,26.7
"Encarnacion, Jerar",666464,2025,27,55,56,11,6,3,0,2,15,1,26.8,1.8,".200",".364",".214","0.578","0.164",".237","7","20","0","1","5",".256",".428",".247",".297",".269",".173",".352","74.5","90.8","4",37.5,2,5,45,"101.726596","94.9849385",62.9,8.6,15,91,53,185,75.3,18,73,62.7,116,39.5,73,34,50.8,47.5,30,22.5,40,50,20
"Edwards, Xavier",669364,2025,25,561,619,159,131,20,5,3,88,49,14.2,7.9,".283",".353",".343","0.696","0.070",".330","43","198","7","27","75",".262",".332",".308",".295",".325",".069",".312","66.9","86.8","8.2",33.6,4,0.8,29.4,"96.768424561","92.424991053",69.1,8.4,394,1367,373,2250,91.8,67,816,52.5,1181,42.7,960,12.2,49,28.8,40.7,30.5,479,49.3,20.3
"Call, Alex",669743,2025,30,270,322,72,52,13,2,5,55,36,17.1,11.2,".267",".385",".361","0.746","0.118",".313","31","104","1","2","43",".243",".369",".331",".321",".344",".126",".304","66.1","88.2","12.4",32.4,10,4.4,28.9,"97.303531852","92.783138698",55.4,8.6,113,866,251,1314,85.3,59,402,55.1,725,43.7,574,19.2,38.5,30.7,33.8,35.6,225,45.3,25.8
"Perkins, Blake",663368,2025,28,155,171,35,24,6,2,3,47,15,27.5,8.8,".226",".348",".298","0.646","0.122",".305","19","54","2","7","25",".223",".326",".287",".279",".296",".103",".321","70","89.6","6.2",30.6,4,3.7,34.3,"98.425322941","93.623814314",57.1,6.2,99,406,171,708,77.9,47,213,52.7,373,44.2,313,28.4,38.8,34.3,45.4,20.4,108,51.9,22.2
"McCann, James",543510,2025,35,123,137,32,21,6,0,5,33,8,24.1,5.8,".260",".431",".324","0.755","0.171",".314","17","53","0","0","18",".239",".408",".328",".313",".306",".169",".325","71.7","92.3","8.3",30.4,7,7.6,52.2,"102.050401522","95.553805275",67.6,9.3,30,263,152,507,79.6,34,167,48.7,247,41.4,210,30.2,49.7,32.6,40.2,27.2,92,48.9,26.1
"Kjerstad, Heston",677008,2025,26,156,167,30,19,5,2,4,45,6,26.9,3.6,".192",".327",".240","0.567","0.135",".241","19","51","0","1","16",".231",".391",".248",".290",".276",".160",".322","69.4","88.8","12.7",40.2,9,8,41.1,"99.548861786","93.904868661",76.1,8,105,341,135,622,83,39,229,48.4,301,43.2,269,28.4,56.6,38.4,32.1,29.5,112,41.1,25
"Yastrzemski, Mike",573262,2025,34,477,558,111,65,28,1,17,108,72,19.4,12.9,".233",".403",".333","0.736","0.170",".263","46","192","2","7","68",".237",".419",".321",".329",".338",".182",".304","71.2","90.8","20.4",35.6,32,8.5,42.6,"99.919347541","94.459655315",61.2,7.5,303,1392,478,2305,85.9,101,714,50.6,1167,42.8,987,19,41.8,39.6,34.3,26.1,376,32.7,33.5
"Malloy, Justyn-Henry",669234,2025,25,104,127,23,16,6,0,1,32,20,25.2,15.7,".221",".308",".346","0.654","0.087",".301","17","32","0","0","15",".201",".316",".301",".295",".330",".116",".282","70.5","86.9","20.5",33.8,3,4.1,31.1,"96.563518919","92.313797703",62.5,7.8,74,286,147,550,77.8,37,167,48.5,267,42,231,29.1,40.5,39.2,33.8,27,74,32.4,31.1
"Urshela, Gio",570482,2025,33,181,197,43,28,14,1,0,40,13,20.3,6.6,".238",".326",".287","0.613","0.088",".303","20","59","1","0","10",".251",".349",".271",".286",".300",".098",".321","68.6","86.9","10.6",41.7,3,2.1,34,"97.570132254","92.832189085",73,5.9,72,411,164,717,77.8,56,252,48.1,345,40.4,290,30.1,55.6,33.3,43.8,22.9,144,47.9,18.1
"Melton, Jacob",689200,2025,24,70,78,11,10,0,1,0,29,6,37.2,7.7,".157",".186",".234","0.420","0.029",".268","7","13","2","7","7",".177",".275",".198",".240",".252",".098",".302","72.7","88.1","-5.7",19.5,2,4.9,43.9,"101.09519619","94.913117561",61.8,7.8,83,171,59,334,71,31,107,51.8,173,41,137,35.5,45.5,39,39,22,41,80.5,7.3
"Bruján, Vidal",660644,2025,27,87,95,22,17,5,0,0,21,6,22.1,6.3,".253",".310",".305","0.615","0.057",".328","8","27","1","2","14",".224",".320",".275",".266",".279",".096",".291","68.5","88.2","7.5",35.8,0,0,37.3,"97.437229697","92.921739545",76.1,9.3,35,218,60,345,85.7,20,140,53.3,184,43.2,149,23.4,53.3,34.3,40.3,25.4,67,46.3,20.9
"Smith, Cam",701358,2025,22,441,493,104,71,21,3,9,137,43,27.8,8.7,".236",".358",".312","0.670","0.122",".320","51","158","1","8","55",".235",".376",".298",".304",".312",".141",".339","74.5","87.9","8.9",34.6,21,6.9,40.8,"100.519229085","94.330406111",66.1,7.4,222,1060,537,2024,81.6,127,691,51.7,1046,44.6,902,28.7,48.4,35.6,34.3,30.1,306,45.1,22.9
"Turner, Justin",457759,2025,40,169,191,37,27,7,0,3,37,17,19.4,8.9,".219",".314",".288","0.602","0.095",".256","18","53","0","2","14",".237",".360",".268",".297",".308",".124",".300","66.3","88.3","17.9",38.2,5,3.7,30.9,"97.129182059","92.660234118",66.3,9,78,527,148,801,88.7,31,274,51.6,413,44.2,354,17.3,47.6,31.6,41.9,26.5,136,39,28.7
"Happ, Ian",664023,2025,30,569,663,138,83,32,0,23,151,87,22.8,13.1,".243",".420",".342","0.762","0.177",".287","79","239","3","6","87",".256",".457",".333",".354",".356",".200",".348","71.7","90","16.1",35.7,44,10.4,44.4,"101.384139763","95.030374418",63.5,8.9,523,1523,535,2717,82.5,160,916,53.1,1443,44.6,1213,24.6,43.5,40.9,33.8,25.3,423,36.6,29.1
"Sogard, Nick",686765,2025,27,96,104,25,17,8,0,0,24,5,23.1,4.8,".260",".344",".317","0.661","0.084",".347","9","33","1","2","13",".251",".375",".295",".302",".308",".124",".334","67.9","86","11.6",36.1,4,5.6,34.7,"97.3260325","92.700836944",59.6,8.8,83,199,94,400,85.1,18,121,50.7,203,42.8,171,20,42.5,44.4,34.7,20.8,72,43.1,29.2
"Del Castillo, Adrian",680728,2025,25,120,131,29,19,6,0,4,47,8,35.9,6.1,".242",".392",".290","0.682","0.150",".352","17","47","0","0","9",".206",".350",".295",".269",".260",".145",".335","72.4","89.9","19",38.7,5,6.7,49.3,"100.452753158","94.823214533",62.1,8.4,82,296,124,535,74,44,169,50.8,272,43.6,233,33.7,46.5,42.7,33.3,24,75,32,37.3
"Grichuk, Randal",545341,2025,33,272,293,62,34,18,1,9,61,17,20.8,5.8,".228",".401",".273","0.674","0.173",".259","27","109","1","0","35",".259",".457",".289",".326",".305",".197",".334","73.9","92.4","17.6",33.6,25,11.7,49.5,"103.732042243","96.384131636",65.3,8.3,139,526,327,1077,90.3,35,361,51.4,553,43.2,465,19.8,48.7,44.4,33.2,22.4,214,38.3,27.1
"Sheets, Gavin",657757,2025,29,492,545,124,76,28,1,19,107,44,19.6,8.1,".252",".429",".317","0.746","0.177",".284","71","211","1","2","57",".263",".453",".323",".340",".331",".190",".337","74.8","89.9","14",38.8,37,9.5,46.5,"101.199157732","94.955729845",59.6,7,404,1080,641,2279,85.2,95,642,47.3,1078,44.4,1012,23,44.7,42.2,33.9,23.9,389,37.3,24.4
"Cortes, Carlos",666126,2025,28,94,99,29,16,8,1,4,20,3,20.2,3,".309",".543",".323","0.866","0.234",".347","14","51","0","0","11",".270",".446",".363",".316",".293",".177",".343","71.1","89.8","16.3",36.8,7,9.2,44.7,"100.428924737","94.537320921",68.3,9.6,74,208,70,375,80.7,27,140,54.7,205,43.2,162,21.4,51.2,31.6,48.7,19.7,76,39.5,26.3
"Triolo, Jared",669707,2025,27,331,376,75,48,18,2,7,76,39,20.2,10.4,".227",".356",".311","0.667","0.129",".273","24","118","2","13","41",".239",".383",".296",".310",".322",".144",".309","71.6","89","14.7",34.4,16,6.2,38.2,"99.337682857","93.864443413",68.7,8.3,144,834,367,1454,85.3,76,516,51.7,751,43.3,629,24,47.2,37.5,34.4,28.2,259,40.9,27.4
"Vargas, Ildemaro",545121,2025,33,115,121,31,25,2,1,3,15,2,12.4,1.7,".270",".383",".292","0.675","0.113",".286","19","44","0","0","12",".262",".376",".292",".287",".284",".114",".298","70.5","89.2","3.3",26.5,4,3.9,37.3,"99.5403382","94.1288186",62.8,9.1,71,220,106,429,87.1,18,140,52,223,37.3,160,19.4,50.6,41.2,44.1,14.7,102,58.8,23.5
"Baty, Brett",683146,2025,25,393,432,100,67,13,2,18,108,33,25,7.6,".254",".435",".313","0.748","0.181",".304","50","171","0","8","53",".252",".457",".324",".334",".313",".205",".348","74.8","90.7","5.8",32.6,37,12.8,46.9,"102.670454406","95.715246084",66.6,8.4,280,928,417,1753,79.8,123,610,52.2,916,44.6,782,27.3,46.7,35.4,42.7,21.9,288,51,21.2
"Kelly, Carson",608348,2025,30,369,421,92,61,13,1,17,80,45,19,10.7,".249",".428",".333","0.761","0.179",".272","50","158","0","2","48",".236",".411",".332",".321",".322",".175",".299","70.4","88.8","16.4",34.8,28,9.6,40.3,"99.757056939","94.178120819",67.4,8.8,158,943,396,1667,85.9,80,567,50.4,841,42.1,703,20.6,44.9,43,30.7,26.3,293,38.2,29.7
"Bell, Josh",605137,2025,32,468,533,111,72,16,1,22,88,57,16.5,10.7,".237",".417",".325","0.742","0.180",".247","63","195","3","0","54",".256",".485",".324",".359",".345",".229",".318","73.1","90.4","10.4",33.4,46,12,47,"102.549856474","95.682677968",68.9,7.1,472,1087,435,2102,83.8,112,693,47.9,1006,43.7,919,23.6,47,41.5,31.9,26.6,383,46,27.9
"Jeffers, Ryan",680777,2025,28,406,464,108,73,26,0,9,91,50,19.6,10.8,".266",".397",".356","0.753","0.131",".322","47","161","1","1","47",".243",".400",".333",".325",".336",".157",".313","72.3","89.3","15",33.5,20,6.3,42.1,"100.809316139","94.578274032",54,7.1,200,1086,426,1879,85.7,71,497,49,921,40.9,768,21.1,38.9,34.8,38.3,26.9,316,38.3,25.3
"Guzman, Denzer",694203,2025,21,42,43,8,5,1,0,2,22,1,51.2,2.3,".190",".357",".209","0.566","0.167",".333","3","15","0","0","4",".167",".307",".243",".212",".186",".140",".350","72.1","86.5","25.8",25,3,15,45,"100.068671","94.0362085",75.7,6.8,11,103,38,176,62.8,29,78,58.5,103,44.9,79,42.4,52.3,35,50,15,20,35,30
"Giménez, Andrés",665926,2025,26,329,369,69,50,11,1,7,66,25,17.9,6.8,".210",".313",".285","0.598","0.103",".239","35","103","2","12","39",".252",".361",".269",".308",".325",".109",".314","69.3","86.3","11",32.6,8,3,27.7,"96.602269237","92.349003755",67.2,8.5,235,842,295,1452,81.6,95,516,52.9,768,43.3,629,23.8,51.9,36,39.3,24.7,267,43.4,24.7
"Urías, Luis",649966,2025,28,287,330,66,51,7,0,8,45,31,13.6,9.4,".230",".338",".315","0.653","0.108",".245","25","97","1","2","27",".234",".346",".293",".300",".321",".113",".277","69.4","86.2","14.5",30.6,9,3.7,30.2,"96.770464065","92.415126898",59.4,8.8,137,788,281,1302,91.2,36,410,53,690,41.6,542,13.3,42.2,40,38.4,21.6,245,44.1,23.7
"Grisham, Trent",663757,2025,28,494,581,116,72,9,1,34,137,82,23.6,14.1,".235",".464",".348","0.812","0.229",".253","74","229","2","3","87",".248",".498",".353",".370",".359",".250",".343","71","91.1","16.4",34.6,51,14.2,46.4,"101.23838764","95.167728169",58.1,8.1,364,1341,549,2393,83.4,122,735,52.9,1265,45.6,1091,22.7,38.9,47.8,35.5,16.8,358,37.2,33.5
"Buxton, Byron",621439,2025,31,488,542,129,66,21,7,35,148,41,27.3,7.6,".264",".551",".327","0.878","0.287",".302","83","269","0","24","97",".249",".514",".367",".350",".315",".266",".355","75","92.5","17.7",32.9,61,17.6,53.8,"103.649870983","96.632317826",74.1,7.7,299,1156,417,2028,79.6,153,751,49.9,1013,41.9,850,31.3,51.8,48.8,33.2,17.9,346,36.7,34.7
"Hernaiz, Darell",687231,2025,23,173,197,40,32,5,1,2,24,17,12.2,8.6,".231",".306",".292","0.598","0.075",".250","16","53","4","3","17",".255",".351",".266",".305",".321",".095",".296","68.2","85","6.3",31.4,5,3.2,30.1,"96.82003961","92.458948824",70,9.8,84,391,197,712,85.8,36,254,51,363,45.2,322,19.3,50.8,34,44.2,21.8,156,49.4,19.9
"Bart, Joey",663698,2025,28,285,332,71,54,12,1,4,93,40,28,12,".249",".340",".355","0.695","0.091",".356","30","97","1","1","21",".222",".380",".317",".318",".332",".159",".329","74.3","88.4","9",35.9,20,10.4,43.2,"101.710723021","95.09948901",59.5,7.4,115,760,355,1345,84.1,60,377,47.1,634,42.1,566,28,40.3,37.5,43.8,18.8,192,52.1,20.8