"last_name, first_name","player_id","year","p_game","p_formatted_ip","hit","home_run","strikeout","walk","k_percent","bb_percent","batting_avg","slg_percent","on_base_percent","on_base_plus_slg","isolated_power","p_earned_run","p_save","p_blown_save","p_win","p_loss","p_era","p_hold","p_starting_p","xba","xslg","woba","xwoba","xobp","xiso","xwobacon","xbacon","exit_velocity_avg","launch_angle_avg","barrel_batted_rate","z_swing_percent","z_swing_miss_percent","oz_swing_percent","oz_swing_miss_percent","oz_contact_percent","out_zone_swing_miss","out_zone_swing","out_zone_percent","out_zone","meatball_swing_percent","meatball_percent","pitch_count_offspeed","pitch_count_fastball","pitch_count_breaking","pitch_count","iz_contact_percent","in_zone_swing_miss","in_zone_swing","in_zone_percent","in_zone","edge_percent","edge","whiff_percent","swing_percent","groundballs_percent","flyballs_percent","linedrives_percent","popups_percent"
"Ober, Bailey",641927,2025,"27","146.1",159,30,120,31,19.2,5,".275",".494",".314","0.808","0.219","83","0","0","6","9","5.10","0","27",".249",".462",".344",".323",".291",".214",".377",".311","89.6","22.5",10.9,68.6,16.6,33.8,40.4,59.6,156,386,48.5,1142,76.3,7.9,681,921,501,2356,83.4,138,833,51.5,1214,44.7,1054,24.1,51.7,30.6,34,23.1,12.4
"Kolek, Stephen",663568,2025,"19","112.2",98,9,77,31,16.7,6.7,".235",".341",".296","0.637","0.106","44","0","0","5","7","3.51","0","19",".261",".407",".280",".321",".323",".146",".353",".321","91.1","7.4",6.1,65.9,10.4,26.2,37.6,62.4,80,213,48.1,812,70.7,8.7,196,1096,282,1689,89.6,60,578,51.9,877,44.6,753,17.7,46.8,51.7,22.3,22.5,3.5
"Lynch IV, Daniel",663738,2025,"57","67.2",66,8,45,26,15.6,9,".260",".402",".341","0.743","0.142","23","1","0","6","2","3.06","7","2",".253",".414",".327",".329",".336",".162",".345",".306","88.6","10.4",8,59.4,14.8,25.8,40.1,59.9,55,137,48.9,532,70,7.4,209,454,425,1088,85.2,49,330,51.1,556,43,468,22.3,42.9,49.1,25,18.4,7.5
"Mey, Luis",682825,2025,"23","21.0",17,3,21,17,21.9,17.7,".221",".364",".365","0.729","0.143","8","0","1","2","0","3.43","4","0",".237",".365",".330",".349",".384",".128",".369",".330","89","10.3",8.8,61.5,16.9,22.1,44.9,55.1,22,49,53.6,222,78.1,7.7,0,310,104,420,83.1,20,118,46.4,192,42.5,176,25.6,40,50.9,21.1,21.1,7
"Littell, Zack",641793,2025,"32","186.2",174,36,130,32,17.1,4.2,".244",".445",".282","0.727","0.201","79","0","0","10","8","3.81","0","32",".255",".459",".311",".323",".294",".204",".370",".313","90.2","14.6",9.9,69.6,14,30.8,37.5,62.5,148,395,45.9,1281,80.1,7.9,762,1108,768,2788,85.9,147,1049,54.1,1507,46.2,1288,20.4,51.8,40.7,27.8,23.3,8.2
"Pivetta, Nick",601713,2025,"31","181.2",129,22,190,50,26.4,6.9,".195",".330",".253","0.583","0.135","58","0","0","13","5","2.87","0","31",".229",".424",".256",".310",".287",".196",".392",".322","90.3","19.1",10.9,65,19.1,28.2,38.8,61.2,147,379,47.1,1342,72.5,8,6,1678,639,2851,80.9,187,981,52.9,1509,43.5,1239,24.6,47.7,34.1,33.3,23.4,9.2
"Barlow, Scott",605130,2025,"75","68.1",50,8,75,45,24.8,14.9,".200",".336",".333","0.669","0.136","32","1","1","6","3","4.21","16","1",".227",".365",".301",".323",".357",".138",".359",".323","86.2","17",7.3,57.1,19.9,27.3,50.8,49.2,94,185,53.1,677,61,7.8,1,458,451,1274,80.1,68,341,46.9,597,42.1,536,30.8,41.3,44.1,25.4,20.3,10.2
"Shuster, Jared",694363,2025,"12","15.2",27,0,12,5,14.6,6.1,".365",".473",".415","0.888","0.108","14","0","0","0","0","8.04","0","2",".285",".404",".379",".320",".343",".119",".350",".335","84.8","10.2",4.8,74.7,17.4,31.3,40.5,59.5,17,42,47.9,134,81,7.5,103,102,73,280,82.6,19,109,52.1,146,43.2,121,23.8,53.9,44.4,19,33.3,3.2
"Glasnow, Tyler",607192,2025,"18","90.1",56,10,106,43,29,11.7,".177",".310",".279","0.589","0.133","32","0","0","4","3","3.19","0","18",".203",".324",".266",".285",".303",".121",".339",".304","88.2","11.1",7.9,61.3,16.2,22.1,63.5,36.5,101,159,48.5,719,79.7,8,0,829,651,1480,83.8,76,468,51.5,763,39.7,589,28.2,42.4,44.4,28.5,22,5.1
"Dubin, Shawn",681869,2025,"30","33.2",37,6,28,11,19.3,7.6,".280",".462",".345","0.807","0.182","19","0","1","2","0","5.08","8","0",".236",".377",".351",".302",".305",".140",".333",".300","87.8","10.7",4.8,63,12.1,26.2,41.7,58.3,30,72,49.9,275,82.1,5.1,80,295,80,551,87.9,21,174,50.1,276,42.5,234,20.7,44.6,49,20.2,22.1,8.7
"Ray, Robbie",592662,2025,"32","182.1",148,22,186,73,24.6,9.7,".221",".383",".298","0.681","0.162","74","0","0","11","8","3.65","0","32",".219",".385",".299",".300",".299",".166",".353",".302","91","17.7",9.6,71,19.4,27.7,49.3,50.7,211,428,50.3,1543,80.4,7.5,399,1595,1063,3069,80.6,210,1084,49.7,1526,44,1350,27.8,49.3,36.6,33.1,23.4,6.9
"Mikolas, Miles",571945,2025,"31","156.1",169,29,100,37,14.9,5.5,".272",".492",".313","0.805","0.220","84","0","0","8","11","4.84","0","31",".271",".513",".342",".351",".314",".241",".393",".322","89.3","13.8",12.7,65.8,13,25.5,27.6,72.4,77,279,44.1,1096,74.8,9.3,285,1109,1009,2483,87,119,912,55.9,1387,42.5,1056,16.5,48,40.8,30.8,21.9,6.4
"García, Yimi",554340,2025,"22","21.0",13,2,25,12,27.8,13.3,".171",".263",".292","0.555","0.092","9","3","4","1","2","3.86","6","0",".242",".417",".255",".336",".353",".175",".416",".360","91.1","13.8",9.6,64.2,25.8,23.5,46.2,53.8,18,39,46.2,166,77.8,7.5,20,213,64,359,74.2,32,124,53.8,193,38.4,138,30.7,45.4,44.2,23.1,26.9,5.8
"Houck, Tanner",656557,2025,"9","43.2",57,10,32,17,15.8,8.4,".318",".531",".389","0.920","0.213","39","0","0","0","3","8.04","0","9",".293",".492",".395",".376",".371",".199",".409",".357","91","6.8",8.1,61.8,11.5,29,40.9,59.1,47,115,52.9,396,59.6,6.9,142,342,0,749,88.5,25,218,47.1,353,41.1,308,21.6,44.5,49,21.5,26.2,3.4
"Schlittler, Cam",693645,2025,"14","73.0",58,8,84,31,27.6,10.2,".217",".337",".309","0.646","0.120","24","0","0","4","3","2.96","0","14",".230",".384",".291",".315",".322",".154",".384",".337","89","14.5",8.2,69.3,19.9,28.2,43.6,56.4,72,165,46.7,585,78.4,8.9,0,1037,187,1253,80.1,92,463,53.3,668,43.3,543,26.1,50.1,36.4,26.6,30.4,6.5
"Soriano, George",666277,2025,"24","36.2",46,10,36,19,20.8,11,".307",".567",".390","0.957","0.260","34","1","0","2","0","8.35","0","0",".309",".540",".405",".403",".394",".232",".478",".407","88.7","9.1",14.8,64.1,16.4,28.7,48,52,47,98,49.3,341,68.9,8.8,213,257,222,692,83.6,37,225,50.7,351,42.6,295,26,46.7,44.3,23.5,29.6,2.6
"Mize, Casey",663554,2025,"28","149.0",153,21,139,36,22.2,5.7,".263",".437",".307","0.744","0.174","64","0","0","14","6","3.87","0","28",".236",".413",".319",".298",".282",".177",".357",".307","90","14",9.1,68.9,19.1,28.5,37.2,62.8,119,320,47.7,1123,68.8,8,569,1087,384,2353,80.9,162,847,52.3,1230,43.3,1020,24.1,49.6,40.3,29.2,23.8,6.7
"Fisher, Braydon",680755,2025,"52","50.0",32,4,62,19,30.7,9.4,".181",".282",".269","0.551","0.101","15","0","1","7","0","2.70","5","1",".206",".351",".248",".285",".293",".144",".362",".314","88.1","16.5",7.6,58.4,18.4,29.4,52,48,65,125,51,425,66.2,7.8,0,209,624,834,81.6,44,239,49,409,43.3,361,29.9,43.6,36.4,33.1,19.5,11
"Vasil, Mike",678024,2025,"47","101.0",74,8,82,52,19.4,12.3,".204",".312",".318","0.630","0.108","28","4","2","5","3","2.50","3","3",".227",".368",".284",".312",".337",".141",".329",".294","89.3","8.4",7.1,62.4,15.7,23,46.1,54.5,88,191,50.5,831,74.1,6.6,200,978,203,1646,84.3,80,509,49.5,816,41.9,690,24,42.5,50.7,23.2,20.7,5.4
"Zerpa, Angel",672582,2025,"69","64.2",67,7,58,22,21.1,8,".271",".425",".333","0.758","0.154","30","0","4","5","2","4.18","14","2",".246",".400",".330",".311",".311",".154",".358",".319","89.5","0",8.3,57.1,8.5,26.7,36.8,63.2,49,133,45.3,498,65.6,8.7,40,708,351,1099,91.5,29,343,54.7,601,45.4,499,16.4,43.3,63.7,16.1,18.1,2.1
"Baz, Shane",669358,2025,"31","166.1",158,26,176,64,24.8,9,".250",".433",".325","0.758","0.183","90","0","0","10","12","4.87","0","31",".230",".386",".330",".306",".308",".157",".361",".316","89","10.7",9.5,67.2,17.1,29.3,47.9,52.1,182,380,47.7,1297,72,9,311,1594,813,2718,82.9,163,956,52.3,1423,43.8,1191,25.8,49.2,47,22.7,21.6,8.7
"Gallen, Zac",668678,2025,"33","192.0",176,31,175,66,21.5,8.1,".239",".426",".303","0.729","0.187","103","0","0","13","15","4.83","0","33",".242",".434",".315",".320",".307",".192",".374",".316","90.1","12.4",9.7,63.3,11.4,28.6,47.6,52.4,227,477,53.1,1665,69.9,6.3,501,1670,963,3135,88.6,106,930,46.9,1470,44.6,1398,23.7,44.9,44.4,30.3,22,3.3
"Brebbia, John",605154,2025,"22","23.1",28,5,26,12,22.6,10.4,".289",".515",".386","0.901","0.226","20","0","0","1","1","7.71","2","0",".230",".411",".388",".330",".337",".181",".368",".312","90.1","21.5",9.7,66.1,16.3,24.5,31.4,68.6,16,51,45.3,208,78.4,8.1,31,225,203,459,83.7,27,166,54.7,251,41.2,189,19.8,47.3,31.9,30.6,23.6,13.9
"Lugo, Seth",607625,2025,"26","145.1",133,27,125,55,20.5,9,".244",".438",".319","0.757","0.194","67","0","0","8","7","4.15","0","26",".256",".480",".329",".349",".331",".224",".403",".332","90.7","14.2",11.1,63,13.4,23.8,40.6,59.4,112,276,48.8,1161,72.7,8.3,241,1186,565,2380,86.6,103,768,51.2,1219,42.9,1021,20.6,43.9,39.3,27.5,26.6,6.6
"Spence, Mitch",687765,2025,"32","84.2",96,16,66,26,17.6,6.9,".281",".480",".337","0.817","0.199","48","1","0","3","6","5.10","4","8",".284",".508",".350",".363",".342",".224",".416",".352","90.2","12.5",11.9,70.9,14.2,31.4,50.9,49.1,110,216,50.8,688,80.8,7.7,14,739,600,1354,85.8,67,472,49.2,666,41.1,557,25.7,50.8,43.9,25.2,25.9,5
"Rutledge, Jackson",671131,2025,"63","73.1",87,16,65,25,19.6,7.6,".297",".515",".361","0.876","0.218","47","0","0","4","2","5.77","3","0",".255",".448",".374",".335",".325",".193",".379",".323","91","16.7",9.8,66.6,17,27.7,45.4,54.6,84,185,49.8,667,82.4,6.3,126,867,346,1339,83,76,448,50.2,673,41.9,561,25.3,47.3,41.5,28.2,20.1,10.3
"Latz, Jacob",656641,2025,"33","85.2",69,7,76,37,21.8,10.6,".223",".355",".305","0.660","0.132","27","1","0","2","0","2.84","2","8",".246",".395",".290",".315",".326",".149",".361",".325","90","17.6",6.4,68.8,19.7,28.8,53.6,46.4,105,196,49,680,71.7,7.6,324,685,379,1388,80.3,96,487,51,708,45.2,627,29.4,49.2,37.9,26.4,25.1,10.6
"King, John",667463,2025,"51","48.1",65,8,28,14,12.6,6.3,".316",".466",".357","0.823","0.150","25","0","1","2","1","4.66","3","0",".290",".441",".357",".337",".335",".151",".363",".335","89.7","-0.4",5,70.3,12,29.9,38.5,61.5,45,117,50,391,81.4,7.5,152,474,156,782,88,33,275,50,391,43.4,339,19.9,50.1,60,18.3,20.6,1.1
"Hjelle, Sean",663546,2025,"12","15.0",21,2,11,9,15.1,12.3,".339",".532",".417","0.949","0.193","13","0","0","1","1","7.80","0","1",".294",".454",".399",".353",".380",".160",".383",".353","90.6","9.9",7.5,60.3,9.2,24.2,58.1,41.9,18,31,50.4,128,77.3,8.7,0,163,91,254,90.8,7,76,49.6,126,44.1,112,23.4,42.1,43.4,18.9,30.2,7.5
"Thornton, Trent",663423,2025,"33","42.1",41,6,32,14,17.8,7.8,".258",".403",".330","0.733","0.145","22","0","1","2","0","4.68","5","0",".266",".440",".317",".339",".339",".175",".378",".331","89.4","13.6",6.9,66.7,12.5,28.7,43.5,56.5,37,85,45.1,296,68.6,7.8,24,380,129,656,87.5,30,240,54.9,360,41.5,272,20.6,49.5,43.8,24.6,23.1,8.5
"Romano, Jordan",605447,2025,"49","42.2",45,10,47,17,25.1,9.1,".276",".515",".348","0.863","0.239","39","8","3","2","4","8.23","7","0",".223",".418",".365",".314",".304",".195",".376",".307","88.9","18.3",10,65.7,19.1,24.1,59.7,40.3,46,77,45.5,319,82.5,8.1,0,258,443,701,80.9,48,251,54.5,382,42.4,297,28.7,46.8,38.3,31.7,18.3,11.7
"Pérez, Martín",527048,2025,"11","56.0",40,6,44,22,19.3,9.6,".198",".347",".281","0.628","0.149","22","0","0","1","6","3.54","0","10",".249",".492",".278",".354",".329",".243",".400",".318","88.2","15.1",15,60,16.7,24.9,31,69,35,113,50.3,454,82,5.5,260,567,75,902,83.3,45,269,49.7,448,45,406,20.9,42.4,38.8,31.9,19.4,10
"Gage, Matt",657424,2025,"33","31.0",35,0,27,12,19.7,8.8,".287",".344",".360","0.704","0.057","11","0","1","0","1","3.19","2","2",".230",".291",".315",".272",".309",".061",".291",".295","88.3","11.1",3.1,68.6,16,27.5,39.5,60.5,30,76,52,276,77.8,6.8,47,196,268,531,84,28,175,48,255,42,223,23.1,47.3,52.1,17.7,21.9,8.3
"Pomeranz, Drew",519141,2025,"57","49.2",38,5,57,15,28.1,7.4,".210",".304",".287","0.591","0.094","12","1","2","2","2","2.17","14","4",".215",".365",".265",".291",".293",".150",".362",".314","90.1","16.9",8.7,68.3,15,27.7,53,47,53,100,45.1,361,73.9,8.6,0,614,186,800,85,45,300,54.9,439,42.8,342,24.5,50,39.7,26.2,23.8,10.3
"Rocker, Kumar",677958,2025,"14","64.1",71,11,56,23,19.5,8,".277",".477",".343","0.820","0.200","41","0","0","4","5","5.74","0","14",".279",".492",".352",".364",".348",".213",".421",".357","91.2","8.3",11.8,70.3,15.3,28.8,49.1,50.9,78,159,49,552,73.7,8.4,69,807,251,1127,84.7,62,404,51,575,43.5,490,24.9,50,49,23,24,3.9
"Sterner, Justin",686993,2025,"59","65.0",47,10,70,21,26.3,7.9,".201",".350",".283","0.633","0.149","23","0","6","4","3","3.18","16","1",".203",".366",".278",".285",".286",".163",".340",".287","89.8","22",9.6,70.8,20.6,31.9,50.3,49.7,94,187,53.6,586,77.6,7,0,924,0,1093,79.4,74,359,46.4,507,41.3,451,30.8,50,29.9,34.1,24,12
"Stroman, Marcus",573186,2025,"9","39.0",44,6,26,16,14.9,9.1,".282",".468",".354","0.822","0.186","27","0","0","3","2","6.23","0","9",".275",".498",".356",".368",".351",".222",".396",".332","90.8","12",10.7,69.2,14.4,26.7,30.9,69.1,30,97,51.6,363,87.2,6.7,75,412,81,704,85.6,34,236,48.4,341,42.3,298,19.2,47.3,48.1,28.2,18.3,5.3
"Nicolas, Kyle",693312,2025,"31","38.0",34,3,34,18,20.4,10.8,".233",".356",".323","0.679","0.123","20","0","1","1","2","4.74","3","0",".235",".381",".303",".316",".328",".146",".344",".307","90","14.3",7.1,68.8,16.8,28.2,57.3,42.7,55,96,52.3,341,84.1,6.7,1,332,319,652,83.2,36,214,47.7,311,41.6,271,29.4,47.5,41.6,26.5,23.9,8
"Rashi, Taylor",688497,2025,"10","16.1",16,0,22,8,30.6,11.1,".250",".313",".333","0.646","0.063","8","2","1","0","1","4.41","0","0",".237",".349",".293",".301",".321",".113",".385",".360","89.3","12.1",4.8,56.2,19.8,22.3,51.4,48.6,19,37,52,166,52.2,7.2,78,178,63,319,80.2,17,86,48,153,41.7,133,29.3,38.6,40.5,16.7,33.3,9.5
"Long, Sam",669674,2025,"39","40.1",48,7,33,22,17.5,11.6,".291",".467",".381","0.848","0.176","24","0","0","2","3","5.36","1","0",".263",".424",".369",".342",".356",".161",".366",".328","88.1","14.3",8.3,66.7,12.3,24.5,38.3,61.7,36,94,48.9,384,72.5,8.8,73,362,348,786,87.7,33,268,51.1,402,41.3,325,19.1,46.1,41.7,28,23.5,6.8
"Bowman, Matt",621199,2025,"20","24.2",31,4,18,6,15.8,5.3,".292",".500",".342","0.842","0.208","17","0","0","0","1","6.20","0","0",".277",".481",".362",".348",".328",".204",".388",".334","88.4","12.7",9.1,63.9,10.2,27.6,35,65,21,60,48.5,217,68.4,8.5,38,322,0,447,89.8,15,147,51.5,230,40.3,180,17.4,46.3,35.2,27.3,28.4,9.1
"Young, Brandon",687064,2025,"12","57.2",67,12,47,22,18.4,8.6,".291",".522",".350","0.872","0.231","40","0","0","1","7","6.24","0","12",".242",".439",".372",".320",".306",".198",".358",".301","89.4","13.3",10.2,69,16.8,27.8,33.3,66.7,44,132,50.5,475,75.7,7.4,210,497,232,940,83.2,54,321,49.5,465,48.1,452,21.6,48.2,44.9,28.9,20.3,5.9
"Wells, Tyler",669330,2025,"4","21.2",17,4,18,2,22,2.4,".212",".425",".232","0.657","0.213","7","0","0","2","1","2.91","0","4",".231",".450",".279",".296",".250",".219",".371",".299","90.8","24.4",14.5,72.4,18.7,35.3,35.8,64.2,19,53,43.9,150,78.4,10.8,79,171,92,342,81.3,26,139,56.1,192,41.2,141,23.4,56.1,33.9,38.7,12.9,14.5
"Garcia, Rico",670329,2025,"29","34.1",31,5,38,10,26.8,7,".237",".389",".289","0.678","0.152","12","0","0","0","2","3.15","10","1",".224",".352",".292",".280",".281",".127",".354",".318","86.9","13",7.4,70,28.1,27.1,38.9,61.1,28,72,45.4,266,78.8,8.9,129,231,226,586,71.9,63,224,54.6,320,44,258,30.7,50.5,47.9,24.5,19.1,8.5
"Robertson, David",502085,2025,"20","17.2",18,4,22,8,28.2,10.3,".257",".486",".333","0.819","0.229","8","2","1","2","0","4.08","10","0",".236",".457",".348",".329",".315",".221",".429",".347","88.4","9.3",10.4,58.2,15.9,27,38.6,61.4,17,44,53.6,163,81.5,8.9,3,167,134,304,84.1,13,82,46.4,141,41.8,127,23.8,41.4,43.8,25,27.1,4.2
"DeSclafani, Anthony",543101,2025,"13","38.2",37,11,36,12,21.3,7.1,".250",".527",".321","0.848","0.277","22","2","0","1","2","5.12","1","4",".232",".425",".354",".316",".308",".193",".365",".303","89.9","15",8.6,64,15.1,30.3,48,52,47,98,50.9,323,80.4,7.3,129,227,273,634,84.9,30,199,49.1,311,39,247,25.9,46.8,43.1,29.3,20.7,6.9
"Beeter, Clayton",690925,2025,"26","25.1",13,3,33,18,31.7,17.3,".155",".274",".301","0.575","0.119","12","1","2","0","3","4.26","9","0",".196",".329",".269",".302",".334",".134",".360",".316","88.3","19.6",9.4,66.8,19.9,24.7,66.1,33.9,39,59,51.4,239,72.4,6.2,0,251,214,465,80.1,30,151,48.6,226,43.7,203,32.9,45.2,39.6,24.5,24.5,11.3
"Muñoz, Andrés",662253,2025,"64","62.1",36,2,83,28,32.7,11,".167",".222",".271","0.493","0.055","12","38","7","3","3","1.73","0","0",".194",".293",".228",".263",".295",".099",".331",".309","86.9","8.8",6.5,65,24.6,31.3,58.5,41.5,100,171,52.9,547,66.2,6.3,22,491,522,1035,75.4,78,317,47.1,488,42.1,436,36.5,47.1,51.4,21.7,23.9,2.9
"Dollander, Chase",801403,2025,"21","98.0",103,18,82,49,18.6,11.1,".270",".454",".359","0.813","0.184","71","0","0","2","12","6.52","0","21",".249",".448",".354",".347",".344",".199",".377",".318","88.7","12.5",11.5,69.8,17.2,23.5,40.3,59.7,83,206,49.3,877,77.7,7.8,138,1261,379,1778,82.8,108,629,50.7,901,41.5,737,22.9,47,42.4,27.3,25,5.3
"Carrasco, Carlos",471911,2025,"11","45.2",61,10,34,17,16,8,".316",".560",".368","0.928","0.244","36","0","0","2","2","7.09","0","9",".281",".468",".393",".354",".342",".187",".394",".345","90.7","16.6",10.6,68.8,11.5,24.8,50,50,51,102,52.8,411,84.9,6.8,165,339,274,779,88.5,29,253,47.2,368,44.4,346,22.5,45.6,36,29.8,28.6,5.6
"Ashcraft, Graham",668933,2025,"62","65.1",68,2,64,25,22.5,8.8,".268",".362",".333","0.695","0.094","29","0","6","8","5","3.99","23","0",".243",".337",".309",".290",".311",".094",".335",".325","84.8","4.7",4.1,63.3,16.5,38.3,49.3,50.7,104,211,53,551,56.8,7.1,0,562,477,1039,83.5,51,309,47,488,42.2,438,29.8,50,58.5,12.8,23.6,5.1
"Tidwell, Blade",694918,2025,"4","15.0",23,4,10,10,12.8,12.8,".348",".561",".436","0.997","0.213","15","0","0","1","1","9.00","0","2",".270",".457",".427",".361",".370",".188",".361",".313","86.8","18.6",7,63.7,14,21.1,37.5,62.5,12,32,49.2,152,71.4,6.8,10,181,51,309,86,14,100,50.8,157,42.4,131,19.7,42.7,35.1,28.1,24.6,12.3
"Peralta, Wandy",593974,2025,"71","71.2",66,5,63,30,20.1,9.6,".238",".354",".315","0.669","0.116","25","0","1","6","1","3.14","4","1",".252",".386",".293",".311",".328",".133",".351",".324","87.6","3.7",6.9,68.5,19.3,31,47.6,52.4,90,189,53.5,609,80,6.1,393,556,189,1138,80.7,70,363,46.5,530,42.8,487,29,48.5,59.6,17.9,20.6,1.8
"Funderburk, Kody",681892,2025,"39","41.0",44,2,40,18,21.9,9.8,".275",".369",".355","0.724","0.094","16","1","0","4","1","3.51","7","0",".244",".340",".321",".298",".328",".097",".330",".320","90.4","6.9",4.9,57.8,14.4,24,40.2,59.8,33,82,47,341,80.9,9.4,87,416,78,725,85.6,32,222,53,384,43.9,318,21.4,41.9,54.1,21.3,20.5,4.1
"Svanson, Matt",694335,2025,"39","60.1",33,3,68,20,29.1,8.5,".160",".248",".244","0.492","0.088","13","0","0","4","0","1.94","5","0",".201",".337",".225",".275",".281",".136",".336",".295","89.1","9.8",8.5,63.4,18.5,22.3,37.6,62.4,38,101,47,453,80.3,7.9,0,628,0,964,81.5,60,324,53,511,39.9,385,23.1,44.1,43,24.6,26.1,6.3
"Lawrence, Casey",596271,2025,"6","17.2",26,2,7,1,8.8,1.3,".338",".494",".350","0.844","0.156","8","0","0","1","2","4.08","0","0",".354",".599",".361",".421",".373",".245",".455",".392","89.3","15.1",12.7,65.5,9.9,26.3,25,75,9,36,49.6,137,83.3,8.7,59,134,20,276,90.1,9,91,50.4,139,44.2,122,14.2,46,39.4,26.8,25.4,8.5
"Jobe, Jackson",695549,2025,"10","49.0",46,7,39,27,17.9,12.4,".249",".422",".347","0.769","0.173","23","0","0","4","1","4.22","0","10",".243",".439",".337",".341",".343",".196",".362",".304","89.1","13.1",8.7,63.9,17,26.1,41.3,58.7,50,121,52.9,464,73.7,6.5,148,388,339,877,83,45,264,47.1,413,42.5,373,24.7,43.9,44,28,21.3,6.7
"Hicks, Jordan",663855,2025,"34","67.1",80,6,58,32,18.5,10.2,".297",".442",".387","0.829","0.145","52","2","1","2","7","6.95","2","9",".266",".382",".364",".331",".360",".116",".354",".338","90","5.8",4.7,62.2,13.9,24.2,47.9,52.1,68,142,48.9,586,72.8,7.7,72,764,97,1199,86.1,53,381,51.1,613,42.9,514,23.1,43.6,56.7,17.2,22.3,3.7
"Jacob, Alek",689690,2025,"29","33.1",36,6,23,14,15,9.2,".275",".466",".366","0.832","0.191","19","0","0","1","0","5.13","3","0",".250",".436",".361",".344",".348",".186",".351",".301","84.1","15.8",7.3,65.4,18.3,23.8,30.3,69.7,20,66,47.3,277,73.2,9.6,189,333,0,586,81.7,37,202,52.7,309,40.8,239,21.3,45.7,38.2,28.2,21.8,11.8
"Graveman, Kendall",608665,2025,"19","17.2",23,2,9,12,11,14.6,".333",".580",".439","1.019","0.247","14","0","0","1","0","7.13","1","0",".296",".500",".435",".395",".408",".204",".389",".341","90.3","8.7",10,67.5,15.3,27.3,48.1,51.9,26,54,61.1,198,60,4.6,66,180,78,324,84.7,13,85,38.9,126,41.7,135,28.1,42.9,43.3,16.7,33.3,6.7
"Englert, Mason",669438,2025,"29","44.2",43,4,44,11,23.8,5.9,".251",".345",".299","0.644","0.094","19","0","0","0","1","3.83","1","0",".269",".415",".285",".318",".316",".145",".393",".361","91.8","12.8",9.4,69.5,15.9,28.8,49.5,50.5,49,99,47.5,344,76.4,7.6,248,407,61,724,84.1,42,264,52.5,380,41.7,302,25.1,50.1,41.4,24.2,27.3,7
"Ruiz, José",614179,2025,"18","16.1",23,3,15,9,19,11.4,".338",".574",".405","0.979","0.236","16","0","0","1","0","8.82","3","0",".243",".387",".412",".323",".330",".144",".351",".311","88","12",7.3,73.5,22.5,27.8,38.1,61.9,16,42,50,151,75.9,9.6,46,162,91,302,77.5,25,111,50,151,43,130,26.8,50.7,43.6,25.5,27.3,3.6
"Kent, Zak",687849,2025,"12","17.2",17,1,16,8,21.1,10.5,".254",".328",".342","0.670","0.074","9","0","0","1","0","4.58","0","0",".234",".302",".305",".288",".325",".068",".306",".307","87.2","14",0,64.5,17.3,21.2,39.4,60.6,13,33,50.6,156,80,8.1,0,110,198,308,82.7,17,98,49.4,152,41.9,129,22.9,42.5,37.3,17.6,33.3,11.8
"Murdock, Noah",668716,2025,"14","17.0",26,0,21,20,21.4,20.4,".347",".453",".490","0.943","0.106","25","0","1","1","1","13.24","1","0",".253",".393",".412",".360",".423",".140",".383",".351","88.3","11.5",7.3,53.8,14.3,25.2,47.2,52.8,25,53,53.6,210,79.2,6.1,15,299,0,392,85.7,14,98,46.4,182,40.6,159,25.8,38.5,43.6,25.5,25.5,5.5
"Quantrill, Cal",615698,2025,"26","117.2",136,22,85,35,16.6,6.8,".288",".515",".343","0.858","0.227","79","0","0","4","12","6.04","0","26",".281",".517",".367",".366",".338",".236",".412",".344","90.4","16.9",12.4,66,12.7,28.6,36.4,63.6,108,297,51.7,1037,72,7.5,425,1177,401,2004,87.3,81,638,48.3,967,41,821,20.2,46.7,34.3,30.9,28.1,6.7
"Morgan, David",688158,2025,"41","47.1",35,4,50,23,25.9,11.9,".208",".327",".311","0.638","0.119","14","0","0","1","2","2.66","1","2",".224",".348",".287",".301",".325",".125",".350",".320","91.1","10.9",7.6,70.9,17,28.4,46.8,53.2,51,109,50.1,384,80.3,8,1,446,319,766,83,46,271,49.9,382,38.8,297,25.5,49.6,44.9,21.2,27.1,6.8
"McCullers Jr., Lance",621121,2025,"16","55.1",61,10,61,39,22.3,14.2,".269",".463",".392","0.855","0.194","40","0","0","2","5","6.51","0","13",".242",".428",".376",".353",".369",".186",".388",".330","90.5","12.1",11.4,61.7,14.8,20.2,53.7,46.3,65,121,52.2,599,67.5,7,195,398,554,1147,85.2,50,338,47.8,548,41.8,479,25.1,40,47.6,25.9,19.9,6.6
"Eder, Jake",671109,2025,"8","18.1",15,3,15,9,19.2,11.5,".224",".403",".325","0.728","0.179","10","0","0","0","1","4.91","0","0",".220",".416",".317",".318",".321",".197",".345",".283","90.4","23.7",11.3,69.8,21.2,22.9,43.8,56.3,14,32,46.4,140,75,9.3,53,134,58,302,78.8,24,113,53.6,162,38.7,117,26.2,48,32.1,30.2,22.6,15.1
"Dana, Caden",702674,2025,"7","32.1",30,9,33,18,23.4,12.8,".256",".513",".350","0.863","0.257","23","0","0","0","4","6.40","0","5",".244",".423",".365",".339",".346",".179",".389",".335","89.1","12.8",11.2,63.9,18,22.5,54.5,45.5,36,66,52.1,293,86.1,6.4,109,253,200,562,82,31,172,47.9,269,39.3,221,28.2,42.3,41.6,33.7,21.3,3.4
"Priester, Quinn",682990,2025,"29","157.1",145,18,132,50,20.2,7.7,".245",".400",".309","0.709","0.155","58","0","0","13","3","3.32","0","24",".237",".370",".310",".298",".303",".133",".335",".305","89","4.9",7.3,65.6,15.6,26.6,46.5,53.5,152,327,49.8,1230,72.2,8.6,37,1533,898,2468,84.4,127,812,50.2,1238,44,1085,24.5,46.2,55.7,19.1,19.4,5.8
"Koenig, Jared",657649,2025,"72","66.0",57,6,68,20,25.4,7.5,".237",".365",".305","0.670","0.128","21","2","2","6","1","2.86","27","0",".199",".324",".294",".263",".271",".126",".309",".276","88.7","12.9",5.1,59.3,17.2,24.1,40.9,59.1,45,110,43.7,456,74.2,8.9,95,786,162,1043,82.8,60,348,56.3,587,41.7,435,22.9,43.9,46.6,33,16.5,4
"Giolito, Lucas",608337,2025,"26","145.0",131,17,121,56,19.7,9.1,".239",".377",".309","0.686","0.138","55","0","0","10","4","3.41","0","26",".265",".465",".301",".345",".333",".200",".396",".338","90.3","16.7",9,67,15.8,26.7,41.3,58.7,128,310,49,1161,77.8,7.2,534,1145,688,2368,84.1,128,809,51,1207,44.1,1044,22.9,47.3,39.5,27,23.8,9.7
"Speier, Gabe",642100,2025,"76","62.0",43,5,82,11,33.7,4.5,".192",".326",".243","0.569","0.134","18","0","6","4","3","2.61","24","0",".188",".311",".247",".247",".243",".123",".340",".296","89.7","15",9,66.1,23.7,35.5,46.7,53.3,70,150,45.9,423,73.8,9.1,0,684,237,921,76.3,78,329,54.1,498,43.8,403,30.9,52,40,34.5,18.6,6.9
"Early, Connelly",813349,2025,"4","19.1",17,0,29,4,36.7,5.1,".230",".243",".278","0.521","0.013","5","0","0","1","2","2.33","0","4",".200",".284",".239",".240",".251",".084",".344",".329","87.9","16.8",4.4,66.9,25.2,36.7,48.4,51.6,30,62,52.3,169,70.8,7.4,63,136,104,323,74.8,26,103,47.7,154,44.3,143,33.9,51.1,48.9,31.1,13.3,6.7
"Rogers, Tyler",643511,2025,"81","77.1",66,4,48,7,16.1,2.3,".229",".302",".248","0.550","0.073","17","0","2","4","6","1.98","32","0",".246",".311",".241",".256",".266",".065",".293",".295","85.8","-2.9",2.1,70.9,10.5,29.4,36.3,63.7,41,113,39.3,384,79.5,8.5,0,729,249,978,89.5,44,421,60.7,594,44.5,435,15.9,54.6,61.6,12.8,22.7,2.9
"Brown, McCade",685326,2025,"7","25.2",30,6,23,17,18.3,13.5,".291",".524",".413","0.937","0.233","21","0","0","0","5","7.36","0","7",".262",".487",".405",".384",".391",".225",".408",".337","91.7","16.2",9.9,63.4,15.6,26.6,40.6,59.4,28,69,51.6,259,80.6,7.2,28,286,187,502,84.4,24,154,48.4,243,41.4,208,23.3,44.4,34.6,27.2,29.6,8.6
"Brown, Ben",676962,2025,"25","106.1",121,18,121,32,25.6,6.8,".279",".467",".333","0.800","0.188","70","1","1","5","8","5.92","1","15",".254",".451",".345",".329",".311",".197",".414",".352","92.4","12.7",11.4,65.2,15.3,28.7,60.8,39.2,146,240,47.5,836,76.6,8,80,978,701,1759,84.7,92,602,52.5,923,40.6,714,28.3,47.9,42.9,26.7,24.8,5.7
"Buttó, José",676130,2025,"55","67.0",62,4,58,32,20.4,11.3,".256",".388",".342","0.730","0.132","29","1","4","5","3","3.90","6","0",".249",".417",".318",".328",".337",".169",".367",".321","90.1","8.6",9.4,70.4,18.5,29.3,48.1,51.9,87,181,56.4,618,88.5,5.6,166,524,328,1095,81.5,62,336,43.6,477,42.6,466,28.8,47.2,48.2,23.6,23,5.2
"Miller, Shelby",571946,2025,"48","46.0",33,5,54,15,29,8.1,".201",".323",".280","0.603","0.122","14","10","5","4","3","2.74","9","0",".226",".379",".260",".292",".303",".153",".378",".331","89.3","15.7",8.8,65.3,20.2,35.8,52,48,66,127,50.4,355,77.6,8.2,203,438,5,705,79.8,46,228,49.6,349,42.3,298,31.7,50.5,34.5,29.2,30.1,6.2
"Holderman, Colin",670059,2025,"24","25.2",34,4,18,16,14.4,12.8,".327",".510",".419","0.929","0.183","20","1","2","0","2","7.01","2","0",".284",".429",".399",".364",".389",".145",".375",".343","89.6","8.7",5.6,61.8,14.8,30.7,48.6,51.4,36,74,49,241,72.1,8.7,19,336,4,492,85.2,23,155,51,251,41.7,205,25.8,46.5,52.8,19.1,22.5,5.6
"Cruz, Fernando",518585,2025,"49","48.0",33,5,72,24,36,12,".192",".320",".300","0.620","0.128","19","2","1","3","4","3.56","16","0",".198",".333",".281",".288",".305",".135",".385",".337","87.5","16.5",8.9,60.1,25,30.8,75.7,24.3,109,144,58.9,467,62.1,7.3,479,266,47,792,75,49,196,41.1,326,38.2,303,46.5,42.9,39.6,27.7,24.8,7.9
"Alexander, Jason",669920,2025,"18","77.1",80,15,65,26,19.3,7.7,".262",".469",".324","0.793","0.207","41","1","0","4","2","4.77","0","13",".271",".444",".341",".339",".335",".173",".388",".345","89.8","10.8",8.3,64.1,19.5,22.1,40.3,59.7,54,134,48.3,605,70,8,410,640,2,1252,80.5,81,415,51.7,647,44,551,24.6,43.8,44.6,24.4,25.2,5.8
"Graceffo, Gordon",700669,2025,"26","43.0",50,2,40,13,20.7,6.7,".286",".457",".337","0.794","0.171","30","1","2","3","1","6.28","0","0",".272",".427",".340",".326",".325",".155",".380",".346","92.8","10.6",7.2,69,14.2,26,47.9,52.1,46,96,48.8,369,77.8,9.5,20,340,396,756,85.8,38,267,51.2,387,44,333,23.1,48,45.7,20.3,28.3,5.8
"Booser, Cam",592155,2025,"39","31.0",28,8,35,19,24.5,13.3,".233",".475",".343","0.818","0.242","19","1","3","2","4","5.52","9","0",".202",".422",".350",".326",".320",".220",".372",".285","90.9","20.4",13.8,66.7,22.1,28,48.8,51.2,39,80,50.1,286,84.6,6.8,15,374,0,571,77.9,42,190,49.9,285,45.7,261,30,47.3,32.2,34.5,23,10.3
"Mayza, Tim",641835,2025,"15","16.2",17,2,15,5,20.3,6.8,".258",".409",".324","0.733","0.151","7","0","0","0","0","3.78","0","0",".198",".328",".320",".274",".278",".130",".296",".261","89.5","5.8",5.8,61.1,16.7,29.2,45.2,54.8,19,42,47.8,144,78.1,10.6,0,211,90,301,83.3,16,96,52.2,157,43.9,132,25.4,45.8,53.8,21.2,21.2,3.8
"Kriske, Brooks",621139,2025,"16","18.0",20,1,18,15,20.5,17,".278",".444",".398","0.842","0.166","15","0","1","0","1","7.50","0","0",".259",".353",".366",".330",".382",".094",".346",".339","89.1","12.8",5.5,57.1,9.9,23,53.2,46.8,25,47,53.5,204,62.9,9.2,204,170,7,381,90.1,10,101,46.5,177,42,160,23.6,38.8,40,27.3,29.1,3.6
"Little, Brendon",663893,2025,"79","68.1",48,2,91,45,30.8,15.3,".196",".273",".323","0.596","0.077","23","1","3","4","2","3.03","30","0",".195",".291",".273",".286",".328",".097",".342",".316","89.7","1.4",6.4,59.1,19.5,29.9,70.8,29.2,167,236,63.5,788,62.1,5.3,0,670,570,1240,80.5,52,267,36.5,452,35.5,440,43.5,40.6,59.9,14,21.7,4.5
"Gilbert, Tyler",656457,2025,"46","51.0",40,5,49,24,22.8,11.2,".215",".355",".310","0.665","0.140","22","1","0","4","2","3.88","5","5",".220",".404",".291",".313",".318",".184",".360",".302","90","20.4",10,67.7,17.3,26.1,49.1,50.9,54,110,50.2,421,62.7,8,66,519,0,839,82.7,49,283,49.8,418,39.1,328,26.2,46.8,33.6,35.7,22.9,7.9
"Wolfram, Grant",664991,2025,"21","26.2",35,2,31,15,23.3,11.3,".302",".422",".383","0.805","0.120","16","0","0","3","1","5.40","1","0",".240",".331",".353",".295",".329",".092",".332",".323","87.6","13.2",3.5,64.1,19.1,27.2,42.6,57.4,29,68,48.1,250,73.2,7.9,1,290,207,520,80.9,33,173,51.9,270,40.4,210,25.7,46.3,50,18.6,22.1,9.3
"King, Bryan",687911,2025,"68","68.0",60,10,69,11,25.1,4,".233",".376",".273","0.649","0.143","21","2","3","5","4","2.78","27","0",".223",".358",".282",".274",".267",".135",".340",".306","88.4","14.4",5.8,65.3,19.3,29.2,39.4,60.6,52,132,43.2,452,76.2,9.7,15,712,3,1046,80.7,75,388,56.8,594,46.1,482,24.4,49.7,42.4,24.6,26.7,6.3
"Enns, Dietrich",608650,2025,"24","46.1",50,6,49,15,24.5,7.5,".273",".421",".327","0.748","0.148","21","2","0","3","3","4.08","4","3",".250",".365",".318",".288",".306",".115",".360",".340","88.3","14.3",4.4,72.1,20.3,32.7,45,55,50,111,45.7,339,76.6,8.6,219,486,36,741,79.7,59,290,54.3,402,39.8,295,27.2,54.1,42.6,19.1,30.1,8.1
"Javier, Cristian",664299,2025,"8","37.0",32,3,34,15,21.7,9.6,".230",".360",".306","0.666","0.130","19","0","0","2","4","4.62","0","8",".210",".356",".294",".286",".290",".146",".315",".276","88.9","23.9",6.5,63.3,17.6,27.6,38.4,61.6,33,86,50.6,312,65.2,7.5,116,304,74,617,82.4,34,193,49.4,305,42.3,261,24,45.2,31.8,31.8,18.7,17.8
"Nola, Aaron",605400,2025,"17","94.1",99,18,97,28,24,6.9,".267",".480",".325","0.805","0.213","63","0","0","5","10","6.01","0","17",".246",".417",".346",".315",".306",".171",".382",".333","89.4","12.7",9.1,61.3,16.2,33.5,40.3,59.7,110,273,51.9,814,69.7,4.2,242,869,457,1568,83.8,75,462,48.1,754,50.1,786,25.2,46.9,42.9,26.2,22.5,8.4
"Lord, Brad",695418,2025,"48","130.2",126,17,108,43,19.8,7.9,".255",".415",".317","0.732","0.160","63","0","0","5","10","4.34","7","19",".270",".437",".319",".335",".331",".167",".386",".344","88.5","10.1",7.1,70.2,18,25.3,32.1,67.9,78,243,45.1,960,82.4,8.8,278,1416,430,2128,82,148,820,54.9,1168,43.5,925,21.3,50,49,19.9,25.5,5.6
"Woods Richardson, Simeon",680573,2025,"23","111.1",96,17,107,46,22.7,9.8,".230",".395",".308","0.703","0.165","50","0","0","7","4","4.04","0","22",".214",".402",".308",".304",".295",".188",".347",".286","90.2","20",11.4,69.4,16.6,26.1,44.4,55.6,107,241,49.3,925,78.4,9.4,267,856,755,1878,83.4,110,661,50.7,953,42.3,794,24.1,48,33.3,34.9,21,10.8
"Richardson, Lyon",680689,2025,"34","37.2",37,2,30,21,17.4,12.2,".255",".372",".349","0.721","0.117","19","0","1","0","3","4.54","3","0",".273",".413",".311",".345",".374",".139",".377",".348","89.9","6.1",5.9,60.3,19.4,23,29.3,70.7,24,82,53,357,70.2,8.5,273,334,67,674,80.6,37,191,47,317,41.7,281,22.3,40.5,53.8,20.2,24.4,1.7
"Woo, Bryan",693433,2025,"30","186.2",137,26,198,36,27.1,4.9,".200",".353",".243","0.596","0.153","61","0","0","15","7","2.94","0","30",".215",".374",".259",".274",".258",".159",".351",".302","89.1","13.8",9.1,71.8,20.1,30.1,44.5,55.5,162,364,44.5,1208,85.5,8.7,193,1977,275,2714,79.9,217,1081,55.5,1506,43.3,1175,26.2,53.2,41.4,26.8,22.9,8.9
"Lodolo, Nick",666157,2025,"29","156.2",138,22,156,31,24.3,4.8,".233",".387",".285","0.672","0.154","58","0","0","9","8","3.33","0","28",".227",".389",".293",".292",".281",".161",".356",".308","88.8","12.6",8.1,67,17.9,32.8,47.5,52.5,191,402,49.5,1227,71.7,8,538,1229,711,2478,82.1,150,838,50.5,1251,42.1,1043,27.5,50,44.6,27.1,21.3,7
"Phillips, Tyler",663969,2025,"54","77.2",65,8,52,24,16.6,7.7,".226",".352",".291","0.643","0.126","24","4","0","2","1","2.78","8","1",".240",".370",".284",".298",".303",".131",".320",".293","89.2","5.5",5.1,62.8,12.4,34.6,51.7,48.3,105,203,52.7,587,75.3,7.6,152,451,261,1114,87.6,41,331,47.3,527,44.3,494,27.3,47.9,55.7,20.9,18.3,5.1
"Bergert, Ryan",686701,2025,"19","76.1",61,8,73,35,22.6,10.8,".215",".352",".302","0.654","0.137","31","0","0","2","2","3.66","0","15",".238",".410",".290",".322",".325",".172",".372",".322","90","20",7,67.2,16.6,25,44.9,55.1,71,158,48.2,632,74.5,7.8,99,644,333,1312,83.4,76,457,51.8,680,44.8,588,23.9,46.9,29.4,36.9,28,5.6
"Burke, Brock",656271,2025,"69","61.2",58,8,52,18,20.2,7,".254",".417",".311","0.728","0.163","23","0","5","7","1","3.36","15","1",".249",".394",".308",".303",".310",".144",".354",".319","89","8.4",7.1,73,18.9,27,38.2,61.8,47,123,44.9,455,87.3,11.6,223,512,279,1014,81.1,77,408,55.1,559,43.2,438,23.4,52.4,53.3,24.5,18.5,3.8
"Sears, JP",676664,2025,"27","135.2",143,30,117,36,20.1,6.2,".268",".507",".319","0.826","0.239","76","0","0","9","11","5.04","0","27",".241",".446",".352",".319",".295",".205",".370",".307","89.2","21.2",9.4,67.5,18.6,25.2,30.1,69.9,86,286,47.9,1133,73.6,8.2,354,1125,250,2366,81.4,155,832,52.1,1233,43.5,1030,21.6,47.3,30.2,36.6,24.1,9.2
"Hernández, Daysbel",678226,2025,"39","37.0",27,3,33,29,20.2,17.8,".206",".313",".358","0.671","0.107","14","0","2","4","3","3.41","10","0",".204",".343",".310",".318",".356",".139",".311",".272","89.4","10.2",9.1,64.8,19.3,24.6,51,49,49,96,54.4,390,69.8,6,0,315,402,717,80.7,41,212,45.6,327,41,294,29.2,43,45.5,28.3,20.2,6.1
"Springs, Jeffrey",605488,2025,"32","171.0",153,28,138,54,19.4,7.6,".236",".422",".295","0.717","0.186","78","0","0","11","11","4.11","0","30",".249",".431",".309",".321",".309",".182",".366",".315","88.3","19.2",8.1,65.8,18.5,28.4,41.9,58.1,177,422,52.2,1486,77.4,7.3,720,1373,580,2847,81.5,166,896,47.8,1361,44.7,1273,26,46.3,31.9,29.5,29.2,9.5
"Gilbert, Logan",669302,2025,"25","131.0",104,20,173,31,32.3,5.8,".211",".377",".266","0.643","0.166","50","0","0","6","6","3.44","0","25",".206",".367",".280",".275",".263",".161",".373",".317","90.8","15",8.6,70.6,21.6,30.4,60.7,39.3,193,318,48.6,1047,81.9,9,423,812,921,2156,78.4,169,783,51.4,1109,40,862,32.9,51.1,39.8,28.4,24.1,7.7
"Fulmer, Carson",608334,2025,"13","29.1",25,5,26,11,21.1,8.9,".227",".418",".295","0.713","0.191","19","0","0","0","0","5.83","0","0",".220",".427",".308",".309",".289",".207",".354",".285","88.9","15",11.6,65.6,16.3,30.9,40.8,59.2,31,76,53.4,246,81.5,5.9,130,220,110,461,83.7,23,141,46.6,215,48.6,224,24.9,47.1,43,29.1,16.3,11.6
"Blanco, Ronel",669854,2025,"9","48.1",37,7,48,20,24.1,10.1,".210",".381",".288","0.669","0.171","22","0","0","3","4","4.10","0","9",".199",".354",".292",".279",".278",".155",".319",".270","85.9","17.7",8.4,65.3,21.5,31.5,51.1,48.9,67,131,52.5,416,79.6,6.2,99,283,411,794,78.5,53,246,47.5,377,44.1,350,32,47.6,35.9,32.1,22.1,9.9
"Quintana, Jose",500779,2025,"24","131.2",120,18,89,50,16,9,".241",".382",".315","0.697","0.141","58","0","0","11","7","3.96","0","24",".269",".463",".308",".349",".341",".193",".378",".327","88.7","13.1",9.7,61.8,11.8,26.9,31.8,68.2,99,311,53.2,1157,70.3,6.7,480,1210,316,2174,88.2,74,629,46.8,1018,44.7,972,18.4,43.2,42.7,27.2,24,6.1
"Holmes, Clay",605280,2025,"33","165.2",150,14,129,66,18.2,9.3,".241",".352",".324","0.676","0.111","65","0","0","12","8","3.53","0","31",".245",".395",".302",".322",".330",".150",".346",".309","89.7","4.4",6.8,61.3,11.8,29.3,42.3,57.7,177,418,51.6,1426,67.7,6.8,434,1508,296,2764,88.2,97,821,48.4,1340,42.9,1187,22.1,44.8,55.9,18.2,21.6,4.2
"Bender, Anthony",669622,2025,"51","50.0",32,3,42,21,20.6,10.3,".177",".276",".270","0.546","0.099","12","4","3","3","5","2.16","19","0",".215",".365",".245",".294",".304",".150",".323",".281","89.6","8.4",7.2,56,9.6,24.1,51.2,48.8,44,86,45.5,357,69.6,8.8,28,220,175,783,90.4,23,239,54.5,427,40.4,317,20.6,41.5,48.9,30.2,16.5,4.3
"Canning, Griffin",656288,2025,"16","76.1",70,8,70,34,21.4,10.4,".240",".363",".319","0.682","0.123","32","0","0","7","3","3.77","0","16",".252",".435",".303",".334",".331",".182",".385",".333","91.2","7.8",9.4,64.6,15.3,26.7,50.6,49.4,90,178,49.7,667,73,6.6,312,522,509,1343,84.7,67,437,50.3,676,42.8,575,25.5,45.8,51.6,22,22.4,4
"Morillo, Juan",666661,2025,"42","34.1",38,2,36,20,23.7,13.2,".297",".430",".393","0.823","0.133","16","1","1","0","3","4.19","5","0",".230",".326",".363",".301",".336",".097",".329",".316","87.2","11.2",5.3,72.1,22.7,26,37,63,30,81,50.6,312,81.8,8.9,82,405,130,617,77.3,50,220,49.4,305,39.4,243,26.6,48.8,50.5,13.7,26.3,9.5
"Gaddis, Hunter",683769,2025,"73","66.2",58,8,73,21,26.6,7.7,".234",".383",".294","0.677","0.149","23","3","4","2","2","3.11","35","0",".227",".384",".293",".298",".292",".157",".376",".324","90.1","17.4",9.5,70.6,22.3,32.8,52,48,93,179,52,546,75.3,7,139,347,563,1049,77.7,79,355,48,503,43.6,457,32.2,50.9,37.4,30.7,22.9,8.9
"Beck, Tristan",663941,2025,"31","56.2",47,7,41,16,17.7,6.9,".223",".379",".280","0.659","0.156","29","2","0","1","0","4.61","3","1",".261",".429",".286",".326",".319",".169",".365",".324","90.1","14.7",8.7,67.8,13.7,28.1,48.1,51.9,52,108,47.1,385,74.6,8.7,0,270,315,817,86.3,40,293,52.9,432,46,376,22.9,49.1,42.2,25.4,23.7,8.7
"Kranick, Max",668820,2025,"24","37.0",34,5,25,7,16.7,4.7,".239",".380",".273","0.653","0.141","15","0","1","3","2","3.65","5","0",".262",".453",".283",".329",".300",".191",".378",".322","90.2","18.1",9.3,76,19.2,27.1,26.7,73.3,16,60,41.8,221,84.3,9.6,0,218,270,529,80.8,45,234,58.2,308,45.6,241,20.7,55.6,36.4,28.8,23.7,11
"Casparius, Ben",676508,2025,"46","77.2",78,8,71,21,21.3,6.3,".254",".410",".307","0.717","0.156","40","2","0","7","5","4.64","13","3",".240",".393",".312",".300",".294",".153",".350",".311","87.5","19.5",7.1,68.9,18.7,29.5,49.5,50.5,90,182,48.8,616,81.1,7.5,0,674,182,1262,81.3,83,445,51.2,646,42.9,541,27.6,49.7,34,31.5,24.8,9.7
"Estrada, Jeremiah",669093,2025,"77","73.0",58,12,108,27,35.5,8.9,".216",".390",".291","0.681","0.174","28","3","3","4","5","3.45","30","0",".182",".325",".295",".260",".263",".143",".357",".301","90.1","21.4",9,70,27.2,33.5,51.2,48.8,105,205,49.5,612,79.3,6.6,287,702,247,1236,72.8,119,437,50.5,624,45.5,562,34.9,51.9,35.5,30.1,21.7,12.7
"Slaten, Justin",686580,2025,"36","34.0",27,3,25,10,18.2,7.3,".214",".310",".270","0.580","0.096","16","3","3","2","4","4.24","7","0",".230",".401",".251",".292",".285",".171",".332",".285","89.1","12.3",7.8,72.9,20.6,31,48.6,51.4,34,70,45.3,226,77.3,8.8,0,352,90,499,79.4,41,199,54.7,273,43.9,219,27.9,53.9,41.2,27.5,23.5,7.8
"Alvarez, Andrew",674841,2025,"5","23.1",16,1,20,10,20.4,10.2,".184",".241",".276","0.517","0.057","6","0","0","1","1","2.31","0","5",".209",".280",".241",".265",".298",".071",".274",".272","88.2","7.7",3,55.2,12.1,22.2,47.8,52.2,22,46,49.6,207,79.3,7,22,161,234,417,87.9,14,116,50.4,210,45.1,188,22.2,38.8,58.2,17.9,16.4,7.5
"Horton, Cade",690990,2025,"23","118.0",95,10,97,33,20.4,6.9,".219",".333",".282","0.615","0.114","35","0","0","11","4","2.67","0","22",".236",".406",".273",".306",".298",".170",".349",".302","89.7","14.3",10,66,15.4,29.5,51.4,48.6,129,251,47.7,852,79.5,9,228,997,176,1788,84.5,95,618,52.3,936,41,733,25.8,48.6,42.8,29.2,20.9,7.1
"Strahm, Matt",621381,2025,"66","62.1",47,5,70,20,27.3,7.8,".208",".341",".273","0.614","0.133","19","6","4","2","3","2.74","22","0",".197",".330",".267",".261",".264",".133",".318",".279","89.4","29.4",4.3,68.7,17.1,33.3,40.1,59.9,61,152,46,457,80.8,7.9,6,670,317,993,82.9,63,368,54,536,45.5,452,23.8,52.4,23.8,36,25,15.2
"Junis, Jakob",596001,2025,"57","66.2",64,5,55,18,20.1,6.6,".257",".378",".315","0.693","0.121","22","0","0","4","1","2.97","6","0",".256",".406",".301",".312",".314",".150",".360",".326","87.6","12.4",6.1,59.5,13.1,27.4,46.2,53.8,61,132,46.7,482,70.8,7,206,367,459,1032,86.9,43,327,53.3,550,43.3,447,22.7,44.5,42.1,25.9,25.4,6.6
"Molina, Anthony",683627,2025,"17","34.2",52,12,24,6,15,3.8,".351",".649",".382","1.031","0.298","28","0","0","1","1","7.27","0","1",".322",".606",".435",".405",".355",".284",".465",".382","91.2","13.3",11.1,67.8,14.8,29,41.8,57.1,41,98,55.6,338,81.8,7.2,110,320,178,608,85.2,27,183,44.4,270,40.6,247,24.2,46.2,42.1,34.9,21.4,1.6
"Kinley, Tyler",641755,2025,"73","72.2",53,6,73,33,23.7,10.7,".196",".304",".289","0.593","0.108","32","3","3","6","3","3.96","14","0",".220",".355",".263",".293",".310",".135",".335",".299","87","20.5",7,68.4,20.5,31.2,53,47,105,198,51.8,634,79.8,7.7,11,280,934,1225,79.5,83,404,48.2,591,42.1,516,31.2,49.1,33.7,30.7,24.1,11.6
"Garcia, Robert",676395,2025,"71","64.0",58,8,68,22,25.3,8.2,".240",".372",".305","0.677","0.132","21","9","7","4","8","2.95","15","0",".235",".400",".295",".304",".301",".165",".375",".326","88.6","11.9",7.9,68.6,22.3,31.7,43.5,56.5,64,147,47.6,463,76.1,9.1,275,436,261,972,77.7,78,349,52.4,509,40.5,394,28.6,51,39.9,32,25.3,2.8
"Corbin, Patrick",571578,2025,"31","155.1",161,21,131,51,19.8,7.7,".267",".430",".326","0.756","0.163","76","0","0","7","11","4.40","0","30",".268",".439",".328",".336",".330",".171",".389",".344","89.2","14.4",8.4,65.1,15.9,29.6,48.6,51.4,197,405,52.9,1369,75.7,6.5,242,1463,883,2588,84.1,126,794,47.1,1219,43.8,1134,26.9,46.3,41,27.4,25.5,6.1
"Garrett, Reed",657585,2025,"58","55.1",47,5,64,26,26.9,10.9,".223",".351",".311","0.662","0.128","24","3","7","3","6","3.90","20","1",".228",".342",".292",".292",".315",".114",".351",".327","88","12.7",4.8,61.9,18.5,31.8,49.4,50.6,85,172,55.3,541,68.8,6.5,219,553,0,979,81.5,50,271,44.7,438,36.6,358,30.5,45.3,42.2,24.5,27.2,6.1
"Phillips, Connor",683175,2025,"21","25.0",11,3,32,12,32.7,12.2,".133",".277",".255","0.532","0.144","8","0","0","5","0","2.88","1","0",".187",".382",".245",".309",".305",".195",".394",".305","92.6","19.9",15.4,60.2,22.6,24.4,69.4,30.6,34,49,53.3,201,44,6.6,0,188,19,377,77.4,24,106,46.7,176,37.4,141,37.4,41.1,30.8,34.6,23.1,11.5
"Schmidt, Clarke",657376,2025,"14","78.2",56,9,73,30,23.1,9.5,".199",".351",".276","0.627","0.152","29","0","0","4","4","3.32","0","14",".198",".339",".277",".272",".276",".141",".304",".265","88.1","19.6",6.6,67.3,18.5,26.5,48.4,51.6,76,157,48.4,593,75.3,7.9,0,696,381,1226,81.5,79,426,51.6,633,39.8,488,26.6,47.6,33,31.6,24.5,10.8
"Halvorsen, Seth",678020,2025,"42","39.2",41,7,36,20,20.9,11.6,".273",".493",".357","0.850","0.220","22","11","3","1","2","4.99","4","0",".238",".417",".364",".324",".327",".179",".365",".312","89","6.1",9.5,67.2,20.9,29.5,48.4,51.6,46,95,50.6,322,81,6.6,164,346,126,636,79.1,44,211,49.4,314,44.8,285,29.4,48.1,52.6,22.4,19.8,5.2
"Smith, Shane",681343,2025,"29","146.1",117,17,145,58,23.5,9.4,".216",".363",".305","0.668","0.147","62","0","0","7","8","3.81","0","29",".229",".383",".296",".310",".318",".154",".356",".314","90.3","13.3",6.7,68.3,20,25.1,52,48,146,281,46.3,1120,79.3,9.6,406,1389,621,2419,80,177,887,53.7,1299,41.3,999,27.7,48.3,41.1,27.9,26.4,4.5
"May, Dustin",669160,2025,"25","132.1",132,21,123,56,21.1,9.6,".259",".447",".344","0.791","0.188","73","0","0","7","11","4.96","0","23",".261",".451",".342",".349",".348",".191",".401",".344","90.6","12.5",9.2,63.6,13.4,25.5,37.5,62.5,100,267,48.2,1046,74.6,8.5,17,1299,0,2169,86.6,96,715,51.8,1124,41.8,906,20,45.3,42.7,26.2,25.7,5.3
"Thielbar, Caleb",573204,2025,"67","58.0",38,5,56,13,25.5,5.9,".186",".314",".232","0.546","0.128","17","1","3","3","4","2.64","25","0",".200",".321",".236",".247",".246",".122",".303",".272","87.9","19.3",6.6,65.4,20.4,32.2,41.4,58.6,53,128,47.3,397,76.7,8.7,0,351,359,839,79.6,59,289,52.7,442,44.8,376,26.9,49.7,39.7,30.5,16.6,13.2
"Taylor, Grant",691799,2025,"36","36.2",37,0,54,15,34.4,9.6,".268",".304",".335","0.639","0.036","20","6","1","2","4","4.91","9","2",".213",".307",".287",".267",".290",".094",".367",".349","90.5","11.3",5.7,64,20.5,27.6,60.8,40.5,45,74,43.9,268,73.8,10,0,439,171,610,79.5,45,219,56.1,342,43.6,266,30.7,48,51.1,17,27.3,4.5
"Cantillo, Joey",676282,2025,"34","95.1",78,10,108,42,26.9,10.5,".218",".353",".299","0.652","0.135","34","1","0","5","3","3.21","1","13",".229",".370",".289",".300",".309",".141",".364",".326","89.5","12.5",7.2,60.6,24.9,22.7,44.7,55.3,76,170,45.8,749,71.8,8.7,500,687,450,1637,75.1,134,538,54.2,888,44.9,735,29.7,43.2,41.4,25.9,26.3,6.4
"Ferguson, Tyler",621053,2025,"56","58.0",43,4,54,34,22,13.8,".214",".328",".332","0.660","0.114","30","2","3","4","2","4.66","12","0",".209",".341",".296",".301",".330",".132",".315",".279","87.5","19.3",6.5,67.2,20.6,28.2,37.4,62.6,55,147,52.6,521,78.9,7.7,40,634,0,990,79.4,65,315,47.4,469,39.6,392,26,46.7,38.3,33.1,20.8,7.8
"Banks, Tanner",621383,2025,"69","67.1",56,9,61,12,22.8,4.5,".224",".372",".261","0.633","0.148","23","1","3","6","2","3.07","10","1",".252",".420",".273",".303",".288",".168",".376",".332","87.8","14.9",7.8,69.2,15.7,26.7,41.5,58.5,54,130,44.9,487,80.8,9.1,71,364,386,1084,84.3,65,413,55.1,597,42.3,459,21.9,50.1,38.9,26.9,28.5,5.7
"Povich, Cade",700249,2025,"22","112.1",125,17,118,43,24.2,8.8,".285",".465",".347","0.812","0.180","65","0","0","3","8","5.21","0","20",".269",".495",".349",".356",".335",".226",".443",".367","91.2","13",11.3,62.8,16.1,26.5,43.8,56.2,113,258,49.4,974,70.9,8.7,307,1008,430,1971,83.9,101,626,50.6,997,40.7,803,24.2,44.9,42.3,26.4,24.5,6.7
"Cease, Dylan",656302,2025,"32","168.0",152,21,215,71,29.8,9.8,".239",".399",".318","0.717","0.160","85","0","0","8","12","4.55","0","32",".214",".359",".313",".290",".297",".145",".367",".321","88.9","16.6",8.6,70.2,22.7,31,54.7,45.3,276,505,53.5,1630,75.7,6.6,34,1402,1500,3044,77.3,225,993,46.5,1414,42.2,1286,33.4,49.2,37.3,30.3,23.8,8.6
"Peterson, David",656849,2025,"30","168.2",166,11,150,65,20.7,9,".258",".370",".331","0.701","0.112","79","0","0","9","6","4.22","0","30",".270",".407",".311",".331",".344",".137",".379",".353","90.6","4.3",6.4,65.7,14.3,28.1,46.2,53.8,177,383,50.5,1362,71.8,6.7,412,1401,886,2699,85.7,126,879,49.5,1337,44.3,1196,24,46.8,55.4,16,26.6,2
"Bubic, Kris",663460,2025,"20","116.1",98,6,116,39,24.4,8.2,".227",".332",".294","0.626","0.105","33","0","0","8","7","2.55","0","20",".221",".333",".277",".278",".290",".112",".327",".303","87.6","11.6",6.6,64.8,20.4,32.4,47.1,52.9,132,280,48.1,863,73.6,7.2,378,801,240,1795,79.6,123,604,51.9,932,42.1,756,28.8,49.2,46.5,19.8,25.8,7.9
"King, Michael",650633,2025,"15","73.1",62,12,76,26,24.7,8.4,".224",".397",".299","0.696","0.173","28","0","0","5","3","3.44","0","15",".233",".427",".305",".320",".307",".195",".384",".320","87.8","15.8",11.4,62.1,18.9,27.3,40.7,59.3,70,172,51.7,630,67.4,7.3,261,657,70,1219,81.1,69,366,48.3,589,42.7,521,25.8,44.1,39.1,30.2,19.8,10.9
"Verlander, Justin",434378,2025,"29","152.0",155,16,137,52,20.7,7.9,".261",".413",".323","0.736","0.152","65","0","0","4","11","3.85","0","29",".252",".419",".320",".319",".316",".168",".367",".324","88.6","18.2",8.1,68.6,19.3,28.1,38.7,61.3,139,359,49,1278,74.9,8.4,222,1192,988,2608,80.7,176,913,51,1330,42.4,1105,24.8,48.8,35.5,30,25.3,9.2
"Leahy, Kyle",681517,2025,"62","88.0",80,5,80,28,22,7.7,".244",".338",".300","0.638","0.094","30","1","4","4","2","3.07","18","1",".264",".417",".281",".326",".323",".153",".388",".347","89.1","10.2",9.8,68.6,13.5,28.5,49.2,50.8,89,181,47.1,636,84.8,9.3,129,509,526,1350,86.5,66,490,52.9,714,40.7,549,23.1,49.7,44.5,21.7,28,5.9
"Burns, Chase",695505,2025,"13","43.1",41,5,67,16,35.6,8.5,".240",".409",".305","0.714","0.169","22","0","0","0","3","4.57","1","8",".218",".377",".311",".291",".285",".160",".416",".358","90.2","15.3",9.5,71.5,20.3,31.5,60.9,39.1,70,115,47.7,365,81.7,7.8,43,450,271,765,79.7,58,286,52.3,400,44.3,339,31.9,52.4,37.1,29.5,24.8,8.6
"Vásquez, Randy",681190,2025,"28","133.2",125,16,78,52,13.7,9.1,".247",".383",".323","0.706","0.136","57","0","0","6","7","3.84","0","26",".267",".481",".311",".354",".343",".214",".372",".315","89.1","17.2",10.9,64.9,11.4,25.1,28.7,71.3,72,251,46.5,999,73.3,9.8,148,1397,322,2148,88.6,85,746,53.5,1149,43.4,933,15.7,46.4,40.2,27.9,21,10.9
"Raley, Brooks",548384,2025,"30","25.2",14,0,25,6,25.3,6.1,".154",".209",".222","0.431","0.055","7","0","0","3","1","2.45","10","0",".184",".289",".200",".241",".250",".104",".277",".254","88.1","20.5",0,61.7,15.3,26.2,34.7,65.3,17,49,48.2,187,69.7,8.5,53,172,0,388,84.7,19,124,51.8,201,39.4,153,20.8,44.6,33.3,31.8,22.7,12.1
"Bazardo, Eduard",660825,2025,"73","78.2",53,9,82,27,26.2,8.6,".189",".311",".262","0.573","0.122","22","0","1","5","0","2.52","12","0",".206",".359",".252",".285",".282",".153",".347",".294","88.5","15.1",9.4,58.1,15,23.2,33.9,66.1,42,124,43.6,534,70.9,10.4,26,674,524,1224,85,60,401,56.4,690,45.7,559,19.4,42.9,38.6,30.7,23.3,7.4
"Lee, Dylan",669276,2025,"74","68.1",53,13,76,14,28.6,5.3,".213",".398",".254","0.652","0.185","25","2","7","2","4","3.29","19","0",".202",".376",".279",".268",".246",".174",".354",".294","87.6","16.9",10.2,70.1,23.8,31.3,57.6,42.4,95,165,47.9,528,86.5,8.7,146,344,612,1102,76.2,96,403,52.1,575,42.1,464,33.6,51.5,38.6,33,18.8,9.7
"Herget, Jimmy",623474,2025,"59","83.1",72,6,81,26,23.3,7.5,".233",".346",".303","0.649","0.113","23","0","1","1","2","2.48","9","0",".217",".353",".287",".284",".291",".136",".327",".292","88.7","18.5",7.3,65.6,18.3,26.1,50.6,49.4,81,160,47.9,614,86.9,9.5,71,452,758,1282,81.7,80,438,52.1,668,38.3,491,26.9,46.6,35.2,28.8,25.3,10.7
"Bassitt, Chris",605135,2025,"32","170.1",174,22,166,52,22.6,7.1,".261",".415",".325","0.740","0.154","75","0","0","11","9","3.96","0","31",".252",".400",".324",".316",".318",".149",".371",".336","87.7","10.5",8.5,66.8,18.5,25.2,36.9,63.1,127,344,48.2,1364,78,7.1,205,1920,537,2829,81.5,181,979,51.8,1465,44.8,1267,23.3,46.8,46.1,21.6,24.2,8.1
"Rogers, Trevor",669432,2025,"18","109.2",70,6,103,29,24.3,6.9,".180",".263",".240","0.503","0.083","22","0","0","9","3","1.81","0","18",".225",".376",".226",".288",".282",".151",".348",".305","89.7","13.1",7.6,71.4,20.2,29.9,41.5,58.5,90,217,44.6,726,80.9,8.1,406,908,195,1627,79.8,130,643,55.4,901,47.3,769,25.6,52.9,46.4,24.6,20.1,9
"Ohtani, Shohei",660271,2025,"14","47.0",40,3,62,8,33.2,4.3,".227",".313",".257","0.570","0.086","15","0","0","1","1","2.87","0","14",".214",".322",".249",".250",".248",".108",".352",".328","86.4","13.6",3.4,68.3,23.9,29,55.3,44.7,57,103,47.1,355,74.3,9.8,35,395,151,753,76.1,65,272,52.9,398,38.4,289,32.5,49.8,41.9,26.5,25.6,6
"Bellozo, Valente",678368,2025,"32","81.1",85,15,54,23,15.5,6.6,".269",".465",".324","0.789","0.196","42","0","1","1","4","4.65","1","6",".260",".510",".339",".350",".316",".250",".386",".310","89.7","22",11.7,72.2,17.8,26.4,27.1,72.9,46,170,48.6,643,83.3,9.1,215,843,63,1322,82.2,87,490,51.4,679,42.5,562,20.2,49.9,32,38,20.3,9.8
"García, Luis",472610,2025,"58","55.1",55,2,48,26,20.6,11.2,".271",".394",".351","0.745","0.123","21","2","1","2","2","3.42","12","0",".262",".419",".320",".327",".345",".156",".378",".342","90.8","4.9",7.5,68.7,13.8,28.2,49.6,50.4,62,125,49.4,443,84.1,7.7,200,394,0,896,86.2,43,311,50.6,453,45.1,404,24.1,48.7,49.7,18.2,28.9,3.1
"Moreta, Dauri",664294,2025,"18","16.2",16,2,19,7,27.9,10.3,".267",".400",".338","0.738","0.133","6","0","1","1","1","3.24","2","0",".256",".436",".318",".329",".331",".180",".429",".371","89.6","22.3",9.5,69.2,23.2,28.2,55,45,22,40,49.8,142,77.3,7.7,3,121,161,285,76.8,23,99,50.2,143,44.9,128,32.4,48.8,26.2,38.1,26.2,9.5
"Strickland, Hunter",519326,2025,"19","22.0",17,2,14,10,15.4,11,".212",".362",".297","0.659","0.150","8","1","1","1","2","3.27","2","0",".244",".397",".282",".309",".326",".153",".329",".293","89.5","18.6",6,72.1,13.7,28.1,42.2,57.8,19,45,48.2,160,79.3,8.7,28,152,108,332,86.3,17,124,51.8,172,44,146,21.3,50.9,35.8,31.3,25.4,7.5
"Sewald, Paul",623149,2025,"22","19.2",18,4,20,6,24.7,7.4,".247",".452",".296","0.748","0.205","10","2","2","1","1","4.58","4","0",".210",".445",".318",".300",".264",".235",".367",".280","88.6","30.7",14.5,62.9,21.4,27.5,47.2,52.8,17,36,41.3,131,67.6,10.7,0,186,0,317,78.6,25,117,58.7,186,43.8,139,27.5,48.3,14.5,49.1,21.8,14.5
"Stratton, Hunter",676702,2025,"15","19.0",23,3,16,7,18,7.9,".299",".442",".371","0.813","0.143","11","1","1","1","1","5.21","3","0",".313",".490",".354",".377",".383",".178",".421",".383","89.2","21.5",6.3,72.4,15.1,27.2,39,61,16,41,44,151,88.9,7.9,4,240,99,343,84.9,21,139,56,192,40.8,140,20.6,52.5,33.3,33.3,25.4,7.9
"Adam, Jason",592094,2025,"65","65.1",50,4,70,25,25.9,9.3,".210",".282",".291","0.573","0.072","14","0","2","8","4","1.93","29","0",".196",".310",".256",".260",".279",".114",".303",".275","88.8","15",7,67.3,25,32.1,49.2,50.8,90,183,52.4,570,68.4,8.7,363,250,382,1087,75,87,348,47.6,517,41.2,448,33.3,48.9,43.9,30.4,17,8.8
"Hader, Josh",623352,2025,"48","52.2",29,8,76,16,36.9,7.8,".158",".342",".232","0.574","0.184","12","28","1","6","2","2.05","0","0",".149",".272",".249",".221",".224",".123",".301",".253","88","29.2",8.1,73,26.9,37.8,66,34,107,162,50.6,429,78.7,7.2,37,459,351,847,73.1,82,305,49.4,418,41.3,350,40.5,55.1,22.5,35.1,22.5,19.8
"Cavalli, Cade",676917,2025,"10","48.2",57,7,40,15,18.3,6.8,".289",".447",".350","0.797","0.158","23","0","0","3","1","4.25","0","10",".259",".393",".347",".316",".324",".134",".350",".324","87.7","3.8",4.4,63.9,19.7,33.9,44.9,55.1,57,127,47.6,375,71.9,7.2,107,442,239,788,80.3,52,264,52.4,413,45.4,358,27.9,49.6,55.1,15.8,24.1,5.1
"Helsley, Ryan",664854,2025,"58","56.0",61,8,63,25,25,9.9,".275",".437",".347","0.784","0.162","28","21","9","3","4","4.50","1","0",".243",".395",".336",".310",".319",".153",".376",".334","91","11.4",7.4,72.9,17.8,30.8,60.1,39.9,86,143,47.3,464,82.2,9.2,0,458,521,979,82.2,67,376,52.7,516,40.6,398,29.5,53,45.4,23.9,25.8,4.9
"González, Wikelman",682790,2025,"16","20.1",13,1,25,12,28.7,13.8,".178",".274",".291","0.565","0.096","6","0","0","1","0","2.66","1","0",".245",".357",".260",".323",".351",".112",".397",".371","91.3","21.6",6,65.8,24.4,21,57.9,42.1,22,38,49.2,181,75,8.7,57,206,19,368,75.6,30,123,50.8,187,39.9,147,32.3,43.8,32,24,32,12
"Pfaadt, Brandon",694297,2025,"33","176.2",198,26,147,37,19.2,4.8,".279",".469",".323","0.792","0.190","103","0","0","13","9","5.25","0","33",".285",".494",".339",".352",".329",".210",".414",".356","90.8","12.5",10.9,67.7,14,30.3,40.7,59.3,178,437,49.4,1443,76.3,8.5,457,1634,285,2920,86,140,1001,50.6,1478,43.8,1280,22.1,49.2,42.3,23.9,28.4,5.4
"Loáisiga, Jonathan",642528,2025,"30","29.2",34,7,25,10,18.5,7.4,".281",".521",".351","0.872","0.240","14","1","3","0","1","4.25","7","0",".237",".372",".367",".294",".312",".135",".329",".300","86.6","7.1",6.3,68.1,18.4,40.6,38.2,61.8,39,102,53.7,251,75.9,6.2,88,301,78,467,81.6,27,147,46.3,216,43,201,26.5,53.3,50,20.8,25,4.2
"Hart, Kyle",606996,2025,"20","43.0",38,9,37,13,20.7,7.3,".233",".448",".296","0.744","0.215","28","0","0","3","3","5.86","2","6",".219",".402",".320",".299",".284",".184",".339",".282","88.5","20.2",7.9,62.3,16.3,25.3,29.4,70.6,25,85,48.6,336,61.5,7.5,128,261,72,691,83.7,36,221,51.4,355,45.7,316,19.9,44.3,33.1,39.4,21.3,6.3
"Sulser, Cole",642121,2025,"18","22.2",20,1,22,7,24.4,7.8,".241",".301",".300","0.601","0.060","5","0","1","2","1","1.99","0","0",".225",".312",".266",".262",".286",".087",".315",".307","90","14.1",1.6,73.1,19.5,36.6,45.3,54.7,34,75,53,205,83.3,6.2,151,234,0,387,80.5,26,133,47,182,40.6,157,28.8,53.7,41,23,31.1,4.9
"Burke, Sean",680732,2025,"28","134.1",131,23,133,63,22.3,10.6,".251",".444",".337","0.781","0.193","63","0","0","4","11","4.22","0","22",".246",".457",".340",".342",".333",".211",".396",".329","89.6","17.5",10.4,66.7,18.2,26.9,42.5,57.5,135,318,49.8,1184,75.6,8.6,155,1138,1083,2376,81.8,145,796,50.2,1193,43,1021,25.1,46.9,36.1,32.1,25.2,6.6
"Lorenzen, Michael",547179,2025,"27","141.2",149,25,127,39,21,6.4,".268",".470",".320","0.790","0.202","73","0","0","7","11","4.64","1","26",".261",".451",".339",".331",".315",".191",".390",".336","89.3","15.3",8.8,67.6,16.5,28.4,39.9,60.1,131,328,49.9,1156,78.7,7.9,401,1182,546,2318,83.5,130,786,50.1,1162,42.8,993,23.4,48.1,39.2,27.2,24.9,8.8
"Alexander, Tyler",641302,2025,"52","97.2",107,9,82,30,19.4,7.1,".277",".407",".331","0.738","0.130","54","1","2","5","14","4.98","4","5",".280",".438",".318",".332",".334",".158",".390",".355","88.5","16.6",5.8,67,15.1,27.7,39.2,60.8,80,204,46.4,736,71.2,7,254,976,0,1585,84.9,86,569,53.6,849,44.9,712,21.5,48.8,35.7,29.2,26,9.1
"Devenski, Chris",606965,2025,"13","16.2",10,1,14,5,21.5,7.7,".179",".304",".262","0.566","0.125","4","0","0","0","0","2.16","2","1",".221",".386",".252",".300",".300",".166",".332",".284","84.7","8",11.4,62.2,16.5,25.9,34.3,65.7,12,35,51.5,135,68.2,8.4,102,103,2,262,83.5,13,79,48.5,127,45.8,120,21.9,43.5,45.5,20.5,31.8,2.3
"Martinez, Nick",607259,2025,"40","165.2",158,22,116,42,17,6.1,".254",".435",".304","0.739","0.181","82","0","0","11","14","4.45","5","26",".257",".410",".317",".312",".308",".153",".348",".314","88.3","16.2",6.9,65.5,14.1,24.5,39,61,110,282,44.7,1153,72.5,8.9,510,1520,547,2578,85.9,132,933,55.3,1425,45.7,1178,19.9,47.1,39.3,27.7,24.9,8.1
"Buehler, Walker",621111,2025,"26","126.0",130,22,92,60,16.3,10.6,".265",".437",".357","0.794","0.172","69","0","0","10","7","4.93","0","24",".268",".450",".348",".355",".360",".182",".376",".330","87.9","11.8",9.5,65.6,11.7,25.7,36.6,63.4,108,295,52.5,1149,71.1,7.9,150,1283,609,2189,88.3,80,682,47.5,1040,39.7,870,19.2,44.6,42.5,24,27,6.5
"Tinoco, Jesus",622786,2025,"20","19.1",17,1,10,8,12.5,10,".239",".366",".316","0.682","0.127","11","4","2","2","1","5.12","4","0",".241",".354",".297",".294",".318",".113",".297",".281","88.1","12.8",1.6,57.6,9.6,31.3,28,72,14,50,52.6,160,58.3,7.9,46,128,130,304,90.4,8,83,47.4,144,46.7,142,16.5,43.8,45.2,16.1,27.4,11.3
"Walker, Ryan",676254,2025,"68","61.1",60,4,60,18,22.6,6.8,".254",".373",".326","0.699","0.119","28","17","7","5","7","4.11","9","0",".251",".368",".306",".305",".324",".117",".354",".334","87","5.9",5,58.4,15.9,26.1,36,64,45,125,47.1,479,68.4,9.6,0,636,382,1018,84.1,50,315,52.9,539,40,407,21.6,43.2,50,18.9,26.7,4.4
"Ribalta, Orlando",687377,2025,"22","24.1",28,6,25,17,20.8,14.2,".277",".505",".383","0.888","0.228","19","0","0","0","0","7.03","1","0",".247",".459",".383",".357",".358",".212",".394",".325","85.9","18.5",11.7,71.3,23.7,28.4,30.7,69.3,23,75,52.7,264,91.7,7.2,105,279,117,501,76.3,40,169,47.3,237,42.1,211,25.8,48.7,36.4,32.5,19.5,11.7
"Rodriguez, Eduardo",593958,2025,"29","154.1",178,25,143,60,20.6,8.6,".286",".475",".347","0.822","0.189","86","0","0","9","9","5.02","0","29",".259",".431",".353",".328",".324",".172",".381",".335","88.2","16.3",8.2,66.6,17.7,29.2,34.2,65.8,135,395,52.2,1351,84,6.3,529,1836,223,2589,82.3,146,825,47.8,1238,47.5,1231,23,47.1,38.9,23.9,27.4,9.8
"Ortiz, Luis",682847,2025,"16","88.2",80,12,96,42,25.1,11,".237",".386",".322","0.708","0.149","43","0","0","4","9","4.36","0","16",".247",".442",".312",".336",".332",".195",".407",".344","91.8","9.4",10.3,66.9,18.8,25,57.4,42.6,105,183,48.7,731,72.2,7.2,194,918,389,1501,81.2,97,515,51.3,770,43.6,654,28.9,46.5,46.9,24.3,23.5,5.3
"Moll, Sam",594580,2025,"23","18.1",16,4,22,10,27.2,12.3,".229",".471",".325","0.796","0.242","13","0","0","1","0","6.38","2","0",".205",".381",".344",".303",".305",".175",".360",".300","92.9","16.1",8.2,55.5,18.5,26.3,57.1,42.9,28,49,56,186,42.3,7.8,36,148,0,332,81.5,15,81,44,146,38.3,127,33.1,39.2,38.8,26.5,24.5,10.2
"Alexander, Scott",518397,2025,"21","17.2",23,5,8,9,9.9,11.1,".324",".662",".407","1.069","0.338","12","0","1","1","1","6.11","3","0",".318",".637",".449",".437",".402",".319",".452",".359","90.8","8.5",14.3,69.1,12.5,18.5,42.9,57.1,12,28,48.2,151,80,6.4,44,204,65,313,87.5,14,112,51.8,162,41.5,130,18.6,44.7,50.8,22.2,22.2,4.8
"Dobbins, Hunter",690928,2025,"13","61.0",61,6,45,17,17.6,6.6,".257",".401",".313","0.714","0.144","28","0","1","4","1","4.13","0","11",".242",".416",".310",".309",".298",".174",".345",".299","89.3","9.5",6.8,64.4,11.5,28.1,46.5,53.5,60,129,49.3,459,81,9,81,390,366,931,88.5,35,304,50.7,472,43.4,404,21.9,46.5,48.4,19.8,25.5,6.3
"Nelson, Ryne",669194,2025,"33","154.0",124,17,132,41,21.3,6.6,".217",".381",".273","0.654","0.164","58","1","1","7","3","3.39","1","23",".245",".411",".284",".308",".299",".166",".361",".317","91.4","14.3",7.5,70.8,15.6,27.8,38.5,61.5,125,325,47.5,1171,82.1,9.3,70,1828,568,2466,84.4,143,917,52.5,1295,43.3,1067,21.6,50.4,40,28.1,26.2,5.7
"Coulombe, Danny",543056,2025,"55","43.0",32,3,43,18,24.4,10.2,".205",".288",".286","0.574","0.083","11","2","0","2","1","2.30","9","1",".242",".381",".261",".309",".319",".139",".365",".331","87.5","17.2",5.2,67.9,20.3,36.2,39.4,60.6,56,142,54.5,392,82.4,7.1,0,568,20,719,79.7,45,222,45.5,327,44.2,318,27.7,50.6,41.7,25.2,24.3,8.7
"Chandler, Bubba",696149,2025,"7","31.1",25,2,31,4,25,3.2,".214",".333",".258","0.591","0.119","14","1","0","4","1","4.02","0","4",".231",".415",".260",".298",".275",".184",".374",".316","90.2","7.9",9.3,69.1,23.9,30.2,45.6,54.4,31,68,48.8,225,66.7,3.9,104,249,108,461,76.1,39,163,51.2,236,47.3,218,30.3,50.1,46.5,22.1,25.6,5.8
"Meyer, Max",676974,2025,"12","64.2",72,12,68,20,23.9,7,".276",".460",".330","0.790","0.184","34","0","0","3","5","4.73","0","12",".263",".453",".341",".337",".320",".191",".414",".355","91.9","8.7",9.2,64.8,15.7,27.7,58.5,41.5,79,135,47,488,75.3,9,180,373,365,1039,84.3,56,357,53,551,44.4,461,27.4,47.4,49.7,24.6,20.5,5.1
"Thompson, Ryan",657044,2025,"48","41.1",42,4,36,13,20.6,7.4,".263",".381",".326","0.707","0.118","18","1","3","3","2","3.92","17","0",".234",".381",".308",".296",".300",".147",".339",".302","89.9","7.8",8.1,62.4,15.5,35.9,41,59,50,122,52.2,340,71.4,7.5,2,384,264,650,84.5,30,194,47.8,311,41.6,271,25.3,48.6,49.2,21,25.8,4
"Santana, Dennis",642701,2025,"70","70.1",44,5,60,17,22.2,6.3,".179",".297",".237","0.534","0.118","17","16","3","4","5","2.18","13","0",".217",".403",".236",".292",".273",".186",".342",".283","88.9","15.9",10.5,65.5,16.9,34.6,51.3,48.7,80,156,45,451,70.8,8.9,64,473,465,1002,83.1,61,361,55,551,43.1,432,27.3,51.6,38.9,34.2,20.5,6.3
"Kelly, Merrill",518876,2025,"32","184.0",157,23,167,48,22.3,6.4,".226",".384",".277","0.661","0.158","72","0","0","12","9","3.52","0","32",".250",".431",".288",".316",".300",".181",".380",".329","90.2","13.8",9.2,67.1,14.8,32.8,41.6,58.4,201,483,52,1474,74.9,7.3,753,1609,471,2833,85.2,135,913,48,1360,46.6,1322,24.1,49.3,43.7,25.8,22.8,7.7
"Milner, Hoby",571948,2025,"73","70.1",68,5,58,21,19.8,7.2,".256",".380",".312","0.692","0.124","30","0","4","3","4","3.84","18","0",".235",".405",".298",".303",".297",".170",".349",".302","88.4","6.7",9,59.3,10.7,24.8,29,71,38,131,45.6,528,71.9,8.3,201,550,0,1157,89.3,40,373,54.4,629,44.3,512,15.5,43.6,53.8,24.1,18.9,3.3
"Brasier, Ryan",518489,2025,"28","26.0",27,2,20,5,19,4.8,".276",".408",".305","0.713","0.132","13","0","0","0","1","4.50","4","1",".299",".451",".306",".340",".331",".152",".403",".372","88.9","9.4",6.3,71.6,15.8,30.5,32.8,67.2,20,61,49.5,200,78.8,8.2,0,262,142,404,84.2,23,146,50.5,204,41.8,169,20.8,51.2,40,22.5,31.3,6.3
"Olson, Reese",681857,2025,"13","68.2",58,5,65,25,22.8,8.8,".228",".335",".310","0.645","0.107","24","0","0","4","4","3.15","0","13",".244",".391",".287",".313",".324",".147",".364",".329","91.5","12",7.4,62.5,14.8,30.4,53.5,46.5,106,198,56.3,652,77.3,5.7,300,540,314,1159,85.2,47,317,43.7,507,41,475,29.7,44.4,43.2,28.4,24.2,4.2
"Feltner, Ryan",663372,2025,"6","30.1",33,4,25,12,18.5,8.9,".270",".443",".333","0.776","0.173","16","0","0","0","2","4.75","0","6",".225",".349",".336",".284",".293",".124",".307",".281","90","11.1",4.1,70.3,16.7,27.4,50.7,49.3,37,73,51,266,78.8,6.3,97,239,122,522,83.3,30,180,49,256,40.6,212,26.5,48.5,48,28.6,18.4,5.1
"Lazar, Max",676661,2025,"36","41.1",41,7,26,12,15.3,7.1,".261",".452",".312","0.764","0.191","22","1","0","1","1","4.79","1","0",".309",".505",".329",".371",".358",".196",".415",".370","92.6","13.7",9.8,62.8,10.9,25.5,48,52,36,75,45.5,294,73.3,9.3,21,456,169,646,89.1,24,221,54.5,352,41.5,268,20.3,45.8,37.9,25,31.1,6.1
"Duran, Jhoan",661395,2025,"72","70.0",58,3,80,19,27.9,6.6,".221",".285",".279","0.564","0.064","16","32","5","7","6","2.06","1","0",".210",".297",".248",".248",".269",".087",".312",".299","89.4","-2.4",4.3,72.7,19.8,32.8,56.4,43.6,97,172,48.8,524,80.7,7.7,429,376,205,1073,80.2,79,399,51.2,549,44.7,480,30.8,53.2,65.4,15.1,17.8,1.6
"Borucki, Ryan",621366,2025,"39","35.0",29,4,32,16,22.1,11,".232",".392",".319","0.711","0.160","18","0","3","1","3","4.63","7","0",".264",".433",".310",".341",".351",".170",".397",".353","87.3","7.9",8.3,67.2,19.7,26.7,53.7,46.3,44,82,51.7,307,74.1,9.8,103,156,244,594,80.3,38,193,48.3,287,40.2,239,29.8,46.3,58.3,15.6,18.8,7.3
"O'Brien, Riley",676617,2025,"42","48.0",33,2,45,22,22.6,11.1,".196",".274",".313","0.587","0.078","11","6","3","3","1","2.06","6","0",".234",".306",".270",".298",".346",".073",".318",".318","85.8","4.8",3.2,63,11.5,29.1,50,50,58,116,52.6,399,81.6,6.5,1,366,230,758,88.5,26,226,47.4,359,46,349,24.6,45.1,55.2,15.2,24,5.6
"Hill, Tim",657612,2025,"70","67.0",58,8,37,16,13.8,5.9,".231",".363",".276","0.639","0.132","23","0","0","4","4","3.09","15","0",".241",".384",".274",".288",".287",".143",".313",".283","90","-2.2",7.9,71.9,13.5,34.5,23.1,76.9,34,147,47.4,426,68.6,7.8,0,860,39,899,86.5,46,340,52.6,473,42.4,381,16.4,54.2,64.2,18.1,15.8,1.9
"Eflin, Zach",621107,2025,"14","71.1",88,18,50,13,16.2,4.2,".304",".557",".336","0.893","0.253","47","0","0","6","5","5.93","0","14",".266",".469",".378",".327",".299",".203",".372",".318","89.6","11.4",9.4,67.4,13.4,32.1,36.2,63.8,64,177,48.9,551,72.5,7.1,185,601,189,1127,86.6,52,388,51.1,576,45.5,513,20.5,50.1,42.2,29.5,24.6,3.7
"Fedde, Erick",607200,2025,"32","141.0",147,19,83,67,13.3,10.8,".269",".440",".351","0.791","0.171","86","0","0","4","13","5.49","1","24",".275",".461",".344",".355",".357",".186",".368",".324","90.2","14.9",7.9,65.2,11.6,24.8,34,66,102,300,51,1208,75.9,7.9,281,1473,0,2369,88.4,88,758,49,1162,43.1,1021,18,44.7,42.1,26.6,23.6,7.7
"Ross, Joe",605452,2025,"37","51.0",57,8,39,18,17.1,7.9,".282",".495",".344","0.839","0.213","29","0","2","2","1","5.12","1","1",".286",".520",".356",".373",".351",".234",".422",".352","89.3","11",11.9,72.2,19.2,26.2,32.4,67.6,34,105,46.5,401,81.5,7.5,72,553,237,862,80.8,64,333,53.5,461,44.1,380,22.4,50.8,46.4,25,23.8,4.8
"Armstrong, Shawn",542888,2025,"71","74.0",40,5,74,20,26.1,7,".157",".264",".232","0.496","0.107","19","9","3","4","3","2.31","12","2",".202",".339",".224",".272",".274",".137",".322",".282","88","19.1",7.1,66.7,20.3,24.5,37.9,62.1,47,124,45.3,506,78.6,8.8,0,856,0,1118,79.7,83,408,54.7,612,41.1,460,24.4,47.6,35.9,33.7,20.1,10.3
"Abbott, Andrew",671096,2025,"29","166.1",148,19,149,43,21.8,6.3,".235",".374",".285","0.659","0.139","53","0","0","10","7","2.87","0","29",".233",".385",".288",".294",".286",".152",".347",".306","87.8","19.3",8,69,18.2,30.2,37.6,62.4,149,396,48.9,1310,80.2,6.8,526,1378,404,2677,81.8,172,943,51.1,1367,45.7,1224,24,50,32.9,32.9,23.5,10.6
"Smith, Cade",671922,2025,"76","73.2",55,4,104,19,34.7,6.3,".201",".328",".261","0.589","0.127","24","16","6","8","5","2.93","19","0",".201",".299",".255",".248",".263",".098",".346",".323","89.2","15.8",4,70.3,26.8,32.4,52.2,47.8,95,182,47.5,562,79.8,7.1,251,826,0,1182,73.2,117,436,52.5,620,44.7,528,34.3,52.3,36.4,27.2,30.1,6.4
"Bernardino, Brennan",657514,2025,"55","51.2",39,1,43,27,19.1,12,".205",".263",".309","0.572","0.058","18","1","0","4","3","3.14","2","3",".210",".326",".256",".287",".318",".115",".302",".273","87.6","9.5",7.3,61,9.4,26,42.6,57.4,46,108,49.9,416,80.9,8.2,104,476,253,833,90.6,24,255,50.1,418,41.8,349,19.3,43.6,50.3,21.9,18.5,9.3
"Vest, Will",676684,2025,"64","68.2",61,4,75,22,26.4,7.7,".236",".328",".297","0.625","0.092","23","23","7","6","5","3.01","3","0",".217",".315",".277",".266",".281",".098",".323",".306","88.8","6.1",4.3,66.1,18.1,29.9,45.9,54.1,78,170,50,568,81.9,6.3,80,786,271,1137,81.9,68,376,50,569,44.3,504,26.7,48,58.1,18.3,18.8,4.8
"Strowd, Kade",669704,2025,"25","26.1",16,1,24,13,22.9,12.4,".178",".222",".286","0.508","0.044","5","0","0","0","1","1.71","5","0",".192",".259",".241",".262",".299",".067",".266",".260","86","4.7",1.5,65.5,14.5,30.6,52.4,47.6,33,63,50.7,206,72.2,8.9,0,303,52,406,85.5,19,131,49.3,200,44.3,180,26.8,47.8,56.7,20.9,19.4,3
"Evans, Logan",688138,2025,"16","81.1",82,13,59,31,16.9,8.9,".262",".447",".335","0.782","0.185","39","0","1","6","5","4.32","0","15",".272",".466",".339",".350",".344",".194",".385",".334","89.9","13.6",10.5,63.6,12.3,25.2,38.7,61.3,63,163,48.4,648,75.5,7.3,163,729,131,1338,87.7,54,439,51.6,690,42.3,566,19.4,45,40.2,25,28.5,6.3
"Williams, Trevor",592866,2025,"17","82.2",106,11,65,21,17.4,5.6,".310",".477",".347","0.824","0.167","57","0","0","3","10","6.21","0","17",".277",".435",".352",".330",".321",".158",".376",".339","90","18.1",8.4,66.6,14,26.5,34.7,65.3,66,190,49.6,718,80.2,7.3,186,737,127,1448,86,68,486,50.4,730,45.2,654,19.8,46.7,35.1,30.5,27.7,6.7
"Strider, Spencer",675911,2025,"23","125.1",124,20,131,51,24.3,9.5,".261",".453",".340","0.793","0.192","62","0","0","7","14","4.45","0","23",".253",".455",".344",".341",".333",".202",".409",".346","91.3","14.8",10.6,69.4,17.5,28.8,58,42,189,326,53.6,1132,82.4,7.3,97,1081,932,2110,82.5,119,679,46.4,978,42.8,903,30.6,47.6,37.5,31.5,26.1,4.9
"Rodríguez, Randy",678495,2025,"50","50.2",34,4,67,11,33.8,5.6,".187",".286",".247","0.533","0.099","10","4","3","3","5","1.78","13","0",".188",".308",".239",".251",".251",".120",".338",".299","87","17.7",7.8,66.7,23.2,30.7,50.4,49.6,59,117,47.2,381,76.7,7.4,0,448,360,808,76.8,66,285,52.8,427,43.9,355,31.1,49.8,37.1,31,21.6,10.3
"Hall, DL",669084,2025,"20","38.2",24,2,27,17,17.4,11,".174",".275",".265","0.540","0.101","15","0","0","1","0","3.49","1","3",".222",".352",".246",".294",".307",".131",".304",".275","88","15",6.3,65.8,13.9,20.6,39.7,60.3,23,58,47.8,281,80.6,11.4,104,319,165,588,86.1,28,202,52.2,307,42,247,19.6,44.2,36.9,28.8,29.7,4.5
"Henriquez, Edgardo",683618,2025,"22","19.0",17,2,18,5,23.1,6.4,".236",".361",".282","0.643","0.125","5","1","2","2","1","2.37","5","0",".216",".376",".280",".286",".269",".161",".343",".291","88.2","10.8",9.1,72,20.4,28.7,54.1,45.9,20,37,46.2,129,77.3,7.9,0,214,65,279,79.6,22,108,53.8,150,45.5,127,29,52,47.3,23.6,20,9.1
"deGrom, Jacob",594798,2025,"30","172.2",122,26,185,37,27.7,5.5,".196",".354",".242","0.596","0.158","57","0","0","12","8","2.97","0","30",".221",".391",".259",".286",".268",".170",".369",".314","90.1","16",9.2,70.9,19.6,32.4,53.6,46.4,226,422,49.8,1303,80.2,7.2,295,1203,1116,2614,80.4,182,930,50.2,1311,44.1,1152,30.2,51.7,38.1,33.1,22.3,6.5
"Adams, Travis",701519,2025,"18","33.2",39,6,31,17,19.6,10.8,".295",".515",".376","0.891","0.220","28","0","2","1","4","7.49","2","2",".293",".505",".378",".393",".384",".212",".451",".380","88.9","16.3",12.3,69.5,19.6,25.9,40,60,36,90,52.5,348,85.4,6.2,111,392,160,663,80.4,43,219,47.5,315,39.8,264,25.6,46.6,33,32.1,30.2,4.7
"Kochanowicz, Jack",686799,2025,"23","111.0",136,21,72,58,14.1,11.3,".309",".489",".393","0.882","0.180","84","0","0","3","11","6.81","0","23",".287",".469",".379",".368",".378",".182",".386",".342","92.1","6.9",9.3,69.1,12.1,26.9,42.2,57.8,108,256,51.1,950,77.6,8.2,261,1221,275,1859,87.9,76,628,48.9,909,43.3,805,20.8,47.6,52.5,23.5,20,4
"Finnegan, Kyle",640448,2025,"56","57.0",45,4,55,18,24,7.9,".221",".348",".283","0.631","0.127","22","24","7","4","4","3.47","3","0",".226",".338",".273",".278",".291",".112",".332",".307","90.4","11.5",7.8,67.6,18.1,27.5,45.1,54.9,46,102,43.9,371,81.9,8.5,314,493,39,846,81.9,58,321,56.1,475,44.4,376,24.6,50,49.4,22.7,22.1,5.8
"Luzardo, Jesús",666200,2025,"32","183.2",167,16,216,57,28.5,7.5,".240",".356",".299","0.655","0.116","80","0","0","15","7","3.92","0","32",".228",".355",".290",".285",".290",".127",".363",".331","88.5","13.1",6.6,64.7,20.5,30.4,53.3,46.7,242,454,49.5,1491,72.3,8,521,1327,232,3013,79.5,202,986,50.5,1523,43.2,1302,30.8,47.8,42.7,25.3,25.3,6.6
"Dreyer, Jack",676263,2025,"67","76.1",56,4,74,24,24.1,7.8,".203",".312",".263","0.575","0.109","25","4","2","3","2","2.95","10","5",".200",".330",".247",".257",".264",".130",".310",".273","90.3","17",5.3,72.5,18.7,26.6,52.1,47.9,73,140,46,527,77.4,9.2,0,517,629,1146,81.3,84,449,54,619,40.1,459,26.7,51.4,39.2,28.7,22,10
"Wilson, Steven",621051,2025,"59","55.1",50,7,51,22,21.2,9.1,".239",".373",".311","0.684","0.134","21","2","7","2","2","3.42","10","0",".236",".382",".296",".302",".312",".145",".341",".304","89.6","24.9",5.5,69.2,20.3,24.5,38.3,61.7,44,115,48.3,470,81,6.5,71,335,0,974,79.7,71,349,51.7,504,45.7,445,24.8,47.6,26.1,36.4,26.7,10.9
"Roupp, Landen",694738,2025,"22","106.2",113,11,102,45,21.4,9.5,".268",".400",".340","0.740","0.132","45","0","0","7","7","3.80","0","22",".248",".408",".325",".319",".323",".161",".366",".325","88.4","9.8",8.9,60.5,16.8,28.8,40.9,59.1,115,281,52.7,976,70.2,6.2,316,875,660,1851,83.2,89,529,47.3,875,44.6,825,25.2,43.8,46,24.2,24.8,4.9
"Ragans, Cole",666142,2025,"13","61.2",53,7,98,20,38.1,7.8,".228",".384",".293","0.677","0.156","32","0","0","3","3","4.67","0","13",".187",".321",".295",".256",".256",".135",".370",".320","88.4","16.6",9.5,68.1,28.2,29.8,51,49,79,155,48.3,521,77.3,8.2,207,585,287,1079,71.8,107,380,51.7,558,40.8,440,34.8,49.6,37.2,27,25.5,10.2
"Brieske, Beau",689225,2025,"22","22.0",24,5,16,12,15.5,11.7,".273",".489",".353","0.842","0.216","16","1","1","1","3","6.55","5","1",".217",".383",".357",".313",".322",".166",".324",".281","89.4","15.6",8,71.9,16.5,20.9,34.8,65.2,16,46,54.3,220,93.5,7.7,100,264,41,405,83.5,22,133,45.7,185,42,170,21.2,44.2,40,32,18.7,9.3
"Montero, Keider",672456,2025,"20","90.2",95,16,72,31,18.5,8,".268",".445",".330","0.775","0.177","44","0","0","5","3","4.37","0","12",".260",".446",".337",".333",".323",".186",".377",".327","89.1","14.5",8.1,64.5,12.4,28.3,39.4,61.1,76,193,46.3,682,77.4,7.8,189,746,537,1473,87.6,63,510,53.7,791,44.7,659,19.8,47.7,41.2,27.1,25.4,6.3
"Gausman, Kevin",592332,2025,"32","193.0",155,21,189,50,24.4,6.5,".216",".358",".269","0.627","0.142","77","0","0","10","11","3.59","0","32",".238",".407",".273",".301",".289",".169",".371",".322","89.3","16.5",8.5,70.8,18.1,31.7,45.6,54.4,215,471,49,1486,82.9,7.2,1138,1630,262,3030,81.9,198,1093,51,1544,44.4,1344,26.4,51.6,37.3,29.8,26,7
"Ramírez, Yohan",670990,2025,"24","33.1",33,4,45,16,29,10.3,".246",".396",".342","0.738","0.150","20","0","1","3","3","5.40","1","0",".234",".409",".324",".328",".334",".176",".414",".353","89.7","13.5",13.3,68.7,16.2,27.4,53.2,46.8,41,77,46.5,281,82.8,9.6,0,326,131,604,83.8,36,222,53.5,323,42.2,255,25.8,49.5,37.8,28.9,28.9,4.4
"Woodruff, Brandon",605540,2025,"12","64.2",45,9,83,14,32.3,5.4,".188",".331",".242","0.573","0.143","23","0","0","7","2","3.20","0","12",".171",".299",".252",".233",".226",".128",".306",".262","87.9","24.6",7.1,68.1,24.3,27.1,40.2,59.8,45,112,42.8,413,78.8,8.3,170,746,36,964,75.7,91,375,57.2,551,45.3,437,27.9,50.5,34,33.3,16.7,16
"Gonsolin, Tony",664062,2025,"7","36.0",33,9,38,18,24.2,11.5,".244",".467",".346","0.813","0.223","20","0","0","3","2","5.00","0","7",".237",".470",".354",".351",".339",".233",".414",".329","91.2","16.3",11.2,63.1,21.8,24.4,52.7,47.3,39,74,49.8,303,75,7.9,163,245,201,609,78.2,42,193,50.2,306,40.2,245,30.3,43.8,40.8,31.6,20.4,7.1
"Burrows, Mike",681347,2025,"23","96.0",88,13,97,31,24.1,7.7,".243",".392",".308","0.700","0.149","42","0","0","2","4","3.94","1","19",".248",".425",".305",".322",".314",".178",".389",".336","89.2","13.8",10.8,67.6,19.9,27.6,46.3,53.7,93,201,47.4,728,79,7.7,365,689,483,1537,80.1,109,547,52.6,809,43.2,664,27,48.7,41.3,25.3,26.8,6.7
"Orze, Eric",679358,2025,"33","41.2",38,4,40,19,22.5,10.7,".244",".378",".337","0.715","0.134","14","3","1","1","1","3.02","1","0",".214",".356",".317",".297",".313",".142",".328",".290","86.9","17.3",7.8,70.3,20.7,27.8,45.5,54.5,40,88,46.5,317,75,8.2,330,174,177,681,79.3,53,256,53.5,364,43.5,296,27,50.5,38.8,20.7,27.6,12.9
"Márquez, Germán",608566,2025,"26","126.1",168,23,83,48,14,8.1,".317",".545",".378","0.923","0.228","94","0","0","3","16","6.70","0","26",".287",".504",".393",".366",".351",".218",".394",".337","91.7","15.6",11.1,68.7,9.8,26.2,42.9,57.1,114,266,48.7,1016,86.1,8.6,50,1150,885,2085,90.1,72,734,51.3,1069,41.8,871,18.6,48,36.9,28.5,28.1,6.6
"Cruz, Steven",674444,2025,"47","45.2",36,5,38,18,20.1,9.5,".213",".343",".291","0.634","0.130","19","0","0","3","1","3.74","9","0",".221",".357",".280",".289",".298",".136",".317",".283","88.8","14.9",5.3,71.7,19,22.3,46,54,29,63,43.9,282,81.8,10.3,0,486,156,642,81,49,258,56.1,360,38,244,24.3,50,40.2,27.3,23.5,9.1
"Mederos, Victor",682989,2025,"5","17.0",18,4,14,12,17.3,14.8,".277",".585",".407","0.992","0.308","14","0","0","0","2","7.41","0","3",".226",".429",".417",".351",".367",".203",".345",".283","91","16.6",9.6,66,17.5,19.6,38.7,61.3,12,31,50.3,158,82.8,9.2,17,153,81,314,82.5,18,103,49.7,156,41.7,131,22.4,42.7,32.7,30.8,28.8,7.7
"Mazur, Adam",800049,2025,"6","30.0",33,4,19,12,13.7,8.6,".264",".424",".331","0.755","0.160","16","0","0","0","4","4.80","0","6",".272",".459",".329",".346",".340",".187",".366",".320","87.5","12.1",8.4,68,16.1,27.9,36.9,63.1,24,65,47.6,233,72.7,9,41,195,193,489,83.9,28,174,52.4,256,44,215,21.8,48.9,43,29,23.4,4.7
"Bradish, Kyle",680694,2025,"6","32.0",23,3,47,10,37.3,7.9,".200",".296",".270","0.566","0.096","9","0","0","1","1","2.53","0","6",".210",".341",".255",".275",".279",".131",".397",".355","89.8","20.3",8.8,59.8,22.6,31.2,57.7,42.3,45,78,50.6,250,67.5,8.1,0,273,221,494,77.4,33,146,49.4,244,42.9,212,34.8,45.3,33.8,23.5,30.9,11.8
"Lee, Chase",695445,2025,"32","37.1",32,7,36,9,24.3,6.1,".239",".478",".291","0.769","0.239","17","0","1","4","1","4.10","4","0",".266",".508",".322",".346",".316",".242",".435",".354","90.7","14.7",13.9,65.2,16.5,21.1,36.7,63.3,22,60,47.3,284,70.2,7.8,36,355,0,600,83.5,34,206,52.7,316,43.5,261,21.1,44.3,35.6,33.7,26.7,4
"Skubal, Tarik",669373,2025,"31","195.1",141,18,241,33,32.2,4.4,".200",".319",".240","0.559","0.119","48","0","0","13","6","2.21","0","31",".206",".344",".245",".258",".246",".138",".356",".312","86.1","12.7",8.1,70.9,24.9,35.1,51.3,48.7,231,450,45,1282,84.1,8.4,898,1516,435,2849,75.1,277,1111,55,1567,43.3,1235,32.5,54.8,41.6,27.3,23.5,7.7
"Schreiber, John",670167,2025,"74","64.0",57,10,62,19,23.4,7.2,".234",".414",".292","0.706","0.180","27","1","4","3","3","3.80","23","0",".245",".416",".305",".311",".303",".171",".378",".329","88.5","15.2",9.3,67,19.6,26.3,34.4,65.6,45,131,47.6,498,74,7.4,21,730,0,1047,80.4,72,368,52.4,549,43.6,456,23.4,47.7,39.9,27.9,23.5,8.7
"Kirby, George",669923,2025,"23","126.0",121,15,137,29,26.1,5.5,".252",".392",".300","0.692","0.140","59","0","0","10","8","4.21","0","23",".249",".399",".300",".306",".300",".150",".386",".346","90.6","11.7",8.5,68.4,17.1,29.8,48.6,51.4,151,311,50.1,1045,75.3,7.2,102,1160,824,2086,82.9,122,712,49.9,1041,44.1,919,26.7,49,44.4,23.4,26.8,5.4
"Jarvis, Bryce",686826,2025,"12","22.0",23,3,21,10,21.4,10.2,".267",".465",".347","0.812","0.198","14","1","0","0","0","5.73","1","0",".222",".383",".351",".314",".313",".161",".351",".298","91.1","19.4",7.6,57.5,13.1,20.8,43.9,56.1,18,41,48.2,197,72.4,7.1,87,217,105,409,86.9,16,122,51.8,212,41.8,171,20.9,39.9,33.3,25.8,25.8,15.2
"Greene, Hunter",668881,2025,"19","107.2",75,15,132,26,31.4,6.2,".192",".368",".246","0.614","0.176","33","0","0","7","4","2.76","0","19",".202",".373",".267",".273",".255",".171",".367",".305","90.4","20.2",9.6,70.8,23,32.4,53.5,46.5,137,256,45.3,791,76.6,8.3,188,947,613,1748,77,156,678,54.7,957,42.1,736,31.4,53.4,34.2,31.9,22.7,11.2
"Liberatore, Matthew",669461,2025,"29","151.2",158,19,122,40,18.8,6.2,".266",".423",".313","0.736","0.157","71","0","0","8","12","4.21","0","29",".272",".465",".318",".340",".322",".192",".394",".341","90.6","15.3",10.6,66,11.6,29.5,40.2,59.8,138,343,48.7,1163,74.5,7.7,291,1231,864,2388,88.4,94,808,51.3,1225,42.9,1025,20.2,48.2,39,27.4,26.8,6.8
"Festa, Matt",670036,2025,"63","54.2",44,4,56,15,24.8,6.6,".221",".322",".288","0.610","0.101","25","0","2","5","4","4.12","12","0",".232",".341",".268",".290",".304",".109",".351",".325","87.4","13.2",6,69.1,21.4,28.2,46.5,53.5,46,99,43,351,76.7,8.9,0,505,0,817,78.6,69,322,57,466,40.9,334,27.3,51.5,42.7,23.3,28,6
"Anderson, Tyler",542881,2025,"26","136.1",135,28,104,57,17.4,9.5,".253",".477",".326","0.803","0.224","69","0","0","2","8","4.56","0","26",".254",".480",".341",".345",".328",".226",".383",".313","88","21",11,69.2,17.8,29.8,40.8,59.2,146,358,51.4,1202,78.7,6.6,795,1457,87,2339,82.2,140,787,48.6,1137,44.9,1050,25,49,29.4,34.9,25.5,10.1
"Ashcraft, Braxton",677952,2025,"26","69.2",63,3,71,24,24.3,8.2,".239",".341",".306","0.647","0.102","21","0","1","4","4","2.71","4","8",".235",".350",".286",".289",".303",".115",".343",".321","88","9.1",4.6,68.4,17.2,29.4,50.3,49.7,76,151,46.6,514,73.1,9.4,36,490,576,1102,82.8,69,402,53.4,588,43.3,477,26.2,50.2,50.8,22.1,23.1,4.1
"Hanifee, Brenan",669724,2025,"54","60.0",65,3,40,14,15.4,5.4,".267",".379",".312","0.691","0.112","20","0","1","3","3","3.00","10","0",".271",".418",".299",".315",".315",".147",".351",".324","90.5","4.1",6.9,63.7,9.6,23.9,36.2,63.8,38,105,46.4,439,67.4,10,40,706,200,946,90.4,31,323,53.6,507,41.3,391,16.1,45.2,55.4,17.6,23.5,3.4
"Jansen, Kenley",445276,2025,"62","59.0",37,8,57,19,24.4,8.1,".175",".321",".245","0.566","0.146","17","29","1","5","4","2.59","0","0",".213",".425",".246",".301",".280",".212",".366",".290","91.5","25.4",8.9,75.9,22,28.6,39.6,60.4,42,106,42.7,371,89.4,10.8,0,787,53,869,78,83,378,57.3,498,43.7,380,25.8,55.7,28.7,43.3,16.6,11.5
"Hill, Jaden",677955,2025,"28","29.1",27,2,31,12,24,9.3,".243",".378",".326","0.704","0.135","11","0","0","1","1","3.38","3","0",".217",".332",".309",".285",".304",".115",".317",".292","86.4","11.7",2.4,69.7,16.5,30.6,48,52,36,75,50.1,245,81.6,7.8,120,249,119,489,83.5,28,170,49.9,244,40.9,200,26.1,50.1,44.6,25.3,26.5,3.6
"Enright, Nic",663671,2025,"27","31.0",24,3,30,12,23.6,9.4,".212",".319",".299","0.618","0.107","7","1","1","2","1","2.03","3","0",".231",".365",".279",".303",".315",".135",".346",".314","87.8","19.9",6,75.1,17.9,29.7,45.8,54.2,38,83,52.4,279,83.3,7.9,1,353,178,532,82.1,34,190,47.6,253,42.1,224,26.4,51.3,33.7,30.1,25.3,10.8
"Gordon, Colton",676467,2025,"20","86.0",103,21,72,19,19,5,".293",".543",".329","0.872","0.250","51","1","0","6","4","5.34","0","14",".266",".471",".367",".332",".307",".205",".392",".334","89","19.3",11.5,68.8,11.9,27.6,37.1,62.9,66,178,44.4,644,81.1,9.1,114,752,148,1451,88.1,66,555,55.6,807,42.7,620,18,50.5,32.9,28.7,29,9.4
"Tolle, Payton",801139,2025,"7","16.1",18,5,19,8,25.7,10.8,".277",".538",".351","0.889","0.261","11","0","0","0","1","6.06","0","3",".253",".426",".377",".334",".336",".173",".407",".358","88.5","15.2",6.4,78.6,25,20.6,55.6,44.4,15,27,43.1,131,92.1,12.5,21,236,47,304,75,34,136,56.9,173,42.1,128,30.1,53.6,31.9,25.5,36.2,6.4
"Hodge, Porter",687863,2025,"36","33.0",34,9,40,18,27.2,12.2,".268",".543",".354","0.897","0.275","23","2","3","2","2","6.27","8","0",".232",".400",".377",".317",".326",".168",".388",".337","89.3","14.2",9,63.2,15.3,29.3,51.1,48.9,47,92,50.3,314,70,8,3,314,108,624,84.7,30,196,49.7,310,43.6,272,26.7,46.2,38.2,31.5,25.8,4.5
"Treinen, Blake",595014,2025,"32","26.2",30,4,36,19,27.9,14.7,".280",".439",".395","0.834","0.159","16","2","3","2","7","5.40","10","0",".213",".352",".358",".301",".340",".139",".358",".317","86.6","17.9",6.9,60.7,13.5,33.7,45.6,54.4,41,90,52.3,267,59.1,8.6,0,270,0,511,86.5,20,148,47.7,244,42.1,215,25.6,46.6,34.7,30.6,27.8,6.9
"Weaver, Luke",596133,2025,"64","64.2",46,10,72,20,27.5,7.6,".195",".364",".258","0.622","0.169","26","8","4","4","4","3.62","21","0",".193",".359",".269",".269",".258",".166",".333",".276","90","22",8.3,73.2,25.5,32.8,42.9,57.1,75,175,50.9,534,81.3,7.1,313,719,17,1049,74.5,96,377,49.1,515,46.1,484,31,52.6,27.4,39.9,23.2,9.5
"Harris, Hogan",663687,2025,"48","64.2",54,5,65,33,23.5,11.9,".226",".339",".319","0.658","0.113","23","4","0","2","1","3.20","3","0",".240",".353",".289",".305",".334",".114",".352",".329","88","14.9",5.6,63.9,17.5,24.1,40,60,50,125,46,518,70.4,9.6,148,668,274,1125,82.5,68,388,54,607,43,484,23,45.6,34.8,28.7,30.3,6.2
"Alcantara, Sandy",645261,2025,"31","174.2",165,22,142,57,19.1,7.7,".247",".404",".310","0.714","0.157","104","0","0","11","12","5.36","0","31",".262",".437",".311",".332",".326",".175",".375",".330","90.7","9.4",8.6,67.9,13.7,29,39.9,60.1,158,396,47.3,1366,77.2,7.9,671,1727,493,2891,86.3,142,1036,52.7,1525,43.3,1252,20.9,49.5,46.6,24.1,24.6,4.7
"Crismatt, Nabil",622503,2025,"8","34.0",40,6,25,9,16.3,5.9,".282",".465",".327","0.792","0.183","14","0","0","3","0","3.71","0","5",".280",".436",".340",".331",".325",".156",".370",".337","87.9","11.2",5.1,61,15.2,33.2,39.8,60.2,35,88,49.6,265,66.7,7.3,203,218,113,534,84.8,25,164,50.4,269,45.9,245,23.8,47.2,45.8,24.6,25.4,4.2
"Montas, Frankie",593423,2025,"9","38.2",48,8,32,14,18,7.9,".298",".534",".356","0.890","0.236","27","0","0","3","2","6.28","0","7",".279",".483",".380",".353",".339",".204",".401",".347","88.5","14.6",11.5,69,16.5,30.3,38.9,61.1,44,113,52.7,373,80.4,7.9,146,374,111,708,83.5,38,231,47.3,335,43.6,309,23.8,48.6,41.2,28.2,23.7,6.9
"Bautista, Félix",642585,2025,"35","34.2",16,3,50,23,35.2,16.2,".134",".244",".275","0.519","0.110","10","19","1","1","1","2.60","0","0",".151",".278",".246",".264",".289",".127",".312",".261","87.9","9.4",8.7,68.9,27.1,24.9,56,44,47,84,53.9,338,71.8,6.2,179,389,58,627,72.9,54,199,46.1,289,42.4,266,35.7,45.1,50.7,17.4,18.8,13
"Manaea, Sean",640455,2025,"15","60.2",62,13,75,12,28.5,4.6,".257",".473",".310","0.783","0.216","38","0","0","2","4","5.64","0","12",".240",".422",".337",".311",".295",".182",".406",".347","89.8","17.3",8.9,69.4,20.4,30.8,45.3,54.7,67,148,43.9,481,73.7,10.4,61,663,0,1095,79.6,87,426,56.1,614,42.5,465,26.8,52.4,37.9,24.9,26.6,10.7
"Mears, Nick",683232,2025,"63","56.2",42,7,46,14,20.7,6.3,".213",".371",".258","0.629","0.158","22","1","6","5","3","3.49","17","0",".259",".466",".266",".325",".304",".207",".386",".326","90.4","16.6",10.6,71.8,14.7,33.5,52.8,47.2,66,125,44.1,373,85.7,8.3,0,452,393,845,85.3,50,339,55.9,472,45.4,384,25,54.9,34.8,34.8,23.6,6.8
"Martin, Corbin",656686,2025,"17","18.0",22,4,23,9,25.8,10.1,".289",".539",".379","0.918","0.250","12","2","0","1","0","6.00","1","0",".252",".426",".394",".340",".347",".174",".413",".362","91.6","11.9",10.9,64.4,21.9,25.4,53.5,46.5,23,43,50.9,169,89.5,5.7,10,147,175,332,78.1,23,105,49.1,163,39.5,131,31.1,44.6,50.9,23.6,21.8,3.6
"Misiorowski, Jacob",694819,2025,"15","66.0",51,8,87,30,32,11,".213",".360",".309","0.669","0.147","32","0","0","5","3","4.36","0","14",".202",".345",".298",".288",".299",".143",".365",".318","89","15.9",7.9,67.5,21.4,28.5,53,47,80,151,45.4,529,80.4,7.9,69,642,453,1164,78.6,92,429,54.6,636,44.2,515,29.7,49.8,34.9,28.3,30.3,6.6
"Peguero, Joel",666711,2025,"17","22.1",15,2,17,8,19.8,9.3,".197",".316",".271","0.587","0.119","6","0","0","3","1","2.42","4","0",".204",".370",".256",".289",".288",".166",".324",".274","89.7","7.7",6.6,69.1,18.4,23.3,34.3,65.7,12,35,47.6,150,60,7.9,0,211,104,315,81.6,21,114,52.4,165,41.9,132,22.1,47.3,54.1,29.5,16.4,0
"Paddack, Chris",663978,2025,"33","158.0",166,31,112,37,16.7,5.5,".268",".483",".308","0.791","0.215","94","1","0","5","12","5.35","0","28",".274",".488",".336",".344",".316",".214",".391",".331","90.7","16.3",10.2,71.1,15.3,31.7,32.5,67.5,133,409,50.3,1290,76.8,6.5,602,1427,536,2565,84.7,139,907,49.7,1275,46.7,1198,20.7,51.3,37.5,28.2,24.5,9.8
"Detmers, Reid",672282,2025,"61","63.2",58,6,80,25,30.1,9.4,".244",".357",".320","0.677","0.113","28","3","5","5","3","3.96","13","0",".231",".363",".295",".296",".311",".132",".387",".350","90.1","9.9",8.2,63.4,22.6,33.9,54.4,45.6,93,171,46.5,504,74.4,7.6,1,515,567,1084,77.4,83,368,53.5,580,45,488,32.7,49.7,45.3,23.3,27.7,3.8
"Blalock, Bradley",687134,2025,"14","58.2",85,17,27,23,9.8,8.4,".350",".597",".405","1.002","0.247","61","0","0","2","6","9.36","0","12",".322",".591",".423",".409",".383",".269",".427",".357","91.4","12.8",12.2,71.2,9.9,23.2,34.7,65.3,41,118,49.3,509,82.3,7.6,157,581,295,1033,90.1,37,373,50.7,524,40.4,417,15.9,47.5,40.5,31.1,25.7,2.7
"Green, Chad",643338,2025,"45","43.2",51,14,35,13,18.4,6.8,".291",".566",".347","0.913","0.275","27","1","0","3","2","5.56","7","0",".268",".558",".385",".371",".326",".289",".433",".336","92.3","18.3",16.4,73.7,14.8,27.8,43.9,56.1,43,98,49.6,352,89.5,8,0,372,337,710,85.2,39,264,50.4,358,42.3,300,22.7,51,33.6,35,20,11.4
"Ginkel, Kevin",656464,2025,"29","25.2",29,2,29,13,24,10.7,".284",".412",".364","0.776","0.128","21","3","1","1","4","7.36","6","0",".228",".412",".338",".330",".328",".184",".384",".320","89.7","12.2",10.4,68.3,15.9,29.6,51.2,48.8,41,80,55,270,66.7,5.5,0,282,209,491,84.1,24,151,45,221,39.1,192,28.1,47,46.8,28.6,18.2,6.5
"Waddell, Brandon",663399,2025,"11","31.1",29,4,22,11,16.4,8.2,".240",".438",".306","0.744","0.198","12","0","0","0","0","3.45","1","1",".281",".486",".320",".360",".346",".205",".399",".344","89.7","14.8",10,67.6,11.2,26.3,43.5,56.5,30,69,51.2,262,73.7,7.4,75,227,89,512,88.8,19,169,48.8,250,41.6,213,20.6,46.5,40,34,21,5
"Flaherty, Jack",656427,2025,"31","161.0",147,23,188,59,27.6,8.7,".239",".406",".311","0.717","0.167","83","0","0","8","15","4.64","0","31",".233",".406",".313",".310",".305",".173",".389",".334","89.7","16.2",10.3,64.2,17.3,29.1,46.9,53.1,205,437,53,1500,75.4,6.3,72,1372,1387,2831,82.7,148,855,47,1331,44.2,1250,27.3,45.6,37.1,29.1,26.3,7.5
"Seymour, Ian",693855,2025,"19","57.0",48,5,64,19,26.4,7.9,".221",".327",".290","0.617","0.106","23","0","1","4","3","3.63","0","5",".237",".384",".274",".308",".308",".146",".383",".338","88.7","15.1",7.1,70.3,21.4,26.2,43.9,56.1,54,123,47.2,470,81.8,8.8,315,585,15,995,78.6,79,370,52.8,526,42.2,420,27,49.5,37.2,26.3,30.1,6.4
"Taillon, Jameson",592791,2025,"23","129.2",110,24,98,27,18.9,5.2,".225",".427",".265","0.692","0.202","53","0","0","11","7","3.68","0","23",".241",".424",".297",".305",".282",".183",".355",".303","88.3","19.7",8.1,65.6,14.1,28.8,38,62.4,101,266,46.6,923,78.9,7.7,221,1187,263,1979,85.9,98,693,53.4,1056,45,890,20.8,48.5,34.3,32.2,23.6,9.9
"Boyd, Matthew",571510,2025,"31","179.2",154,19,154,42,21.4,5.8,".235",".369",".288","0.657","0.134","64","0","0","14","8","3.21","0","31",".240",".398",".287",".301",".293",".158",".353",".311","88.5","18",9,70.4,17.7,28.8,38.6,61.4,139,360,45.5,1249,76.6,8.6,650,1377,719,2746,82.3,187,1054,54.5,1497,43,1182,23.1,51.5,39,30.4,21.1,9.6
"Ogasawara, Shinnosuke",829272,2025,"23","38.2",43,9,30,17,17.3,9.8,".289",".523",".364","0.887","0.234","30","0","0","1","1","6.98","1","2",".263",".470",".377",".355",".348",".206",".386",".326","90.8","13.5",10.6,67.4,17.1,19.7,49.2,50.8,30,61,45.8,309,75.4,9.1,150,267,254,674,82.9,42,246,54.2,365,44.5,300,23.5,45.5,38.2,33.3,25.2,3.3
"Abreu, Bryan",650556,2025,"70","71.0",51,4,105,31,35.5,10.5,".196",".277",".291","0.568","0.081","18","7","5","3","4","2.28","25","0",".211",".338",".261",".289",".304",".127",".393",".354","90.6","16.9",8.3,65.3,28,29.9,65.6,34.4,126,192,54,642,66.3,7.5,5,608,576,1189,72,100,357,46,547,41.5,493,41.2,46.2,35.9,24.4,30.8,9
"Hurter, Brant",676428,2025,"43","63.0",57,4,68,27,24.5,9.7,".242",".326",".345","0.671","0.084","17","2","0","4","3","2.43","5","4",".227",".327",".303",".297",".333",".100",".333",".317","87.7","9.7",3.5,61.5,17.8,26.6,45.3,54.7,63,139,49.6,522,75.3,8.5,112,608,0,1052,82.2,58,326,50.4,530,37.7,397,26,44.2,50.9,19.9,24,5.3
"Bieber, Shane",669456,2025,"7","40.1",34,8,37,7,23.3,4.4,".225",".417",".264","0.681","0.192","16","0","0","4","2","3.57","0","7",".261",".465",".293",".328",".298",".204",".408",".346","93.2","9.7",12.3,64.3,16.7,27.8,53.9,46.1,48,89,49.6,320,72.7,6.8,83,312,250,645,83.3,35,209,50.4,325,42.9,277,27.9,46.2,49.1,25.4,23.7,1.8
"Varland, Louis",686973,2025,"74","72.2",65,6,75,22,25.3,7.4,".244",".383",".304","0.687","0.139","24","0","2","4","3","2.97","22","1",".250",".395",".299",".311",".313",".145",".387",".349","90.2","5.3",9.1,70.3,14.6,31.8,59.6,40.4,93,156,46.1,491,86.5,9,49,542,475,1066,85.4,59,404,53.9,575,40.9,436,27.1,52.5,53.3,16.8,24.4,5.6
"McLean, Nolan",690997,2025,"8","48.0",34,4,57,16,30.3,8.5,".200",".294",".277","0.571","0.094","11","0","0","5","1","2.06","0","8",".226",".358",".259",".293",".300",".133",".377",".340","89.5","2.8",8,59.5,22.1,23.4,46.3,53.7,38,82,47.5,351,57.4,7.3,64,367,117,739,77.9,51,231,52.5,388,42.9,317,28.4,42.4,60.2,16.8,19.5,3.5
"Curvelo, Luis",681168,2025,"17","19.0",17,3,20,10,23.8,11.9,".236",".444",".321","0.765","0.208","12","0","2","1","1","5.68","2","0",".221",".368",".324",".300",".314",".148",".345",".304","85.7","21.2",9.3,63.9,20.8,25.8,26.8,73.2,11,41,48.9,159,95,6.2,18,176,131,325,79.2,22,106,51.1,166,40.3,131,22.4,45.2,25.9,37,24.1,13
"Herrin, Tim",682120,2025,"54","42.2",37,5,45,30,23.2,15.5,".239",".387",".376","0.763","0.148","23","0","2","5","4","4.85","15","0",".224",".350",".339",".325",".366",".126",".342",".310","88.3","14.5",5.3,60.2,15.5,26.2,56.1,43.9,60,107,54.4,408,78.9,7.6,0,321,429,750,84.5,32,206,45.6,342,40.7,305,29.4,41.7,41.6,29.2,21.2,8
"Scott, Tayler",605463,2025,"24","27.1",34,6,24,18,17.9,13.4,".306",".586",".402","0.988","0.280","24","0","1","1","2","7.90","3","0",".263",".498",".415",".382",".374",".235",".420",".341","89","10",11,60.9,18.5,27.8,45,55,36,80,53.7,288,67.7,5.8,155,271,35,536,81.5,28,151,46.3,248,46.6,250,27.7,43.1,45.1,25.3,24.2,5.5
"Zeferjahn, Ryan",666171,2025,"62","57.0",49,12,73,34,28.5,13.3,".227",".431",".341","0.772","0.204","30","2","6","6","5","4.74","17","1",".217",".403",".335",".321",".333",".186",".393",".326","88.3","15.1",10.3,66.4,21.5,23.9,54.9,45.1,67,122,49.7,511,78.1,7.1,0,555,173,1029,78.5,74,344,50.3,518,43,442,30.3,45.3,37.2,35.2,20.7,6.9
"Ohl, Pierson",701487,2025,"14","30.0",38,5,27,7,20.3,5.3,".302",".500",".338","0.838","0.198","17","0","0","0","3","5.10","2","3",".291",".452",".359",".337",".328",".161",".404",".370","89.3","15.2",10.1,69.4,14.9,31.1,37.6,62.4,32,85,50.2,273,73.2,7.5,205,302,32,544,85.1,28,188,49.8,271,44.5,242,22,50.2,35.4,23.2,36.4,5.1
"Clase, Emmanuel",661403,2025,"48","47.1",46,2,47,12,23.4,6,".256",".344",".310","0.654","0.088","17","24","5","5","3","3.23","1","0",".230",".336",".285",".277",".291",".107",".329",".308","88.2","12.6",5.1,73.7,24,31,55.2,44.8,58,105,45.4,339,87.8,9.9,0,521,225,746,76,72,300,54.6,407,42,313,32.1,54.3,47.1,21.7,24.6,6.5
"Dodd, Dylan",689266,2025,"28","35.0",28,5,30,5,22.1,3.7,".219",".391",".250","0.641","0.172","14","0","1","1","0","3.60","2","0",".234",".401",".274",".289",".268",".167",".351",".304","90","7.9",8,74.5,21.8,33.6,51.7,48.3,46,89,49.4,265,88.9,8.4,13,478,45,536,78.2,44,202,50.6,271,39.2,210,30.9,54.3,52,24,21,3
"Kittredge, Andrew",552640,2025,"54","53.0",41,7,64,11,30.8,5.3,".211",".371",".251","0.622","0.160","20","5","1","4","3","3.40","15","0",".210",".351",".266",".261",".251",".141",".356",".311","90.7","7.8",6.8,65.2,16.6,41.6,50,50,81,162,50.7,389,70.4,7,7,355,406,768,83.4,41,247,49.3,379,45.3,348,29.8,53.3,49.6,25.6,23.3,1.5
"Rodón, Carlos",607074,2025,"33","195.1",132,22,203,73,25.7,9.3,".188",".321",".272","0.593","0.133","67","0","0","18","9","3.09","0","33",".206",".351",".266",".286",".290",".145",".335",".291","88.6","12.8",7.5,64.6,19.7,29.2,50.5,49.5,255,505,53.8,1728,78,6.2,519,1658,1035,3212,80.3,189,958,46.2,1484,43.4,1393,30.3,45.5,44,27.6,21.6,6.7
"Topa, Justin",623437,2025,"54","60.0",68,2,49,18,18.3,6.7,".281",".376",".338","0.714","0.095","26","4","4","1","5","3.90","4","1",".282",".400",".311",".325",".342",".119",".371",".354","89.3","7.7",5.6,62.7,10.7,29.8,35.8,64.2,49,137,46.9,460,72.7,9,147,545,0,980,89.3,35,326,53.1,520,42.1,413,18.1,47.2,47.7,17.8,27.9,6.6
"Cleavinger, Garrett",664076,2025,"67","61.1",40,9,82,18,33.7,7.4,".184",".341",".267","0.608","0.157","16","2","4","2","6","2.35","21","0",".205",".333",".271",".281",".290",".128",".373",".334","88.8","11.8",5.9,65,25.6,31.3,61.6,38.4,77,125,45.8,400,73.8,9.2,0,445,339,874,74.4,79,308,54.2,474,39.6,346,36,49.5,47.1,27.9,19.1,5.9
"Lucas, Easton",687922,2025,"6","24.1",25,5,23,12,21.3,11.1,".272",".478",".343","0.821","0.206","18","0","0","3","3","6.66","0","5",".276",".536",".348",".370",".348",".260",".434",".351","91.2","17.4",11,74.5,19.5,28.4,35.5,64.5,22,62,49.8,218,74.1,6.2,92,250,53,438,80.5,32,164,50.2,220,40.9,179,23.9,51.6,34.2,31.5,26,8.2
"Hamilton, Ian",641656,2025,"36","40.0",28,5,42,22,25.3,13.3,".201",".353",".313","0.666","0.152","19","0","0","2","1","4.28","4","1",".219",".389",".296",".315",".329",".169",".366",".312","89.9","16.9",10,68.8,15.1,31.5,53.3,46.7,56,105,52,333,85.7,7.6,0,397,244,641,84.9,32,212,48,308,42,269,27.8,49.5,39,28,26,7
"Freeland, Kyle",607536,2025,"31","162.2",193,22,124,38,17.5,5.4,".294",".461",".335","0.796","0.167","90","0","0","5","17","4.98","0","31",".282",".473",".341",".342",".325",".191",".393",".345","91.1","12.7",9.4,69.3,11.6,29.7,47.5,52.5,159,335,45.4,1127,79.4,8.6,147,1368,648,2482,88.4,109,939,54.6,1355,43.4,1078,21,51.3,41.6,25.3,28.7,4.4
"Stratton, Chris",608717,2025,"15","21.0",32,4,22,10,21.2,9.6,".348",".576",".404","0.980","0.228","18","0","0","0","0","7.71","0","0",".257",".463",".414",".345",".331",".206",".402",".340","87.3","9.4",9.7,66.7,16.4,25.2,54.7,45.3,29,53,51.1,210,83.8,9,75,177,154,411,83.6,22,134,48.9,201,40.9,168,27.3,45.5,48.6,23.6,22.2,5.6
"Baker, Bryan",641329,2025,"73","68.2",59,13,83,17,30.3,6.2,".231",".435",".278","0.713","0.204","31","3","6","4","4","4.06","19","0",".233",".447",".306",".311",".280",".215",".423",".343","90.6","16.7",12.6,69.8,23.6,30.1,43.6,56.4,68,156,47.1,519,84.2,10.3,307,520,275,1102,76.4,96,407,52.9,583,43,474,29.1,51.1,37.9,28.2,24.7,9.2
"Wheeler, Zack",554430,2025,"24","149.2",107,19,195,33,33.3,5.6,".197",".349",".253","0.602","0.152","45","0","0","10","5","2.71","0","24",".189",".313",".263",".247",".245",".124",".332",".294","87.4","13.2",7.2,69.4,23.1,31.2,50.1,49.9,187,373,49.9,1195,81.5,6.6,212,1594,234,2394,76.9,192,832,50.1,1199,45,1077,31.5,50.3,41.5,28.4,23.8,6.3
"Holton, Tyler",663947,2025,"70","78.2",65,15,64,17,20.5,5.4,".226",".408",".266","0.674","0.182","32","0","5","6","5","3.66","17","6",".250",".414",".288",".303",".289",".164",".361",".318","87.7","10.2",8.2,65.2,16,30.4,42.7,57.3,76,178,50.5,585,70.1,7.5,169,734,41,1159,84,60,374,49.5,574,42.5,492,24.6,47.6,48.1,23.8,22.5,5.6
"Ferrer, Jose A.",678606,2025,"72","76.1",81,5,71,16,21.9,4.9,".276",".381",".326","0.707","0.105","38","11","4","4","4","4.48","21","0",".252",".354",".310",".294",".307",".102",".348",".333","89.1","0.8",4.8,67.5,17.1,28.6,46.5,53.5,73,157,45.4,549,76.3,9.8,265,853,90,1208,82.9,76,445,54.6,659,39.2,473,24.8,49.8,64.3,13.9,20.4,1.3
"Nance, Tommy",667297,2025,"30","31.2",25,0,32,7,25.4,5.6,".214",".231",".262","0.493","0.017","7","0","0","2","0","1.99","5","0",".266",".388",".225",".306",".311",".122",".385",".363","89.1","3.3",8.1,58.3,11.3,33.8,50,50,37,74,47.5,219,63.9,7.8,0,128,333,461,88.7,16,141,52.5,242,41.2,190,24.7,46.6,52.3,18.6,25.6,3.5
"De Los Santos, Enyel",660853,2025,"65","66.0",61,7,62,24,22.1,8.6,".242",".397",".312","0.709","0.155","32","0","2","6","3","4.36","6","0",".246",".413",".308",".316",".316",".168",".371",".326","87.6","16.8",8.9,71.6,24.8,28.5,45.2,54.8,66,146,46.4,513,77.2,8.3,168,540,397,1105,75.2,105,424,53.6,592,44.6,493,30,51.6,33.3,26.6,29.7,10.4
"Petersen, Michael",656848,2025,"15","18.0",18,3,17,7,21.5,8.9,".254",".423",".321","0.744","0.169","8","0","1","0","0","4.00","2","0",".289",".554",".315",".377",".353",".264",".467",".381","92.2","19.4",10.9,76.1,16.9,31.1,41.2,58.8,21,51,50.2,164,95.2,6.4,1,326,0,327,83.1,21,124,49.8,163,44,144,24,53.5,29.1,32.7,32.7,5.5
"Martin, Davis",663436,2025,"26","142.2",136,20,104,48,17.3,8,".251",".427",".317","0.744","0.176","65","0","0","7","10","4.10","0","25",".273",".466",".322",".347",".337",".193",".388",".336","90.7","11.2",9.7,70.3,13.1,27.9,43.4,56.6,138,318,49.3,1139,81,8,559,1537,211,2309,86.9,108,823,50.7,1171,42.4,979,21.6,49.4,45.9,26.7,22.2,5.2
"Teng, Kai-Wei",678906,2025,"8","29.2",29,2,39,17,28.1,12.2,".254",".351",".381","0.732","0.097","21","0","0","2","4","6.37","0","7",".213",".321",".335",".311",".349",".107",".347",".322","89.4","14.5",3.9,60.9,11.7,27.4,61.3,38.8,49,80,51,292,66.7,8.4,59,214,78,573,88.3,20,171,49,281,38.2,219,27.5,43.8,40.8,28.9,25,5.3
"Rogers, Taylor",573124,2025,"57","50.2",47,7,53,23,24,10.4,".247",".437",".332","0.769","0.190","19","0","2","3","2","3.38","10","0",".231",".406",".329",".316",".320",".175",".370",".314","90.1","13.1",9.9,59.6,13.5,26.2,49.5,50.5,53,107,45.7,409,71.8,9.5,0,439,0,894,86.5,39,289,54.3,485,41.5,371,23.2,44.3,41.5,22.5,26.8,9.2
"Peralta, Freddy",642547,2025,"33","176.2",124,21,204,66,28.2,9.1,".193",".327",".277","0.604","0.134","53","0","0","17","6","2.70","0","33",".206",".361",".270",".289",".289",".155",".353",".302","88","18",9.3,69.3,21.6,28.4,47,53,227,483,55,1698,78.9,6.3,655,1651,780,3086,78.3,208,963,45,1389,41.8,1289,30.1,46.9,37.5,28.9,22.6,11.1
"Berríos, José",621244,2025,"31","166.0",160,26,138,56,19.8,8,".253",".430",".320","0.750","0.177","77","0","0","9","5","4.17","0","30",".255",".455",".325",".337",".323",".199",".387",".328","90.3","15",11.3,65.9,13.5,28.2,39.8,60.2,153,384,52.7,1361,78.2,7.3,433,1480,0,2584,86.5,109,806,47.3,1223,43.3,1120,22,46.1,42.3,27.4,22.1,8.2
"Eovaldi, Nathan",543135,2025,"22","130.0",90,10,129,21,26,4.2,".194",".307",".239","0.546","0.113","25","0","0","11","3","1.73","0","22",".219",".358",".240",".272",".264",".139",".341",".303","88.6","9.5",7.4,68.7,21.6,29.9,44,56,117,266,46.4,890,72.9,7.3,603,914,402,1919,78.4,153,707,53.6,1029,44.8,859,27.7,50.7,51.2,24.9,19.8,4.1
"Holman, Grant",680880,2025,"22","23.0",26,3,17,9,16.5,8.7,".280",".409",".350","0.759","0.129","13","0","2","4","2","5.09","3","2",".265",".480",".335",".352",".336",".216",".386",".324","88.7","9.5",11.8,71.9,15.8,27.3,52.6,47.4,30,57,55.6,209,76.7,8,144,179,52,376,84.2,19,120,44.4,167,39.6,149,27.7,47.1,43.4,27.6,25,3.9
"Elder, Bryce",693821,2025,"28","156.1",167,24,131,51,19.3,7.5,".271",".446",".331","0.777","0.175","92","0","0","8","11","5.30","0","28",".266",".448",".336",".335",".327",".182",".384",".336","90","8.5",7.7,65.7,10.8,28.4,47.4,52.6,176,371,51.9,1305,75.2,6.6,263,1368,883,2514,89.2,86,794,48.1,1209,44.1,1108,22.5,46.3,48.9,25.1,23.8,2.2
"Pérez, Eury",691587,2025,"20","95.1",68,12,105,32,27.3,8.3,".195",".358",".268","0.626","0.163","45","0","0","7","6","4.25","0","20",".203",".366",".275",".281",".275",".163",".343",".290","90.5","22.3",9,71,20.6,28.4,48.9,51.1,113,231,48.6,813,80.4,9.4,131,876,538,1673,79.4,126,611,51.4,860,39.7,664,28.4,50.3,31.4,37.1,21.2,10.2
"Irvin, Jake",663623,2025,"33","180.0",195,38,124,62,15.8,7.9,".272",".492",".334","0.826","0.220","114","0","0","9","13","5.70","0","33",".273",".506",".355",".360",".335",".233",".397",".329","90.4","12.8",11.9,63.2,11.7,26.6,37.2,62.8,131,352,44.9,1322,74.2,9.1,227,1718,999,2945,88.3,120,1025,55.1,1623,45.3,1335,18.2,46.8,43.5,27.9,23.2,5.4
"Webb, Logan",657277,2025,"34","207.0",210,14,224,46,26.2,5.4,".264",".386",".308","0.694","0.122","74","0","0","15","11","3.22","0","34",".247",".385",".303",".295",".292",".138",".375",".342","89.7","5.7",8.3,63.1,13.8,29.7,47.2,52.8,233,494,50.6,1661,70.6,7,791,1618,0,3282,86.2,141,1023,49.4,1621,44.1,1448,24.7,46.2,54.2,16.9,25.6,3.3
"Scherzer, Max",453286,2025,"17","85.0",87,19,82,23,22.9,6.4,".262",".497",".313","0.810","0.235","49","0","0","5","5","5.19","0","17",".245",".482",".346",".332",".297",".237",".404",".324","88.3","21.5",12.4,70.1,18.6,27.6,37.6,62.4,68,181,47.1,655,75.4,9.6,195,701,494,1390,81.4,96,515,52.9,735,45.6,634,23.6,50.1,27.5,37.1,25.1,10.4
"Hudson, Bryan",663542,2025,"16","15.0",15,2,19,13,25.3,17.3,".254",".424",".405","0.829","0.170","8","0","0","0","1","4.80","2","0",".236",".356",".362",".333",".391",".120",".372",".348","90.8","13.2",7.3,56.4,20.7,17.4,48.1,51.9,13,27,48.7,155,75,6.3,2,246,0,318,79.3,19,92,51.3,163,43.1,137,26.9,37.4,43.9,24.4,26.8,4.9
"Yarbrough, Ryan",642232,2025,"19","64.0",58,13,55,19,20.8,7.2,".240",".438",".299","0.737","0.198","31","1","0","3","1","4.36","0","8",".256",".422",".318",".320",".314",".166",".372",".329","86.1","15.5",6.9,66.1,20.8,24.9,42.1,57.9,53,126,49.9,507,78.2,7.7,209,611,0,1017,79.2,70,337,50.1,510,42,427,26.6,45.5,39.4,31.4,23.4,5.9
"Cabrera, Edward",665795,2025,"26","137.2",121,17,150,48,25.8,8.3,".233",".378",".309","0.687","0.145","54","0","0","8","7","3.53","0","26",".238",".394",".303",".312",".315",".156",".379",".335","90.3","9.4",8.6,60.6,15.3,30.3,56.2,43.8,196,349,51.2,1153,72.4,8,580,752,920,2252,84.7,102,666,48.8,1099,42.7,962,29.4,45.1,47.5,24.7,24.4,3.5
"Sproat, Brandon",687075,2025,"4","20.2",18,0,17,7,20.2,8.3,".243",".351",".321","0.672","0.108","11","0","0","0","2","4.79","0","4",".262",".363",".298",".314",".339",".101",".347",".336","87.9","6.5",3.4,60.1,11.6,33.1,22.7,77.3,10,44,45.7,133,78.1,11,41,141,53,290,88.4,11,95,54.3,158,38.5,112,15.1,47.9,50,10.3,32.8,6.9
"Hiraldo, Yaramil",682274,2025,"18","19.2",17,4,21,9,25,10.7,".230",".432",".313","0.745","0.202","10","0","1","0","0","4.58","2","0",".173",".300",".325",".253",".263",".127",".279",".242","85.8","23",7.4,78.3,25.9,38.1,55.2,44.8,37,67,56.1,176,80,8,111,121,82,314,74.1,28,108,43.9,138,44.6,140,37.1,55.7,40.7,24.1,18.5,16.7
"Leiter Jr., Mark",643410,2025,"59","48.1",57,5,54,17,24.7,7.8,".289",".426",".356","0.782","0.137","26","2","4","6","7","4.84","14","0",".235",".364",".343",".301",".309",".129",".356",".324","87.2","13.8",5.6,65.4,16.6,27.3,56.3,43.7,67,119,52.4,436,67.9,6.7,254,349,229,832,83.4,43,259,47.6,396,39.3,327,29.1,45.4,47.2,27.1,18.1,7.6
"Kershaw, Clayton",477132,2025,"23","112.2",102,8,84,35,18.1,7.6,".243",".362",".302","0.664","0.119","42","0","0","11","2","3.36","0","22",".250",".378",".292",".303",".310",".128",".336",".312","89.7","11.6",4.1,64.6,13.8,25,53,47,114,215,48.6,861,76.1,7.6,98,622,1047,1770,86.2,81,587,51.4,909,41.8,739,24.3,45.3,48.2,22.2,22.2,7.3
"Farris, Mitch",815083,2025,"5","24.1",24,4,24,11,22.4,10.3,".261",".489",".336","0.825","0.228","18","0","0","1","3","6.66","0","5",".282",".473",".349",".361",".359",".192",".428",".372","90.5","20.6",11.3,70.1,19.1,28.4,51.7,48.3,30,58,50.4,204,76,6.2,108,202,95,405,80.9,27,141,49.6,201,37.8,153,28.6,49.1,22.5,31,38,8.5
"Erceg, Lucas",668674,2025,"61","61.1",54,4,48,18,19.3,7.2,".238",".339",".305","0.644","0.101","18","2","5","8","4","2.64","22","0",".248",".388",".283",".305",".314",".141",".345",".314","89.1","8.2",7.3,67.3,16.1,29.4,45.3,54.7,63,139,49.1,473,72.1,8.9,161,519,283,963,83.9,53,330,50.9,490,40.3,388,24.7,48.7,52,19,21.8,7.3
"Keller, Brad",641745,2025,"68","69.2",45,4,75,22,27.2,8,".182",".247",".265","0.512","0.065","16","3","3","4","2","2.07","25","1",".197",".297",".238",".262",".279",".100",".305",".283","86.7","6.5",5.8,60.8,14.4,30.4,50.3,49.7,88,175,51.7,575,72.5,6.2,130,630,192,1113,85.6,47,327,48.3,538,45.6,507,26.9,45.1,56.6,17.3,18.5,7.5
"Gibaut, Ian",664139,2025,"25","25.1",26,3,15,8,13.8,7.3,".260",".410",".312","0.722","0.150","13","0","1","0","1","4.62","3","0",".240",".428",".313",".312",".296",".188",".332",".282","88.4","19.9",10.5,67.9,13.4,26.3,29.8,70.2,14,47,46.1,179,72.2,9.3,13,253,56,388,86.6,19,142,53.9,209,44.8,174,17.5,48.7,37.2,27.9,22.1,12.8
"Senzatela, Antonio",622608,2025,"30","130.0",192,22,73,47,11.8,7.6,".347",".547",".402","0.949","0.200","96","0","0","4","15","6.65","0","23",".319",".545",".406",".395",".380",".225",".422",".366","90.9","10.4",9.2,69.9,11.3,23.2,38.8,61.2,102,263,49.7,1136,83.2,7.3,169,1336,779,2284,88.7,91,803,50.3,1148,44.4,1014,18.1,46.7,44.4,24.5,27.6,3.5
"Gipson-Long, Sawyer",687830,2025,"8","31.1",34,8,26,6,19.5,4.5,".281",".554",".316","0.870","0.273","25","0","0","0","2","7.18","2","3",".296",".557",".362",".377",".334",".260",".450",".368","90.5","13.1",13.1,67.4,16.9,30.2,46.7,53.3,28,60,43,199,75,8.6,98,266,99,463,83.1,30,178,57,264,43.6,202,24.4,51.4,40.4,29.3,23.2,7.1
"Darvish, Yu",506433,2025,"15","72.0",66,14,68,19,23,6.4,".245",".465",".310","0.775","0.220","43","0","0","5","5","5.38","0","15",".218",".395",".334",".297",".285",".177",".347",".292","87.3","15.3",8.9,65.3,16.7,25.5,41.9,58.1,57,136,46,533,76.5,8.8,129,558,365,1158,83.3,68,408,54,625,42.1,488,23,47,40.4,28.6,21.2,9.9
"Hoffman, Jeff",656546,2025,"71","68.0",54,15,84,27,29.3,9.4,".213",".447",".298","0.745","0.234","33","33","7","9","7","4.37","0","0",".199",".409",".320",".301",".287",".209",".381",".298","89.3","15.7",12.8,67.4,20.7,35.1,51.5,48.5,105,204,51.6,582,73.2,7.3,268,522,337,1128,79.3,76,368,48.4,546,41,463,31.6,50.7,40.7,26.7,22.1,10.5
"Martin, Chris",455119,2025,"49","42.1",43,6,43,7,24.9,4,".262",".390",".295","0.685","0.128","14","2","3","2","6","2.98","13","0",".258",".426",".291",".303",".292",".168",".394",".348","90.1","12.9",9,71.2,15.1,35.4,38.6,61.4,39,101,44.6,285,79.5,6.9,115,511,0,638,84.9,38,252,55.4,354,44,281,21.8,55.3,43.4,27.9,21.3,7.4
"Newcomb, Sean",656794,2025,"48","92.1",94,5,91,31,23.3,7.9,".269",".357",".335","0.692","0.088","28","2","0","2","5","2.73","4","5",".250",".374",".306",".306",".320",".125",".362",".337","88.9","9.9",5.7,64.1,15.8,26.8,36,64,72,200,48.2,745,76,8.1,107,1010,83,1546,84.2,81,514,51.8,802,41.6,644,21.4,46.2,47.5,21.7,25.5,5.3
"Ginn, J.T.",669372,2025,"23","90.1",92,17,99,31,25.3,7.9,".260",".472",".329","0.801","0.212","51","0","0","4","7","5.08","1","16",".227",".388",".344",".301",".300",".161",".363",".315","88.4","7.8",9.8,62.1,16.1,27.5,51.7,48.3,124,240,55.5,874,77.8,5.7,152,1017,406,1575,83.9,70,435,44.5,701,44.8,705,28.7,42.9,52.3,20.7,20.3,6.6
"Sale, Chris",519242,2025,"21","125.2",102,11,165,32,32.4,6.3,".220",".341",".285","0.626","0.121","36","0","0","7","5","2.58","0","20",".205",".321",".278",".265",".272",".115",".348",".317","87.2","12",6.3,64,18.9,32.2,54.8,45.2,170,310,47.4,963,69.1,8.1,153,918,960,2031,81.1,129,683,52.6,1068,44.5,904,30.1,48.9,40.1,30.8,24.2,5
"Scott, Tanner",656945,2025,"61","57.0",54,11,60,17,25.3,7.2,".254",".460",".318","0.778","0.206","30","23","10","1","4","4.74","8","0",".247",".418",".332",".317",".313",".172",".393",".341","90.8","18",9,72.9,20.9,36,49.7,50.3,75,151,46.1,420,85.5,7.6,1,480,430,911,79.1,75,358,53.9,491,44.2,403,29.5,55.9,39.7,26.3,25,9
"Hagenman, Justin",663795,2025,"9","23.2",24,4,23,2,23.2,2,".250",".427",".273","0.700","0.177","12","1","0","0","1","4.56","0","1",".255",".464",".301",".316",".278",".209",".400",".335","92.1","15.8",12.3,73.3,18.9,29.6,41.7,58.3,25,60,53,203,69,7.6,88,221,74,383,81.1,25,132,47,180,49.6,190,26,50.1,38.4,30.1,24.7,6.8
"Gillispie, Connor",687362,2025,"6","26.0",32,6,23,11,18.7,8.9,".294",".560",".358","0.918","0.266","25","0","0","0","3","8.65","0","6",".258",".493",".387",".354",".329",".235",".401",".324","91.4","16.5",12.5,62,13.6,29.1,38.2,61.8,26,68,49.7,234,74.3,7.4,73,254,5,471,86.4,20,147,50.3,237,41,193,21.4,45.6,38.6,27.3,22.7,11.4
"Williams, Gavin",668909,2025,"31","167.2",130,23,173,83,24.6,11.8,".211",".364",".307","0.671","0.153","57","0","0","12","5","3.06","0","31",".231",".405",".299",".321",".325",".174",".374",".320","90.4","9.8",9,65.5,17.9,26.1,51.8,48.2,199,384,50.3,1471,75.6,7.1,2,1696,644,2925,82.1,171,953,49.7,1454,41.9,1226,27.7,45.7,46.1,26.7,22.2,4.9
"Melton, Troy",675512,2025,"16","45.2",31,7,36,15,20,8.3,".191",".346",".263","0.609","0.155","14","0","0","3","2","2.76","4","4",".210",".406",".268",".297",".280",".196",".332",".269","90.8","14.2",8.6,70.8,18,23.2,41.7,58.3,30,72,47.3,310,74.6,10.2,53,414,189,656,82,44,245,52.7,346,41.3,271,23.3,48.3,43.8,28.9,18.8,8.6
"Leasure, Jordan",673929,2025,"68","64.1",49,12,81,30,30.1,11.2,".207",".426",".297","0.723","0.219","28","7","5","5","6","3.92","14","1",".190",".348",".312",".279",".283",".158",".344",".287","89.1","24.3",10.8,71.3,21,29.2,55.1,44.9,97,176,53.4,603,80.6,8.7,31,619,480,1130,79,79,376,46.6,527,40.4,456,31.9,48.8,28.7,31.8,24.8,14.6
"Jax, Griffin",643377,2025,"73","66.0",64,7,99,21,35,7.4,".249",".385",".307","0.692","0.136","31","0","6","1","7","4.23","28","2",".228",".359",".299",".282",".289",".131",".409",".371","89.2","6.7",9.3,64.1,20.2,38.1,63.6,36.4,138,217,52.1,569,64.8,8.1,244,366,2,1093,79.8,68,336,47.9,524,43.2,472,37.3,50.6,46.6,20.5,28.6,4.3
"Mlodzinski, Carmen",669387,2025,"34","99.0",102,8,89,27,21.2,6.4,".265",".390",".320","0.710","0.125","39","0","1","5","8","3.55","3","12",".261",".396",".312",".313",".316",".135",".368",".340","90.2","8.6",6,65.2,14.6,27.8,43.2,56.8,98,227,49.6,817,78,7.7,250,846,382,1647,85.4,79,541,50.4,830,43.2,712,23,46.6,48.5,20.1,25.4,6
"Gomber, Austin",596295,2025,"12","57.2",82,16,34,17,12.5,6.3,".325",".603",".369","0.972","0.278","48","0","0","0","7","7.49","0","12",".279",".553",".411",".372",".327",".274",".404",".322","88.1","18.2",14.5,69.6,9.9,23.8,37.4,62.6,40,107,44.9,449,80.2,8.1,209,383,407,999,90.1,38,383,55.1,550,41.9,419,15.9,49,34.5,37.3,22.3,5.9
"Ryan, Joe",657746,2025,"31","171.0",138,26,194,39,28.2,5.7,".218",".392",".275","0.667","0.174","65","0","0","13","10","3.42","0","30",".209",".397",".290",".289",".269",".188",".369",".303","90.2","18.7",11.5,69.7,21.9,25.2,40.4,59.6,128,317,45,1258,83.1,8.7,310,1750,368,2795,78.1,235,1072,55,1537,44.6,1247,26.1,49.7,36.9,32.2,20.3,10.6
"Wrobleski, Justin",680736,2025,"24","66.2",65,6,76,17,27.1,6.1,".255",".380",".306","0.686","0.125","32","2","0","5","5","4.32","7","2",".244",".359",".299",".289",".297",".115",".366",".343","92","6.9",3.8,66.8,18.8,28.1,43.8,56.3,56,128,41.8,456,79.5,10.7,36,691,365,1092,81.2,80,425,58.2,636,42.9,469,24.6,50.6,51.1,19.6,25,4.3
"Wacha, Michael",608379,2025,"31","172.2",166,15,126,45,17.6,6.3,".252",".383",".302","0.685","0.131","74","0","0","10","13","3.86","0","31",".257",".421",".299",".317",".308",".164",".357",".317","87.5","17.7",7.4,70,16,28.3,36.2,63.8,128,354,47,1252,84.9,8.2,677,1458,530,2666,84,158,989,53,1413,44.3,1181,21.3,50.4,37.8,27.2,25.2,9.8
"Alcala, Jorge",660896,2025,"56","55.0",66,13,61,30,23.7,11.7,".299",".552",".379","0.931","0.253","38","0","2","0","2","6.22","5","0",".237",".428",".393",".327",".327",".192",".382",".321","88.8","20.2",10.9,66.7,21.3,27.1,37.1,62.9,52,140,48.9,517,74.4,8.1,20,629,409,1058,78.7,77,361,51.1,541,42.6,451,25.7,47.4,34.5,32.1,21.8,11.5
"Klein, Will",694361,2025,"14","15.1",14,0,21,10,30,14.3,".246",".316",".371","0.687","0.070","4","0","0","1","1","2.35","2","0",".232",".348",".317",".324",".363",".116",".388",".363","89","5.3",5.4,65.2,17,25.9,47.7,52.3,21,44,55.7,170,75,5.2,0,224,67,305,83,15,88,44.3,135,45.6,139,27.3,43.3,51.4,18.9,27,2.7
"Trivino, Lou",642152,2025,"47","47.2",46,6,37,18,17.9,8.7,".258",".399",".340","0.739","0.141","21","0","2","3","2","3.97","5","2",".252",".443",".323",".346",".342",".191",".379",".320","87.1","20.1",9.6,67.6,19.8,24.6,40.2,59.8,41,102,49.3,415,80.3,8.4,140,521,10,841,80.2,57,288,50.7,426,42.8,360,25.1,46.4,35.6,29.5,21.9,13
"Poulin, PJ",676571,2025,"28","24.2",23,2,27,13,24.5,11.8,".247",".333",".345","0.678","0.086","10","1","2","2","1","3.65","5","0",".230",".346",".307",".308",".336",".116",".345",".323","89.3","13.8",4.4,62.6,20.5,27.7,38.7,61.3,24,62,53.5,224,67.6,8.1,94,224,0,419,79.5,25,122,46.5,195,44.6,187,26.6,43.9,41.2,29.4,22.1,7.4
"Dunning, Dane",641540,2025,"12","20.2",24,4,21,7,22.1,7.4,".286",".488",".358","0.846","0.202","16","2","0","0","0","6.97","0","0",".270",".507",".361",".361",".344",".237",".431",".355","88.3","13.9",10.9,68.3,19.2,26.5,40,60,20,50,50.8,189,66.7,6.5,67,260,45,372,80.8,24,125,49.2,183,46.8,174,25.1,47,40.6,25,28.1,6.3
"Brubaker, JT",664141,2025,"17","28.2",23,0,22,12,18.8,10.3,".223",".291",".310","0.601","0.068","12","0","0","0","0","3.77","0","1",".255",".390",".271",".319",".338",".135",".351",".324","89.6","14.9",6.1,65.5,13.3,31.6,41,59,34,83,56.1,263,83.9,6.6,72,234,163,469,86.7,18,135,43.9,206,42.9,201,23.9,46.5,43.9,18.3,26.8,11
"Mahle, Tyler",641816,2025,"16","86.2",69,5,66,29,19.1,8.4,".218",".310",".283","0.593","0.092","21","0","0","6","4","2.18","0","16",".253",".413",".265",".319",".316",".160",".359",".320","88.5","14.4",8,69.4,19.1,27.9,34.8,65.2,63,181,47,649,69.6,5.7,383,860,138,1381,80.9,97,508,53,732,48.4,669,23.2,49.9,38.6,26.7,27.1,7.6
"Granillo, Andre",701552,2025,"14","21.0",22,3,18,7,19.8,7.7,".278",".481",".333","0.814","0.203","11","1","0","1","0","4.71","0","0",".234",".385",".344",".307",".302",".151",".345",".299","87.6","25",9.2,69.5,22.7,26.9,56.5,43.5,26,46,47.4,171,80,9.7,20,106,235,361,77.3,30,132,52.6,190,37.7,136,31.5,49.3,29.2,26.2,29.2,15.4
"Lively, Ben",594902,2025,"9","44.2",38,6,29,15,16.3,8.4,".233",".393",".298","0.691","0.160","16","0","0","2","2","3.22","0","9",".246",".460",".302",".332",".310",".214",".363",".299","92.1","20.4",10.4,67.5,11.7,24.3,30.5,69.5,25,82,47,338,83.3,8.3,56,473,109,719,88.3,30,257,53,381,42.1,303,16.2,47.1,30.6,38.1,23.1,8.2
"Iglesias, Raisel",628452,2025,"70","67.1",51,8,73,17,27.3,6.4,".206",".352",".262","0.614","0.146","24","29","5","4","6","3.21","2","0",".211",".376",".266",".277",".267",".164",".352",".299","89","20.4",8.6,69.1,23.5,32.7,48,52,72,150,47.6,459,77.2,8.2,271,598,95,964,76.5,82,349,52.4,505,46.7,450,30.9,51.8,32,33.1,24.6,10.3
"Lauer, Eric",641778,2025,"28","104.2",90,15,102,26,23.9,6.1,".227",".407",".278","0.685","0.180","37","0","0","9","2","3.18","1","15",".240",".419",".295",".306",".290",".179",".377",".323","90.6","21.6",8.1,67.8,17.4,26.3,42.6,57.4,87,204,46.1,776,82.7,8.3,134,1127,421,1682,82.6,107,615,53.9,907,44.6,751,23.7,48.7,29.7,34.8,26.4,9.1
"Heaney, Andrew",571760,2025,"27","122.1",129,25,86,40,16,7.5,".269",".501",".335","0.836","0.232","75","0","0","5","10","5.52","0","23",".284",".492",".357",".362",".349",".208",".399",".344","90.2","15.1",10.2,65.1,14.6,29,32.5,67.5,96,295,48.9,1018,70.2,8.1,361,1143,433,2082,85.4,101,693,51.1,1064,44.3,922,19.9,47.5,37.9,27.4,28.2,6.5
"Kikuchi, Yusei",579328,2025,"33","178.1",180,24,174,74,22.5,9.6,".261",".419",".333","0.752","0.158","79","0","0","7","11","3.99","0","33",".250",".428",".327",".327",".325",".178",".385",".333","91","14.5",9.4,67.9,17,26.9,41.7,58.3,166,398,47.8,1479,75,8.3,374,1117,1597,3094,83,186,1096,52.2,1615,44.4,1375,23.6,48.3,40.3,27.6,25.7,6.3
"Sisk, Evan",681895,2025,"19","17.2",16,1,25,10,31.3,12.5,".242",".348",".354","0.702","0.106","7","0","0","1","1","3.57","2","0",".173",".266",".317",".264",".298",".093",".298",".276","87.1","9.5",4.7,52.2,19.5,25.6,52.3,47.7,23,44,52.3,172,73.7,5.8,0,203,38,329,80.5,16,82,47.7,157,40.7,134,31,38.3,51.2,25.6,18.6,4.7
"Lawrence, Justin",664875,2025,"17","17.2",9,0,23,8,33.3,11.6,".153",".220",".275","0.495","0.067","1","0","1","1","0","0.51","6","0",".173",".312",".224",".265",".293",".139",".338",".284","86.2","13",13.9,56.9,12.9,28.6,57.1,42.9,24,42,54.4,147,65,7.4,0,135,0,270,87.1,9,70,45.6,123,39.6,107,29.5,41.5,47.2,22.2,19.4,11.1
"Hoglund, Gunnar",680684,2025,"6","32.1",38,10,23,11,16.5,7.9,".299",".583",".353","0.936","0.284","23","0","0","1","3","6.40","0","6",".302",".623",".395",".408",".355",".320",".468",".366","92.4","14.4",16.2,64,13.8,26.1,43.5,56.5,30,69,48.3,264,73.7,6.9,126,287,39,547,86.2,25,181,51.7,283,40.6,222,22,45.7,41,33.3,24.8,1
"Allen, Logan",671106,2025,"30","156.2",157,18,122,62,18,9.2,".262",".403",".334","0.737","0.141","74","0","0","8","11","4.25","0","29",".247",".421",".323",".326",".323",".174",".357",".309","88.6","12.9",9.1,65.6,15.5,23.5,34.4,65.6,111,323,50.7,1373,77.6,6.4,498,1580,0,2709,84.4,136,877,49.3,1336,43.4,1177,20.6,44.3,45.6,23.5,22.7,8.2
"Henry, Cole",669371,2025,"57","52.2",43,7,52,32,21.6,13.3,".219",".367",".358","0.725","0.148","25","2","0","1","2","4.27","10","0",".212",".366",".328",".327",".355",".154",".336",".291","88.8","23.3",7.5,66.9,19.6,19.7,45.4,54.6,44,97,51,493,80,7.2,27,622,0,967,80.4,62,317,49,474,42,406,25.6,42.8,32.2,28.1,23.3,16.4
"Oviedo, Johan",670912,2025,"9","40.1",26,6,42,23,24.7,13.5,".182",".336",".306","0.642","0.154","16","0","0","2","1","3.57","0","9",".211",".379",".291",".316",".331",".168",".350",".296","87.6","22.6",6.9,61,24.1,23.5,44.9,55.1,35,78,49.9,332,73.5,7.4,39,307,319,665,75.9,49,203,50.1,333,41.4,275,29.9,42.3,31.4,34.3,20.6,13.7
"Brazobán, Huascar",623211,2025,"52","63.0",51,6,57,27,21.8,10.3,".227",".347",".315","0.662","0.120","25","2","4","5","2","3.57","12","3",".226",".362",".294",".309",".322",".137",".345",".306","87.1","11.5",8,65.5,15.6,32.2,39.9,60.1,67,168,51.5,521,72.6,6.1,385,626,0,1011,84.4,50,321,48.5,490,43.5,440,23.9,48.4,51.7,25.9,15.5,6.9
"Martinez, Justin",679885,2025,"17","15.1",7,1,22,12,32.8,17.9,".135",".231",".328","0.559","0.096","7","5","1","1","2","4.11","4","0",".164",".222",".270",".280",".351",".058",".291",".283","80.7","7.8",3.3,56.5,31.4,22.2,50,50,16,32,53.7,144,61.1,6.7,83,160,26,269,68.6,22,70,46.3,124,42.2,113,37.3,37.9,56.7,16.7,16.7,10
"Matz, Steven",571927,2025,"53","76.2",73,8,59,11,19.1,3.6,".249",".396",".280","0.676","0.147","26","2","4","5","2","3.05","13","2",".233",".404",".291",".287",".265",".171",".337",".291","88.4","10.7",6.3,63,12.8,29.8,35.3,64.7,53,150,43.4,503,70.2,9.8,211,677,271,1160,87.2,53,414,56.6,657,44.1,512,18.8,48.6,47.7,21.5,21.9,8.9
"Arrighetti, Spencer",681293,2025,"7","35.1",30,6,31,20,19.9,12.8,".229",".412",".340","0.752","0.183","21","0","0","1","5","5.35","0","7",".250",".427",".331",".356",".366",".177",".388",".334","89.1","13.9",8.8,62.7,16.7,25,53.8,46.2,42,78,50.5,312,71.4,9.1,58,337,139,618,83.3,32,192,49.5,306,40.9,253,27.4,43.7,38.2,25.5,28.4,7.8
"Bradley, Taj",671737,2025,"27","142.2",131,19,127,56,21,9.3,".243",".403",".316","0.719","0.160","80","0","0","6","8","5.05","0","27",".237",".405",".314",".314",".313",".168",".356",".309","89.2","12",7.2,68.9,16.3,26.6,45.2,54.8,135,299,49.5,1124,77.8,7.4,344,1593,335,2327,83.7,129,791,50.5,1148,42.9,974,23.6,48.3,43.3,26.6,22,8.1
"Whisenhunt, Carson",687931,2025,"5","23.1",22,6,16,12,15.7,11.8,".250",".511",".353","0.864","0.261","13","0","0","2","1","5.01","0","5",".277",".524",".372",".386",".376",".248",".412",".338","92.4","13.3",12.5,66.7,12.1,27.5,47.5,52.5,29,61,54.4,222,65.6,7.8,152,195,61,408,87.9,15,124,45.6,186,41.9,171,23.8,45.3,45.8,27.8,18.1,8.3
"Birdsong, Hayden",806185,2025,"21","65.2",61,10,68,37,22.8,12.4,".242",".425",".347","0.772","0.183","35","0","0","4","4","4.80","3","10",".228",".420",".338",".334",".337",".193",".374",".311","89.8","20",9.6,65.2,17.3,25.3,52.8,47.2,86,163,53.9,643,75,7.7,201,527,445,1194,82.7,62,359,46.1,551,40.1,479,28.4,43.7,34,30.3,24.5,11.2
"Festa, David",701581,2025,"11","53.1",49,10,53,19,23.1,8.3,".240",".422",".316","0.738","0.182","32","0","0","3","4","5.40","0","10",".243",".465",".322",".339",".320",".222",".403",".328","90.4","19.8",11.8,71.9,18,29.8,51.2,48.8,66,129,49.1,433,85.1,8.4,256,390,236,882,82,58,323,50.9,449,43.4,383,27.4,51.2,36.6,34,19.6,9.8
"Murphy, Chris",669684,2025,"23","34.2",21,4,30,20,20.3,13.5,".172",".287",".311","0.598","0.115","12","0","0","3","0","3.12","2","0",".212",".341",".276",".311",".345",".129",".311",".280","89.1","9.8",7.5,63.6,17,27.3,46.3,53.7,38,82,52.7,300,62.2,7.9,35,207,291,569,83,29,171,47.3,269,38.7,220,26.5,44.5,53.8,20.4,17.2,8.6
"Warren, Will",701542,2025,"33","162.1",158,22,171,65,24.1,9.1,".250",".418",".320","0.738","0.168","80","0","0","9","8","4.44","0","33",".252",".426",".321",".330",".325",".175",".398",".345","91","12.2",10.9,62.1,17.9,24.5,40.7,59.3,144,354,51.5,1442,71.4,7.1,275,1753,196,2802,82.1,151,844,48.5,1360,41.9,1174,24.6,42.8,42.8,25.5,26.2,5.5
"Rodríguez, Manuel",655889,2025,"31","30.1",26,2,25,6,20.7,5,".232",".313",".275","0.588","0.081","7","0","0","1","2","2.08","11","0",".246",".330",".260",".274",".288",".084",".319",".314","87.4","1.3",3.4,65.9,15.6,34.6,45.3,54.7,34,75,50.3,217,68.6,8.1,0,217,214,431,84.4,22,141,49.7,214,40.6,175,25.9,50.1,59.6,13.5,21.3,5.6
"Sheehan, Emmet",686218,2025,"15","73.1",49,7,89,22,30.6,7.6,".185",".317",".251","0.568","0.132","23","0","0","6","3","2.82","0","12",".203",".346",".251",".271",".269",".143",".350",".305","89.3","20.1",10.1,69.8,20.2,32.8,57.4,42.6,113,197,52.4,600,72.9,5.1,191,536,418,1146,79.8,77,381,47.6,546,42.8,490,32.9,50.4,33.7,29.8,27,9.6
"Zastryzny, Rob",642239,2025,"26","22.0",16,3,20,10,21.5,10.8,".203",".342",".293","0.635","0.139","6","0","1","2","1","2.45","2","1",".212",".357",".268",".284",".306",".145",".322",".281","86","17.6",4.8,72.3,25.6,23.3,55.3,44.7,21,38,47,163,81.8,6.3,28,269,0,347,74.4,34,133,53,184,39.2,136,32.2,49.3,41.9,29,16.1,12.9
"Soto, Gregory",642397,2025,"70","60.1",62,4,70,24,25.1,8.6,".257",".344",".349","0.693","0.087","28","1","1","1","5","4.18","23","0",".238",".344",".312",".305",".333",".106",".350",".333","88.9","10.5",4,62.5,19.8,31.5,50,50,81,162,49.9,514,74.4,8.3,4,614,358,1031,80.2,64,323,50.1,517,42.6,439,29.9,47,44.8,24.1,24.1,6.9
"Boushley, Caleb",676961,2025,"25","43.1",54,5,41,14,21.2,7.3,".305",".458",".363","0.821","0.153","29","1","0","0","0","6.02","0","1",".306",".497",".356",".370",".364",".191",".446",".398","90.8","11.9",11.8,63,11.9,22.7,43.7,56.3,38,87,51.6,383,74.5,6.9,98,491,153,742,88.1,27,226,48.4,359,45,334,20.8,42.2,39.7,20.6,33.8,5.9
"Santillan, Tony",663574,2025,"80","73.2",53,7,75,29,24.9,9.6,".200",".336",".290","0.626","0.136","20","7","4","1","5","2.44","33","0",".244",".404",".280",".322",".329",".160",".383",".339","91.8","17.4",8.4,71.1,19.3,25.2,51.7,48.3,75,145,46.7,575,79.2,8.2,1,799,165,1230,80.5,90,466,53.3,655,41.5,510,27,49.7,37.7,23,28.8,11
"Suter, Brent",608718,2025,"48","67.2",69,11,53,18,18.2,6.2,".257",".424",".307","0.731","0.167","34","0","1","1","2","4.52","0","3",".250",".425",".316",".314",".302",".175",".358",".312","85.8","13.5",7.8,67.2,17.7,25.6,34.6,65.4,46,133,46.5,519,77.9,9.3,251,729,136,1137,82.3,71,401,53.5,597,41,458,21.4,48,45.4,28.9,21.1,4.6
"Domínguez, Seranthony",622554,2025,"67","62.2",44,5,79,36,30.3,13.8,".198",".302",".314","0.616","0.104","22","2","3","4","4","3.16","20","0",".198",".297",".280",".282",".316",".099",".333",".309","87.5","13.4",6.9,65.6,21.4,27.8,55.9,44.1,95,170,55.4,611,78.6,6.4,183,624,54,1102,78.6,69,322,44.6,491,40.2,443,33.3,44.6,43.1,21.5,24.3,11.1
"López, Pablo",641154,2025,"14","75.2",64,6,73,20,23.4,6.4,".225",".340",".282","0.622","0.115","23","0","0","5","4","2.74","0","14",".249",".398",".274",".309",".307",".149",".370",".334","88.7","14.4",6,64.7,16.1,32.1,46,54,92,200,49.6,624,71.2,8.3,267,600,124,1259,83.9,66,411,50.4,635,40.6,511,25.9,48.5,38.6,27.4,27.4,6.5
"Fernandez, Ryan",681676,2025,"32","30.1",36,6,34,16,24.3,11.4,".293",".520",".379","0.899","0.227","26","1","1","0","4","7.71","4","0",".226",".405",".382",".313",".320",".179",".369",".312","89.5","13.3",11.2,71.4,22.5,29.7,53.8,46.3,43,80,51.3,269,95.8,4.6,42,235,247,524,77.5,41,182,48.7,255,44.8,235,32.1,50,46.1,30.3,15.7,7.9
"Backhus, Kyle",679775,2025,"32","25.1",28,3,22,8,19.1,7,".283",".465",".348","0.813","0.182","13","2","2","0","3","4.62","10","0",".266",".409",".350",".328",".337",".143",".367",".338","89.1","13.1",4.9,60.8,16.1,25.9,39.6,60.4,19,48,43,185,63.3,11.4,41,273,0,430,83.9,24,149,57,245,41.6,179,21.8,45.8,37.8,19.5,35.4,7.3
"Bachman, Sam",696147,2025,"23","20.1",22,1,18,10,19.1,10.6,".268",".354",".355","0.709","0.086","14","0","2","2","3","6.20","2","0",".265",".352",".319",".318",".352",".087",".342",".340","88","5.5",1.5,61.8,15.9,28.4,52.2,47.8,24,46,48.4,162,60,7.5,29,120,185,335,84.1,17,107,51.6,173,39.4,132,26.8,45.7,56.9,10.8,23.1,9.2
"Assad, Javier",665871,2025,"8","37.0",33,3,23,12,15,7.8,".243",".382",".320","0.702","0.139","15","0","0","4","1","3.65","0","7",".281",".413",".310",".339",".354",".132",".357",".335","88.5","9.6",3.5,67.3,12.1,21.1,32.7,67.3,18,55,46,261,84.2,6.7,24,426,44,567,87.9,25,206,54,306,41.8,237,16.5,46,46.5,20.2,27.2,6.1
"Leiter, Jack",683004,2025,"29","151.2",127,18,148,67,22.9,10.4,".222",".361",".309","0.670","0.139","65","0","0","10","10","3.86","0","29",".235",".427",".298",".326",".321",".192",".378",".317","90.5","16.1",10.8,68.9,16.8,25,46.5,53.5,144,310,48,1240,73.9,8.7,426,1311,846,2584,83.2,156,926,52,1344,42,1085,24.3,47.8,37.8,30,23.2,8.9
"Blackburn, Paul",621112,2025,"15","39.0",47,6,34,12,19.4,6.9,".296",".503",".343","0.846","0.207","27","1","0","0","3","6.23","0","4",".244",".399",".359",".310",".303",".155",".354",".313","87.1","11.6",7.8,67,15.6,29.6,36.5,63.5,38,104,52.7,351,69.4,5.4,65,410,84,666,84.4,33,211,47.3,315,46.8,312,22.5,47.3,43.8,22.7,25.8,7.8
"Eisert, Brandon",685126,2025,"72","69.2",75,12,74,25,24.2,8.2,".276",".496",".344","0.840","0.220","34","2","3","3","8","4.39","9","3",".238",".418",".353",".314",".314",".181",".385",".327","87.8","13.2",9.4,66.5,23.4,31.1,46.7,53.3,98,210,55.6,676,67.1,6,356,424,436,1216,76.6,84,359,44.4,540,42.1,512,32,46.8,40.1,30.7,23.3,5.9
"Seymour, Carson",693313,2025,"16","36.0",37,9,26,13,16.7,8.3,".262",".489",".329","0.818","0.227","19","0","0","1","3","4.75","1","3",".275",".519",".352",".367",".340",".244",".411",".337","91.4","6.6",15.5,63.3,11.7,22.2,53,47,35,66,47.8,297,68.9,7.2,0,461,160,621,88.3,24,205,52.2,324,41.9,260,21.8,43.6,50.9,24.1,22.4,2.6
"Boyle, Joe",671212,2025,"13","52.0",43,6,58,28,25.7,12.4,".221",".374",".327","0.701","0.153","27","0","0","1","4","4.67","0","9",".218",".378",".312",".312",".325",".160",".360",".310","91.1","15.1",10.2,64.6,21.1,21,55.9,44.1,52,93,47.4,443,73.8,8.6,152,453,328,934,78.9,67,317,52.6,491,40.5,378,29,43.9,44.5,28.5,17.5,9.5
"Kahnle, Tommy",592454,2025,"66","63.0",51,8,50,31,18.7,11.6,".217",".370",".311","0.681","0.153","31","9","5","1","5","4.43","16","0",".244",".413",".302",".328",".335",".169",".354",".310","88.3","11.5",9.2,63.9,16.6,25.5,45.3,54.7,63,139,52.7,546,65.4,7.8,886,145,4,1035,83.4,52,313,47.3,490,43.8,454,25.4,43.7,47.6,23.2,21.1,8.1
"Vodnik, Victor",680767,2025,"52","50.2",45,4,49,26,22.8,12.1,".239",".372",".330","0.702","0.133","17","10","5","4","3","3.02","7","0",".233",".394",".308",".317",".327",".161",".364",".317","91","4.1",8.6,68,17.7,22.7,49.5,50.5,55,111,53.1,488,81.4,6.4,240,561,118,919,82.3,52,293,46.9,431,42.2,388,26.5,44,54.3,22.1,21.4,2.1
"Romero, JoJo",668941,2025,"65","61.0",47,2,55,29,21.6,11.4,".217",".286",".311","0.597","0.069","14","8","1","4","6","2.07","24","0",".220",".343",".265",".291",".318",".123",".326",".296","87.3","5.1",7.1,58.7,17.7,24.6,48.8,51.2,60,123,50.4,499,69.3,7.6,223,379,376,990,82.3,51,288,49.6,491,40.5,401,27,41.5,57.1,18.5,17.3,7.1
"Walker, Taijuan",592836,2025,"34","123.2",132,21,86,42,16,7.8,".270",".444",".331","0.775","0.174","56","1","2","5","8","4.08","2","21",".259",".439",".337",".330",".322",".181",".359",".313","89.6","13.4",7.4,63.9,12.3,25.8,34.2,65.8,90,263,49.4,1019,76.6,7.5,463,1232,366,2061,87.7,82,666,50.6,1042,44.4,916,18.5,45.1,44.8,24.6,22.9,7.6
"Legumina, Casey",668984,2025,"48","49.2",47,7,55,25,25.1,11.4,".247",".405",".339","0.744","0.158","31","0","0","4","6","5.62","3","1",".218",".378",".325",".304",".314",".161",".355",".305","90.6","17.1",8.8,66.9,23.3,28.2,28.4,71.6,31,109,44.8,386,69.7,8.8,92,620,0,861,76.7,74,318,55.2,475,43.8,377,24.6,49.6,39.4,29.9,22.6,8
"Tong, Jonah",804636,2025,"5","18.2",24,3,22,9,25.3,10.3,".312",".494",".379","0.873","0.182","16","0","0","2","3","7.71","0","5",".261",".443",".376",".342",".339",".182",".421",".366","89.3","14.7",14.3,63.9,15.3,22,43.6,56.4,17,39,47.7,177,75,10.8,102,213,56,371,84.7,19,124,52.3,194,39.9,148,22.1,43.9,35.7,26.8,30.4,7.1
"Kremer, Dean",665152,2025,"31","171.2",163,22,142,45,20.1,6.4,".248",".407",".297","0.704","0.159","80","0","0","11","10","4.19","0","29",".238",".413",".305",".304",".289",".175",".353",".304","88.1","15.2",8.5,67.6,16.3,30.1,38.3,61.8,153,400,49.4,1330,75.4,7.4,567,1778,347,2753,83.7,150,922,50.6,1364,42.3,1140,22.9,49.4,40.2,28.4,23.7,7.7
"Chapman, Aroldis",547973,2025,"67","61.1",28,3,85,15,37.3,6.6,".132",".198",".189","0.387","0.066","8","32","2","5","3","1.17","4","0",".175",".278",".177",".227",".230",".103",".323",".292","88.8","18.9",5.5,76.8,29.1,34.6,53.1,46.9,78,147,46.3,425,83.8,8.1,102,676,139,917,71.2,110,378,53.7,492,42.6,391,35.8,57.3,38.3,28.1,23.4,10.2
"Fermin, José",820862,2025,"40","34.1",25,8,39,23,25.7,15.1,".197",".409",".322","0.731","0.212","17","0","4","3","2","4.46","6","0",".187",".399",".318",".314",".319",".212",".358",".275","91.4","21",13.5,63.7,25.2,25.6,54.4,45.6,43,79,47.9,309,77.1,7.4,2,326,317,645,74.8,54,214,52.1,336,42.3,273,33.1,45.4,31.5,42.7,16.9,9
"Okert, Steven",595345,2025,"68","71.2",45,6,84,19,30.4,6.9,".181",".286",".242","0.528","0.105","24","1","2","3","2","3.01","10","1",".185",".326",".233",".253",".249",".141",".328",".279","88.4","25.3",7,71.7,24.8,27.3,57.6,42.4,76,132,45.9,483,78.1,9.1,1,442,608,1052,75.2,101,408,54.1,569,46.8,492,32.8,51.3,25.7,36.8,24,13.5
"Bivens, Spencer",702352,2025,"54","81.0",83,6,61,25,17.8,7.3,".269",".408",".331","0.739","0.139","36","3","0","4","3","4.00","4","0",".247",".395",".322",".314",".315",".148",".346",".309","87.5","7.2",7.1,67.3,11.3,29.4,31.1,68.9,57,183,48.1,622,73.8,8.3,198,919,0,1294,88.7,51,452,51.9,672,43.7,565,17,49.1,52.8,20.6,19.4,7.1
"López, Jorge",605347,2025,"26","24.2",25,1,17,6,16.2,5.7,".266",".362",".324","0.686","0.096","18","1","3","6","0","6.57","5","0",".301",".468",".302",".354",".355",".167",".390",".359","91.9","8.9",6.3,64.6,7.4,32.6,39.7,60.3,23,58,46,178,75.7,9.6,37,204,145,387,92.6,10,135,54,209,39.5,153,17.1,49.9,46.8,16.5,34.2,2.5
"Megill, Tylor",656731,2025,"14","68.1",60,6,89,33,29.2,10.8,".230",".345",".329","0.674","0.115","30","0","0","5","5","3.95","0","14",".220",".347",".303",".306",".324",".128",".374",".335","90.3","14.8",6.3,62,20.9,28.6,50.8,49.2,92,181,51.2,632,69.5,7.7,89,763,382,1234,79.1,78,373,48.8,602,42.5,524,30.7,44.9,40.9,23.9,25.6,9.7
"Saalfrank, Andrew",685314,2025,"28","29.0",19,1,19,10,16.8,8.8,".188",".257",".257","0.514","0.069","4","3","2","2","1","1.24","5","0",".242",".422",".229",".312",".306",".180",".341",".293","88.9","12.4",7.1,64.3,17.4,28.1,54.4,45.6,31,57,47.5,203,83.3,7,0,236,191,427,82.6,25,144,52.5,224,41.7,178,27.9,47.1,45.2,28.6,20.2,6
"Holmes, Grant",656550,2025,"22","115.0",100,16,123,54,25,11,".235",".387",".328","0.715","0.152","51","0","0","4","9","3.99","0","21",".240",".414",".316",".329",".334",".174",".390",".335","90.1","9.3",10.1,69,17.5,28.8,57.4,42.6,167,291,51.5,1011,76.5,6.9,23,940,1001,1964,82.5,115,658,48.5,954,42.3,832,29.7,48.3,45.8,27.6,23.1,3.6
"Henriquez, Ronny",678692,2025,"69","73.0",53,8,98,27,32.3,8.9,".199",".333",".278","0.611","0.134","18","7","4","7","1","2.22","26","0",".182",".350",".269",".270",".265",".168",".351",".284","88.3","15.8",10.9,65.3,21.4,35.3,59.9,40.1,130,217,53.1,615,74.7,7.2,192,368,270,1158,78.6,76,355,46.9,544,41,475,36,49.4,40.8,33.9,17.2,8
"Palencia, Daniel",694037,2025,"54","52.2",44,5,61,16,28.4,7.4,".224",".362",".288","0.650","0.138","17","22","3","1","6","2.91","6","0",".225",".354",".284",".282",".289",".130",".357",".324","90.1","14.4",4.4,71.5,21.3,27.1,46.7,53.3,49,105,46.1,388,86.8,8.1,39,605,197,841,78.7,69,324,53.9,453,44.2,372,27.5,51,39.7,25.7,27.2,7.4
"Waldrep, Hurston",694462,2025,"10","56.1",45,3,55,22,24,9.6,".222",".305",".306","0.611","0.083","18","0","0","6","1","2.88","0","9",".251",".359",".276",".310",".335",".108",".364",".348","89.1","6.3",4,64.5,17.4,24.5,60.6,39.4,63,104,49.3,425,78.6,6.5,279,370,213,886,82.6,49,282,50.7,437,40.8,352,28.5,44.7,49.7,21.5,26.2,2.7
"Houser, Adrian",605288,2025,"21","125.0",122,10,92,38,17.8,7.3,".261",".385",".325","0.710","0.124","46","0","0","8","5","3.31","0","21",".255",".388",".312",".312",".320",".133",".341",".315","90.2","9.3",6.1,69.1,11.1,29,35.7,64.3,95,266,48.5,918,76.3,8.9,289,1090,513,1892,88.9,75,673,51.5,974,43.9,831,18.1,49.6,48.9,20.8,23.7,6.6
"Suarez, José",660761,2025,"7","19.1",15,1,16,10,19.8,12.3,".217",".290",".313","0.603","0.073","4","1","0","2","0","1.86","1","1",".244",".394",".270",".318",".336",".151",".350",".312","90.1","6.5",7.3,66,20.4,24.7,65.8,34.2,25,38,52.2,154,68.8,10.8,84,143,68,295,79.6,19,93,47.8,141,35.6,105,33.6,44.4,49.1,25.5,21.8,3.6
"Fairbanks, Pete",664126,2025,"61","60.1",45,7,59,18,24.2,7.4,".201",".348",".263","0.611","0.147","19","27","5","4","5","2.83","0","0",".220",".339",".269",".275",".281",".119",".325",".299","90.2","14.3",4.8,68.1,15.9,29,55.5,44.5,71,128,44.8,442,73.4,8,48,546,393,987,84.1,59,371,55.2,545,44.6,440,26.1,50.6,45.8,24.7,21.1,8.4
"Wesneski, Hayden",669713,2025,"6","32.0",29,7,29,6,22.1,4.6,".240",".479",".279","0.758","0.239","16","0","0","1","3","4.50","0","6",".246",".458",".322",".321",".289",".211",".393",".325","89.7","16.3",10.5,66.2,16.1,25.8,44.3,55.7,27,61,46.5,236,72.5,10,43,293,47,508,83.9,29,180,53.5,272,41.7,212,23.2,47.4,38.9,27.4,24.2,9.5
"Sasaki, Roki",808963,2025,"10","36.1",30,6,28,22,17.4,13.7,".221",".404",".342","0.746","0.183","18","0","0","1","1","4.46","2","8",".243",".472",".331",".363",".361",".230",".380",".307","90.6","13.1",11.1,64.5,11.2,22.3,52.1,47.9,37,71,51.1,318,79.6,7.9,208,312,101,621,88.8,22,196,48.9,304,36.5,227,22.1,43,38.9,31.5,25,4.6
"Gordon, Tanner",685299,2025,"15","75.1",96,16,62,17,18.4,5,".304",".532",".344","0.876","0.228","53","0","0","6","8","6.33","0","15",".294",".530",".374",".368",".336",".237",".433",".365","90.1","17",11.4,73.6,13.4,27.1,33.8,66.2,50,148,43.9,546,83.6,9.3,263,657,324,1244,86.6,69,514,56.1,698,44.1,548,18,53.2,35.3,29.4,28.2,7.1
"Clarke, Taylor",664199,2025,"51","55.1",38,8,44,9,21.4,4.4,".194",".357",".233","0.590","0.163","20","1","1","1","1","3.25","5","0",".239",".416",".256",".298",".276",".177",".359",".309","89.3","13.6",7.9,65.9,13.5,29,46,54,57,124,49.5,428,81.4,8.1,176,345,344,865,86.5,39,288,50.5,437,42.9,371,23.3,47.6,44.1,25,22.4,8.6
"Sousa, Bennett",656986,2025,"44","50.2",37,4,59,15,29.6,7.5,".204",".331",".263","0.594","0.127","16","4","2","5","1","2.84","7","0",".199",".335",".261",".266",".261",".136",".342",".296","89.1","15.9",8,68.5,21.2,36.8,67.2,32.8,88,131,48.9,356,81.9,9.9,0,305,423,728,78.8,54,255,51.1,372,43,313,36.8,53,39.2,28,24,8.8
"Pressly, Ryan",519151,2025,"44","41.1",46,6,28,17,15.4,9.3,".287",".450",".363","0.813","0.163","20","5","2","2","3","4.35","7","0",".282",".439",".356",".350",".358",".157",".374",".342","91.2","8.5",6.7,66.7,10.4,23.4,39.2,60.8,29,74,47.8,316,75,9.1,37,321,303,661,89.6,24,230,52.2,345,41.6,275,17.4,46,53,18.7,20.9,7.5
"Shugart, Chase",663767,2025,"35","45.0",33,6,31,17,17.1,9.4,".206",".388",".282","0.670","0.182","17","0","3","4","3","3.40","5","0",".241",".441",".286",".332",".322",".200",".367",".306","88","18.9",9.1,63.8,18.2,23.3,42,58,34,81,50.1,347,74.1,8.4,49,444,0,692,81.8,40,220,49.9,345,40,277,24.6,43.5,33.3,28,27.3,11.4
"Rodríguez, Elvin",660730,2025,"7","19.2",26,9,18,7,20,7.8,".317",".707",".378","1.085","0.390","20","0","0","0","2","9.15","0","2",".292",".653",".453",".421",".355",".360",".504",".374","89","21.9",20.3,61.9,16.3,26.3,36.4,63.6,16,44,49.9,167,64,7.5,20,211,70,335,83.7,17,104,50.1,168,42.1,141,22.3,44.2,18.8,48.4,25,7.8
"Messick, Parker",800048,2025,"7","39.2",46,4,38,6,23,3.6,".289",".409",".315","0.724","0.120","12","0","0","3","1","2.72","0","7",".237",".368",".315",".274",".264",".131",".339",".311","88.1","9.8",5.8,63,18.4,27.5,45.1,54.9,37,82,47.7,298,58.3,7.7,146,309,170,625,81.6,38,206,52.3,327,44.6,279,26,46.1,48.8,20.7,25.6,5
"Soroka, Michael",647336,2025,"22","89.2",72,12,95,29,25.1,7.7,".216",".374",".306","0.680","0.158","45","0","0","3","8","4.52","1","17",".209",".351",".302",".293",".301",".142",".334",".292","89.2","14.3",6.7,62.9,15.5,25.7,46.7,53.3,86,184,46.9,716,74.8,9.1,154,842,0,1528,84.5,79,511,53.1,812,40.8,624,23.7,45.5,44.2,29.2,17.9,8.8
"Crochet, Garrett",676979,2025,"32","205.1",165,24,255,46,31.3,5.7,".217",".353",".264","0.617","0.136","59","0","0","18","5","2.59","0","32",".210",".347",".270",".266",".258",".137",".358",".316","87.7","10.5",7.3,69,20.6,32.6,50,50,244,488,47.4,1495,77.5,8.6,133,2515,0,3151,79.4,235,1143,52.6,1656,44.5,1403,29.4,51.8,49.3,23,20.8,6.9
"Barnett, Mason",686930,2025,"5","22.1",26,3,18,11,17.3,10.6,".286",".451",".365","0.816","0.165","17","0","0","1","1","6.85","0","5",".232",".378",".355",".307",".319",".146",".319",".286","88.5","16.8",10.8,66.7,11.6,24.5,48.1,51.9,25,52,49.2,212,75,7.4,44,230,65,431,88.4,17,146,50.8,219,43.9,189,21.2,45.9,35.1,27,27,10.8
"Megill, Trevor",656730,2025,"50","47.0",36,3,60,17,31.3,8.9,".209",".326",".276","0.602","0.117","13","30","6","6","3","2.49","0","0",".221",".364",".259",".281",".289",".143",".377",".335","91","12.5",7.8,62.5,18,33.7,59.7,40.3,71,119,46.9,353,74.2,8.2,0,456,297,753,82,45,250,53.1,400,42.8,322,31.4,49,40,26.1,28.7,5.2
"Blubaugh, AJ",805123,2025,"11","32.0",17,6,35,12,28,9.6,".152",".339",".232","0.571","0.187","6","0","1","3","1","1.69","0","3",".184",".383",".251",".280",".261",".200",".343",".265","89.9","22.6",10.3,66,21.2,30.4,48.7,51.3,38,78,50.7,257,76.7,5.9,98,283,18,507,78.8,35,165,49.3,250,41.6,211,30,47.9,34.6,38.5,16.7,10.3
"Alvarado, Elvis",665660,2025,"37","42.1",34,6,50,22,27.3,12,".214",".371",".317","0.688","0.157","15","0","1","1","1","3.19","4","0",".221",".362",".305",".304",".323",".142",".362",".322","89.9","16.7",8.3,71.1,25,26.7,53.2,46.8,59,111,54.4,416,83.3,7.1,31,489,245,765,75,62,248,45.6,349,41,314,33.7,46.9,39.4,30.3,22.9,7.3
"Weathers, Ryan",677960,2025,"8","38.1",37,7,37,12,22.3,7.2,".245",".430",".303","0.733","0.185","17","0","0","2","2","3.99","0","8",".236",".418",".317",".309",".295",".182",".366",".311","89.6","12.3",9.5,69.7,19.7,24.7,58.1,41.9,43,74,46.6,299,78.3,9.3,188,311,23,642,80.3,47,239,53.4,343,40.5,260,28.8,48.8,44.8,33.6,17.2,4.3
"Cecconi, Slade",677944,2025,"23","132.0",125,24,109,32,20,5.9,".247",".451",".294","0.745","0.204","63","0","0","7","7","4.30","0","23",".268",".490",".319",".343",".314",".222",".407",".340","91.7","13.8",12.2,66.9,15.5,22.7,46.5,53.5,101,217,46.2,954,76.6,9.1,155,1182,724,2063,84.5,115,743,53.8,1110,40.9,845,22.5,46.5,41.4,28.2,24.2,6.2
"Anderson, Grant",681982,2025,"66","69.2",59,8,74,29,24.7,9.7,".223",".352",".303","0.655","0.129","25","0","3","2","6","3.23","6","0",".243",".360",".287",".300",".321",".117",".359",".335","88.8","12.2",5.2,66.3,21.5,29.7,52,48,89,171,49.7,576,76.7,8.9,48,672,0,1158,78.5,83,386,50.3,582,43.9,508,30.9,48.1,42.8,25.8,25.3,6.2
"Bello, Brayan",678394,2025,"29","166.2",147,16,124,59,17.7,8.4,".237",".355",".314","0.669","0.118","62","0","0","11","9","3.35","0","28",".258",".409",".297",".327",".333",".151",".355",".320","88.8","9",7.1,65.1,10.6,27.5,41.3,58.7,157,380,51.3,1383,76.6,7.1,410,1774,0,2697,89.4,91,856,48.7,1314,43.9,1184,20.1,45.8,50,24,21.2,4.8
"Sabrowski, Erik",681870,2025,"33","29.1",14,2,42,21,34.7,17.4,".144",".247",".314","0.561","0.103","6","0","0","0","1","1.84","12","0",".156",".279",".271",".286",".323",".124",".325",".274","89.7","24.8",3.6,69.2,31.1,24.3,59.3,40.7,35,59,48.3,243,76.9,7.8,0,342,161,503,68.9,56,180,51.7,260,45.3,228,38.1,47.5,29.1,23.6,29.1,18.2
"Kelly, Kevin",687330,2025,"41","39.2",45,11,35,9,20.5,5.3,".281",".556",".316","0.872","0.275","26","0","4","2","5","5.90","5","0",".293",".573",".364",".381",".332",".280",".467",".376","91.1","9.5",15.7,62.7,17.5,27.5,31.1,68.9,23,74,45.7,269,76.8,11.7,0,472,0,588,82.5,35,200,54.3,319,41,241,21.2,46.6,44.1,24.4,26.8,4.7
"Wilson, Bryse",669060,2025,"20","47.1",67,11,28,19,12.5,8.5,".335",".570",".395","0.965","0.235","35","0","0","0","2","6.65","0","5",".336",".578",".410",".422",".400",".242",".458",".392","91.3","17.2",10.9,66.8,9.6,29.1,31.3,68.7,41,131,52.7,450,75.5,6.2,152,559,143,854,90.4,26,270,47.3,404,42.5,363,16.7,47,35.1,29.9,29.9,5.2
"Vesia, Alex",681911,2025,"68","59.2",37,9,80,22,33.8,9.3,".181",".348",".272","0.620","0.167","20","5","4","4","2","3.02","26","0",".185",".346",".269",".274",".278",".161",".366",".299","88.5","24.9",10.8,69,26.1,29.3,43,57.7,61,142,47.3,484,72.4,7.4,63,588,372,1023,73.9,97,372,52.7,539,42.5,435,30.7,50.2,30.8,29.2,20.8,19.2
"Uceta, Edwin",670955,2025,"70","76.0",62,11,103,27,32.1,8.4,".220",".390",".303","0.693","0.170","32","1","5","10","3","3.79","21","0",".219",".395",".300",".306",".305",".176",".411",".344","88.6","17.2",9.3,73.1,28.6,33.3,50.5,49.5,103,204,50.4,612,86.1,6.5,472,706,0,1214,71.4,126,440,49.6,602,45.8,556,35.6,53,32.8,34.4,24.6,8.2
"Vargas, Carlos",672841,2025,"70","77.0",81,10,54,23,16.3,6.9,".273",".421",".337","0.758","0.148","34","1","7","5","5","3.97","14","0",".247",".371",".327",".299",".315",".124",".322",".300","88.6","4.6",4.9,64.5,12,28.8,38.3,61.7,54,141,44.6,489,74.4,7.1,21,870,204,1095,88,47,392,55.4,608,43.9,482,18.9,48.7,57.1,20.2,19.8,2.8
"Ferguson, Caleb",657571,2025,"70","65.1",54,2,51,22,18.9,8.1,".229",".301",".307","0.608","0.072","26","0","5","5","4","3.58","14","0",".237",".330",".271",".291",".318",".093",".316",".303","84.8","5.6",3.1,64.3,13.8,29.4,40.3,59.7,58,144,47,490,65.7,6.4,0,815,0,1042,86.2,49,355,53,552,45.5,474,21.4,47.9,49.7,18.3,27.7,4.2
"Civale, Aaron",650644,2025,"23","102.0",96,16,88,33,20.2,7.6,".245",".434",".313","0.747","0.189","55","1","0","4","9","4.85","0","18",".234",".423",".323",".314",".303",".190",".356",".300","88.5","19.2",9.8,63.9,16,26.3,36.3,63.7,82,226,49.1,858,72.7,7.6,101,1175,465,1747,84,91,568,50.9,889,44.6,779,21.8,45.4,34.9,31.9,22.8,10.4
"Bido, Osvaldo",674370,2025,"26","79.2",93,19,68,35,18.7,9.6,".297",".537",".370","0.907","0.240","52","1","0","2","5","5.87","0","10",".253",".487",".384",".354",".336",".235",".396",".319","90.4","20.1",11.8,70.1,16.4,26.4,50.6,49.4,87,172,47.2,652,75.9,9.9,146,821,411,1380,83.6,84,511,52.8,729,41.3,571,25,49.5,30.7,37.4,23.2,8.7
"Winn, Cole",668390,2025,"33","41.2",23,3,35,17,21.6,10.5,".167",".297",".275","0.572","0.130","7","0","0","0","1","1.51","4","0",".216",".407",".255",".318",".321",".191",".355",".291","91.4","10.4",10.4,67.8,14.7,23.7,46.6,53.4,34,73,49.8,308,81.3,7.8,75,419,125,619,85.3,31,211,50.2,311,40.2,249,22.9,45.9,48.1,28.3,19.8,3.8
"Cannon, Jonathan",686563,2025,"22","103.2",116,19,86,38,18.5,8.2,".278",".494",".344","0.838","0.216","67","0","0","4","10","5.82","0","17",".271",".485",".358",".354",".339",".214",".401",".339","90.3","17.4",10.7,70.6,15.6,25.1,38.6,61.4,85,220,48.8,875,77.7,9.3,383,1139,0,1793,84.4,101,648,51.2,918,42.9,769,21.4,48.4,37.6,30.1,23.3,9
"Schwellenbach, Spencer",680885,2025,"17","110.2",89,13,108,18,24.9,4.1,".217",".366",".252","0.618","0.149","38","0","0","7","4","3.09","0","17",".252",".396",".266",".294",".285",".144",".374",".340","88.8","8.3",7.5,66.4,19.5,34,49.4,50.6,119,241,45.1,709,75.8,10,218,890,465,1573,80.5,112,574,54.9,864,42.3,665,28.3,51.8,47.4,19.3,27.1,6.2
"Snell, Blake",605483,2025,"11","61.1",51,3,72,26,28.3,10.2,".230",".315",".307","0.622","0.085","16","0","0","5","4","2.35","0","11",".224",".322",".278",".283",".305",".098",".349",".331","86.2","5.6",5.8,64.1,25.8,33.9,50.3,49.7,98,195,55.9,575,72.9,4.7,243,448,337,1028,74.2,75,291,44.1,454,45.2,465,35.6,47.3,50.6,17.9,26.9,4.5
"Neris, Héctor",593576,2025,"35","26.2",29,6,35,16,28.2,12.9,".279",".538",".377","0.915","0.259","20","0","2","3","2","6.75","7","0",".220",".440",".388",".331",".328",".220",".414",".329","91.4","23.7",13.9,66.1,18.5,29.6,48.3,51.7,42,87,53.6,294,80,7.3,267,265,16,548,81.5,31,168,46.4,254,43.2,237,28.6,46.5,29.2,34.7,26.4,9.7
"Matsui, Yuki",673513,2025,"61","63.1",53,10,61,33,22.4,12.1,".227",".416",".321","0.737","0.189","28","1","0","3","1","3.98","3","0",".228",".397",".318",".313",".322",".170",".353",".303","88.5","20.6",9,71.7,20.5,29.5,50.9,49.1,86,169,53.8,572,82.6,6.5,342,436,171,1063,79.5,72,352,46.2,491,43.3,460,30.3,49,32.2,36.7,19.8,11.3
"Gibson, Cade",806188,2025,"44","54.2",44,3,43,21,18.7,9.1,".219",".318",".310","0.628","0.099","16","0","2","4","5","2.63","5","1",".245",".348",".279",".304",".334",".103",".327",".312","87.9","7.2",5.6,58.2,13.2,27.5,40.6,59.4,52,128,51.2,465,82.1,7.4,132,301,346,908,86.8,34,258,48.8,443,38.4,349,22.3,42.5,51.9,17.5,26.3,4.4
"Stewart, Brock",592779,2025,"43","37.2",32,3,44,13,27.7,8.2,".227",".333",".310","0.643","0.106","11","0","1","2","2","2.63","16","0",".192",".304",".284",".259",".279",".112",".308",".279","86.5","21.3",4.1,70.8,23.5,28.8,52.4,47.6,43,82,46.7,285,80,8.2,66,457,0,610,76.5,54,230,53.3,325,38.2,233,31.1,51.1,37.8,32.7,17.3,12.2
"Ellard, Fraser",686642,2025,"18","17.0",8,1,22,19,29.7,25.7,".148",".222",".378","0.600","0.074","8","0","0","1","2","4.24","2","3",".200",".345",".303",".357",".417",".145",".391",".338","90","12.5",6.3,63.2,23.5,23,60,40,24,40,52.9,174,76,7.6,24,219,86,329,76.5,23,98,47.1,155,46.8,154,34.1,41.9,40.6,15.6,31.3,12.5
"Bednar, David",670280,2025,"64","62.2",46,4,86,19,34.3,7.6,".200",".304",".263","0.567","0.104","16","27","3","6","5","2.30","4","0",".205",".339",".249",".264",".267",".135",".369",".325","89.2","11.2",9,62.9,22.5,30.2,51.7,48.3,74,143,46.3,474,67.5,8.1,202,451,371,1024,77.5,78,346,53.7,550,42.4,434,31.1,47.8,44.1,22.8,26.9,6.2
"Bachar, Lake",669199,2025,"53","71.0",55,10,75,30,25.3,10.1,".213",".388",".298","0.686","0.175","31","3","1","8","2","3.93","6","1",".228",".441",".296",".327",".316",".213",".399",".322","90.3","17.7",10.6,63.4,21.8,30.5,46.4,53.6,84,181,52,594,69.3,6.6,139,425,266,1143,78.2,76,348,48,549,43.4,496,30.2,46.3,35.1,28.7,25,11.2
"Kelly, Michael",547184,2025,"42","39.2",32,5,29,19,17.5,11.4,".224",".378",".317","0.695","0.154","14","2","1","4","4","3.18","7","0",".252",".445",".301",".338",".343",".194",".372",".315","87.3","14.4",10.3,61.7,14.9,23.7,42.1,57.9,32,76,48.8,321,67.7,9.9,10,239,77,658,85.1,31,208,51.2,337,42.4,279,22.2,43.2,42.7,31.6,19.7,6
"Patrick, Chad",694477,2025,"27","119.2",113,13,127,40,25.2,8,".248",".387",".313","0.700","0.139","47","0","0","3","8","3.53","1","23",".240",".395",".307",".306",".306",".156",".374",".331","89.4","18.5",8.1,70.8,19.8,29,32.9,67.1,95,289,49.6,996,84,7.5,134,1737,106,2010,80.2,142,718,50.4,1014,44.3,891,23.5,50.1,31.9,28.9,29.2,9.9
"Criswell, Cooper",681867,2025,"7","17.2",23,3,9,5,11.3,6.3,".311",".459",".350","0.809","0.148","7","1","0","1","0","3.57","0","1",".266",".403",".349",".310",".312",".137",".324",".302","86.7","7.4",6.1,66.7,7.1,33.3,28,72,14,50,54.3,150,72.7,4,86,159,0,276,92.9,6,84,45.7,126,48.6,134,14.9,48.6,53,21.2,19.7,6.1
"Gil, Luis",661563,2025,"11","57.0",47,5,41,33,16.8,13.5,".226",".365",".332","0.697","0.139","21","0","0","4","1","3.32","0","11",".254",".420",".311",".342",".356",".166",".354",".313","90.5","21.3",8.3,65.1,16.4,20,40.7,59.3,37,91,46.8,454,70.1,6.9,229,491,250,970,83.6,55,336,53.2,516,42.6,413,21.5,44,32,29.6,26.6,11.8
"Hendricks, Kyle",543294,2025,"31","164.2",167,25,114,43,16.4,6.2,".262",".447",".311","0.758","0.185","87","0","0","8","10","4.76","0","31",".246",".408",".324",".308",".300",".162",".341",".301","86.1","16.3",8.3,64.2,14.8,31.6,25.4,74.6,103,405,49.7,1280,71.7,6.7,987,1372,212,2573,85.2,123,830,50.3,1293,46.6,1198,18.3,48,39.2,28.9,22.9,9
"Woodford, Jake",663765,2025,"22","36.1",45,3,23,13,13.5,7.6,".298",".424",".363","0.787","0.126","26","3","4","0","4","6.44","2","0",".289",".428",".343",".345",".357",".139",".365",".341","86.1","10.4",6.9,68,12.5,24.5,26.9,73.1,21,78,51,319,77.6,7.8,116,366,0,625,87.5,26,208,49,306,43.2,270,16.4,45.8,45.8,22.9,26,5.3
"Valdez, Framber",664285,2025,"31","192.0",171,15,187,68,23.3,8.5,".238",".358",".308","0.666","0.120","78","0","0","13","11","3.66","0","31",".241",".370",".295",".303",".312",".129",".354",".324","90.8","2.7",6.7,64,15.3,29.8,52.1,47.9,220,422,48.9,1415,74,6.9,516,1327,1048,2891,84.7,144,944,51.1,1476,44.3,1280,26.6,47.3,59.4,16.5,21.7,2.4
"Castillo, Luis",622491,2025,"32","180.2",168,23,162,46,21.7,6.2,".244",".402",".297","0.699","0.158","71","0","0","11","8","3.54","0","32",".245",".418",".304",".312",".299",".173",".370",".320","90.3","14.5",10.4,73.9,19.3,28.9,38.3,61.7,164,428,49.6,1482,77.7,6.8,340,2039,609,2988,80.7,215,1113,50.4,1506,44.3,1324,24.6,51.6,41.1,28.7,22.8,7.4
"Payamps, Joel",606303,2025,"30","26.1",31,4,24,9,20.5,7.7,".301",".583",".359","0.942","0.282","20","1","0","0","1","6.84","4","0",".283",".556",".389",".391",".354",".273",".468",".370","90","17.8",17.1,60.5,18.1,24.4,42.6,57.4,23,54,49.2,221,58.3,5.3,4,234,211,449,81.9,25,138,50.8,228,46.8,210,25,42.8,31.7,40.2,24.4,3.7
"Yates, Kirby",489446,2025,"50","41.1",38,9,52,18,29.1,10.1,".239",".516",".318","0.834","0.277","24","3","2","4","3","5.23","15","0",".227",".423",".354",".318",".308",".196",".405",".335","88.5","18.6",13,75,28.6,29.2,51.3,48.7,59,115,51.7,394,88.5,6.8,322,440,0,762,71.4,79,276,48.3,368,42.4,323,35.3,51.3,30.6,35.2,27.8,6.5
"Allard, Kolby",663465,2025,"33","65.0",64,5,42,14,15.8,5.3,".261",".384",".300","0.684","0.123","19","0","0","2","2","2.63","4","2",".241",".391",".293",".286",".283",".150",".321",".288","88.2","17.8",5.7,67.5,16.1,26.3,31.3,68.7,36,115,43.7,437,77.6,9.8,200,668,132,1000,83.9,61,380,56.3,563,41.5,415,19.6,49.5,38.3,26.3,23.4,12
"Tonkin, Michael",543859,2025,"21","24.0",20,3,19,8,18.4,7.8,".225",".382",".320","0.702","0.157","13","0","1","2","1","4.88","2","0",".252",".466",".312",".355",".348",".213",".387",".322","91.4","15.6",8.5,61.7,16.3,23.9,33.3,66.7,15,45,47.4,188,71.9,8.1,0,258,103,397,83.7,21,129,52.6,209,42.1,167,20.7,43.8,32.4,29.6,31,7
"Schultz, Paxton",687606,2025,"13","24.2",27,4,28,8,25.5,7.3,".276",".490",".327","0.817","0.214","12","0","0","0","0","4.38","0","2",".219",".385",".346",".302",".291",".166",".369",".315","91.1","18.4",11,65.2,19.3,27.4,43.9,56.1,29,66,53.8,241,72,5.6,87,295,66,448,80.7,26,135,46.2,207,40.2,180,27.4,44.9,41.1,26,23.3,9.6
"Fried, Max",608331,2025,"32","195.1",164,14,189,51,23.6,6.4,".223",".334",".281","0.615","0.111","62","0","0","19","5","2.86","0","32",".233",".358",".272",".287",".291",".125",".340",".313","87.2","6.9",6.9,66.6,18.5,27.6,45.9,54.1,199,434,50.6,1572,75.2,7.8,341,1810,600,3109,81.5,189,1024,49.4,1537,42.2,1312,26.6,46.9,52.6,21.2,20.1,6
"Sands, Cole",663485,2025,"69","72.0",65,7,64,19,21.4,6.4,".242",".390",".297","0.687","0.148","36","3","4","4","6","4.50","13","3",".235",".404",".296",".306",".297",".169",".360",".310","89.4","12.4",9.9,66.7,15.3,27.7,41.2,58.8,61,148,46.7,534,72.2,6.9,247,679,217,1143,84.7,62,406,53.3,609,43.5,497,22.2,48.5,43.9,25.9,22.6,7.5
"Sandlin, Nick",680704,2025,"19","16.1",11,2,16,8,23.2,11.6,".186",".322",".304","0.626","0.136","4","1","3","0","2","2.20","5","0",".229",".382",".286",".324",".341",".154",".357",".314","88.2","22.4",4.7,58.6,21.8,32.5,56.9,43.1,29,51,54.1,157,57.1,7.2,57,91,141,290,78.2,17,78,45.9,133,39.7,115,35.7,44.5,37.2,18.6,23.3,20.9
"Lucchesi, Joey",664192,2025,"38","38.1",35,4,31,12,18.8,7.3,".235",".383",".301","0.684","0.148","16","0","0","0","1","3.76","6","0",".231",".371",".298",".293",".297",".140",".326",".292","88","6",6.7,62.6,12.1,26.1,39.2,60.8,31,79,47.9,303,70.2,9,2,462,168,632,87.9,25,206,52.1,329,42.2,267,19.6,45.1,54.2,20.8,17.5,7.5
"Suarez, Robert",663158,2025,"70","69.2",47,6,75,16,27.9,5.9,".189",".293",".243","0.536","0.104","23","40","5","4","6","2.97","0","0",".237",".402",".235",".298",".289",".166",".389",".339","90.5","15.5",9.1,73.2,20.9,30.3,33.3,66.7,48,144,44.2,476,82.8,9.2,257,819,0,1076,79.1,92,440,55.8,601,44.8,483,24,54.3,36.9,26.7,27.8,8.5
"McFarland, T.J.",519008,2025,"27","15.2",26,2,7,3,9.5,4.1,".377",".609",".405","1.014","0.232","12","0","1","0","0","6.89","7","0",".291",".502",".427",".359",".332",".210",".377",".326","91.9","4.4",9.5,64.5,9,25.4,38.2,61.8,13,34,49.3,134,62.5,8.8,29,142,0,272,91,8,89,50.7,138,43,117,17.1,45.2,60.3,19,17.5,3.2
"McDonald, Trevor",686790,2025,"3","15.0",13,1,14,2,23.3,3.3,".228",".298",".254","0.552","0.070","3","0","0","1","0","1.80","0","2",".248",".369",".244",".281",".273",".122",".353",".328","89.3","7.8",4.5,53.7,12.1,48.1,50,50,25,50,49.1,104,50,3.8,12,93,107,212,87.9,7,58,50.9,108,45.8,97,29.6,50.9,54.5,15.9,25,4.5
"McGreevy, Michael",700241,2025,"17","95.2",100,12,58,20,14.5,5,".268",".426",".309","0.735","0.158","47","0","0","8","4","4.42","0","16",".274",".457",".318",".333",".316",".183",".368",".324","90.5","9",8.8,65.6,12.8,25.3,36.5,63.5,66,181,48.9,716,74.8,8.4,151,838,189,1465,87.2,63,491,51.1,749,43.6,639,19.2,45.9,48,24.1,24.1,3.8
"McGough, Scott",543518,2025,"13","16.0",18,4,16,7,21.3,9.3,".269",".537",".347","0.884","0.268","12","0","0","0","0","6.75","0","0",".258",".553",".377",".377",".337",".295",".446",".339","91.4","19.1",17.6,72.5,26,27,41.9,58.1,18,43,53.5,159,86.7,5.1,99,128,70,297,74,26,100,46.5,138,42.4,126,30.8,48.1,33.3,43.1,15.7,7.8
"Castillo, José",620454,2025,"29","32.0",40,4,30,14,20.1,9.4,".310",".457",".389","0.846","0.147","14","0","2","2","2","3.94","3","0",".252",".372",".367",".315",".341",".120",".345",".325","89.7","4.2",5.9,61.7,12.4,30.7,43.4,56.6,36,83,49.6,270,70.3,6.8,14,292,237,543,87.6,21,169,50.4,274,47.1,256,22.6,46.4,55.4,22.8,20.8,1
"Beeks, Jalen",656222,2025,"61","57.1",42,6,47,20,20.3,8.7,".202",".341",".277","0.618","0.139","24","1","2","5","3","3.77","14","2",".235",".398",".271",".306",".308",".163",".347",".304","88.5","12.5",10.5,74.5,19.3,25.4,50.8,49.2,61,120,51.5,472,82.8,7,345,571,0,916,80.7,64,331,48.5,444,40.5,371,27.7,49.2,46.9,27.8,19.8,5.6
"Sauer, Matt",669422,2025,"10","29.2",35,6,24,8,18.6,6.2,".299",".521",".349","0.870","0.222","21","1","0","2","1","6.37","0","1",".281",".462",".370",".340",".332",".182",".389",".346","90.3","12.7",8.4,70.9,13,29.9,34.7,65.3,26,75,49,251,84.8,9,46,365,101,512,87,24,185,51,261,41,210,19.2,50.8,42.1,24.2,27.4,6.3
"Pilkington, Konnor",663455,2025,"32","28.1",22,7,34,17,27.6,13.8,".216",".471",".333","0.804","0.255","14","0","0","2","0","4.45","5","0",".254",".524",".346",".382",".367",".270",".483",".374","90.6","17.1",15.7,67.8,16.7,24.8,58.2,41.8,39,67,54,270,81.3,6.4,108,295,97,500,83.3,26,156,46,230,41,205,29.1,44.6,27.1,37.1,31.4,4.3
"Reynolds, Sean",669308,2025,"19","27.0",20,4,25,17,21.4,14.5,".206",".371",".342","0.713","0.165","16","0","0","0","1","5.33","2","1",".251",".491",".322",".379",".379",".240",".422",".339","90.3","13.9",11.1,65.2,19.2,18.5,36.4,63.6,16,44,48.2,238,84.6,7.9,28,256,158,494,80.8,32,167,51.8,256,44.1,218,22.7,42.7,31.9,33.3,26.4,8.3
"Soriano, José",667755,2025,"31","169.0",158,12,152,78,21,10.8,".249",".353",".335","0.688","0.104","80","0","0","10","11","4.26","0","31",".242",".367",".309",".312",".331",".125",".344",".320","91.4","-2.8",7.2,63.4,14.8,26.8,54.6,45.4,208,381,51,1419,70.2,7.7,266,1607,911,2784,85.2,128,865,49,1365,43.4,1208,27,44.8,66,12.1,20.3,1.6
"Estévez, Carlos",608032,2025,"67","66.0",48,5,54,22,20.1,8.2,".199",".315",".276","0.591","0.116","18","42","6","4","5","2.45","0","0",".228",".404",".255",".299",".302",".176",".343",".292","89.1","23.4",10.6,70.3,14.9,23,34.9,65.1,37,106,44.2,461,86.2,9,163,558,322,1043,85.1,61,409,55.8,582,41.5,433,19,49.4,25.4,30.2,29.6,14.8
"Bummer, Aaron",607481,2025,"42","54.1",51,3,51,18,21.6,7.6,".250",".373",".339","0.712","0.123","23","0","0","3","2","3.81","2","2",".267",".372",".310",".318",".355",".105",".360",".351","89.7","2.9",3.2,58.3,11.5,29.2,43.7,56.3,62,142,52.1,486,58.7,6.8,0,441,326,932,88.5,30,260,47.9,446,43,401,22.9,43.1,55.8,16,27.6,0.6
"Morales, Luis",806960,2025,"10","48.2",38,8,43,18,21.6,9,".212",".397",".286","0.683","0.185","17","0","0","4","3","3.14","0","9",".238",".442",".297",".325",".310",".204",".377",".311","89","18.9",10.9,63.4,16,23.4,45.2,54.8,42,93,48.5,398,80.4,6.8,107,430,66,821,84,43,268,51.5,423,41,337,23.5,44,35,32.1,21.2,11.7
"Williams, Devin",642207,2025,"67","62.0",45,5,90,25,34.7,9.7,".197",".320",".287","0.607","0.123","33","18","4","4","6","4.79","15","0",".192",".315",".271",".272",".285",".122",".364",".320","89.5","11.3",9.3,67.6,31.5,35,47.9,52.1,101,211,54.1,603,76.5,6.1,584,531,0,1115,68.5,109,346,45.9,512,48.5,541,37.7,50,45,25.7,22.1,7.1
"Brash, Matt",666374,2025,"53","47.1",41,4,58,18,29.1,9,".236",".339",".313","0.652","0.103","13","4","1","1","3","2.47","21","0",".224",".336",".288",".282",".303",".112",".359",".335","86.9","6.3",5.8,55.4,15.5,31.7,52.1,47.9,76,146,56.1,461,67.8,7.2,98,220,504,822,84.5,31,200,43.9,361,38.9,320,30.9,42.1,56.2,16.5,24.8,2.5
"Alvarado, José",621237,2025,"28","26.0",27,4,32,7,28.1,6.1,".262",".398",".313","0.711","0.136","11","7","1","4","2","3.81","5","0",".222",".404",".310",".297",".280",".182",".385",".325","92.7","8.8",12.2,67.4,12.3,27.8,54,46,34,63,49.7,227,87.5,8.8,0,435,22,457,87.7,19,155,50.3,230,40.7,186,24.3,47.7,47.3,20.3,25.7,6.8
"Cortes, Nestor",641482,2025,"8","34.1",36,13,29,20,18.5,12.7,".269",".590",".369","0.959","0.321","24","0","0","2","4","6.29","0","8",".262",".574",".405",".395",".364",".312",".441",".331","92.5","18.4",15.1,65.2,17.6,20.8,47.6,52.4,30,63,50.6,303,76.6,7.8,83,436,0,599,82.4,34,193,49.4,296,44.4,266,25,42.7,33,39.6,18.9,8.5
"Roycroft, Chris",688297,2025,"20","20.2",26,2,15,12,14.9,11.9,".306",".518",".390","0.908","0.212","18","0","1","1","3","7.84","2","0",".268",".474",".383",".365",".364",".206",".386",".325","92.1","6.9",11,66.8,15.4,30.5,32.8,67.2,21,64,53.3,210,75,8.1,0,394,0,394,84.6,19,123,46.7,184,43.4,171,21.4,47.5,47.9,23.3,23.3,5.5
"Rolison, Ryan",669020,2025,"31","42.1",55,11,25,20,13,10.4,".324",".565",".391","0.956","0.241","33","0","0","1","0","7.02","0","1",".284",".491",".406",".364",".356",".207",".381",".329","87.5","6.1",9.5,64.8,12.4,24.4,32.5,67.5,25,77,46.6,315,67.2,9,23,315,338,676,87.6,29,234,53.4,361,43.6,295,17.4,46,48.6,26.4,23,2
"Wilson, Justin",458677,2025,"61","48.1",48,3,57,20,27.5,9.7,".262",".366",".340","0.706","0.104","18","0","4","4","1","3.35","19","0",".236",".364",".309",".296",".317",".127",".369",".340","89.2","12.9",7,72.4,26.2,30.3,44.5,55.5,57,128,51.7,423,88.6,8.6,41,503,272,816,73.8,75,286,48.3,395,43.2,353,31.9,50.7,46.9,21.1,25,7
"Walter, Brandon",687888,2025,"9","53.2",46,10,52,4,24.5,1.9,".225",".422",".251","0.673","0.197","20","0","0","1","3","3.35","0","9",".237",".391",".288",".282",".263",".154",".360",".319","86.2","12",7.2,66.3,15.8,33.6,43.2,56.8,57,132,48.3,393,73.4,9.7,149,482,0,814,84.2,44,279,51.7,421,41.9,341,24.6,50.5,44.4,26.8,21.6,7.2
"Miller, Mason",695243,2025,"60","61.2",28,5,104,28,44.4,12,".139",".248",".246","0.494","0.109","18","22","4","1","2","2.63","10","0",".157",".279",".225",".249",".265",".122",".392",".330","87.9","16.4",9.9,66.7,29.8,35.5,69.9,30.1,130,186,53.9,524,77.5,8.2,22,507,443,972,70.2,89,299,46.1,448,41.8,406,45.2,49.9,41.6,27.7,21.8,8.9
"Suárez, Ranger",624133,2025,"26","157.1",154,14,151,38,23.2,5.8,".256",".374",".305","0.679","0.118","56","0","0","12","8","3.20","0","26",".226",".351",".298",".278",".279",".125",".330",".301","86.5","12.9",5.5,64.7,15.9,30.5,36.2,63.8,131,362,48.9,1188,74,6.2,464,1471,495,2430,84.1,128,803,51.1,1242,46,1117,22.2,47.9,48,24.8,20.4,6.8
"Kerkering, Orion",689147,2025,"69","60.0",55,6,65,27,24.4,10.2,".238",".364",".323","0.687","0.126","22","4","7","8","4","3.30","19","0",".228",".353",".300",".298",".319",".125",".346",".317","85.9","15",6.5,57.9,18.7,25.1,37.4,62.6,46,123,45.8,491,71.3,7.5,0,558,0,1073,81.3,63,337,54.2,582,45.9,492,23.7,42.9,43.5,25.3,22.9,8.2
"Gusto, Ryan",687473,2025,"27","101.2",114,17,97,36,21.4,7.9,".280",".462",".343","0.805","0.182","64","0","0","7","7","5.67","0","17",".250",".446",".348",".331",".317",".197",".385",".326","90.6","17.2",9.5,69.5,18.6,24.2,40.1,59.9,77,192,45.1,793,82.6,9.1,170,1144,286,1760,81.4,125,672,54.9,967,44,774,23.4,49.1,36.8,29.2,24.4,9.5
"Agnos, Zach",688642,2025,"30","31.1",31,5,19,16,13.9,11.7,".261",".487",".346","0.833","0.226","23","4","0","1","3","6.61","3","0",".277",".538",".357",".384",".364",".261",".408",".331","89.6","14.9",12.7,77.1,17.6,25.1,58.9,41.1,43,73,55.2,291,100,7,108,331,0,527,82.4,32,182,44.8,236,40,211,29.4,48.4,40.2,32.4,22.5,4.9
"Falter, Bailey",663559,2025,"26","125.1",115,19,81,46,15.6,8.9,".248",".433",".315","0.748","0.185","62","0","0","7","7","4.45","0","24",".263",".462",".324",".340",".329",".199",".369",".316","90.5","18.3",9.5,66,13.2,24.8,33.5,66.5,75,224,46.3,903,77.1,8.7,151,1183,617,1951,86.8,91,692,53.7,1048,46.3,904,18.1,47,36.2,29,24.4,10.5
"Ureña, José",570632,2025,"19","55.0",57,8,34,23,13.9,9.4,".263",".452",".340","0.792","0.189","28","1","0","0","1","4.58","0","6",".292",".542",".342",".389",".369",".251",".420",".347","89.6","15.5",13,70.7,13.9,25.5,36.1,63.9,43,119,49.9,466,81.9,7.7,261,433,240,934,86.1,46,331,50.1,468,43.6,407,19.8,48.2,37.3,25.4,29.7,7.6
"Rodríguez, Yariel",684320,2025,"66","73.0",50,8,66,34,22.1,11.4,".196",".325",".304","0.629","0.129","25","2","1","3","2","3.08","14","1",".227",".385",".281",".317",".332",".158",".353",".306","86.4","15.8",9.4,67.5,20.8,26.8,41.9,58.1,70,167,53.8,624,79.2,6.6,138,542,478,1159,79.2,75,361,46.2,535,40.9,474,27.5,45.6,40.6,25,25.5,8.9
"Bird, Jake",656234,2025,"48","55.1",60,7,66,25,26.6,10.1,".276",".438",".355","0.793","0.162","34","0","6","4","2","5.53","10","0",".235",".374",".340",".305",".321",".139",".375",".336","88.5","8.6",8.4,56.5,18,28.7,52,48,65,125,45.5,435,59.2,10.2,0,352,217,957,82,53,295,54.5,522,42,402,28.1,43.9,46.1,24,26,3.9
"Myers, Tobias",668964,2025,"22","50.2",54,5,38,15,17.3,6.8,".269",".398",".323","0.721","0.129","20","0","0","1","2","3.55","1","6",".263",".430",".315",".324",".318",".167",".361",".322","90.3","15.4",6.7,70.3,18.1,27.2,31.7,68.3,32,101,44.9,371,87.1,7.5,141,534,151,826,81.9,58,320,55.1,455,46.2,382,21.4,51,37,27.9,26.1,9.1
"Merryweather, Julian",657240,2025,"21","18.2",23,2,15,11,17,12.5,".303",".474",".386","0.860","0.171","12","0","0","0","1","5.79","8","0",".317",".491",".365",".391",".406",".174",".441",".398","93.4","10.7",9.7,62.6,13.2,24.6,35.7,64.3,15,42,48.4,171,75,6.8,4,169,176,353,86.8,15,114,51.6,182,45.9,162,19.2,44.2,45.2,22.6,30.6,1.6
"Pallante, Andre",669467,2025,"31","162.2",173,21,111,62,15.5,8.7,".270",".431",".337","0.768","0.161","96","0","0","6","15","5.31","0","31",".259",".402",".334",".321",".328",".144",".342",".312","89.2","1.4",6.5,68.3,13.1,25.5,44.8,55.2,162,362,52.3,1422,77.4,8.3,0,1562,1155,2720,86.8,116,887,47.7,1298,39.3,1070,22.3,45.9,59.9,18.1,19.2,3
"Ashby, Aaron",676879,2025,"43","66.2",54,3,76,24,28.1,8.9,".227",".311",".307","0.618","0.084","16","3","0","5","2","2.16","6","1",".219",".302",".279",".276",".302",".082",".333",".324","89.2","-0.1",3,58.3,15.9,25.6,52.3,47.7,69,132,49.9,515,73.1,7.6,122,554,357,1033,84.1,48,302,50.1,518,43.3,447,27,42,62.4,13.9,21.8,1.8
"Mattson, Isaac",676755,2025,"44","47.2",35,4,45,19,22.7,9.6,".203",".314",".286","0.600","0.111","13","0","3","3","3","2.45","12","0",".209",".361",".264",".283",".290",".153",".321",".276","89.4","23.8",6.1,69.2,20.5,29.2,30.8,69.2,32,104,45.8,356,80,8.4,91,610,76,777,79.5,60,292,54.2,422,42.2,328,23.2,51,28.8,32.6,22,16.7
"Morton, Charlie",450203,2025,"33","142.0",152,23,149,72,22.8,11,".273",".463",".367","0.830","0.190","92","0","0","9","11","5.83","0","27",".247",".409",".360",".333",".346",".163",".379",".334","91.2","10.5",8.6,67.3,16.5,27.2,55,45,194,353,51,1299,76.2,6.6,253,1319,976,2548,83.5,139,840,49,1249,42,1069,27.9,46.8,44.4,24.9,25.4,5.3
"Gómez, Yoendrys",672782,2025,"21","62.2",60,12,58,27,20.9,9.7,".247",".440",".330","0.770","0.193","36","1","0","3","3","5.17","0","9",".249",".467",".335",".347",".334",".218",".398",".326","89.4","17.5",12.3,68.1,16.9,26.4,41.8,58.2,61,146,50.3,553,76.4,8.1,84,655,171,1099,83.1,63,372,49.7,546,43.3,476,23.9,47.1,36.9,33.2,21.9,8
"Webb, Jacob",657097,2025,"55","66.0",49,10,58,19,21.7,7.1,".202",".358",".264","0.622","0.156","22","1","2","5","4","3.00","7","0",".217",".365",".270",".281",".280",".148",".327",".286","86.6","23",5.9,70.8,21.9,30.3,41.7,58.3,60,144,48.6,475,72.5,7.1,339,435,0,978,78.1,78,356,51.4,503,44.8,438,27.6,51.1,33.5,35.6,19.7,11.2
"Kelly, Zack",677161,2025,"28","35.1",35,3,35,12,23,7.9,".261",".396",".333","0.729","0.135","18","0","2","1","3","4.58","3","0",".233",".347",".318",".289",".308",".115",".333",".312","86.2","13.5",4.9,66.1,18.6,31.3,34.1,65.9,30,88,48.3,281,83.3,6.2,69,386,6,582,81.4,37,199,51.7,301,44.8,261,23.3,49.3,43.1,24.5,25.5,6.9
"Chivilli, Angel",683409,2025,"43","58.2",76,13,43,23,15.6,8.4,".309",".516",".382","0.898","0.207","46","0","0","1","5","7.06","1","0",".271",".478",".387",".357",".348",".208",".385",".328","89.9","5.6",9.9,73.7,21.1,29.5,48.4,51.6,78,161,53.4,546,78.5,6.4,374,469,179,1022,78.9,74,351,46.6,476,45.7,467,29.7,50.1,49.8,23.2,23.2,3.9
"Akin, Keegan",669211,2025,"64","63.1",54,10,59,33,22,12.3,".233",".401",".328","0.729","0.168","24","8","6","5","4","3.41","16","3",".238",".440",".318",".333",".333",".201",".380",".316","89.4","16.7",9.7,70.5,17.2,30.1,47.4,52.6,72,152,47.7,505,76.8,9,211,543,304,1058,82.8,67,390,52.3,553,44.9,475,25.6,51.2,38.3,32.6,23.4,5.7
"Imanaga, Shota",684007,2025,"25","144.2",117,31,117,26,20.6,4.6,".218",".432",".254","0.686","0.214","60","0","0","9","8","3.73","0","25",".233",".469",".293",".313",".269",".236",".376",".297","90.7","21.7",11.6,72.8,19.2,31.6,39.2,60.8,124,316,46,1001,81,7.7,684,1086,47,2176,80.8,164,855,54,1175,46,1002,24.6,53.8,30,39.5,19.6,10.9
"Headrick, Brent",687396,2025,"17","23.0",17,4,30,7,32.6,7.6,".202",".405",".272","0.677","0.203","8","0","0","0","0","3.13","1","0",".206",".362",".289",".276",".275",".155",".375",".321","91.1","21",9.3,73.3,22.1,40.6,57.7,42.3,41,71,47.8,175,90.9,9,39,234,93,366,77.9,31,140,52.2,191,42.1,154,34.1,57.7,27.8,29.6,29.6,13
"Cameron, Noah",702070,2025,"24","138.1",109,18,114,43,20.5,7.7,".214",".361",".279","0.640","0.147","46","0","0","9","7","2.99","0","24",".245",".411",".281",".313",".307",".166",".360",".315","87.9","13",6.3,65.9,18.4,28.1,46.3,53.7,139,300,49.4,1068,75,7.4,400,1037,727,2164,81.6,133,722,50.6,1096,41.6,901,26.6,47.2,42.2,26.8,22.5,8.6
"Rea, Colin",607067,2025,"32","159.1",155,20,127,44,19.2,6.6,".258",".413",".312","0.725","0.155","70","1","0","11","7","3.95","0","27",".261",".438",".314",".329",".317",".177",".377",".330","89.8","13.6",10.3,66,14.8,28.5,39.2,60.8,139,355,49.1,1244,75.1,8.6,306,1507,486,2534,85.2,126,852,50.9,1290,44,1115,22,47.6,40,24.3,27,8.7
"Pagán, Emilio",641941,2025,"70","68.2",41,10,81,22,30,8.1,".168",".336",".241","0.577","0.168","22","32","6","2","4","2.88","2","0",".181",".346",".254",".266",".254",".165",".335",".271","88.9","23.7",9.1,73.6,21,32.6,48,52,83,173,49.7,531,82.7,7.6,215,853,0,1068,79,83,395,50.3,537,44.4,474,29.2,53.2,29.1,38.8,18.8,13.3
"Senga, Kodai",673540,2025,"22","113.1",94,12,109,55,22.6,11.4,".224",".395",".317","0.712","0.171","38","0","0","7","6","3.02","0","22",".225",".373",".313",".309",".321",".148",".346",".306","88.9","12.5",8,65.6,15.1,28.5,51,48.6,151,296,54.4,1037,81.3,7.3,540,1099,144,1902,84.7,86,569,45.6,868,40.9,779,27.4,45.5,47.6,25.2,21.1,6.4
"Rasmussen, Drew",656876,2025,"31","150.0",116,18,127,37,21.7,6.3,".214",".340",".271","0.611","0.126","46","0","0","10","5","2.76","0","31",".236",".375",".269",".291",".290",".139",".340",".308","90.6","10.1",6.3,66,15.1,28.6,41.1,58.9,127,309,46.6,1079,75.1,8.5,28,2076,100,2316,84.9,123,817,53.4,1237,45,1043,22.2,48.6,49.5,23.1,20.9,6.5
"Harrison, Kyle",690986,2025,"11","35.2",35,4,38,14,24.4,9,".248",".404",".321","0.725","0.156","16","0","0","1","1","4.04","1","6",".246",".409",".315",".316",".318",".163",".382",".337","90.7","13.6",6.8,69,20.4,30.5,39.5,60.5,34,86,48,282,89.4,8,47,379,0,588,79.6,43,211,52,306,43,253,25.9,50.5,39.8,26.2,29.1,4.9
"Miller, Bryce",682243,2025,"18","90.1",93,17,74,34,18.9,8.7,".267",".483",".333","0.816","0.216","57","0","0","4","6","5.68","0","18",".274",".463",".349",".351",".343",".189",".399",".347","92.4","16.8",9.3,73.8,18.6,25.7,41.8,58.2,79,189,47.6,734,84.3,7.8,289,904,283,1543,81.4,111,597,52.4,809,42.1,650,24.2,50.9,39.3,25.7,25.7,9.3
"Montero, Rafael",606160,2025,"59","60.1",42,5,58,37,22.9,14.6,".195",".316",".312","0.628","0.121","30","0","1","1","2","4.48","8","0",".204",".328",".283",".295",".322",".123",".316",".282","88.3","11.4",7,67.7,19,31.1,46.6,53.4,89,191,56.4,614,79.7,5.4,510,495,83,1088,81,61,321,43.6,474,45.7,497,29.3,47.1,48.7,25.9,19.6,5.7
"Morejon, Adrian",670970,2025,"75","73.2",49,2,70,17,24.5,5.9,".186",".236",".235","0.471","0.050","17","3","4","13","6","2.08","20","0",".222",".310",".208",".254",".269",".089",".315",".301","85.9","5.1",4,60.4,16.2,32.2,41.8,58.2,59,141,43.8,438,69.6,11.2,66,682,246,999,83.8,55,339,56.2,561,43,430,23.8,48,54.3,19.6,19.1,7
"Altavilla, Dan",656186,2025,"28","29.0",19,4,21,15,17.5,12.5,".190",".360",".319","0.679","0.170","8","2","0","0","1","2.48","2","0",".237",".381",".307",".333",".358",".144",".334",".299","86.3","9.6",8.8,66.7,18.8,24.4,32.7,67.3,18,55,49.3,225,72.2,7.9,107,235,114,456,81.2,29,154,50.7,231,44.3,202,22.5,45.8,52.5,17.5,22.5,7.5
"Henderson, Logan",701656,2025,"5","25.1",17,3,33,8,33.3,8.1,".187",".297",".253","0.550","0.110","5","0","0","3","0","1.78","0","5",".234",".387",".246",".299",".296",".154",".415",".367","89.5","28.2",8.6,74.1,22.1,32.6,41.9,58.1,26,62,46.3,190,79.2,5.9,164,232,14,410,77.9,36,163,53.7,220,49,201,27.6,54.9,22.4,34.5,27.6,15.5
"Salazar, Eduardo",674285,2025,"30","29.0",47,7,23,17,15.2,11.3,".359",".611",".433","1.044","0.252","27","0","1","0","1","8.38","2","0",".287",".478",".443",".369",".373",".191",".394",".347","89.6","8.5",9.1,67.7,13.3,25.7,42.4,57.6,28,66,47.2,257,87.8,9,8,364,173,545,86.7,26,195,52.8,288,41.1,224,20.7,47.9,50.9,21.8,22.7,4.5
"Bigge, Hunter",685801,2025,"13","15.0",11,4,12,5,20,8.3,".204",".444",".283","0.727","0.240","4","0","1","0","0","2.40","1","0",".270",".526",".315",".371",".343",".256",".430",".347","92.8","13",11.9,80,17,25.6,60,40,18,30,51.5,117,83.3,7.9,1,111,115,227,83,15,88,48.5,110,37.4,85,28,52,38.1,28.6,26.2,7.1
"Burnes, Corbin",669203,2025,"11","64.1",49,7,63,26,23.8,9.8,".210",".356",".297","0.653","0.146","19","0","0","3","2","2.66","0","11",".227",".385",".288",".306",".312",".158",".354",".310","89.5","6.6",8.1,63.3,12.3,31.9,48.3,51.7,84,174,54.1,546,72.2,7.1,73,651,285,1009,87.7,36,293,45.9,463,41.2,416,25.7,46.3,50.9,19.1,25.4,4.6
"Gore, MacKenzie",669022,2025,"30","159.2",152,20,185,63,27.2,9.3,".252",".402",".325","0.727","0.150","74","0","0","5","15","4.17","0","30",".241",".415",".318",".322",".318",".174",".403",".347","90.4","16",10.6,70.4,20,29.9,50.8,49.2,223,439,52,1466,81.4,7.8,289,1521,1008,2818,80,190,952,48,1352,42.2,1188,29.7,49.4,38.5,31.5,24.4,5.6
"Uribe, Abner",682842,2025,"75","75.1",51,4,90,27,30.2,9.1,".194",".255",".284","0.539","0.061","14","7","2","3","2","1.67","37","0",".203",".280",".247",".260",".292",".077",".318",".309","86.2","6.3",2.9,61.1,21.8,28.3,56.8,43.2,88,155,47,547,74.7,8.5,0,628,536,1164,78.2,82,377,53,617,41.7,485,32,45.7,54.3,16,22.3,7.4
"Severino, Luis",622663,2025,"29","162.2",162,16,124,50,17.6,7.1,".257",".389",".324","0.713","0.132","82","0","0","8","11","4.54","0","29",".266",".416",".313",".331",".335",".149",".364",".331","88.3","14",6,66.9,14.4,26.3,28.9,71.1,100,346,48.3,1318,80.9,7.1,145,1800,108,2731,85.6,136,945,51.7,1413,45.1,1231,18.3,47.3,41.9,23.7,27.2,7.2
"Pérez, Cionel",672335,2025,"19","21.2",28,3,21,18,19.1,16.4,".322",".494",".444","0.938","0.172","20","0","0","0","0","8.31","0","0",".213",".317",".407",".308",".357",".104",".295",".277","90.6","3.4",2.9,65,15.1,26.9,46.7,53.3,28,60,51,223,88.4,9.8,0,242,99,437,84.9,21,139,49,214,40.5,177,24.6,45.5,60.9,20.3,15.9,2.9
"Cano, Yennier",666974,2025,"65","58.0",62,7,53,24,21.1,9.6,".284",".422",".360","0.782","0.138","33","2","5","3","7","5.12","17","0",".234",".351",".342",".299",".318",".117",".332",".308","88.1","6.1",4.7,62.2,14.4,29.2,41.9,58.1,62,148,51.4,507,69.9,7.4,194,593,199,986,85.6,43,298,48.6,479,42.2,416,23.5,45.2,55.9,17.6,21.8,4.7
"Kowar, Jackson",663804,2025,"15","17.0",14,4,15,7,21.1,9.9,".222",".444",".310","0.754","0.222","8","0","0","2","0","4.24","1","0",".237",".486",".328",".348",".323",".250",".399",".311","91.8","24.7",10.4,74.6,11,27.7,54.5,45.5,24,44,56.6,159,89.5,6.8,15,166,100,281,89,10,91,43.4,122,40.2,113,25.2,48,35.4,43.8,8.3,12.5
"Faucher, Calvin",676534,2025,"65","60.1",53,8,59,24,23.1,9.4,".236",".369",".314","0.683","0.133","22","15","5","4","4","3.28","7","0",".263",".387",".302",".323",".339",".124",".376",".352","87.7","8.1",4.7,62.7,14.2,24,46.2,53.8,61,132,52.2,550,78.1,6.9,1,703,159,1054,85.8,45,316,47.8,504,39.2,413,23.7,42.5,45,23.1,26,5.9
"Guerrero, Luis",692285,2025,"13","17.1",9,0,10,14,13.9,19.4,".158",".211",".319","0.530","0.053","8","0","0","0","1","4.15","0","0",".275",".404",".260",".379",".419",".129",".367",".337","88.4","12.3",6.3,71.2,22.6,26.3,42.2,57.8,19,45,59.2,171,68,8.7,14,107,126,289,77.4,19,84,40.8,118,43.9,127,29.5,44.6,45.8,25,25,4.2
"Smith-Shawver, AJ",700363,2025,"9","44.1",42,4,42,20,22,10.5,".249",".379",".332","0.711","0.130","19","0","0","3","2","3.86","0","9",".295",".503",".315",".379",".374",".208",".452",".394","91.4","15.4",12.5,63.7,19.2,30,42.7,57.3,47,110,51.6,367,75,7.3,242,331,138,711,80.8,42,219,48.4,344,41.8,297,27.1,46.3,35.9,30.5,29.7,3.9
"Fitts, Richard",690916,2025,"11","45.0",43,11,40,16,20.5,8.2,".251",".456",".323","0.779","0.205","25","0","0","2","4","5.00","0","10",".266",".488",".337",".361",".342",".221",".422",".351","90.7","11.8",12.7,73.4,14,32.8,50.8,49.2,61,120,49.8,366,84.6,7.1,19,351,287,735,86,38,271,50.2,369,45.7,336,25.3,53.2,43.3,27.6,26.1,3
"Díaz, Edwin",621242,2025,"62","66.1",37,4,98,21,38,8.1,".164",".244",".258","0.502","0.080","12","28","3","6","3","1.63","0","0",".170",".264",".234",".247",".266",".094",".334",".303","88.5","11.3",4.6,65.9,31.5,30.5,61.9,38.1,104,168,51.6,551,79.5,7.8,1,561,505,1067,68.5,107,340,48.4,516,41,438,41.5,47.6,48.1,23.7,23.7,4.6
"Díaz, Alexis",664747,2025,"18","17.2",15,6,17,12,20,14.1,".221",".559",".376","0.935","0.338","16","0","0","1","0","8.15","4","0",".235",".493",".399",".384",".390",".258",".408",".315","88.3","17",17.6,69.4,21.7,25.5,33.3,66.7,16,48,52.1,188,74.1,7.5,0,215,146,361,78.3,26,120,47.9,173,37.7,136,25,46.5,27.5,29.4,29.4,13.7
"Maton, Phil",664208,2025,"63","61.1",42,3,81,24,32.5,9.6,".196",".294",".296","0.590","0.098","19","5","5","4","5","2.79","22","0",".195",".282",".266",".264",".296",".088",".329",".312","84.8","12.2",3.6,62.1,28.7,30.7,52.3,47.7,78,149,48.2,486,70.3,9,0,485,385,1008,71.3,93,324,51.8,522,43.3,436,36.2,46.9,46,19.7,27.7,6.6
"Cox, Austin",680735,2025,"13","21.1",30,9,22,7,21.6,6.9,".319",".681",".363","1.044","0.362","21","0","0","0","0","8.86","2","1",".269",".561",".434",".370",".318",".292",".450",".348","90.3","9.1",16.4,69.7,11.2,23.4,40.8,59.2,20,49,48.9,209,80,5.9,44,169,214,427,88.8,17,152,51.1,218,43.6,186,18.4,47.1,45.2,28.8,24.7,1.4
"Weissert, Greg",669711,2025,"72","67.0",57,6,57,21,20.5,7.6,".227",".355",".292","0.647","0.128","21","4","9","6","6","2.82","17","0",".220",".371",".284",".289",".288",".151",".325",".284","89.8","13.5",7.6,66.1,17.6,26.2,35.3,64.7,48,136,48.6,520,77,6.9,104,654,216,1069,82.4,64,363,51.4,549,41.9,448,22.4,46.7,41.6,27.9,22.8,7.6
"Stanek, Ryne",592773,2025,"65","56.0",56,7,58,32,22.7,12.5,".253",".403",".345","0.748","0.150","33","3","6","4","6","5.30","11","0",".236",".411",".330",".327",".332",".174",".371",".319","90.3","19.9",10.9,75.3,23.2,30,39.1,60.9,63,161,50.4,536,84.8,7.4,127,607,231,1063,76.8,92,397,49.6,527,41.7,443,27.8,52.5,32.7,33.3,23,10.9
"Palmquist, Carson",687223,2025,"9","34.1",45,10,27,25,15.4,14.3,".321",".614",".420","1.034","0.293","34","0","0","0","4","8.91","0","7",".257",".516",".430",".379",".373",".259",".390",".311","89.6","20",14.2,66.1,14.9,22.5,37.3,62.7,31,83,52.3,369,76.4,7.8,25,458,0,705,85.1,33,222,47.7,336,43.5,307,21,43.3,32.5,35.8,22.5,9.2
"Keller, Mitch",656605,2025,"32","176.1",171,21,150,51,20,6.8,".249",".405",".310","0.715","0.156","82","0","0","6","15","4.19","0","32",".259",".430",".313",".326",".320",".171",".375",".332","90.1","11.9",7.8,68.2,13,25.8,43.8,56.2,151,345,46.5,1335,76,9.3,198,1514,611,2870,87,136,1047,53.5,1535,41.2,1182,20.6,48.5,44.3,24.4,24.2,7.1
"Ort, Kaleb",672391,2025,"49","46.0",35,8,49,27,25.3,13.9,".213",".396",".323","0.719","0.183","25","1","0","2","2","4.89","3","0",".188",".346",".316",".288",".301",".158",".319",".266","89.3","17.1",7.8,69.4,23.4,25.5,43.8,56.2,46,105,52.3,412,80,7,65,541,0,788,76.6,61,261,47.7,376,40.9,322,29.2,46.4,41.4,31.9,16.4,10.3
"Perkins, Jack",678022,2025,"12","38.2",27,4,37,18,23,11.2,".193",".321",".292","0.613","0.128","18","3","0","3","2","4.19","1","4",".214",".351",".277",".297",".311",".137",".326",".289","85.7","15.7",9.6,68.5,21.5,29.5,55.1,44.9,54,98,52.1,332,74.5,8,66,357,5,637,78.5,45,209,47.9,305,38.1,243,32.2,48.2,41.3,32.7,15.4,10.6
"Brown, Hunter",686613,2025,"31","185.1",133,17,206,57,28.3,7.8,".201",".318",".271","0.589","0.117","50","0","0","12","9","2.43","0","31",".217",".339",".262",".277",".286",".122",".345",".315","86.1","10.1",5.9,62.2,19.3,29.4,43.7,56.3,202,462,53.1,1572,69.7,6.8,356,1945,661,2962,80.7,167,864,46.9,1390,44.6,1322,27.8,44.8,48.1,23.3,22.2,6.3
"Pepiot, Ryan",686752,2025,"31","167.2",134,26,167,61,24.6,9,".221",".404",".297","0.701","0.183","72","0","0","11","12","3.86","0","31",".226",".401",".306",".311",".304",".175",".370",".313","90.1","15.9",9.7,69.7,20.2,28.6,41.2,59.1,152,369,47.7,1288,78.9,8.4,675,1469,554,2699,79.8,199,983,52.3,1411,42.8,1155,26,50.1,38.7,29.7,24.3,7.2
"Snider, Collin",676092,2025,"24","26.1",32,3,24,6,20.2,5,".299",".533",".342","0.875","0.234","16","0","0","2","1","5.47","4","0",".282",".510",".366",".361",".332",".228",".436",".364","90.3","13",12.6,75.3,15.4,31.2,39.7,60.3,27,68,45.7,218,87.8,8.6,0,286,0,477,84.6,30,195,54.3,259,44.4,212,21.7,55.1,41.4,24.1,27.6,6.9
"Yamamoto, Yoshinobu",808967,2025,"30","173.2",113,14,201,59,29.4,8.6,".183",".283",".257","0.540","0.100","48","0","0","12","8","2.49","0","30",".199",".305",".244",".259",".271",".106",".319",".294","88.3","7.7",5.7,64,18.9,29.6,50.4,49.6,209,415,50.3,1402,77.4,6.7,710,1508,570,2789,81.1,168,888,49.7,1388,45.9,1280,28.9,46.7,53.7,22.1,19.7,4.5
"Peralta, Luis",678821,2025,"22","19.0",26,6,16,18,15.8,17.8,".325",".588",".455","1.043","0.263","20","0","3","1","3","9.47","1","0",".309",".565",".444",".438",".448",".256",".467",".388","93.8","16.1",9.2,67.7,14.9,20.6,36.7,63.3,18,49,54.6,238,66.7,7.6,10,308,118,436,85.1,20,134,45.4,198,43.6,190,20.8,42,29.2,32.3,35.4,3.1
"Flexen, Chris",623167,2025,"21","43.2",38,7,22,12,12.4,6.7,".232",".372",".281","0.653","0.140","15","1","0","5","1","3.09","0","1",".275",".479",".285",".346",".323",".203",".370",".316","90.9","15.8",9,71.2,13.9,26,25.3,74.7,21,83,47.4,319,81.7,8.9,14,467,175,673,86.1,35,252,52.6,354,41.9,282,16.7,49.8,36.8,29.9,27.8,5.6
"Skenes, Paul",694973,2025,"32","187.2",136,11,216,42,29.5,5.7,".199",".307",".251","0.558","0.108","41","0","0","10","10","1.97","0","32",".202",".321",".247",".255",".255",".119",".328",".296","87.6","12.2",5.8,68.2,23.3,30.5,45.8,54.2,206,450,49.2,1475,72.8,7.1,731,1479,312,2997,76.7,242,1038,50.8,1522,45,1349,30.1,49.6,44.6,24.9,22.8,7.7
"Sánchez, Cristopher",650911,2025,"32","202.0",171,12,212,44,26.3,5.5,".227",".321",".275","0.596","0.094","56","0","0","13","5","2.50","0","32",".225",".345",".264",".272",".273",".120",".340",".313","89","3",5.7,66.1,22,31.6,49.5,50.5,218,440,48.1,1393,77.1,8.3,1084,1332,480,2896,78,218,993,51.9,1502,43.7,1266,30.4,49.5,58.5,16.9,22,2.6
"Abel, Mick",690953,2025,"10","39.0",43,8,39,16,22.4,9.2,".274",".465",".345","0.810","0.191","27","0","1","3","4","6.23","0","8",".269",".455",".351",".346",".341",".186",".410",".358","91.3","15.9",8.5,68.6,18.6,28.1,44.7,55.3,42,94,46.5,335,72.6,8.6,63,398,237,720,81.4,49,264,53.5,385,41.7,300,25.4,49.7,37.3,33.9,24.6,4.2
"Fluharty, Mason",689254,2025,"55","52.2",36,6,56,24,26,11.2,".193",".332",".290","0.622","0.139","26","1","2","5","2","4.44","6","0",".205",".350",".271",".284",".302",".145",".336",".293","86.6","16.3",7.5,66.2,21,28.1,55.6,44.4,70,126,52.2,448,75,5.6,0,501,0,859,79,57,272,47.8,411,42.3,363,31.9,46.3,42.1,30.1,18,9.8
"De los Santos, Yerry",660787,2025,"25","35.2",37,1,28,17,17.5,10.6,".266",".331",".348","0.679","0.065","13","0","0","0","1","3.28","4","0",".268",".380",".307",".325",".350",".112",".347",".333","89","5",5.3,64.7,18.6,27.2,32.9,67.1,26,79,49.2,290,85.7,8.3,163,371,56,590,81.4,36,194,50.8,300,40.2,237,22.7,46.3,56.1,11.4,26.3,6.1
"Knack, Landon",689017,2025,"10","42.1",40,10,42,19,22.7,10.3,".247",".488",".330","0.818","0.241","23","1","0","3","2","4.89","0","7",".261",".496",".350",".362",".346",".234",".430",".353","91.6","17.3",15.6,65.4,17.4,23.6,34.5,65.5,30,87,47.6,368,72.6,8,202,375,196,773,82.6,46,265,52.4,405,40.9,316,21.6,45.5,31.1,32.8,27.9,8.2
"Whitlock, Garrett",676477,2025,"62","72.0",54,2,91,24,31.1,8.2,".206",".260",".283","0.543","0.054","18","1","4","7","3","2.25","24","0",".200",".311",".247",".262",".278",".111",".331",".304","88.5","11.2",8.7,69.9,24.1,35.1,51.2,48.8,103,201,48.6,573,73.6,7.4,246,556,365,1180,75.9,102,424,51.4,607,45.3,534,32.8,53,45.7,23.7,25.4,5.2
"Sugano, Tomoyuki",608372,2025,"30","157.0",173,33,106,36,15.7,5.3,".276",".478",".321","0.799","0.202","81","0","0","10","10","4.64","0","30",".289",".524",".342",".366",".335",".235",".413",".346","90","14.5",11.8,66.1,10.1,29,36.5,63.5,140,384,51.6,1323,72.1,6.7,602,1205,249,2565,89.9,83,821,48.4,1242,44.4,1138,18.5,47,40.8,28.6,24.2,6.5
"Curtiss, John",595928,2025,"30","36.2",29,5,24,5,17,3.5,".215",".385",".243","0.628","0.170","16","1","0","3","2","3.93","3","0",".263",".463",".270",".320",".289",".200",".373",".320","90","16.6",8.9,74,15.5,26.5,36.4,63.6,24,66,45.7,249,90,7.3,37,459,49,545,84.5,34,219,54.3,296,45.5,248,20.4,52.3,30.4,31.3,33.9,4.5
"Hernández, Carlos",672578,2025,"41","43.1",50,4,39,22,19.2,10.8,".286",".400",".368","0.768","0.114","30","0","0","1","0","6.23","1","0",".274",".469",".338",".359",".361",".194",".405",".351","89.7","17.7",11.4,70.1,18,27.1,52.1,47.9,50,96,46.6,354,73.4,8.4,151,408,198,759,82,51,284,53.4,405,44.4,337,26.6,50.1,34.3,33.6,23.6,8.6
"Banda, Anthony",607455,2025,"71","65.0",45,8,61,35,22.7,13,".197",".354",".305","0.659","0.157","23","0","1","5","1","3.18","12","1",".206",".355",".285",".296",".317",".148",".329",".283","89.8","13.8",8.8,68.8,16.4,28.6,50.6,49.4,81,160,52.5,559,75,9.4,40,501,524,1065,83.6,57,348,47.5,506,40.2,428,27.2,47.7,39.8,35.7,18.7,5.8
"Singer, Brady",663903,2025,"32","169.2",150,19,163,60,22.8,8.4,".238",".404",".314","0.718","0.166","76","0","0","14","12","4.03","0","32",".243",".410",".313",".320",".320",".166",".371",".324","90.3","14.2",9.4,63.2,15.3,25.6,45.4,54.6,166,366,50.2,1430,70,7.3,0,1724,809,2850,84.7,137,898,49.8,1420,43.3,1235,24,44.4,39.7,28.4,25.5,6.5
"Blewett, Scott",656240,2025,"26","44.1",45,9,35,18,18,9.3,".263",".462",".333","0.795","0.199","27","0","0","3","0","5.48","0","2",".248",".446",".343",".333",".321",".198",".367",".309","92.2","9.7",11.4,70.7,15.7,26.5,58.9,41.1,56,95,50.5,359,78.1,9,135,262,314,711,84.3,39,249,49.5,352,43.2,307,27.6,48.4,49.3,28.6,18.6,3.6
"Doval, Camilo",666808,2025,"69","65.1",51,4,72,35,25.9,12.6,".214",".303",".321","0.624","0.089","26","16","6","4","3","3.58","10","0",".219",".330",".285",".297",".326",".111",".336",".313","88.6","6.2",6,65.7,16.3,29.5,54.2,45.8,90,166,51,563,83.1,7.5,0,574,529,1104,83.7,58,356,49,542,45.4,502,28.4,47.3,53.6,19,22.6,4.8
"Miller, Erik",669062,2025,"36","30.0",24,0,22,20,17.2,15.6,".238",".287",".373","0.660","0.049","5","0","2","4","1","1.50","10","0",".254",".354",".297",".330",".390",".101",".334",".323","87.8","9.2",3.6,74,20.3,28.4,50,50,40,80,58.5,282,87.5,5,124,251,107,482,79.7,30,148,41.5,200,40,193,30.7,47.3,49.4,19.3,22.9,8.4
"Parker, Mitchell",680730,2025,"33","164.2",178,25,103,58,14.2,8,".273",".466",".331","0.797","0.193","104","1","0","9","16","5.68","0","30",".297",".507",".342",".370",".355",".210",".402",".349","92.3","14.7",9.6,70.3,12.4,29.1,39.7,60.3,145,365,46.3,1253,79.1,8.7,288,1501,916,2705,87.6,127,1021,53.7,1452,45.6,1233,19.6,51.2,37.7,27.9,27.5,7
"Matthews, Zebby",805673,2025,"16","79.1",94,12,88,24,24.9,6.8,".291",".449",".335","0.784","0.158","49","0","0","5","6","5.56","0","16",".265",".447",".338",".333",".317",".183",".420",".365","89.2","16.5",9.9,69.4,18.5,30.2,51.1,48.9,97,190,46.6,630,76.8,9.2,143,792,418,1353,81.5,93,502,53.4,723,42.4,573,27.5,51.1,33.1,30.6,29.3,7
"Steele, Justin",657006,2025,"4","22.2",21,5,21,5,22.8,5.4,".247",".471",".293","0.764","0.224","12","0","0","3","1","4.76","0","4",".271",".484",".326",".343",".317",".214",".421",".356","92","10",9.2,66.1,9.7,34.5,38.8,61.2,19,49,45.4,142,77.8,5.8,8,196,109,313,90.3,11,113,54.6,171,44.7,140,18.5,51.8,41.5,26.2,23.1,9.2
"Chafin, Andrew",605177,2025,"42","33.2",29,2,36,19,25.2,13.3,".238",".295",".338","0.633","0.057","9","0","0","1","1","2.41","4","0",".214",".319",".292",".290",".318",".105",".322",".301","87.3","12.8",3.4,62,14.3,33.2,47.4,52.6,54,114,55.9,343,66,7.7,4,373,237,614,85.7,24,168,44.1,271,41.9,257,27.7,45.9,46.6,21.6,23.9,8
"Bibee, Tanner",676440,2025,"31","182.1",170,27,162,54,21.3,7.1,".246",".412",".308","0.720","0.166","86","0","0","12","11","4.24","0","31",".227",".386",".313",".297",".292",".159",".340",".296","88.5","13.8",8,65.5,16.5,25.4,44.2,55.8,159,360,47.8,1419,74.1,8,450,1897,152,2970,83.5,168,1016,52.2,1550,42.7,1267,23.8,46.3,45.3,26.5,19.8,8.4
"Brogdon, Connor",641401,2025,"43","47.0",45,11,49,18,24.6,9,".253",".500",".318","0.818","0.247","29","0","0","3","2","5.55","4","0",".223",".434",".341",".305",".293",".211",".378",".305","89.1","20.9",12.9,69.2,21.9,30.2,45.4,54.6,59,130,51.3,431,78.8,7.9,352,488,0,840,78.1,62,283,48.7,409,43.3,364,29.3,49.2,31.1,34.8,23.5,10.6
"Hancock, Emerson",676106,2025,"22","90.0",93,15,64,31,16.6,8.1,".269",".445",".336","0.781","0.176","49","0","0","4","5","4.90","0","16",".291",".468",".339",".358",".357",".178",".396",".356","89","13.4",7.7,71.8,15.3,26.3,34.6,65.4,63,182,48.7,693,78.4,7.8,290,924,166,1423,84.7,80,524,51.3,730,42.1,599,20.3,49.6,43.9,25.3,24.9,6
"Simpson, Josh",681006,2025,"31","30.2",34,5,36,22,23.8,14.6,".272",".448",".393","0.841","0.176","25","0","2","4","2","7.34","2","0",".240",".383",".367",".333",".367",".143",".374",".338","90.1","4.9",6.7,63.1,14.4,27.9,52.9,47.1,45,85,49.7,305,83.9,9.1,67,208,180,613,85.6,28,195,50.3,309,42.8,263,26.1,45.7,53.9,18,25.8,2.2
"Wentz, Joey",666214,2025,"39","98.0",110,11,92,43,20.8,9.7,".280",".422",".348","0.770","0.142","61","0","1","5","7","5.60","0","13",".257",".421",".334",".329",".332",".164",".379",".336","90.5","15.9",9.5,69.7,14,29,46,54,122,265,50.4,914,85.2,7.8,63,951,801,1815,86,88,628,49.6,901,44.5,807,23.5,49.2,38.2,27.5,27.5,6.9
"Francis, Bowden",670102,2025,"14","64.0",71,19,54,27,18.8,9.4,".283",".538",".361","0.899","0.255","43","0","0","2","8","6.05","0","14",".281",".501",".382",".373",".362",".220",".421",".355","91.6","20.7",12.4,69.9,15.6,23.7,45.6,54.4,62,136,50.2,573,76.7,7.9,256,659,226,1141,84.4,62,397,49.8,568,42.9,490,23.3,46.7,33.8,30.8,23.9,11.4
"Jackson, Luke",592426,2025,"52","51.0",41,4,38,28,17.4,12.8,".225",".313",".333","0.646","0.088","23","9","2","2","5","4.06","4","0",".239",".399",".286",".321",".347",".160",".338",".298","90.8","7.7",6.7,66.6,12.3,26.7,49,51,51,104,49.9,390,74.6,8.6,1,273,508,782,87.7,32,261,50.1,392,42.8,335,22.7,46.7,52.7,22,21.3,4
"Bowlan, Jonathan",680742,2025,"34","44.1",37,6,46,17,25.6,9.4,".230",".398",".302","0.700","0.168","19","0","0","1","2","3.86","2","1",".222",".399",".305",".303",".295",".178",".366",".309","87.3","10.3",9.4,68.7,25,31.4,49.2,50.8,62,126,55.2,401,66.7,5.8,61,369,297,727,75,56,224,44.8,326,45.8,333,33.7,48.1,49.6,24.8,21.4,4.3
"Hatch, Thomas",641672,2025,"12","34.0",40,7,22,17,14.5,11.2,".296",".504",".375","0.879","0.208","22","0","0","2","1","5.82","0","1",".254",".450",".376",".338",".337",".196",".356",".303","87.6","13.4",8,74.8,10.9,28.4,36.6,63.4,34,93,56,328,70.7,7,103,333,106,586,89.1,21,193,44,258,41.6,244,19.2,48.8,44.2,30.1,18.6,7.1
"Montgomery, Mason",682254,2025,"57","46.0",49,6,63,27,30.1,12.9,".277",".435",".372","0.807","0.158","29","1","3","1","3","5.67","10","0",".243",".401",".354",".330",".344",".158",".422",".373","89.3","12.1",9.3,69.5,28.9,31.5,51.9,48.1,68,131,48.4,416,72.7,9,0,569,290,859,71.1,89,308,51.6,443,43.9,377,35.8,51.1,44.9,24.6,25.4,5.1
"Gray, Sonny",543243,2025,"32","180.2",185,25,201,38,26.7,5,".262",".424",".302","0.726","0.162","86","0","0","14","8","4.28","0","32",".250",".417",".314",".306",".291",".167",".396",".348","88.9","11",9.8,63.2,14.4,31.2,54.8,45.2,230,420,49.5,1345,78.7,6.7,229,1422,542,2719,85.6,125,869,50.5,1374,44.6,1212,27.5,47.4,45.1,23.2,24.4,7.3
"Veneziano, Anthony",685107,2025,"26","25.0",28,4,25,11,21.4,9.4,".277",".485",".353","0.838","0.208","13","0","1","0","0","4.68","4","1",".277",".476",".359",".357",".354",".199",".415",".360","91.3","9.5",11.4,67.5,17.5,30.6,38.7,61.3,29,75,50.8,245,72.7,6.8,34,203,115,483,82.5,28,160,49.2,237,43.2,208,24.3,48.7,50.6,21.5,24.1,3.8
"Lopez, Jacob",682052,2025,"21","92.2",81,15,113,37,28.3,9.3,".230",".403",".317","0.720","0.173","42","0","0","7","7","4.08","0","17",".211",".370",".317",".297",".300",".159",".362",".310","86.9","21.8",6.6,64.9,22.4,28.4,40.2,59.8,101,251,53,883,60.9,8,224,933,509,1666,77.6,114,508,47,783,38.2,637,28.3,45.6,28.6,33.6,27.4,10.4
"Cabrera, Génesis",650893,2025,"40","42.2",46,12,35,18,18.7,9.6,".279",".545",".353","0.898","0.266","31","1","1","0","1","6.54","3","0",".246",".452",".380",".333",".324",".206",".369",".308","89.5","19",11.4,67.7,19.5,28.4,45.1,54.9,46,102,50.2,359,85.7,6.9,93,483,139,715,80.5,47,241,49.8,356,43.1,308,27.1,48,39.4,33.3,17.4,9.8
"Mejia, Juan",675848,2025,"55","61.1",52,6,68,25,26.1,9.6,".230",".385",".319","0.704","0.155","27","1","3","2","2","3.96","12","0",".199",".297",".309",".270",".295",".098",".306",".284","85.8","15.5",4.9,65.9,23.6,30.4,45.1,54.9,74,164,50.3,540,77.8,7.5,0,722,352,1074,76.4,83,352,49.7,534,41.3,444,30.4,48,38.9,27.2,25.3,8.6
"Junk, Janson",676083,2025,"21","110.0",112,8,77,13,17.2,2.9,".266",".397",".289","0.686","0.131","51","1","0","6","4","4.17","0","16",".277",".453",".295",".326",".305",".176",".379",".338","91.6","14.7",8.5,70.5,14.5,30.5,28.7,71.3,64,223,45.1,731,83.7,9.4,127,611,637,1622,85.5,91,628,54.9,891,43.2,701,18.2,52.5,41.4,24.9,26.9,6.8
"Brzykcy, Zach",694350,2025,"26","23.0",28,6,24,12,21.8,10.9,".292",".531",".382","0.913","0.239","23","0","1","0","1","9.00","0","0",".275",".477",".393",".367",".367",".202",".426",".367","90.9","21.5",8.3,73.8,17.8,31.9,44.4,55.6,36,81,55.2,254,76.5,7.4,102,245,112,459,82.2,27,152,44.8,206,42.6,196,27,50.8,26.4,34.7,31.9,6.9
"Johnson, Pierce",572955,2025,"65","59.0",52,8,59,19,24.8,8,".242",".400",".303","0.703","0.158","20","1","3","3","3","3.05","16","0",".229",".395",".302",".297",".294",".167",".363",".314","90.4","17.2",8.8,60,18.4,26.2,46.2,53.8,55,119,46.9,455,61.3,7.7,0,270,698,968,81.6,57,309,53.1,515,43.5,422,26.2,44.2,34.6,31.4,26.4,7.5